:10000000005F0020D5320100BDC80200C1320100EE
:10001000C1320100C1320100C13201000000000004
:100020000000000000000000000000003D3401005E
:10003000C132010000000000DD330100C1320100C7
:100040003536010063E9020035360100353601001E
:1000500035360100353601003536010035360100F0
:1000600079E9020035360100353601004DE902001C
:1000700035360100353601003536010035360100D0
:1000800035360100353601003536010035360100C0
:1000900035360100353601003536010035360100B0
:1000A00035360100353601003536010035360100A0
:1000B0003536010035360100353601003536010090
:1000C0003536010035360100353601003536010080
:0C00D000353601003536010035360100E0
:1000E00080EA101404F0F01480EA0410604081EA01
:1000F000111404F0F01481EA0411614082EA121430
:1001000004F0F01482EA0412624083EA131404F04B
:10011000F01483EA0413634080EA102404F47F445B
:1001200080EA0420604081EA112404F47F4481EADB
:100130000421614082EA122404F47F4482EA04220A
:10014000624083EA132404F47F4483EA0423634077
:1001500081EA500404F0553480EA4400614083EAA7
:10016000520404F0553482EA4402634082EA900467
:1001700004F0333480EA8400624083EA910404F09E
:10018000333481EA84016340704700BF82EA9004FF
:1001900004F0333480EA8400624083EA910404F07E
:1001A000333481EA8401634081EA500404F0553419
:1001B00080EA4400614083EA520404F0553482EA44
:1001C0004402634080EA102404F47F4480EA04205F
:1001D000604081EA112404F47F4481EA04216140F3
:1001E00082EA122404F47F4482EA0422624083EA11
:1001F000132404F47F4483EA0423634080EA101448
:1002000004F0F01480EA0410604081EA111404F054
:10021000F01481EA0411614082EA121404F0F0142F
:1002200082EA0412624083EA131404F0F01483EAB1
:1002300004136340704700BF2DE9F14F94464FEA25
:10024000930B8A68CB6808684968FFF749FF0BF190
:10025000060E33E083EA134480EA134582EA13472B
:1002600046BA96EA3444604000F00F1684EA063439
:1002700020F00F1684EA161054BA94EA0106724070
:1002800002F00F1486EA043622F00F1486EA1412E4
:100290004CBA6540694001F00F1485EA043521F03D
:1002A0000F1485EA14115CBA67407B4003F00F1409
:1002B00087EA043723F00F1487EA1413BCE8F00030
:1002C0006040694072407B4000F0E03400F010353F
:1002D00000F00F3040EA540040EAC50080EA900484
:1002E00004F0332480EA8400604001F0E03401F03F
:1002F000103501F00F3141EA540141EAC50181EAAC
:10030000910404F0332481EA8401614002F0E03476
:1003100002F0103502F00F3242EA540242EAC502FE
:1003200082EA920404F0332482EA8402624003F0F9
:10033000E03403F0103503F00F3343EA540343EA8B
:10034000C50383EA930404F0332483EA84036340FF
:1003500081EA324787EA134581EA354690EA060486
:1003600084EA034B82EA1B4280EA044484EA05449F
:1003700083EA144A85EA14448BEA044B84EA37443E
:1003800081EA0B4181EA164104EA0A00454082EA0B
:1003900004082BEA080041408AEA0B0602EA06003C
:1003A00084EA34438AEA3A4603EA0607784045403D
:1003B000414088EA38478BEA3B4007EA000985EA72
:1003C000090583EA0709464006EA0906714085EAFD
:1003D000010005EA3546464006EA314181EA3041EE
:1003E00081EA364606EA304686EA3546344008EA6F
:1003F000010886EA01052A4086EA364003405A4051
:1004000081EA31431F407C4080EA030709EA07097B
:1004100088EA0908544088EA020806EA0A0601EA5E
:100420000B018AEA0B0215408AEA3A421040454025
:100430008BEA3B4003405E404240174079404D40CC
:100440004E40E443F64386EA18435D4085EA0540A2
:1004500083EA134386EA034183EA384284EA11437C
:1004600083EA04435FEA3343BEF1010E3FF6F2AE86
:100470001ED4BCE8F0006040694072407B4020BC64
:10048000FFF784FE28606960AA60EB60BDE8F08F2A
:100490002DE9E0414FF2F00280EA1031114080EA8C
:1004A0000130484041088208C3084FF0000E4FE772
:1004B00000F0113001F0113102F0113203F011336C
:1004C00040EA410040EA820040EAC3004FF2F002F5
:1004D00080EA1031114080EA01304840BDE8E081F7
:1004E0002DE9F04F02F11C050646074600EB850892
:1004F00051F8040B043A46F8040BF9D14FF0010C03
:10050000FFF7C6FF5FEA302080EA0C001ECF4140B3
:100510004A4053405C401EC62000464517D04FEA73
:100520004C0C1CF4807F18BFACF1E50C2C2DE7D0EF
:100530003C2D06D1FFF7ACFF06CF41404A4006C62E
:10054000100006CF41404A4006C61000D8E736E901
:100550000F00FFF7C5FD043D86E80F00F7D1BDE8A9
:10056000F08F00BF2DE9F14F03F11C0402EB840C66
:100570004FEA930B8A68CB6808684968FFF7B0FDBB
:100580003CE9F0006040694072407B400BF1060E90
:100590004EE083EA134480EA134582EA134746BAE1
:1005A00096EA3444604000F00F1684EA063420F0E6
:1005B0000F1684EA161054BA94EA0106724002F04B
:1005C0000F1486EA043622F00F1486EA14124CBA8D
:1005D0006540694001F00F1485EA043521F00F14DD
:1005E00085EA14115CBA67407B4003F00F1487EA78
:1005F000043723F00F1487EA141344BA44404DBA69
:100600004D4056BA56405FBA5F4087EA174886EABF
:10061000174B84EA17464FEA38488BEA1B4485EAB1
:100620001B4788EA1B4580EA3440694072407B40A2
:1006300000F0703400F0803500F00F3040EA4400E4
:1006400040EAD50080EA900404F0332480EA840074
:10065000604001F0703401F0803501F00F3141EA63
:10066000440141EAD50181EA910404F0332481EA8E
:100670008401614002F0703402F0803502F00F32E4
:1006800042EA440242EAD50282EA920404F03324A8
:1006900082EA8402624003F0703403F0803503F094
:1006A0000F3343EA440343EAD50383EA930404F097
:1006B000332483EA84036340C943DB4381EA0004B3
:1006C00083EA044686EA020183EA014382EA33456B
:1006D00083EA14435C4084EA00077FEA040A8AEA5A
:1006E000024A8AEA010B87EA11488AEA374A80EA15
:1006F000060181EA1A418AEA030A04EA0A0045402F
:1007000088EA040707EA0B0041408AEA0B0608EA78
:10071000060084EA34428AEA3A4602EA060358406E
:100720004540414087EA37438BEA3B4003EA0009F2
:1007300085EA090582EA0309464006EA090671408E
:1007400085EA010005EA3546464006EA314181EA7C
:10075000304181EA364606EA304686EA354634407C
:100760000F4086EA010508EA050886EA364002409D
:1007700088EA020881EA314213405C4080EA0203C1
:1007800009EA030987EA0907674088EA040806EAD4
:100790000A0601EA0B018AEA0B0425408AEA3A4478
:1007A000204045408BEA3B4B02EA0B02564084EA6C
:1007B0000B04234059406E40694087EA364080EA86
:1007C000384080EA060380EA104481EA134585EA4E
:1007D000344585EA17427D4082EA354180EA05408A
:1007E0003CE9F0006040694072407B40BEF1010E80
:1007F0003FF6CFAE20BCFFF7C9FC28606960AA6055
:10080000EB60BDE8F08F00BFFFF76ABE2DE9F0078F
:1008100091E8F807B2E802105B1854EB0C04B2E858
:1008200002104D4156EB0C06B2E802104F4158EB56
:100830000C08B2E8021059EB01095AEB0C0A80E8E7
:10084000F80780410130BDE8F00770472DE9F00757
:1008500091E8F807B2E802105B1A74EB0C04B2E8F6
:1008600002108D4176EB0C06B2E802108F4178EB56
:100870000C08B2E8021079EB01097AEB0C0A80E867
:10088000F80780414042BDE8F00770472DE9F007C6
:10089000524290E87800B1E880071740DB1918EA67
:1008A000020854EB080419EA020955EB09051AEA93
:1008B000020A56EB0A0678C090E87800B1E8800793
:1008C00017407B4118EA020854EB080419EA0209B0
:1008D00055EB09051AEA020A56EB0A0678C0804170
:1008E0000130BDE8F00770472DE9F007524290E86B
:1008F0007800B1E880071740DB1B18EA020874EBA8
:10090000080419EA020975EB09051AEA020A76EBEE
:100910000A0678C090E87800B1E880071740BB412C
:1009200018EA020874EB080419EA020975EB0905D4
:100930001AEA020A76EB0A0678C080414042BDE816
:10094000F00770472DE9F00152424FF0040890E89B
:10095000300091E8C000A31B1340E41AF618EB1B0B
:100960001340ED1AFF1830C0C0C1B8F10108EED134
:10097000BDE8F001704700BF00B592E8DC072DE943
:10098000DC07B1E8805702B4A7FB02510A95A8FB27
:10099000020BE7FB6310E9FB62B00B91A8FB03516C
:1009A000EAFB6201E7FB64B5E7FB6605E8FB661559
:1009B000CDF830B0A9FB03B6EAFB6316ECFB635637
:1009C000E8FB640BE9FB641BEAFB645BECFB646B18
:1009D0000D90ACFB0230059CEEFB6250E9FB6460BD
:1009E000EAFB64B0E7FB6431E8FB6451069CE8FB7A
:1009F0006461E9FB64B1EAFB64010E93A7FB043276
:100A0000079CE7FB6462E8FB64B2E9FB6402EAFB73
:100A10006412049CE9FB6453EAFB6463089CE7FBF3
:100A200064B3E8FB6403E9FB6413EAFB64230F95FA
:100A30005DF8049B99E80006DDF80080A9FB0854E6
:100A4000EAFB68B4DDF81080ECFB6804EEFB681488
:100A5000E9FB6824EAFB6834DDF80480EEFB686596
:100A6000E9FB68B5EAFB6805DDF81480ECFB681566
:100A7000EEFB6825E9FB6835EAFB68450F96DDF873
:100A80000880AEFB0876E9FB6806EAFB6816DDF82D
:100A90001880ECFB6826EEFB6836E9FB6846EAFB4B
:100AA0006856DDF80C80ECFB68B7EEFB6807E9FBE5
:100AB0006817EAFB6827DDF81C80ECFB6837EEFB63
:100AC0006847E9FB6857EAFB686708B000BD00BFEC
:100AD0002DE9F14F87B0FFF74FFFDDF81C8008F1DB
:100AE000200888E8FF00FFBC87E87F08BDE8F08F9A
:100AF00000B591E89857A3FB03520195A3FB0401AD
:100B0000E3FB6420E3FB67100292A3FB0752E3FBC5
:100B10006802E4FB6415E3FB6805E3FB69250391C8
:100B2000A4FB07B6E3FB6926E3FB6A56E4FB670B0D
:100B3000E4FB682BE3FB6A5BE3FB6C6B0490A4FBB8
:100B40000810E4FB6950E3FB6C60E3FB6EB0E7FB6D
:100B50006721E4FB6951E4FB6A61E3FB6EB1E4FBEE
:100B60006E010592A7FB0832E4FB6A62E4FB6CB2FB
:100B7000E4FB6E02E7FB6E12E7FB6853E7FB696379
:100B8000E4FB6CB3E7FB6C03E7FB6E13E8FB6E233F
:100B90000695A7FB0954E7FB6AB4E7FB6C04E8FB86
:100BA0006C14E8FB6E24E9FB6E34E8FB6865E7FB38
:100BB0006AB5E8FB6A05E8FB6C15E9FB6C25E9FB07
:100BC0006E35EAFB6E450796A8FB0976E8FB6A06D8
:100BD000E9FB6A16E9FB6C26EAFB6C36EAFB6E461B
:100BE000ECFB6E56E8FB69B7E9FB6907E9FB6A179E
:100BF000EAFB6A27EAFB6C37ECFB6C47ECFB6E57B1
:100C0000EEFB6E6700BD00BF2DE9F14F87B0FFF727
:100C10006FFFDDF81C8008F1200888E8FF00FFBCAA
:100C200087E87F08BDE8F08F30B44FF0000310F87C
:100C3000014B11F8015B013A84EA050443EA04031D
:100C4000F5D1A3F101034FEAD37030BC704700BF68
:100C50004FF0000310F8012B013943EA0203F9D1E8
:100C6000A3F101034FEAD370704700BF30B411F80D
:100C7000014B12F8015B6C4000F8014B013BF6D1CF
:100C800030BC70472DE9F00791E8F807B2E8021090
:100C90005B1854EB0C04B2E802104D4156EB0C0605
:100CA000B2E802104F4158EB0C08B2E8021059EBC1
:100CB00001095AEB0C0A8941B3F1FF3374F1FF3497
:100CC00075F1FF3576F1000677F1000778F100083D
:100CD00079F101097AF1FF3A51F100015B184C41B9
:100CE0004D4156F1000657F1000758F1000859EB45
:100CF000D1795AEB010A80E8F807BDE8F0077047A0
:100D00002DE9F00791E8F807B2E802105B1A74EBDE
:100D10000C04B2E802108D4176EB0C06B2E802102A
:100D20008F4178EB0C08B2E8021079EB01097AEBFD
:100D30000C0A89415B184C414D4156F1000657F1B0
:100D4000000758F1000859EBD1795AEB010A80E805
:100D5000F807BDE8F007704718EB040859EB0509E0
:100D60005AEB060A5BEB070B5FF0000C4CF1000C32
:100D700018EB050859EB06095AEB070A5BEB070B62
:100D800050EB0C005FF0000C51EB0C0152EB0C022D
:100D900063414CF1000CB8EB070879F100097AF1D6
:100DA000000A7BEB040BA841B141A241B3416CF1B5
:100DB000000CBBEB050BB041B941AA41BB416CF142
:100DC000000C4CF001068CF0020718EB060859EBFA
:100DD0006C095AEB6C0A7BEB6C0B70EB6C0471EBDF
:100DE0006C0572EB670653EB6C076CEB6C0C18EB45
:100DF0000C0059EB0C015AEB0C025BF1000354F1AF
:100E0000000455F1000556EBDC7657EB0C077047F4
:100E10002DE9F14F87B0FFF7AFFDDDF81080DDF869
:100E20001490DDF818A0FFF797FFBDE8000FFFF75B
:100E300093FF03B05DF8048B88E8FF00BDE8F08FF6
:100E40002DE9F14F87B0FFF753FEDDF81080DDF894
:100E50001490DDF818A0FFF77FFFBDE8000FFFF743
:100E60007BFF03B05DF8048B88E8FF00BDE8F08FDE
:100E7000064B074A5B7802604FF41A728280C37196
:100E80000822002382710372704700BFB809002056
:100E900041F10000064B074A5B7A02604FF4907202
:100EA0008280C3710822FF2382710372704700BFE2
:100EB000B809002059EC0000F8B5C41D002824F042
:100EC0000704054614BF2046002000F0E7FA071E7D
:100ED00002DA6FF00B00F8BD254EB1887088F37907
:100EE000B2790331033089B280B20BF043FD0028A0
:100EF000EFDB737831783C4403341944002D24F03F
:100F0000030400FB01F114BF2046002000F04AFC5E
:100F100023180DB9002BDCDB717A184679B1033345
:100F2000002D23F0030414BF20460020728900F036
:100F3000ABFC0028CDDB20440DB90028C9DB317A99
:100F400091B1737A83B1C41D002D24F0070414BF3E
:100F50002046002003F038FC0028BADB0DB1002049
:100F6000B9E72018B7D5B4E7002DF8D1B3E700BF33
:100F7000B80900201FB572B6194BDD68EDB9BFF393
:100F80004F8F1849184BCA6802F4E0621343CB60D4
:100F9000BFF34F8F00BFFDE72346B2FBF6F25C1CA8
:100FA000002AF9D104AEDCB256FA83F303F80C2C14
:100FB0000A2234B901A8A847E1E7024600230A261D
:100FC000EDE7631E04AEDCB256FA83F3B0FBF2F633
:100FD00002FB1600303003F80C0C3046E9E700BF86
:100FE000B809002000ED00E00400FA0507B50A4B3F
:100FF000DA88ADF8002068469A885B88ADF804204E
:10100000ADF8023001F074FE18B1FC219C20FFF70E
:10101000B1FF03B05DF804FBB809002038B5054600
:1010200040B30AF0BDFC10B94FF0FF3038BD0AF0F4
:101030001FF8B0F5FA7FF7D8104C1148E56000F0C2
:10104000A7F9002323744FF4807323801B2363804C
:10105000A38040F20323E3804FF4847323811F2392
:101060006381EFF3108472B600F0E4FC04B962B659
:101070000020DBE76FF01500D8E700BFB8090020BB
:10108000ED0F000010B5002840D1234C237C032B2A
:1010900039D059B1002A3CD00239052936D8DFE8C9
:1010A00001F0031227352A2D137863700020FFF713
:1010B00003FF0028B7BF0123022323746FF00B0046
:1010C000A8BF237410BD13791BB353790BB31188D8
:1010D000FB291ED853881B3B9BB2E02B19D81A2939
:1010E00017D91368C4F802300C4B92889A80DDE758
:1010F00013786372DAE713886381D7E71388FF2BCD
:1011000007D82372D2E74FF0FF30DBE76FF02C00F7
:10111000D8E76FF01500D5E7B8090020BA0900201C
:10112000F8B50D46064620B319B311F0070420D1D7
:10113000114F3B7C012B02D16FF00B00F8BD032B4C
:1011400002D14FF0FF30F9E700F060F80028F8D046
:101150002846FFF7B1FE0028EEDB0EF056F83046C9
:10116000214601F059FEFFF741FF03233B7420465F
:10117000E4E76FF01500E1E7B809002010B5064C70
:10118000237C032B03D101F05FFE02F025FE0BF060
:10119000F2FC0020207410BDB809002050B1074BAC
:1011A00003F1140253F8041B40F8041B9342F9D1D5
:1011B000002070476FF01500704700BF459A03008C
:1011C00008B501F0F3FDBDE808400249012000F038
:1011D0005DB900BF950E000008B501F0FBFDBDE84C
:1011E00008400249002000F051B900BF710E000014
:1011F000024B02681A600020704700BFCC09002033
:10120000014B1B68184700BFCC090020024B18682F
:10121000003818BF01207047CC0900202DE9F743A2
:10122000264E0446071D2548376002F0EDFD0228D2
:10123000054607D1214920460AF04CFF284603B055
:10124000BDE8F0830428F9D13378072B18D13E206C
:1012500000F04AF878B9F378327901A943EA022319
:101260006846ADF800300BF05BF90028DBD0532165
:101270000820FFF77FFE052000F076F80028EAD06E
:10128000314620460AF055FFB0F5817F01D3722127
:10129000EEE70028C7D094F8008094F8029040460A
:1012A00000F022F80028BED0B8F13E0FC6D1484663
:1012B00000F05AF80028C1D1B5E700BFD0090020DE
:1012C000074B4FF0FF3141F6FF72C3E900120549A9
:1012D0000022C1E900221F21C3E90212704700BFAA
:1012E00000000020140A00203F280CD801380B4BC6
:1012F000C0F3421200F01F0053F8223023FA00F02E
:1013000000F001007047FF2806D04038C0F34212B9
:10131000034B00F01F00EFE70120704700000020A2
:10132000140A00200146074B006849681A4603C2A8
:1013300040F48C221A6041F0107242F4FF625A604D
:10134000704700BF000000200246024B0068516851
:1013500003C37047140A00200246024B006851681C
:1013600003C3704708000020F42800F1FF33DBB20C
:101370001FBF064A590902EB810203F01F031DBF7C
:101380009068D84000F00100002070470000002065
:10139000014B1860704700BF1C0A002010B5FFF712
:1013A0008FFF0BF0A9FD034B1B68044603B1984760
:1013B000204610BD1C0A0020F0B50C88C37C0288B2
:1013C000A5B2C4F30E0404F118060233865B1A4476
:1013D000334497B213FA82F3013B4288B3FBF7F32D
:1013E00013FB07439BB29A42044A93BF22EA0503C8
:1013F0002A4013439BB20B80F0BD00BF0080FFFF6B
:101400004A1E062A08B50346084604D84FF4D1718F
:101410001520FFF7AFFD094A914202D940F2A3110E
:10142000F6E711B903B1196008BD2BB11B680022A2
:10143000C3E901211A1D1A600430F5E7FAFFFF7FA6
:1014400010B5114B00EB41041A786389B3FBF2F33A
:1014500003FB0223013A1A44B2F5706F02798078D7
:1014600028BF00231A440B18B2FBF0F100FB112136
:101470005B1AB3FBF0F100FB113313446FEA4343F3
:101480006FEA5343638110BD200A0020024B03EB37
:1014900080035960704700BF200A00202DE9F04FFB
:1014A00010F0070A85B0054604D040F261111720FC
:1014B000FFF760FD524F07F10C06B1460446B046F7
:1014C00057F8043B8DF80BA03BB101A898479DF855
:1014D0000A30082B01D9E821E9E79DF80B1041BB40
:1014E00005B131604F4506F10406E9D1002D6FD0FA
:1014F000DFF81091002289F800209646022758F85C
:1015000027A0013FBAF1000F55D09AF804609AF86D
:1015100002C0FF2E60D039460023481C38D19C44BD
:10152000BCF1FF0F3FD90AB189F800E040F2271162
:10153000BDE79DF80AC06046022838BF02204B1D57
:101540005A0004EB4303441E2344BDF8084064449E
:10155000013CCCF1000C04EA0C044042B4F5803F9D
:1015600003EA000301D3F821A1E775B19A1A01201B
:10157000326091701480D0709DF80C001071019849
:1015800010814FEA104CA2F806C004FB0134A9E711
:1015900058F8210028B190F804B0B34504BF807812
:1015A0001B180139B9E7DBB2E6458AF804303CBFC5
:1015B0005FFA8CFE01227B1CA1D10AB189F800E000
:1015C000022640F6FF6A58F82670B7B9013EFAD2F3
:1015D000601B05B0BDE8F08F0023E5E707EB410392
:1015E0003846A3F80AA0FFF72BFF09F10109BB78E1
:1015F0005FFA89F18B42F1D8E8E74FF00009F6E78E
:10160000240A0020200A002038B54FF6FF7303801B
:10161000184B03EB810302461869A8B1847803795B
:10162000B3FBF4F104FB1133DBB2194600EB4105C7
:10163000B5F90A50002D0EDB0131B1FBF4F504FBC6
:101640001511C9B28B42F1D1002038BD6381BDE8CC
:1016500038400BF06BB900EB41046389C3F30E0310
:101660001380C278002AF1D14FF4D5711720FFF70B
:1016700081FC00BF200A00201C4B03EB810370B5E6
:101680001C69054644B3030404D54FF4DC711720EC
:10169000FFF770FC014620460BF02AF9FF280146AF
:1016A00004D02046BDE870400BF040B9A078B5FBEF
:1016B000F0F300FB1353DBB219460A1D04EB42069C
:1016C000B6F90260002E09DB0131B1FBF0F200FB3C
:1016D0001211C9B28B42F0D1002070BD8B4201D0F3
:1016E0000023E37004EB42025580DAE7200A002071
:1016F000094B03EB810310B51C69014620460BF032
:10170000F7F8FF28014604D02046BDE810400BF052
:101710000DB9002010BD00BF200A0020F8B5104B05
:1017200003EB810307461C69014620460BF0E0F8F5
:10173000FF28054611D0E288238953EA024606D0E5
:10174000014620460BF0F2F801463846B0472046E5
:101750002946FFF775FE0020F8BD0520FCE700BF15
:10176000200A002038B50E4B827903EB8203044631
:10177000186908B9052038BD8278E1799142F9D21B
:101780004B1CE37100EB41035D89B3F90A30002B78
:10179000F3DBA5800BF0CAF820600020EBE700BF68
:1017A000200A002070B5044610F003000E4603D056
:1017B0004E211820FFF7DEFBFFF722FE054624B17D
:1017C000034831460460FFF71BFE284670BD00BF8A
:1017D0003C0A00202DE9F14FDFF870B09DF828A0F9
:1017E0009DF82C901E46DBF8003007460D469046CB
:1017F0001BB960211820FFF7BDFB52460921404666
:101800000AF0F3FE4A4684B2092130460AF0EDFEA2
:1018100014FA80F1DBF800000BF03EF8386018B9DC
:10182000286001B0BDE8F08F04442C60386853464E
:10183000414609220AF09CFE28684B46092231469F
:1018400001B0BDE8F04F0AF093BE00BF3C0A002093
:1018500070B50E4604460AF0DBFE054630460AF037
:10186000D7FE044B2A1821461868BDE870400BF0DB
:1018700038B800BF3C0A0020024B186808B10AF0D3
:10188000FFBF70473C0A00201F2AF8B504461346E4
:101890000ED89200033222F00303B3F5803F2DD21D
:1018A000184DACB1A00710D05F210920FFF762FBF3
:1018B000FF2B4FEA420204D9FF339A42A8BF1A46CF
:1018C000E8E77C2AB8BF7C22E4E729706C602B81B2
:1018D00022F003022823120403FB01F001276B68A6
:1018E000120C0025EEB2B14200D8F8BD14B1261892
:1018F0001F705E60104401352833F3E74FF0FF306E
:10190000F3E700BF400A002070B5154A1578536808
:101910000021C8B2854203D8AB210920FFF72AFB7A
:101920001C46184614F8286B01310EB92346F0E71F
:1019300000219970128999610124D96159685C70FC
:10194000920803F11E0403F1260524F8022FA54294
:1019500043F8041F1144F8D100234361037070BDA4
:10196000400A00204B782DE9F04106460C4602F073
:10197000040702F0FB05E3B1A5BBFF23A3707B08BE
:1019800004EB57073A7D032A02D1022D18BF013319
:10199000E2180121117503F10C0104EB830300220D
:1019A00024F811205B68A2703360B2803046BDE835
:1019B000F081002DE1D101234B701D4B8D611B89FE
:1019C000CD6101F11E0249689B08204604F1260CF6
:1019D00022F8023F944540F8041F1944F8D100232F
:1019E0006361CAE7D1F80480142200216170A01855
:1019F0000AF042FA0E4B1B89B3F5FF7F0FD25A084B
:101A00009B1A9BB208EB0301C4F804802384A160F5
:101A10006284C4F80C80A3842161E284ADE7B3F54D
:101A2000EE6F4FF0FF02EBD940F27263EAE700BFBE
:101A3000400A0020134B012200214FF0FF309A6032
:101A4000C3F80012C3F80803C3F80015C3F804254F
:101A50009A60C3F80803C3F80015C3F804250A49BF
:101A60000A4A03F580334FF40040C3F80825C1F853
:101A70008000BFF34F8FBFF36F8FC1F88001C3F8B1
:101A80000825704700F0004000E100E00000F63F4C
:101A90000A46192302F8033B0448C368C1F803301F
:101AA0000369536043699360704700BF4C0A00208C
:101AB000024B5A8C02435A845B6A18474C0A002036
:101AC000014B00215B6A18474C0A002010B5154CE9
:101AD00005F0AAFF05F0EEFA208DFFF7F1FF237E57
:101AE00063B12246104952F80C3BE36063685360CF
:101AF00004F11900A36893600CF01DFA0B4B228DC2
:101B000093E8030002F090FE236B188802F012FEA7
:101B1000A36B94F8341094F835009847002384F8A8
:101B20003C3010BD4C0A0020911A0000780A0020B9
:101B3000034B93F83C300BB1FFF7C8BF704700BFB1
:101B40004C0A002070B51E4C256B636C95F88C20F8
:101B5000236494F8483095F86910064603EB820038
:101B60002EB9FF2803D195F868308B4201D005F0DB
:101B7000E3FD95F88C30E3B1E06C05F0F5FF01234F
:101B800084F86830D5F8E8302366E16CD5F8EC309D
:101B9000206C636605F06AFA16B9304606F034F830
:101BA00095F86810002006F083F8022384F83C3092
:101BB00070BD206C05F0D8FF05F07CFAECE700BFA3
:101BC0004C0A002008B5094B93F83C20022A04D0A7
:101BD00040F24F212720FFF7CDF9DA7A42F00102D7
:101BE000DA72BDE80840FFF771BF00BF4C0A002061
:101BF000032810B50A4B044605D15A6FD278022A41
:101C000001D1002010BD986F0AF084FD0028F9D1A1
:101C1000032CF6D001F0DCFA80F00100C0B2F1E74D
:101C20004C0A00202DE9F043484C94F83C30012B3D
:101C300085B005468846DFB204D040F20451272023
:101C4000FFF798F9266B616F02A80AF096FF96F8E5
:101C50007C309DF808903BB1002186F87C10042070
:101C6000FFF726FF86F87E70B9F1030F27D0BDF885
:101C70000C30002B18BF022796F88C3086F8827043
:101C8000BBB1236BD6F8E82093F8690022660127E0
:101C9000D6F8EC20626684F868700AF08BFF94F83E
:101CA00048902B4900220346009238464A4605F0E8
:101CB00059F96DB105B0BDE8F043FFF707BF96F8DD
:101CC00082301BB9616F0220FFF7F2FE0327D3E7D2
:101CD000B8F1000FEED0E36F284698470028E9D00E
:101CE00094F83430002BE5D194F8803023B194F887
:101CF0008100FFF77DFF0546606C0CF091F8D4F889
:101D00008430B3B9B4F88830B3FA83F35B09628CDA
:101D1000910710D5626F137803F00303032BC9D129
:101D2000D378022BC6D1002005B0BDE8F043FFF701
:101D300009BF0123EBE7002ABCD1012814BF00230F
:101D400003F001032B43EED1B4E700BF4C0A00209F
:101D50009C0A002010B5094CD4F8843023B940F215
:101D6000F6412720FFF706F9B4F88820216C0332EA
:101D700018460AF0C1F8206410BD00BF4C0A0020CC
:101D800010B5064B93F83C2002F0FF0422B91C76F4
:101D900002F042FD204610BD0C24FBE74C0A002057
:101DA0000A4B0B4A70B506460D461A60FFF7E8FF6E
:101DB00018B1F4212720FFF7DDF8064C012104F1CA
:101DC0008A000CF01DF86664E56470BD48000020D0
:101DD000DC2500004C0A0020024B012283F88D20F4
:101DE000704700BF4C0A0020F0B5794C85B002AEB8
:101DF00086E8030094F83C100A9F01F0FF0511B932
:101E00000AB103B127B940F283112720FFF7B2F8D6
:101E100096E8030004F12C0C8CE8030084F88D5044
:101E200084F8345084F88E5084F8355084F88F50FC
:101E300084F8905065842585256BE3676262A7630B
:101E400005F0BEFC05F036F995F9700005F042FD8D
:101E50006E6AE86905F044FD304605F077FE95F8B6
:101E60009C0005F047FD236B93F89F310BB105F003
:101E700095FC0CF014FC95F8692000F17901012023
:101E800005F0BEFD534B186805F066FE2B69A3678D
:101E9000514A6B69C4F8943005F5807105F1F0037F
:101EA00053F8040B42F8040B8B42F9D1D5F800210A
:101EB000C4F869205A68494B5A60236B93F886200E
:101EC00093F86860A2F12501012903D993F88710DE
:101ED00025295FD193F83E322BB1012E03D0012B7F
:101EE0000CBF0126022605F13007314638460CF0BA
:101EF000B2F831460BF0D8FDAB8F95F869108342EC
:101F000028BF0346384684F898300CF08DF895F8D1
:101F1000691095F88C70B5F84460042908BF032156
:101F20000BF0C2FD0FB9043080B2864228BF0646CE
:101F300095F88C30F6B284F8996084F84860A3B1C3
:101F4000D5F8E83095F8690023660127D5F8EC301C
:101F5000636684F868700AF02DFE00220346009242
:101F60001D493246384604F0FDFF0120FFF7EAFD27
:101F7000002323606360A360B5F8803063802B8802
:101F8000238095F89C302371EB6E0BB101221A600F
:101F900005B0F0BD203A012A0DD823290DD093F8C1
:101FA000263113F0010202D19B079CD50222012E9B
:101FB00018BF164697E7232905D193F8262193F8F1
:101FC00061301340EDE7032E08BF04268BE700BF06
:101FD0004C0A0020480000209C0A0020B50A00207E
:101FE00008B50C4B93F83C201AB9BDE80840FFF740
:101FF0006DBD93F83C20022A04D040F23121272005
:10200000FEF7B8FF1B6BD3F8B001BDE8084005F040
:10201000C7BD00BF4C0A0020014B1876704700BFB7
:102020004C0A0020014B93F88F0070474C0A0020A7
:10203000024B93F82900C0F3C00070474C0A0020FF
:10204000014B93F88E0070474C0A00202DE9F043B5
:10205000314D85B004460F4602A8296C2E6B0AF05C
:102060008CFD14F00109BDF80C8004F0020428D0A6
:10207000002385F89A3094B1FFF76CFE0DF102024F
:1020800001A9D5F894000AF0F1FB01980AF0D4FBFD
:10209000012238604146D5F894000AF07CFBB9F182
:1020A000000F0BD0D6E93A32013342F10002C6E903
:1020B0003A3296F88430013386F8843005B0BDE8B2
:1020C000F08395F89A30032B20D801A252F823F020
:1020D00077200000E1200000FB200000FB20000032
:1020E000002CEBD0FFF736FED5F8940000224146D5
:1020F00005B0BDE8F0430AF04EBB002CDED0D5F8A9
:10210000940005B0BDE8F0430AF0ACBB40F2A24138
:102110002720FEF72FFF00BF4C0A00202DE9F04FCB
:10212000A94C002389B0CDE9043394F83C30266BE8
:10213000022B8046894604D040F28B512720FEF7BF
:1021400019FF216C06A80AF018FD96F88C30B8F13A
:10215000000F00F028819DF819B0BDF81C70002B0D
:1021600039D004F0BFFFB0BB6FB196F8843003F0F4
:1021700001035B450BD1012384F83530FFF7A6FC42
:1021800009B0BDE8F08FA4F88870002006E0A4F83C
:102190008870D4F8940039460AF0DDFA238D9DF852
:1021A0001A20C4F8840043F40073238596F8833022
:1021B00003F001039A4263D0256B95F88230002B1F
:1021C0003DD0022B13D1A06F04A90AF06DFA38B9E3
:1021D00040F23B41B2E7A4F88870002FD5D0D8E791
:1021E000D5E93832013342F10002C5E9383295F8B9
:1021F0007E30002185F8821023B185F87E101020F2
:10220000FFF756FC95F87D30A3B14FF0000A85F832
:102210007DA000F0C7FF10B940F252418EE7514651
:102220000820FFF745FCD5E93832013342F10002BE
:10223000C5E9383295F88330013385F88330238D32
:1022400043F4006323854FF0000A96F8843003F0CE
:1022500001035B4544D19DF81830256B022B11D842
:10226000EBB995F88430013385F88430002F37D0EE
:10227000D5E93A32013342F10002C5E93A322FE0A2
:10228000C246E2E7032BECD1238D216C012043F4FD
:10229000805385F87C002385FFF70AFCE1E7002FD7
:1022A000DFD0238D95F88C5043F48053238505F0BF
:1022B000F5F9042894F8993006D1002D0CBF1F229F
:1022C0001B22934228BF1346BB4262D3D4F884300A
:1022D00033B194F88D30002B74D02020FFF7F0FB41
:1022E000002796F88B309BB1D6F8E03096F868005E
:1022F00023660025D6F8E430636684F868500AF057
:1023000059FC324900950346FB22284604F02AFE78
:10231000B9F1000F5CD1638C94F88E10180708D5C2
:10232000626F137803F00303032B02D1D378022BDF
:102330004ED001294CD8E36F01209847002847D0A0
:1023400094F83430002B43D11FB105A90120FFF7C9
:102350007DFE256B002395F88C208DF80D3094F8C8
:10236000483095F8681003EB8203FF2B03D195F8F2
:1023700069308B4202D0FF2005F0DEF995F88230FB
:10238000032B00F21781DFE813F07A00A500FC00B0
:102390000D0194F83430012043F0100384F83430F8
:1023A00007F006FD9CE70BB104F0D8FE94F88E30E0
:1023B000013384F88E30238D002743F48063238516
:1023C000BA468EE747468CE74C0A00209C0A00205C
:1023D00005F07AFC002F4DD14FF00109238D5A06EC
:1023E00006D44020FFF76CFB238D43F04003238588
:1023F000BAF1000F0DD0B4F80720B4F8053013433C
:10240000B6F8802013431EBFB4F809300133A4F896
:102410000930B8F1000F00F0D580B4F80530013371
:10242000A4F80530002384F88E30694802F070F972
:10243000049830B10AF000FA216B0022027201F018
:1024400027FD059B33B1216B00221A720C220598DF
:1024500001F0ECFCB9F1000F7FF490AE238D1B0668
:102460003FF58EAE8020FFF72BFB238D43F08003DA
:10247000238585E605A90320FFF7E8FDACE794F87E
:102480009830ADF80E305348A5F8583000F07AFE79
:1024900028B1012385F87D3084F890301CE0A06FCE
:1024A0000DF10D020DF10E010AF0D9F8606788B147
:1024B00095F8C73073B99DF80D302BB90380837040
:1024C000606F01210BF09CFC636FBDF80E205A7009
:1024D0000123E1E7404B6367D4F874B095F883209B
:1024E0009BF80000D20002F0080200F0F30313434F
:1024F00095F88420920002F0040213438BF8003018
:1025000000F00300FFF774FB9BF8003023F010038A
:1025100043EA00138BF8003095F88B30606F002B86
:102520004BD04378002B48D0E06C05F01DFB002316
:1025300084F86830D5F8E0302366616FD5F8E43070
:10254000E06C636604F058FD95F86910012005F011
:10255000AFFB0125606F84F88F500BF061FC636F57
:1025600084F880001B7884F83C5003F0030384F85F
:102570008130002F3FF432AF05A90220FFF766FD3E
:102580002CE7B5F85830A06FADF80E300DF10D0204
:102590000DF10E010AF063F86067002898D140F24F
:1025A000F121CBE50B4800F0EDFD002890D140F281
:1025B000FB21C3E540F20931C0E505F0D5FA04F08E
:1025C00079FDC1E7B4F807300133A4F807302CE7F0
:1025D000780A0020C00A0020D60A0020C51B00008F
:1025E0001D210000251C0000311B0000F0B5070C68
:1025F000A7F5AA42144B543A012A03EA90231FD9A3
:1026000027F4004042F6AA22801A18BF01200022B7
:10261000162116461F2487EA060562EA05050135DC
:1026200010D0DD03ADB245EA5606E503ADB201397F
:1026300045EA52024FEA53034FEA5404EBD1F0BD8E
:102640000020E4E70020FAE7E0FF3F00304BF0B560
:102650005A88B0F85C70B0F85A609D88974228BFDD
:102660001746964228BF16461B2E85B00C462ED024
:10267000B5F5A47F2DD040F648039D4201A928BF9F
:102680001D460AF0FCFABDF80A30BB4228BF3B46A3
:10269000E380BDF80C30AB4228BF2B462381BDF848
:1026A0000630B34228BF33466380BDF80830AB42E2
:1026B00028BF2B46A380FF232370E3881B3B9BB2DC
:1026C000E02B08D940F2F5613920FEF753FC1B2FAF
:1026D000CED105B0F0BD63881B3B9BB2E02B02D985
:1026E00040F2F761F0E72389A3F5A4739BB2B3F539
:1026F000E06F02D940F2F961E6E7A388A3F5A4737D
:102700009BB2B3F5E06FE4D940F2FB61DCE700BFB8
:10271000E80A002010B501210020FEF7E9FF044679
:1027200070B90121FEF7A8FF044620B940F29331A9
:102730003920FEF71FFC034B93F906100CF05EFAEC
:10274000204610BDE80A002008B50BF015F900F08E
:10275000E5FE00F0A7FB0BF0C6FB02F047F801F026
:1027600049F9094B00221A60084B1B214FF4A47051
:1027700098801A805980064B064818605A829A75CC
:1027800099805A749A8208BD4C000020E80A002003
:10279000140F002003021B00044B41F64C52C3E906
:1027A00002221B221A74FFF7CFBF00BF140F0020B4
:1027B00073B5244DAB680363234B836104460CF06F
:1027C000D8F8064600F05EFB830654BF1B236B88D7
:1027D000A4F85A3058BF1A461C4B297C1B6848BFC6
:1027E000AA88A4F85C2084F8381066871BB194F995
:1027F000701020889847164E204631460BF076F927
:1028000001236A886978E385AB88019116F8121C68
:102810000091033303329BB292B204F1140104F12C
:102820001000FEF7D7FF236923B940F2CC613920AD
:10283000FEF7A0FB636913B940F2CD61F7E7002012
:1028400002B070BD140F002000093D0050000020B0
:10285000260F0020F7B504460D460CF002FA0028BA
:102860006DD020460CF0D9FA38B1B5F80130013BF3
:102870007F2B02D9122003B0F0BD20460CF0D1FA14
:1028800008B90C20F7E720460CF069F90028F8D1C8
:1028900020460CF0A4F906460028F2D1204603F0A9
:1028A0009DF90028E6D0B5F80170E97842F210737E
:1028B00020465F430CF09DFA20460CF0A6FA014634
:1028C00048B93A46204602F039FBB0B341F6A5417B
:1028D0003920FEF74FFB31460DF10600FEF794FE5E
:1028E000054608B90D20C6E7314600F0D1FFBDF816
:1028F00006302B80204629460CF09DFA20460CF02D
:1029000096FA88B9216A20460CF093FA01462846C7
:10291000FFF74EFF3A462946204602F00FFB0246DB
:1029200020B141F6C841D3E70121F0E7054B9B6890
:102930001BB105F58D712846984700209BE7422082
:1029400099E700BFE80A0020024B1B6803B1184753
:102950000C2070474C000020034B5A8802801B78E3
:1029600083700020704700BF140F002037B58378B4
:102970001A2B054608D8042B04D9144A22FA03F36B
:10298000DB0705D412241AE0292B01D03B2BF9D107
:102990002888B0F5706FF5D269460BF03CF888B91D
:1029A000019B93F8182102F0FF046AB9AA7883F812
:1029B0001921FF2283F8182168460BF06FFA204690
:1029C00003B030BD0224FAE70C24F8E720003804F5
:1029D0000188A1F11B039BB2E02B0CD84288A2F521
:1029E000A4739BB244F24810834204D8034B0020E6
:1029F00059809A8070471220704700BFE80A002073
:102A0000034B5A889B88028043800020704700BF98
:102A1000E80A002038B50278447802F0010354EA4D
:102A2000030102F0020201D1112038BDBAB9857844
:102A3000002DF9D0002B18BF002400E01D462046D1
:102A40000AF0C8F80028EFD028460AF0C3F800289A
:102A5000EAD0054B00209C74DD749882E5E7002BDA
:102A6000ECD000242546EAE7140F002013B50088B7
:102A700069460AF0D0FF18B10224204602B010BD0A
:102A8000019A92F8DC31DBB292F8A820002AF3D147
:102A900013F0FB0FF0D0019890F82A310BB13A24D3
:102AA000EBE790F8D23003F0FF04002BF7D190F859
:102AB000C9309B0706D1FF2380F82A3168460BF006
:102AC000EDF9DAE70249CA300BF035FAD5E700BF75
:102AD00011E60000F7B50778EF2F05460C460FD832
:102AE00090F901204378002A0ADB8278900707D109
:102AF00013F010001DD1990603F0030202D51AB19C
:102B0000122442E0032AFBD01E07F9D42979EA787F
:102B1000EE7942EA0122697942EA0142A97941EA61
:102B200006212E7A41EA06418A42E9D81F2A0FD8A7
:102B3000E6E713F0600FE3D103F00702052A05D0A2
:102B400003F00F010D22CA40D107D9D51A07DDD5F0
:102B50006A7A013A062AD3D8AA7A032AD0D813F07F
:102B6000040102D1023A012A03D8EA7A012AC7D81D
:102B700011B9AA7C032AC3D82A7D48B1012ABFD142
:102B80002A7E012ABCD830B91124204603B0F0BDFA
:102B9000022AF5D1B4E7DB0712D46B782A7D03F063
:102BA0001803082B11D1022AEED101213846FEF775
:102BB0009FFD064678B10BF0D2FFB8B10C24E4E7D4
:102BC00000F024F90028E8D1DEE7022AEDD02B7FBF
:102BD000002BEAD0D8E701213846FEF74DFD064626
:102BE00040B3154B93F906100CF008F830460CF082
:102BF00009F929462070E87430460CF04EF8EB7E57
:102C00000446002BC1D00028BFD1316B0246684674
:102C1000FEF7A8FE306B2246012109F0F3FE316B6E
:102C200068460422FEF79EFE306B2246214609F0DC
:102C3000E9FEAAE70724A8E7E80A002030B50279F0
:102C4000042A8BB003464FD84088B0F5804F4BD84C
:102C500026498D5C114400244A79ADF8004042F0C9
:102C6000100242EA45028D7AC97B8DF8084042EA9B
:102C7000850242EAC10202F01F028DF80020BDF871
:102C80000020ADF809201A888DF80B208DF80E0071
:102C9000120A000A8DF80C208DF80D408DF80F00F7
:102CA0008DF810405A7B8DF811205A798DF812203A
:102CB0009A79D3F807008DF81320B3F80B209B7B8B
:102CC0008DF81A307F2305908DF81B3069464FF040
:102CD000011302A8CDE90734ADF818208DF824407F
:102CE000FFF7F8FE0BB030BD1220FBE7E80603004B
:102CF0000278034672B1427862B142881A2A09D931
:102D000082881A2A06D9044A006810609B8893803A
:102D10000020704712207047140F0020024B0268F9
:102D20009A600020704700BF140F00200378A3F1C1
:102D30000A02112A9DBF024A002013741220704714
:102D4000140F002008B5052000F090F804F05AF8A0
:102D5000014B024A9A6008BDE80A00204D26000097
:102D600008B502F023FF02F0D5F9BDE8084001489C
:102D700002F006BFF40A002010B50B4A01231446E6
:102D800082F8023102F01AFF0CF0FDF90AF0F2FDB0
:102D900004F203112046FFF703F8002009F0CEFDEE
:102DA000BDE8104001F028B8F40A002010B5064C28
:102DB000064904F502700AF09DFC04F5037004490D
:102DC000BDE810400AF096BCF40A00205400002030
:102DD0005C00002010B5094C094904F502700AF0A6
:102DE00089FC04F5037007490AF084FC04F50470BB
:102DF0000549BDE810400AF07DBC00BFF40A002080
:102E0000640000206C00002074000020014B93F847
:102E100002017047F40A002010B5074C00F0C8FF0B
:102E2000D4F808020AF05EFCFFF7B6FC01F0F6F8F1
:102E3000012384F8143210BDF40A0020014B93F8EA
:102E400014027047F40A002010B5074CD4F80C02A5
:102E50000AF048FCD4F810020AF044FCFFF774FCB6
:102E6000002384F8143210BDF40A0020C20804497B
:102E700000F0070001238340885C03438B547047B4
:102E800010000020014BD3E9000170471000002022
:102E9000034B1868C0F30020400040F00100704769
:102EA0001000002008B508F0E3F8084A002332F8C3
:102EB0002310814205D302EB83029378044A1370F6
:102EC00008BD01330C2BF2D10023F7E7FC06030009
:102ED000090D002010B544682388A4F8683194F8DF
:102EE000683084F86711012B06D0022B04D04FF410
:102EF00061710620FEF73EF884F86A3194F8693073
:102F0000012B01D0022BF2D184F86B31044904F576
:102F1000AF700BF010F8002384F8243110BD00BF0F
:102F20006FD70000406808490388A0F85A3190F82C
:102F3000603080F85C3190F8613080F85D3100F2EB
:102F400051100AF0F2BF00BF85D700002DE9F04311
:102F50008946097999F80580456801F0070108F06C
:102F600007084B1E08F1FF3202EA08020B40134328
:102F700095F8872095F88660232A85B004463BD1D2
:102F800005F18707FBB940460AF03DFC00283DD01B
:102F900095F86830984239D095F8262118EA020F42
:102FA00011D0212E32D095F8612018EA020F2DD1D0
:102FB0000138013B4D4AC0B2DBB2032B105C20D874
:102FC000D35C834222D995F82431012B53D11E21A1
:102FD0002046FFF77FFF212E51D16368182283F826
:102FE0000921092283F8862093F8C230002B3ED1B4
:102FF0004FF43171AE2007E0212E75D105F186071F
:10300000C0E74FF40F710620FDF7B4FF08460AF041
:10301000FAFB38B195F86930834203D095F827312F
:103020001942D0D0B9F8066003AB00932846334666
:1030300042460AF0F5FB6368054678BB93F8242105
:10304000012A28D101462046FFF744FF3D706368FE
:1030500003F18702974202D1002283F88720636838
:1030600003F1870297423BD120460BF080F8002005
:1030700005B0BDE8F083002385F82431ABE70023D9
:1030800020463B700BF073F81821204605B0BDE8D0
:10309000F0430BF094B883F82401D8E7B3F880200C
:1030A000A3F83C62013EB61AB6B247F6FD729642EC
:1030B00006D9282283F8A920204601F027F9CEE777
:1030C00093F887200D2A02D00A3A012A01D82A2231
:1030D000F0E7BDF80C20A3F83E2225233B70BEE7A5
:1030E000002283F8C220C2E70220C1E72C070300B8
:1030F000044B002283F822204FF6FF729A84DA8470
:103100001A8570470A0D0020054B9A8C824201BF38
:10311000002283F822204FF6FF729A84704700BF86
:103120000A0D0020014BD884704700BF0A0D002013
:10313000084B998C4FF6FF72914206D193F82220EA
:10314000012A04D00360012070470023036000209F
:10315000704700BF0A0D0020064B93F82220012A79
:103160001FBF0120DA8C83F822009A8408BF002058
:10317000704700BF0A0D0020014B1885704700BF43
:103180000A0D0020064B0246198D988C884205D105
:1031900093F8220018B11360012070470020704797
:1031A0000A0D0020094B998C1A8D914201D0002004
:1031B00070474FF6FF729A8493F82220002AF6D0C7
:1031C000002283F822200120704700BF0A0D002052
:1031D000054B998C1A8D914203BF93F82200B0FAE7
:1031E00080F04009012070470A0D002050B90A4ABA
:1031F0001346012003F8010B0868C2F801008A8811
:103200009A807047012805D1034B0A689A608A8822
:10321000D8719A81704700BF340D002050B90B4B14
:10322000187888B1D3F80120B3F805300A608B8094
:1032300001207047012806D1044BD87920B19A6843
:103240000A609B89F3E70020704700BF340D00201F
:1032500010B9044B18787047012806BF014BD87984
:1032600000207047340D0020F7B500238A888DF8C0
:103270000600ADF8042008680B4A8DF80730019D60
:103280001478014602F5A872D8B2844201D8082009
:1032900008E052F8087F5668AE4208BF8F4203F13B
:1032A0000103F1D103B0F0BD480D002030B5094B4A
:1032B00001465C78002203F20113D0B2844201D8A7
:1032C000082005E013F8015F8D4202F10102F4D1FC
:1032D00030BD00BF480D0020F8B52D4C6378013B90
:1032E000DBB22218834292F80251637030D01A0187
:1032F0000101961C8F1C2644274406F1100C56F839
:1033000004EB47F804EB6645F9D18232823122445E
:10331000214402F1100652F8047B41F8047BB242CA
:10332000F9D1E118221891F8026182F802610626AB
:103330007343704303F5857300F58570E618E35811
:1033400023502718B388BB8091F83A3182F83A317C
:103350002846FFF7ABFF082818D12378013BDBB2E2
:103360009D42237012D02B3304EBC30393E8030078
:1033700005F12B0204EBC20282E803002078FFF77C
:1033800095FF08281CBF241884F80251F8BD00BF1F
:10339000480D0020F0B5254D95F8984189B022469A
:1033A00005F29911684608F0A7FD214668460AF023
:1033B00002FB0446B8B300EB4001C9B202A8FDF716
:1033C0001FFF631E95F8A161DBB2012495F89811E7
:1033D00005E0721CB2FBF1F001FB1022D6B206F13F
:1033E00020020DEB020010F8202C002AF1D103EB93
:1033F00043012031694406EB46022A4411F8187C47
:1034000082F8A27111F8177C11F8161C82F8A371CA
:1034100082F8A41100F8204C013BAA19DBB2FF2B63
:1034200082F89941D2D109B0F0BD00BF480D00200B
:1034300070B5064688B00C46002A4ED0294A92F84C
:10344000A131D01890F8991119B9FF212820FDF762
:1034500091FD03EB43011144013391F8A251E57052
:1034600091F8A35191F8A41161710021257180F8A0
:10347000991192F89811B3FBF1F001FB103382F827
:10348000A13192F8C23123B9174902F5DD700AF073
:103490004FFD657905F03F0545F0400565710D224A
:1034A0000021684608F0E8FCE3788DF80F302379B6
:1034B0008DF80E3004AA0423694630468DF80D506D
:1034C00008F038FB9DF81F3023709DF81E306370A4
:1034D0009DF81D30A37008B070BD03216018FDF782
:1034E0008FFED6E7480D002095330000044B5A7834
:1034F000824286BF1B1893F84A010020704700BF24
:10350000480D0020044B5A78824286BF1B1893F85E
:1035100042010020704700BF480D0020064B0022EA
:103520004FF461711A8083F8C32183F8C421A3F892
:10353000C61183F8C2217047480D00202DE9F047DD
:103540008246894617469846FFF78EFE08280546AC
:10355000064603D0FFF7AAFE082860D1324C6378F4
:10356000072B5ED8082D15D12678731C072E2370E3
:1035700003D96C212820FDF7FDFC06F12B02D9F8B8
:10358000000044F8320004EBC203B9F804209A802A
:1035900083F806A065786B1C290163704B1C07F14A
:1035A0001002234412F8010D03F8010FBA42F9D1B9
:1035B000813108F11003214413F8012D01F8012F86
:1035C0009845F9D1102140460AF032FA25441021DD
:1035D00085F8420138460AF02BFA85F802616678D0
:1035E00085F84A010023114885F83A3131460AF03E
:1035F000E2F90128054607D80D4831460AF0DBF903
:10360000002818BF0135EDB284F8985100252846EE
:1036100084F8A151FFF7BEFE2846BDE8F0871220CE
:10362000FBE70720F9E700BF480D00208A0E0020C5
:10363000920E002010B5064B5878013840B2002891
:1036400000DA10BDC4B22046FFF746FE601EF5E763
:10365000480D0020014B83F8C3017047480D00203E
:10366000014B93F8C3017047480D0020431E9BB2E5
:103670004AF2B71293429DBF024BA3F8C601012044
:1036800000207047480D0020014BB3F8C601704779
:10369000480D002030B50A4B5C7884420ED918449E
:1036A00090F802012B3003EBC004A5790D7053F89C
:1036B00030001060A3889380012030BD0020FCE71B
:1036C000480D00200246074810B590F8C34124B1C8
:1036D000417821B1023003F0BBFB204610BD0C46FF
:1036E000FBE700BF480D00202DE9F74F2F4C9A460D
:1036F000637883428046894656D9231893F842510D
:1037000085F00105F9B193F84A31E3B945F00207B4
:103710000135BAF1000F18D1FA070AD5062101FBCD
:10372000084104EB0810524601F585718230FFF71D
:103730007FFEBB0734D504EB0810524649460230E1
:10374000FFF776FE2CE02F46E3E794F8A1614FF0F7
:10375000010B002DE0D0A319019393F8991199B9A9
:103760000092DAB100F02AFC06EB46012144019BED
:1037700081F8A2014FEA102C009A81F8A3C1000C35
:1037800081F8A40183F899B194F898310136B6FB19
:10379000F3F103FB1166F6B2013DDAE747F00407E7
:1037A000384603B0BDE8F08F0027F9E7480D002048
:1037B000074B5A78824209D91A1892F842212AB93D
:1037C000062202FB003000F585707047002070472C
:1037D000480D0020064B5A78824281BF1B1893F88F
:1037E0003A01B0FA80F0400998BF0020704700BF4E
:1037F000480D0020F8B50E4607460621304615460E
:103800000AF016F9044670B10C4B0022587803F206
:103810003913D1B2884202D801242046F8BD03F8FA
:10382000015F0132F5E7314638460AF0E0F8082832
:10383000F3D0024B034483F83A51EDE7480D0020E2
:1038400030B50024A0F84040B0F8444042F2107572
:103850004C43B4FBF2F4A0F84440541E05FB034370
:10386000B3FBF2F3A0F84230084BB3FBF2F30133A1
:10387000A0F84830838F05FB0344436BB4FBF2F49C
:1038800059438463B1FBF2F1416330BD005A6202D7
:1038900070B504460D4659BB4FF41A7208F0ECFAA5
:1038A000012384F88E306FF0360384F8D930042376
:1038B00084F8DA306FF03B0384F8DB306F2384F850
:1038C000DC306FF03C0384F8DD306FF07F0384F868
:1038D000DF302B2384F8D830FE2384F80E317F2389
:1038E00084F88530202384F8DE5084F8F73170BDE9
:1038F000012923D10023A0F8B43180F8AB318269CB
:1039000040F6B833A0F8B4301146438C7830FFF756
:1039100097FF104B1B68062B01D001330CD10E4BC7
:103920001B68063B083307D9E069FEF75FFE18B94C
:10393000012384F89F31DAE70023FAE70229D6D180
:10394000B0F84A32D0F844228169BDE8704078303E
:10395000FFF776BF7012002074120020034B80F82E
:1039600070101B680BB10088184770477C0000205E
:103970000B2808B504D940F2C7112920FDF7FAFA3F
:10398000014B33F8100008BD30070300074B93F9D3
:1039900000301844142804DC10F17F0F03DB40B220
:1039A0007047142070476FF07E007047100F0020A2
:1039B00007B57F230DF107008DF8073004F060F99B
:1039C00003469DF9070053B1094B5B785B4240FA0F
:1039D00083F0142806DC10F17F0F05DB40B203B042
:1039E0005DF804FB1420FAE76FF07E00F7E700BFF4
:1039F000100F0020024B00221A705A70704700BF4F
:103A0000100F00200346407898B1DB783F2B05D893
:103A1000084AD35C1B1A58425841704703F10C0204
:103A2000D2B2042A04D8034A134413F8B43CF1E791
:103A300001207047480703003F2908B5C17003D82B
:103A40000B4B5B5C437008BD01F10C03DBB2042B34
:103A500004D8074B0B4413F8B43CF3E7FF2904D018
:103A600040F23A412A20FDF785FA0123EAE700BF38
:103A7000480703002DE9F3478946694615469846ED
:103A800009F0C9FF044620B9019E35B9012386F823
:103A90008D30012002B0BDE8F087376929463846ED
:103AA00008F087FD01460028F4D0164B5B88AB4236
:103AB00025D3384608F0BCFE96F88D300480002BE4
:103AC0000CBF49460221824684700AF099F94146AA
:103AD0002A460AF1030008F00FFA2946384608F092
:103AE000A3FD18B97E212B20FDF744FA68460AF0A1
:103AF000D5F9019BA3F8A24186F88D40C9E720467D
:103B0000C8E700BF140F0020024B987DC04300F0AF
:103B100001007047140F0020044B987DC0F3400053
:103B200080F0010000F00100704700BF140F00207A
:103B300083230B70014B1B78CB7070472C0F002038
:103B40002DE9F84FD0F80480D8F8146030460D46BF
:103B500008F060FE044618B9FF211020FDF70AFAAC
:103B60000146304608F064FEB4F800B01FFA8BF945
:103B70008246B9F1000F02D140F20311EDE71E4B6E
:103B80001B68C71C8BB9B8F80030AB8000236B7280
:103B9000A5F806B09AF8003003F00303012B0FD00C
:103BA000022B0DD040F21D11D7E7B8F800004A46AD
:103BB0003946984704460028E5D12046BDE8F88FED
:103BC0002B72304608F03AFE044610B94FF4937158
:103BD000C3E7B9F1FB0F02D940F23511BDE7286800
:103BE00010B94FF49B71B8E74A46394608F084F99A
:103BF000304608F07EFDE0E7800000202DE9F34725
:103C0000DFF850818246894605270026D9F8103012
:103C100053B11B7A1BB980211020FDF7ABF9D9F8FD
:103C20001040B4B9002071E0D9F80440237A012B88
:103C3000F8D0EFF3108372B6D9F804201268C9F8EF
:103C4000042003B962B6C9F81040237A0BB9A62143
:103C5000E2E7257AEDB227726B1E0B2B6AD8DFE8FC
:103C600003F066061C3463693D69696969586368D5
:103C700013B94FF4D771CFE7204651469847042037
:103C8000EFF3108272B6237A052BD9B25CD126727B
:103C9000C9F81060B2B962B614E0636813B940F2B3
:103CA000B711B9E75146204698470346C3F30723A7
:103CB000012BADF80400C0B23FD0022BE0D10023AD
:103CC000C9F810300028A1D020E0636813B940F291
:103CD000BF11A1E7204698470020D1E763680BB9E0
:103CE000B52199E70B228AF8002019881869AAF8EB
:103CF0000310012200248AF802208AF805208AF89D
:103D0000064008F0F6FCC9F81040042002B0BDE8F7
:103D1000F087D8F80030514620469847034660B1F6
:103D2000C9F810600220F1E74FF4FB7174E740F22C
:103D3000F91171E74FF4FE716EE725720028E5D1A5
:103D4000002B7FF463AF6DE711B940F21D2163E7EB
:103D500000209FE78400002038B5134C1422002176
:103D6000201D08F089F801252574142204F10803A8
:103D7000002104F11800C4E9013308F07DF884F84B
:103D8000245004F11C03C4E90633084A0023E3620B
:103D9000236384F83430C4F83530C4F8393084F8FB
:103DA0003D30136038BD00BF2C0F00208000002084
:103DB00010B5084C2378FF2B04D04FF4A0711020CD
:103DC000FDF7D8F807F0FCFE2070BDE81040FFF7C3
:103DD000C3BF00BF1D00002010B5034C207807F0C2
:103DE00009FFFF23237010BD1D000020014B187830
:103DF00007F010BF1D000020014B024A1A607047F7
:103E000084000020413B000010B506490446FFF73E
:103E1000F5FE28B920460449BDE81040FFF7EEBE84
:103E200010BD00BF440F0020300F002010B5134616
:103E3000027A22B140F299211020FDF79BF80A4640
:103E4000BDE81040014601480AF04FB8300F00208D
:103E5000044890F834301BB903492C300AF062B89A
:103E6000704700BF2C0F0020DDDE0000034606482F
:103E700090F83E203AB190F83D2022B900F8353B49
:103E800002490AF04FB870472C0F0020313B000068
:103E900010B50A46037A23B140F2A1211020FDF7A4
:103EA00069F80146BDE81040014807230AF01DB833
:103EB000440F00201346027A0AB1037270470A4683
:103EC000014601480AF011B8300F00201B234FF0C3
:103ED0001B128384038482618382C260038539B9A3
:103EE0004FF4A473034AC3844384C261C382026152
:103EF000704700BF480148010346F0B4B3F85420AE
:103F0000B3F84840B3F84460DF8FB3F842509442AE
:103F100028BF14460846B3F84C20B3F85610DC8787
:103F20008A4228BF0A46B3F84610A3F842209142BD
:103F300038BF1146A64238BF2646A742A3F84460C0
:103F4000A3F846101FD1AA1A18BF0122B3F84A508D
:103F5000B3F85040B3F852709E8FB3F84010A542AA
:103F600028BF2546B3F84E409D87BC4228BF3C463B
:103F7000AE42A3F8404002D1A14200D12AB1F0BC28
:103F8000034909F0D8BF0122E0E7F0BC704700BF49
:103F90003DDF00000B8BA2F80B304B8BA2F80D30ED
:103FA0008B8BA2F80F30CB8BA2F809000249A2F844
:103FB0001130104609F0B9BF8DDF0000094AD2E97F
:103FC0000003434083EAB01181EA43214FEAF343FF
:103FD0005360054B116058434FEAF06000EB8000DE
:103FE000704700BF6C0F0020BB79379E094AD2E9A9
:103FF0000003434083EAB01181EA43214FEAF343CF
:104000005360054B116058434FEAF06000EB8000AD
:10401000704700BF20000020BB79379E10B50A4CC6
:1040200009480821FDF7ECF8D4E900321343F7D032
:10403000064CFFF7DBFF2060FFF7D8FF23686060C6
:104040001843F6D010BD00BF200000206C0F0020E8
:10405000174B184A9A60184A5A60184A1A60184A48
:104060009A62184ADA62184ADA60184A9A61184A5B
:104070001A63184A1A62184ADA64184A9A64184A83
:104080005A62184B184A9A60184A5A62184ADA62F9
:10409000184A1A61184A5A61184A9A61184A1A63EA
:1040A000184A9A64184ADA64184A9A63704700BF3B
:1040B0008800002053E2000083E20000EFE20000ED
:1040C00055E40000A9E4000035440000BFE400000E
:1040D00079460000194500008DE50000A9E50000C3
:1040E000614500009C0100206FE200005FE50000D8
:1040F000E1E4000085E4000005E50000B9440000AB
:104100002FE60000D7E50000C9E5000045E5000006
:10411000044B054A5A65054B054A1A65054A5A6516
:10412000704700BF88000020A3E300009C0100202E
:1041300089E3000001E40000054B064A9A65064A3F
:104140001A66064B064A9A65064ADA65704700BF4A
:1041500088000020A3D800004D2F00009C01002003
:10416000EDD7000055D90000252A034610B50846B2
:1041700018D8012A19D9023A232A16D8DFE802F002
:104180001A15252424311533152439434715154BA9
:1041900024245E5E74741515151515151515151561
:1041A000157B868EFF2A00F081804FF4A16151209B
:1041B000FCF7E0FE1A785B68012A02D193F810310F
:1041C00001E093F81931037110BD5968D1F8BE218F
:1041D0004260D1F8C22182605B68D3F80431C360C9
:1041E000F2E75B68EAE70146BDE81040184600F0D8
:1041F0000DBA5922427100221023827120220371CC
:10420000C2710372E0E75B6893F80A31DBE7BDE84F
:10421000104000F0EBB95A681B784BB992F8103196
:1042200033B192F80D31037192F80C314371CBE741
:1042300092F80B31037192F80A31F7E75B68B3F833
:1042400054200271120A4271B3F812218271120ACB
:10425000C271B3F850200272120A4272B3F81031E0
:1042600083721B0AC372AFE75B6893F82621027161
:1042700093F82731DAE7124A1468002CA4D00146DB
:104280001A4623202346BDE8104018470C4A1468FC
:10429000002C99D001461A462420F3E7084A1468F6
:1042A000002C91D001461A462520EBE75B68BDE85B
:1042B000104093F83722D3F8381209F0B5BD00BF8B
:1042C000B00200203F2803D8064B53F82000704767
:1042D00000F10C03DBB2042B01D8B438F4E7002062
:1042E000704700BF880000203F2803D8064B53F8D2
:1042F0002000704700F10C03DBB2042B01D8B43866
:10430000F4E70020704700BF9C010020F7B5456826
:104310002E6904464FF6FF770DF102010DF10102FF
:104320003046ADF8027008F09AF901A9304608F05D
:10433000BBF940B1019808F07FFA6168002202726F
:10434000FFF7A6FDE8E7044905F1A00003B0BDE8CA
:10435000F04009F0EABD00BFE1E10000F0B504461D
:1043600085B00D46FF2600F8856C10F8863CF3B149
:10437000184F3B781BB148211F20FCF7FBFD0C2197
:10438000381DFCF73DFF3E70002304F8853C2A46AB
:10439000072302F8033BD4F80930C5F80330D4F8FA
:1043A0000D305360D4F81130936005B0F0BD01A812
:1043B0000C21FCF725FFA4F51373039AC3F804211D
:1043C00001AB03CB44F88E0C44F88A1C04F8866CCD
:1043D000DAE700BF740F002010B5054C23782BB925
:1043E0000C21201DFCF70CFFFF23237010BD00BF24
:1043F000740F0020024690F8C631BBB990F8C7315F
:1044000003F0FF010BB100207047094B187800281A
:10441000F9D01970D968C2F80411043303CBC2F87B
:10442000BE01C2F8C211FF2382F8C63101207047D5
:10443000740F002038B5426892F8873004460D4664
:104440003BB1132B05D0113B0B2B8CBF0120082057
:1044500038BD92F8C83013B9204609F07EFE626874
:10446000D5F80E30C2F8B631D5F81230C2F8BA31EC
:104470006368D5F81620C3F800211A88A3F85522DE
:104480006A68C3F85722AA68C3F85B226368AA89DE
:10449000A3F85F226368002583F8C6516068054968
:1044A00000F5137009F03EFD6368152283F887203C
:1044B0002846CDE75D43000038B5436893F8872070
:1044C0001C2A044604D04FF4DE711F20FCF752FD75
:1044D00093F8C8101D88002283F8C72003F5C9701F
:1044E00069B10B4983F8C820A3F89C5183F89B213C
:1044F00009F018FD6368002283F8872038BD012287
:1045000083F89B11A3F89C51024983F89E21EFE7A1
:1045100041E4000033E4000038B54568AB6F13F0A8
:10452000010417D14A680C4B896813400B4AC5F83F
:10453000D830C3F3076343F008030A4085F8DB3043
:10454000C5F8DC2009F009FEAB6F43F00103AB674F
:10455000204638BD0120FCE72FC904F76FDB00803F
:1045600008B5406890F88630042B28D14B688A68DB
:10457000C0F8D830C3F3076343F0080380F8DB309A
:104580000023C0F8DC2080F8C23080F8863090F834
:10459000743103F0FF020BB1002008BD0388A0F8BE
:1045A000763180F875214B68C0F878318B68C0F897
:1045B0007C31044900F5B67009F0B4FCECE7012049
:1045C000EBE700BF23E50000406890F8743153B971
:1045D0000388A0F876311A2380F87531024900F576
:1045E000B67009F09FBC704723E5000010B5044683
:1045F000FEF748FC034A044B02400B406260A36094
:1046000010BD00BF2FC904F76FDB008037B50C4623
:104610004568FEF737FC084A084B0A4095F8D81061
:104620000192034000930B408DF800306B4603CBA2
:104630006060A16003B030BD6FDB00802FC904F75C
:1046400038B5DB04154604D5037D13B1002343635D
:1046500038BD446B0134446309F0CAFF836B9C424C
:10466000F6D30023436303492846BDE8384009F0E8
:1046700062BC00BF7FE5000038B5446894F886301E
:10468000012B054602D0A36F98073CD494F8C9309B
:104690009A0715D40A7984F8D320B1F80520A4F834
:1046A000D420B1F80720A4F8D620D80743F002029E
:1046B00084F8C9200FD5154904F1CA0009F03BFC64
:1046C00094F8C930D90711D4A36F9A0708D555219A
:1046D0004020FCF74FFC94F82A31002BEBD1EFE798
:1046E00043F00203A367284609F037FD94F88630AB
:1046F000012B4FF0000301D0002038BD84F8863034
:1047000084F8C230F8E70120F7E700BF11E60000A7
:1047100070B545680446FFF74BF9054B85F88500F1
:104720001B6801461BB12046BDE87040184770BDAC
:10473000B8020020024B1B6803B11847704700BF46
:10474000B4020020F0B51F4D2B78002414709BB1EB
:10475000013B6D68DBB21E1B012E0FDC05EBC406AE
:1047600055F8347076688E4208BF874227D0B84229
:1047700071EB060612D214700020F0BD1E197710DE
:1047800005EBC70E55F837C0DEF804708445C6F354
:1047900047068F412CBF33463446DCE705EBC304A4
:1047A00055F8335064688C4208BF854206D0A84251
:1047B00071EB040428BF01331370DDE71C4614704D
:1047C0000120DAE7940F002010F0070208B503D0AB
:1047D00063214820FCF7CEFB18B1034B19725860D7
:1047E0001A70C80008BD00BF940F0020014B0022C2
:1047F0001A707047940F00200A46822302F8033B88
:1048000004480368C1F803304368536083689360C9
:10481000704700BF9D0F002002481622002107F0BC
:104820002BBB00BF9D0F002082B002AB03E9030049
:104830000B48437D93B1530610D50A880280D1F806
:104840001822B1F880304260D1F81C2205498260FC
:10485000438002220C3002B0FFF72CBB02B070473D
:104860009D0F0020F9470000094B53F8203070B528
:1048700003F523430C461646A1334FF47A72B3FB7B
:10488000F2F503F075FB34442C44204470BD00BFA6
:10489000580803002DE9F04F8DB09A4690F8693022
:1048A000029304468946069208F05FFF834694F817
:1048B0007300FFF75DF8834409F0F1FE94F8873048
:1048C0000393069B1FFA8BFB00F1500783BB94F800
:1048D000DC31032B2CD1039B0D2B29D1B4F83C32B6
:1048E0004B4525D1D4F8E431C4F8D031A369B4F8EC
:1048F000B421C4F8D431B4F82A321344C4F8D831FE
:10490000204602F04FFAD4E99023A262B4F83E2286
:10491000A285D4F84822226241F64B529342A36109
:104920008CBF0023012384F87230022384F8DC3129
:10493000B4F82852B4F88080A9EB05052DB204F52F
:10494000FC73A9EB0808002D04930FFA88F818DA15
:10495000D4E98423C4E98823012345460493CA4B40
:104960001B7813B106F078FB70B9002694F8DC319F
:10497000032B00F2DE81DFE813F06C006601BD005E
:104980008B01CDF810A0EAE7B4F8C831012BECD9BF
:1049900094F8DC31022BE8D094F8F661002EE4D1D3
:1049A00094F87300FEF7E4FF94F8DC3100F5C86B6F
:1049B000012B1FFA8BFBD9B23ED194F88A20A36A4F
:1049C000032A32D1D4F8D42113445946D4F8D4015F
:1049D000079306F005FBD4F8D061079BD4F8D821E3
:1049E000C4F8D001861B59461846564306F0F8FA1B
:1049F000D4F8E031C4F8E001C31A5946A0691E4456
:104A000006F0EEFAB4F8B431D4F8D82143445B1B75
:104A10009B1AD4F8E421013B821A02FB03660123AE
:104A2000C4F8E40184F8F631A0E73046079309F0B2
:104A300072F8079B0344C8E7A069594606F0D0FA0C
:104A4000B4F8B461D4F8E4314644761BC31A5E432B
:104A5000E5E70121002009F05EF88046A06A59468A
:104A6000404406F0BDFA5946C4F8E001A06906F0DA
:104A7000B7FA09A9C4F8E4010AA803F035F9099BBB
:104A80000093D4E98801DDE90A2305F093F9029047
:104A9000204609F01CFEA16AD4F82C2294F8690083
:104AA0008D1803F06DFAD4F8E011029B203D6D1AC9
:104AB000ED1B454400F52340ED1AA1304FF47A7305
:104AC000B0FBF3F0A38D30312D1A03EB410194F8C4
:104AD00069003A46FFF7C8FED4F82C32EB1A2230B0
:104AE000B3F5917FC4F8E80159D240F2FC4130207F
:104AF000FCF740FAA36AD4F8D4015946184406F0EA
:104B00006FFA5946C4F8E001A06906F069FAC4F8E2
:104B1000E401204609F0DBFDA36AD4F8D4511D441A
:104B2000B4F8B431002B40F08A80BAF1000F00F0E5
:104B3000868094F8690003F023FAD4F8E011D4F8E1
:104B4000183294F869206D1A203D1D44D4E984BCC4
:104B50004E4B53F82220A5EB0B054FF47A7302F26B
:104B6000E732B2FBF3F21544ED1B00F52340A13010
:104B7000B0FBF3F02D1AD4F8D821D4F8D03194F842
:104B8000690002FB0313A18D303301EB43013A4668
:104B9000FFF76AFE0123C4F8E80184F8DC31A36959
:104BA000D4F8E421E73B9B1ADF1B002384F8F8319B
:104BB000D4E988328742A5EB060528BF07465B1972
:104BC00042F10002C4E98232C4F8B07104F130004D
:104BD00009F028FAD4E98223C4E98823B4F8A03183
:104BE000A4F82892A3EB09031BB2002BD4BF002228
:104BF0000122520084F80022039A38440D2AC4F896
:104C0000FC0100F09980BAF1000F40F0988094F810
:104C1000DC31002B00F0B080A169D4F8E43104F558
:104C2000FC70C91A08F010FF80B2002800F0A480C0
:104C3000169B03B1188001200DB0BDE8F08FD4F8A9
:104C4000E0116D1A97E7D4F8E411A369B4F8B42120
:104C5000D4F8D801D4F8D0C15B1A5D43D4F8E03160
:104C60004244121A3033013A0CFB003301FB023389
:104C7000A18D94F869003A4601EB4301FFF7F4FD7A
:104C8000C4F8E8018BE700BFC00F002058080300FC
:104C9000D4F8E4E1A369A3EB0E035D4394F88630F6
:104CA000252B03D094F88730252B0CD1B4F83C3257
:104CB000A9EB03031B0406D4029A94F83F32002B9D
:104CC00018BF1A460292049BB4F8B4C143B3BCF1B6
:104CD000000F25D1D4E98623D4E98401904271EBF9
:104CE000030302D34FF4AA6101E794F869102C4B37
:104CF00053F82130D4E98401CDE904010498203A25
:104D0000121A03F2E7314FF47A7B03F52343B1FB28
:104D1000FBF10A44A133B3FBFBF3D21AD21B1544B7
:104D20000CEB08010EFB01F1303102983A464900C4
:104D3000A4E74FF4AD61DAE6BAF1000F1CD0B4F885
:104D4000C80118B3B4F8CA1194F8CC21A4F8CA1158
:104D500001FB0222904201F101050DDD002B0BDD6C
:104D6000002384F80032A4F8CA51FFF727F900F0B5
:104D70000700013084F8CC0194F8F70104F5FC71C8
:104D800004F010FE20B940F2B151B0E60146DBE775
:104D9000069B83F0010384F8F43100204CE700BF48
:104DA00058080300F7B5044618B9E2213020FCF793
:104DB000E1F8072900F2BC80DFE801F004844646F0
:104DC00041BA33B704F0DAFFC4E94001204601F0EC
:104DD0002DF8D4F8F400CB3804F0CCFE10B940F232
:104DE0007B21E3E720460AF018F80546F8B90146AA
:104DF000204609F03BFF00F1E506D4F8F400B0428C
:104E000009D2301A322838BF3220032104F0D4FEF0
:104E1000051E18BF0125C4F8F46020460AF017F8F3
:104E20003DB1204603B0BDE8F0400AF011B80025BE
:104E3000F3E7D4E94023C4E93A2303B0F0BD03B05B
:104E4000BDE8F04002F05CBF09F01BFF002384F8CE
:104E5000F93007460E4604F0DFFC0722A7FB0235B7
:104E600002FB0655D4F8EC200192D4F8E8209B18F8
:104E7000019A45EB0205D4F8CC2032B157EA06027C
:104E800003D0984271EB050216D2022284F8F82072
:104E9000D4F80821D4F80CC1121A6CEB010C94F868
:104EA00018E1BEF1000F09D1012A7CF1000E11DAE0
:104EB000204600F0C3FF05E00122E7E7012A7CF16C
:104EC000000CF5DB94F8C80004F0C0FC002384F863
:104ED0001031B2E7984271EB050E0ED23E430CD072
:104EE0001B1A65EB01019A427CEB010005DB012BEB
:104EF00071F10000A4BF1A468C460F4994F8C8000F
:104F00000123914284F811314FF0000384F8F0300E
:104F100073EB0C03B8BF0A4604F1F00104F058FF2C
:104F200000288AD140F2EF6140E74FF480713DE7FD
:104F30004FF482713AE700BF0040420F2DE9F04183
:104F400004460E46154690F8103103F0FF071BB1DA
:104F50000C273846BDE8F0810146474804F088FC3C
:104F600020288046F4D05722394604F1C90006F0C3
:104F700083FF84F8C880C4F8CC60FF2384F8103124
:104F800036B1FFF733F800F00700013086F8CC01A6
:104F900002234FF00008A4F8F83084F8F08006F0FF
:104FA00071F800F19E06204609F037FFB6B20146BF
:104FB000002839D008F0D9FB00F5CD6189B2284628
:104FC00006F00EF82844C4F8F40004F025FC30186C
:104FD00041F10001C4E94001012084F8D000A4F8A7
:104FE000268009F0D9FFE53D2D1AC4F8D4504FF0C2
:104FF000FF356FF00041D4E94023C4E94251002558
:10500000C4E93823C4E93A2394F8C80084F811515C
:1050100042F2107204F1F00104F0DAFE38BB40F203
:10502000EB113020FBF7A6FF204609F01FFEDFF84A
:105030004C80E530C4F8F400B8F8020048B1E08CC8
:1050400038B1FEF7D3FFB8F80230B0FBF3F202FB41
:105050001300064404F0E0FB361841F10001C4E9F6
:105060004061002DC3D0AD1941F10001C3E72946CD
:10507000204609F0EFFE6CE7A54D0000C00F0020B0
:10508000F0B5002385B0CDE9003301238DF806305B
:105090006846FCF767FB70B11D4E01233371002792
:1050A000CDE9027702A8FCF75DFB0546C8B10023F5
:1050B000337105B0F0BD009809F024FCE8E790F8E2
:1050C000F70104F003FD94F8F70104F039FE94F8B9
:1050D000F70184F8DC5104F0B9FB202384F8F731A0
:1050E000DEE7029B002BDDD093F8F721202AD9D0F0
:1050F00018884FF6FF739842D9D02946FCF7F8FA82
:1051000004460028DBD140F237113020FBF732FF94
:10511000C00F0020054B002201215A7119701A712D
:1051200042F210725A80FFF7ABBF00BFC00F0020E1
:10513000014B5871704700BFC00F002008B502F046
:10514000B3FA044B9A6882422ABF1879002080F093
:10515000010008BDC00F00202DE9F34704460629D1
:1051600000F2DA80DFE801F0048673838A8FD300CF
:10517000D0E98401D4E98623904271EB030354D231
:1051800094F8F631002B50D094F8DC31032B4CD13D
:1051900009F085FA94F869A0814608F0E6FA064617
:1051A00094F87300FEF7E4FB064494F87300FEF7EE
:1051B000DFFBD4E98423D4F81872D4F8B0518046C8
:1051C0005046BF1A02F0D4FE554A52F82A20A5F1E3
:1051D000500302F52342A1324FF47A71B2FBF1F28F
:1051E0009B1AA3EB09031B1A09F1790909EB53096F
:1051F000B6B2603B08F5C86873431FFA88F8B3FB82
:10520000F8F360335A08A9EB53039F4202D3914449
:105210004F4501D905F026FFA069314605F0E0FEB3
:105220000023C4F8E40184F8F6313E4B1B7903F007
:10523000FF0263B90092B4F8A41101232046FFF7DE
:1052400029FB38B140F21E713020FBF793FE042396
:1052500084F8DC3102F03AFC04F0E2FAB4F8802081
:10526000A4F8F2210023A4F82A3284F8F53102B020
:10527000BDE8F087032380F8DC31F8E70AF02EF868
:10528000C4E98601F3E790F86900264F09F00FFAA8
:10529000B530D4F8E431A56995288CBF0020C0F161
:1052A0009600C218954288BFED1A7B798CBF2D1AE3
:1052B00000251BB9236B9D4228BF1D4604F1300019
:1052C000D4F8B06108F0AEFE0644022004F02EFDD2
:1052D000AD1B25EAE575854228BF05460221284613
:1052E00004F06AFC00B92E44012340F24512314615
:1052F000204608F0F4FED4F8B031B860A069184434
:1053000004F038FC0028B2D140F2A3319CE702B08F
:10531000BDE8F04709F0DBB940F2ED7194E700BF5A
:1053200058080300C00F00202DE970430C461546B5
:105330006ABB0246174994F8C80004F0C3FA20B9C2
:1053400040F2FD713020FBF715FE02F0ADF9D4E913
:105350004089064684F8D05084F810510121D4F8D1
:10536000CC00FEF795FAD4F8CC00C0E9848994F813
:10537000C83080F8F731C0E98889C0F82C6209F09C
:1053800096FA02F0A3FBBDE8704304F049BA40F678
:105390001801D7E7E9E60000014B5880704700BFCD
:1053A000C00F0020074A03461068D3F85120C0F808
:1053B0000320B3F85520A0F8072093F8501008F008
:1053C000A4BC00BFCC0F002070B504460E46658813
:1053D000407F15F00401134618BF04F15F01324607
:1053E000FEF782F94107054621D4C2070BD50123F8
:1053F00084F85030607FFEF7DBF90368C4F8513061
:105400008388A4F85530AB0701D4012070BD094B47
:105410001868D4F85F30012184F85E10C0F80930B4
:10542000B4F86330A0F80D3008F078FCEDE7002008
:10543000ECE700BFCC0F002038B5C38D0F4D013312
:10544000C3F30E03C385AB7C04462BB102F00AFC08
:1054500001F030FD0023AB7400232B7194F8713000
:105460002BB101212046BDE8384009F0F7BA637C32
:1054700013B1E28D9A42F4D20021F3E7CC0F002061
:1054800010B5094C2379012B02D02379022B05D1C9
:10549000A37C1BB102F0E6FB01F00CFDE069BDE866
:1054A0001040FFF7C9BF00BFCC0F002070B5294CDA
:1054B0002379012B07D02379022B04D040F65C41DD
:1054C0002D20FBF757FDA0B90125A37C1BB102F0ED
:1054D000C9FB01F0EFFC002D3AD0E06909F037FA82
:1054E000002830D002F0A0FA236ABDE870409B6823
:1054F00018472168E26911F8095B02F15103E809D4
:1055000092F8502008F039FA0028DDD020680021F8
:1055100008F029FC0028D7D02379E069012B05D0B9
:105520002379022B02D040F63541C9E72379226A5C
:1055300003F180435269013B05F00F0152F823301B
:1055400098470546C1E7E069BDE87040FFF774BFC2
:1055500070BD00BFCC0F0020074A0346D06903B9D5
:1055600009B9FFF769BF1379126A03F18043126921
:10557000033B52F823301847CC0F00202DE9F043AD
:10558000032985B00546174607D14388980723D4D9
:105590000024204605B0BDE8F083428890F87030C2
:1055A000D107DBB2F4D5002BF2D14FF00108DFF8C0
:1055B000D49099F81260C6B108F023FA0828387020
:1055C00016D002AA0DF10701FEF764F838B940F6CB
:1055D000D4612D20FBF7CEFC4FF00208E7E79DF8E1
:1055E000070002A909F051F806463B78082B08D1BC
:1055F000D9F8001011F8030BC0F3801009F045F83A
:105600000646D9F8001095F8572011F8030B05F15C
:105610005803C0F3801008F0B0F9D9F80010044620
:1056200011F8030BC0F3801008F0E1F98146FEF792
:10563000D1F840B1B9F1080F1BD04846FDF756FF2D
:1056400080F00103D8B23A78082A14D01CB96C7FD4
:10565000A21A544254416A8853079AD4002897D119
:1056600076B9EC7C444518BF002C0CBF0124002403
:105670008FE70020E7E780F001022240D4B2EAE79A
:10568000344686E7CC0F00202DE9F04F85B0082383
:105690000DF10702052104468DF80730FFF76EFF74
:1056A000064620B90026304605B0BDE8F08F744F9D
:1056B0003968FA7C11F8030B07F11403C0F380106A
:1056C00008F05BF980460028ECD13B68216A184657
:1056D00091F88E2010F8035B02EA551202F00102E5
:1056E00081F88E20D3F80320C1F803208288A1F826
:1056F00007201D46226A15F81F1BC1F38011917007
:10570000D3F81F00029002A928790871D3F80F007E
:10571000D061587D1D7D000440EA0520DD7C2843D2
:105720005062B3F8190082F8728040F2E24909FB36
:1057300000F090619D7DC5EB451005EB800505EB04
:1057400085056D009585B3F8170009FB00F09062A0
:10575000B3F81B001084B3F81D00508493F8243074
:1057600003F01F005B0982F89A0082F87330256A03
:1057700094F912A005F18E0008F023FA40F201130B
:10578000A5F868304FF0FF0B85F86AB0414605F187
:105790003000FEF79BFB51462846FEF7DFF8236AF0
:1057A00084F87B801A88A4F87C2084F899B04FF69E
:1057B000FF72A4F89A209A69B2FBF9F2A4F8922039
:1057C0001A8CA4F894205A8CA4F8962093F873208D
:1057D00084F89820227F9DF8070004F186015AB3CF
:1057E00094F85020012A27D194F8562002F0C002E4
:1057F000402A21D1D4F85120C4F88620B4F855208D
:105800008A809A7884F87F20082803F1030504F140
:105810008C01D3F8033004F1800227D0C4F88C3017
:10582000AB888B8004F17F01FDF734FF40B940F66F
:10583000BB312D20FBF79EFB0022C4F88620DFE75A
:1058400094F87F3043F0020384F87F3004F1720053
:105850000C4908F067FB0C4B206A1B6800223A7168
:10586000002B3FF420AF214698471CE7C4F8803056
:10587000AB8893800023C4F88C308B80E6E700BFB0
:10588000CC0F002083EB0000C0020020032973B579
:10589000044604D0052952D0012002B070BD08236F
:1058A0000DF107028DF80730FFF768FE0028F3D0EE
:1058B000237C274D03B39DF8070094F8BE30DBB975
:1058C000237884F8BF30082804F1C10228D004F1FD
:1058D000C001FDF7DFFE20B940F64A712D20FBF72D
:1058E00049FB94F8C03043F0020384F8C0301949F2
:1058F00004F1B60008F016FB2B68062204265A7045
:105900001E702046FFF74EFD286894F84020E16B9A
:1059100008F01AFA28682E7102F026F90020BCE778
:105920002868034613F8031BC1F3801184F8C010E4
:10593000D0F80310C4F8C1109B889380D7E7064BBA
:105940001B68002BEAD0984780F00100C0B2A4E7A2
:10595000CC0F00206BEB0000BC020020F8B5044621
:105960000F4619B300F12805284609F0EEFAA0B950
:1059700063881A072ED5284609F0FEFA06462846FF
:1059800009F0E3FA301AC0B209F006FB474A9368FF
:1059900003442846936009F0B4FA284609F0B6FAA1
:1059A00001F0A8FF2179252001F0C6FE3F4E94F8B2
:1059B0005E2030680023037043706388103B0D2B1A
:1059C00064D8DFE803F05F635B0C63406363636389
:1059D000636363402046BDE8F840FFF72DBD062312
:1059E0004370202303702046FFF7DCFC638823F01C
:1059F00008039BB2152B05D094F83820616B3068F2
:105A000008F093F9306802F0AFF80323217933717D
:105A1000002001F099FF054607B9F06063881B0775
:105A200004D509F0B6FA0544C4F8D8506388103B91
:105A30000D2B36D8DFE803F038352F2F352F3535CD
:105A400035353535352F0C2343700346212103F8B6
:105A5000091B52B1D4F85F20C0F80920B4F86320C4
:105A60009A80012108F05AF9BDE7A26DC0F809201B
:105A7000B4F85C209A8094F85710F3E7062303707B
:105A80004370B0E7022303700623F9E740F2366162
:105A90002D20FBF76FFA21790120BDE8F84002F0D4
:105AA00007B940F6CF41F3E7F8BD00BFCC0F0020A7
:105AB00038B54388102B044604D1BDE83840012195
:105AC000FFF74CBF0B4DAB7C23B101F0D9F940205F
:105AD00002F0BCF8286802F047F8608810F0040073
:105AE00002D1217902F0E4F8002002F08DF80123C0
:105AF0002B7138BDCC0F0020024B0121D869FFF774
:105B00002DBF00BFCC0F002010B5134CA37C1BB1E0
:105B100002F0A8F801F0CEF9E06908F018FF70B1C2
:105B20002379012B10D12379226AE069D26803F12D
:105B30008043013BBDE8104052F823301847E0692C
:105B4000BDE81040FFF778BC2379022BEBD040F67C
:105B50005E312D20FBF70EFACC0F002010B5074860
:105B6000037903F0FF0433B918222146043006F00C
:105B700083F9204610BD0C24FBE700BFCC0F0020AA
:105B800010B5094C002323712060FFF7E7FF20B117
:105B900040F2EF212D20FBF7EDF9236A13B940F213
:105BA000F221F7E710BD00BFCC0F0020014B024AE5
:105BB0001A627047CC0F0020885E0000034B044A35
:105BC0001A60044B044A1A60704700BFBC020020F0
:105BD00089560000C002002029530000F8B5057D59
:105BE000AF1E0446FFB2002D3AD0012F2DD800F190
:105BF000580190F8570007F0FAFE0828064624D00E
:105C0000FDF780FC10BB023D18BF0125012F8CBFA2
:105C10000027012784F8505027776677FDF734FD79
:105C2000054603F0F9FD174B0022E5FB0301C4E92B
:105C3000120184F85E2011462046FFF7C5FB70B9BB
:105C400040F27A412D20FBF795F90826022D09D163
:105C500004F151010020FDF7E1FA80B90020F8BD00
:105C60000826F5E7E37E002BF8D0D4F81530C4F809
:105C70005130B4F81930A4F855300125C6E7002595
:105C8000C4E700BF40420F00F0B5464E327985B000
:105C9000044602F0FF0312B90278FF2A04D140F64D
:105CA000B9112D20FBF766F93382B3607371B371BC
:105CB00080F871303C4B00933C4B01933C4B02937A
:105CC000336A68465B68039301F046FF01F078FD94
:105CD00001F0C8FF01F0EEF8364801F001FE04F1D2
:105CE0002805354801F032FF284609F00AF9284610
:105CF00009F00CF901F0FEFD2179252001F01CFDD1
:105D000094F9120001F0E6FD04F13401206B06F075
:105D10009EFE04F13C010746206B06F0BFFE0546DF
:105D2000E7B194F82430CBB1B4F92E50ED43ED0F28
:105D3000237F13B963885B0709D5D4E912126FF08A
:105D400000439A4208BFB1F1FF3F0ED1A5B93068B8
:105D50000330FDF7B7FCB07405B0F0BD002DE7D0FF
:105D600094F82550002DDFD1E2E703F055FDD4E98A
:105D7000122390429941E9D3012229462046FFF798
:105D800023FB50B1FDF780FC054603F045FD0B4BAE
:105D9000E5FB0301C4E91201D9E7002DD7D040F695
:105DA000F6117EE7CC0F0020095B0000AD54000027
:105DB00059550000D6BE898E5555550040420F00FA
:105DC00073B50446FFF760FF00212046FFF7C6FDCC
:105DD000A36E0BB101221A606388DB0720D5002374
:105DE000104E256ACDE90033FF23F3746846FBF7B4
:105DF000B9FCA8B9009CA542F8D06A7A607A05F18E
:105E00000A0304F10A0107F0B8FD0028EED0A378D8
:105E1000F374D4F803007061034BB4F807209A8040
:105E200002B070BDCC0F0020E00F0020024BD86103
:105E30001B6A1B68184700BFCC0F002043881B0754
:105E400010B5044611D5036A0A493C2280F87B202C
:105E50001B88A0F87C30FF2380F899304FF6FF7341
:105E6000A0F89A30723008F05DF8FF2384F87130A2
:105E700010BD00BF83EB0000D5EB0000B15A00005D
:105E8000DBEB00008D580000C15D00008154000074
:105E9000F95A0000785E00007C5E0000845E00001D
:105EA0000138022808B503D9C3212F20FBF762F877
:105EB00013290A4B05D811290CD8102907D0D12154
:105EC000F3E71529FBD103EB4003D88801E033F851
:105ED000100008BD03EB40039889FAE7CE070300E2
:105EE0000C4A1178034689B9906833B9B0F8581054
:105EF000828F91420AD8FFF721B993891B0707D5F2
:105F000090F88800073818BF0120704700207047BC
:105F100001207047F00F00202D4AF8B59489034600
:105F20001C43402B9068948104D10421BDE8F840C3
:105F3000FFF712B9802B01D10521F7E703F0030425
:105F4000032C04D140F6D6213120FBF713F813F0CF
:105F5000020418BF1161DD0705D55161C978062912
:105F60000DD00B2917D02CB11169C97805291DD086
:105F70000B2927D09B0644BF08231370F8BD90F867
:105F800087101829EFD1002600270121C0E93867C2
:105F900080F88B10E7E790F88710122901BF0021E5
:105FA00080F88B10012180F8C810DCE790F887108A
:105FB0001629DFD100240025C0E93A45012180F8E7
:105FC0008C10D7E790F887101129D3D10021F6E77C
:105FD000F00F002073B504464068836F13F0300F54
:105FE0000D4646D109891A2903D96B89B3F5A47FD7
:105FF00006D2E978204602B0BDE8704008F0DFB86C
:10600000AA881A2AF5D9EE88B6F5A47FF1D30096AE
:10601000303008F019F8184B9A8992070ED51B6991
:10602000DB78142B0AD16268936F43F010039367F7
:10603000204608F092F8002002B070BD636893F823
:1060400086201D2AEFD093F81B31002BEBD163681B
:1060500093F81A31002BE6D16268936F114643F032
:106060002003936731F8300B02F59F72FDF792FF22
:10607000DEE70120E0E700BFF00F002037B504465F
:1060800001A8FDF755F820B940F6BB013120FAF719
:1060900071FF22220021019805F0EEFE019D0321EF
:1060A000284607F0ADFE2B7823F010032B700198E3
:1060B0002146FDF7C1FC019905482246FEF754F838
:1060C000FDF74AF810B940F6C501DFE703B030BD6F
:1060D000F40F0020264B70B59C6894F83E5294F85B
:1060E0003F62002D3DD194F86810002E3BD194F80A
:1060F000693084F8681084F86930FF2384F86A30C6
:106100001C4B1B680BB12046984794F82431012B97
:1061100001D0354303D018480021FCF7DBFE04F121
:106120003006304607F07EFF04F235110546204662
:10613000FDF7E2FE20460621FFF70EF8304607F095
:1061400071FF8542044610D203F0E4FD0146601B56
:10615000322838BF322003F02FFDB0FA80F040091A
:1061600070BD2946C1E73346C3E70120F8E700BF09
:10617000F00F0020D0020020F40F002010B5154BC6
:106180001B691979436893F88620092A09D193F885
:1061900009218A4205D1002283F8862083F8C22093
:1061A00010BD9A6F12F0080406D022F00802BDE874
:1061B00010409A6707F0DBBFFF2905D1332283F82F
:1061C000862083F83442EBE740F25C513120FAF745
:1061D000D1FE00BFF00F0020F8B50D79A5F10E0338
:1061E000DBB2152B04460DD8012606FA03F740F260
:1061F0005122174208D14268152B92F8862028D0E8
:10620000082B08D00020F8BD024631462846BDE8DC
:10621000F84008F0C5BE212A01D02E2AF2D120462E
:1062200007F092FF636893F88720222AEAD093F858
:10623000D92022F0010283F8D920626892F8D9307F
:1062400023F0080382F8D9301A212046FCF742FED9
:10625000D8E7282AD6D1034B1B68002BD2D0984709
:10626000D0E700BFCC0200202DE9F041A0F10E04E0
:106270000029E4B208BF1F21172C13460AD80126B3
:10628000A64040F251273E4207D116F4600F23D1B9
:10629000082C07D00020BDE8F081BDE8F0410021C6
:1062A00008F07EBE546894F88620212A08D118464A
:1062B000FCF710FE002384F8863084F8C230E9E74A
:1062C0002E2AE7D194F88720A2F120010629F1D9DE
:1062D0002E2AEFD02A21EAE7054A1468002CD9D0EB
:1062E0000A46014618462346BDE8F041184700BF5C
:1062F000C80200202DE9F7437F4D0646AC68002810
:1063000040F0A480AB891A0724D594F80E31FE2BF7
:1063100004D140F2DF513120FAF72CFEFE2384F83D
:106320000E3194F887301A2B06D184F8C700281D47
:1063300007F01DFF84F8876094F88630202B33D057
:10634000332B3FD094F88830072B02BF02232B76E3
:1063500084F80E31AB89DB073DD4AB895F0700F1D0
:10636000AB80990740F1B280AB68012283F80F211E
:106370002B69DF780D2F00F0A680112F00F0B1807F
:10638000072F00F0B0803846FDF7AEFF0346002827
:1063900040F09A80FF2F40F0A880AA68332182F84D
:1063A000861082F8340291E094F88730A3F120023D
:1063B000062A05D92E2B03D0212384F88630C1E785
:1063C0002E23FAE7012384F83532002384F886303F
:1063D00084F8C230B6E7D5F80890D5F8148099F85B
:1063E0008730113B0B2B0BD898F80330023BDBB204
:1063F000092B7DD840F2333222FA03F3D80777D540
:106400004046FDF7FFFA98F8037020B939463B483B
:1064100007F0D5FE49E0012F01D9162F30D199F8A8
:10642000860007F0B9FE40B199F88630202B04D0E1
:10643000212B07D12E2389F886303846FDF742FFFD
:1064400003462AE0162F14BF022620262B781B07AE
:1064500012D594F88730113B0B2B4BD9002501A99D
:1064600003200195FBF7F2FD019B2BB11D720C225D
:1064700001982146FDF7DAFC304603B0BDE8F08311
:10648000112F0ED005D8072F14D00D2FD5D11C4BAE
:1064900008E0142FD1D11B4B1B681BB998F80310CF
:1064A000B5E7194B69691548984700283FF455AF7F
:1064B0000646CBE7154BF5E794F88820062A04BF7B
:1064C00001222A764DE7124B0C489847AB89DA0631
:1064D000BCD594F887300A2BB8D10B2384F88730C9
:1064E000B4E70C4BF0E70C4BEEE740F2D25112E769
:1064F0000826ABE70820C0E7F00F0020F40F0020CB
:10650000DFF00000C402002027F10000D961000084
:106510006FF000008DF000007D6100002DE9F74F65
:10652000B64F0E46B989BC688D0556BFB4F8B82081
:106530000023013204F1780A804646BFA4F8B8303F
:1065400084F8AF31A4F8B820504608F0B7FD30B158
:106550000B4604F5967221465046FEF771F8BB894A
:1065600003F4C0632BB194F88A30002B47D0032B7F
:106570004CD094F88A20BB89012A04D1180544BF65
:10658000022284F88A20B8F1000F40F09580590665
:106590005DBFB4F8C821013292B24246A4F8C821C6
:1065A00003F00A020A2A0DD13A69D278022A09D1E7
:1065B00023F008033046BB81FFF79CFE08233043DD
:1065C000C6B2BB813046FFF795FEBD6895F80E3127
:1065D0003043FE2BC6B23CD1DEBB95F88830063B7B
:1065E000012B36D995F81831ABB195F81931A5F8CA
:1065F000BC6085F810310122022128462BE10121DF
:1066000084F88A102046FEF7A7FDB2E7022384F83B
:106610008A300121F6E795F88790A9F110095FFA11
:1066200089F9B9F10C0F40F2ED80AB6FDA0702D5B2
:1066300032460921E1E7980740F1938032460C2168
:10664000284608F0FBFC95F8C93043F0010385F8B3
:10665000C930B4F8A83194F8AC510133A4F8A8318A
:10666000002D00F0FD81FBF7E3FC10B10023A4F83E
:10667000A83194F88A10012940F2278294F88830D2
:10668000072B40F00582B4F8B830022B40F21D828F
:10669000B4F8BA500135ADB2B4F880302B44A4F848
:1066A000A03194F8AD31002B00F013820123B4F82F
:1066B00080201344A4F8A431BB89BD685B065FBF8A
:1066C000B5F8B431B5F8A6219B189BB248BF00239A
:1066D000A5F8B43195F8183123B995F88830063B00
:1066E000012B06D8B5F8BC30B5F8A6211344A5F89F
:1066F000BC3095F8C21031B1B5F8BE30B5F8A6215E
:106700001344A5F8BE3095F9C620002AC1BFB5F8DC
:10671000C430B5F8A6011B18A5F8C43095F8A93007
:1067200063B9B8F1000F40F065823B7E022B40F068
:10673000178295F81031062B18BF162395F8A8205C
:1067400022B92F4885F8A930FDF7E0FD284608F06A
:1067500023FD002384F8AB3103B0BDE8F04FFCF714
:1067600021BD590702D53246132146E71A0706D53F
:1067700095F8083185F81031324607213DE713F0CE
:10678000300F35D095F81B31002B4AD195F81A31CE
:10679000CBB195F88730252B05F58D7105F23E229A
:1067A00024D095F88630A3F1250043424341284682
:1067B00007F03CFCAB6F23F0200343F01003AB6702
:1067C000002385F81A31AB6FDA062AD505F23511A8
:1067D0002846FDF791FBB5F85230A5F81031B5F811
:1067E0005630A5F812310022152106E70123DEE715
:1067F0005B0616D500222421FFE600BFF00F002023
:10680000F40F0020D7F808B09BF88730113B0B2B12
:106810000ED8DFE803F01D0D0D0D232C0D0D0D0D11
:106820000D55B86890F88730222B4FD0312B4AD0C5
:1068300095F88630002B59D195F88730103B0C2BFA
:106840005CD995F8B630002B58D001221221D4E63D
:1068500000220B21584608F0F1FBFAE65846FDF7F6
:10686000C9FD00283FF4F5AE00220421F2E79BF8B1
:106870003032012B08D100220521584608F0DEFBFA
:1068800000238BF83032E4E69BF83032022BD9B289
:106890007FF4DFAE9BF8C85025B106238BF810318A
:1068A0000022EAE703210622B34807F06FFC9BF8B9
:1068B000D83013F0040F2A460CBF0D211121DCE75C
:1068C00000220621C6E700221121C4E790F82431F6
:1068D000022B02D100221721BDE790F82431012BB1
:1068E000A6D190F82531002BF4D0A1E7092B05D1D2
:1068F00095F8093185F8103101223EE7B9F10C0F06
:106900007FF6A7AED7F8089099F886B0BBF1000FD4
:1069100040F08C8099F82B313BB101220E21484682
:1069200008F08CFB89F82BB1ADE799F82A3193B1C7
:1069300099F8C9B01BF003030DD101220C21484680
:106940004BF0010B019308F079FB89F8C9B0019B6A
:1069500089F82A3197E799F81A3133B399F81B313E
:106960001BBB99F88730252B09F58D7109F23E2262
:1069700019D099F88630A3F1250043424341484697
:1069800007F054FB002389F81A31012214214846EC
:1069900008F054FBB9F85230A9F81031B9F8563064
:1069A000A9F8123155E60123E9E799F82431012BC2
:1069B0004BD199F82531002B47D199F88730A3F1B5
:1069C0002002062A41D92E2B3FD099F868000128D1
:1069D00006D0022804D04FF461710620FAF7CAFAF3
:1069E00099F86910012901D00229F4D1022899F8F7
:1069F00026210BD0012A14BF0022012242B90A3BF2
:106A0000042B13D901221621484624E7022AF2E773
:106A1000022999F8272116D0012A14BF0022012249
:106A2000002AECD054480021FCF754FA95F886303F
:106A3000002B7FF40EAE95F83432002B3FF409AEF4
:106A40000122FF21D9E5022AE7E74C4B1B68002B06
:106A5000ECD049489847FE280146E7D00122D3E709
:106A6000FBF7E0FA08B1A4F8A851FBF7E9FA00280F
:106A70003FF4FFAD94F8AF310133DBB2022B84F861
:106A8000AF3182BF0023A4F8A83184F8AF31F0E51C
:106A900094F8B6301BB194F886300F2B15D1B4F8AA
:106AA000BA50B4F8B8305046ED1A033D08F006FB72
:106AB00068B1D4F8B030D4F8AC20033B9B1A9D42A7
:106AC000A8BF1D46012D3FF7E6AD0125E4E52B46A5
:106AD000F5E7012D7FF6EAAD94F8873013B10B2B63
:106AE0007FF4E4AD94F88630002B7FF4DFAD94F8AA
:106AF0008830002B7FF4DAAD02297FF4D7AD94F80B
:106B0000AF31002B7FF4D2AD2069B4F82E9005F0A0
:106B1000FAFD00283FF4CAAD94F80E31FE2B7FF445
:106B2000C5ADB4F8A231012B7FF6C0ADB4F8A821F1
:106B3000238C9A42BFF4BAAD9B1A9BB2013DADB211
:106B4000B5FBF9F59D4228BF1D4619FB05F3003D35
:106B500003F1010318BF01259BB284F8AA51A6E5F1
:106B6000012B0DD195F88930002B7FF4E7AD002182
:106B70002846FEF7F1FAECE5F40F0020D4020020DD
:106B80005EB1F00634D4310734D4B20634D4B3073E
:106B900034D140F65721312020E739B1B5F8BE1085
:106BA000B5F8C030994201D32223C7E5002A05DD9C
:106BB000B5F8C420B5F8C0309A42F5D2B5F8BC207B
:106BC000B5F8BA309A420AD295F88A20B5F8B830AA
:106BD00052B1B5F8BA209A42C9D80823AEE595F863
:106BE0001831002BE0D1EFE7052BC0D93E23A5E5F6
:106BF0001E23A3E53D23A1E523239FE52A239DE54D
:106C0000634B73B50025012604461E7198609D8173
:106C10001D701D76FF2380F8AB310088FCF782FAE7
:106C20002088FCF7A9FAB4F8A231E3B194F80E3148
:106C3000FE2B18D194F81831ABB194F88830063B8C
:106C4000B34210D994F81931A4F8BC50204684F806
:106C500010313246022108F0F1F984F8AA510220DD
:106C6000FFF70CFA03E094F80E01FE28F8D1B4F80F
:106C7000A611B4F8A821E38D013989B2B1FBF3F371
:106C80001344A4F8A831B4F8B83004F178060B44E2
:106C9000A4F8B830304608F011FA20B1D4F8AC307E
:106CA0000B44C4F8AC30B4F8A231012B9CBF0133C3
:106CB000A4F8A231002509B184F8AF5194F88730C7
:106CC00084F8AA51A3F10A02012A1DD8B4F8803031
:106CD000B4F83C229B1A19042FD404F23E2104F18B
:106CE0008E0006F06EFF84F88750FF2384F8C330CF
:106CF000B4F8A6212146304606F0A9FF98B34FF418
:106D00001E613120FAF736F9252B16D1B4F83C2252
:106D1000B4F880309B1A1A040FD484F88750FFF718
:106D2000D9F9014630B984F8240102B0BDE87040B9
:106D3000FFF7F4BB84F82451DAE794F8863003F0C7
:106D4000FD03252BD4D1B4F88030B4F83C229B1A33
:106D50001B04CDD4002384F88630FFF7BBF901462D
:106D60000028C5D1E1E70B4B0B49009303C90B4B3E
:106D70000B4AFBF739F894F88730113B0B2B04D8FA
:106D800002B0BDE87040FBF727B802B070BD00BF8D
:106D9000F00F00201D650000F40F0020E15E0000F0
:106DA000195F0000D0F844328269934210B504465E
:106DB00004D1D0F84812026A914215D02288A4F872
:106DC0008A2140F2E242B3FBF2F3A4F88C31B4F82A
:106DD0004832A4F88E31B4F84A320949A4F8903107
:106DE00004F5C07007F0A7F802212046FCF750FD1B
:106DF000002384F88730032384F88A3010BD00BF55
:106E0000CFE2000008B5FDF783F9024B024A1A6091
:106E100008BD00BFC4020020D55F0000064BD3F8B8
:106E2000000138B1D3F8040120B1D3F80801B0FA59
:106E300080F04009704700BF00F00040034B002283
:106E40001A705A7010229A70704700BF0B10002001
:106E500070B50646022014460D4600F0ADF9064B0B
:106E600001221A70054B033CC3F81045C3F80865AE
:106E7000C3F8045570BD00BF0B10002000F00040A7
:106E800008B5022000F098F9084B01221A70084B4F
:106E90000022C3F80021C3F80421C3F8082103F538
:106EA00080334FF40002C3F8042508BD0B10002006
:106EB00000F000400E4A08B5137883B10D4B4FF433
:106EC0000001C3F80815FFF7A9FF68B1012353704B
:106ED000094BD3F80034DBB2937000231370BDE884
:106EE0000840002000F068B950701023F4E700BF9C
:106EF0000B10002000F0014000F00040094B1A7810
:106F000062B1094BD3F8002152B1D3F8040140B16A
:106F1000D3F80801B0FA80F04009704758787047FC
:106F2000022070470B10002000F0004008B5074B0E
:106F30001A783AB1FFF772FF30B1054BD3F800046D
:106F4000C0B208BD9878FCE71020FAE70B100020CB
:106F500000F00040024B00221A705A709A7070477D
:106F60000E1000202DE9F041044601201E460F4678
:106F7000904600F021F904F0030040EA0643184D62
:106F800018482E7143F08073C0F80435164BC0F8D2
:106F900008751B68062B07D001331EBFD0F81835C3
:106FA00068F30703C0F81835104B114AC3F80825D9
:106FB00014F0FB0F01BF0F4AC3F89825FC3AC3F841
:106FC0009C250122022C6A70EC7007D8054B2A70B0
:106FD0000021C3F80011C3F800121A60BDE8F08167
:106FE0000E10002000F000407012002000F0014060
:106FF0000000020200F1004070B5194C637823B91B
:107000004FF407713C20F9F7B5FF164BC3F80C1588
:10701000C3F81005E5780122A270C5B924780CB92F
:10702000E321EFE7104CC3F804514FF40035C4F8E6
:107030000455D3F8006116B15A60C4F808550B78AE
:1070400003704B78043343708B78837070BD0021DC
:107050002270C3F80411C3F800221A60F6E700BFDB
:107060000E10002000F0004000F001400E4A08B56C
:10707000537823B94FF412713C20F9F77BFF0B4B87
:10708000C3F80C150121C3F810059170127812B9DC
:1070900040F20F11F0E70022C3F80421044B4FF037
:1070A0000072C3F8042508BD0E10002000F0004057
:1070B00000F00140084B1A784AB10849084AC1F863
:1070C00008250022C1F89825C1F89C251A700022D5
:1070D0005A709A70704700BF0E10002000F00140F7
:1070E00000000202194B1B7870B523B940F28A21C7
:1070F0003C20F9F73FFF164CD4F80431BBB902230A
:10710000C4F80433134B144E1D691A6942F010027F
:1071100005F010051A61D4F804317BB125B90D4A88
:10712000136923F0100313610223C4F80833084BDA
:10713000D3F80004003818BF012070BD4FF400439D
:10714000C6F8803108F0A0FAE5E700BF0E10002075
:1071500000F0004000ED00E000E100E0014B012202
:107160009A60704700F0004008B50A4BD3F800253C
:10717000032A04BF01229A600022C3F80025C3F845
:107180000025FFF797FF044B4FF40002C3F80825D2
:1071900008BD00BF00F0004000F00140054B4FF477
:1071A0000042C3F88020BFF34F8FBFF36F8FFFF70C
:1071B000DBBF00BF00E100E010B50446FFF7D4FFDD
:1071C000012C06D0022C0CD054B18C213D20F9F7B3
:1071D000D1FE0B4B0222C3F800250A4AC3F814253E
:1071E00010BD074B0322C3F80025064AC3F8142537
:1071F00003F580334FF40002C3F80425F0E700BF25
:1072000000F0004013100020044B1868062818BF37
:10721000B0F1FF3F0CBF012000207047701200202A
:1072200008B5FFF7F1FF38B1044B1868063810F1C4
:10723000080F94BF0020012008BD00BF7412002079
:1072400008B5FFF7E1FF38B1044B1868063810F1B4
:10725000080F8CBF0020012008BD00BF7412002061
:10726000064B0022C3F80021C3F80C21C3F81021FB
:10727000C3F80421C3F80821704700BF0010004084
:10728000024B00221A809A701A7170472011002058
:1072900038B5144D95F83D200346084622B940F60E
:1072A000B2113E20F9F766FE6BB9012AAC6B95F876
:1072B0003C1005D100F082FE20442B6BC01A38BD73
:1072C00008F016F8F8E7012B0AD1012AAC6B95F803
:1072D0003C1002D100F064FEEEE708F014F8EBE792
:1072E0000020EAE72011002008B5094B012883F8A7
:1072F0002400084B06D0022808D040F6DC613E206E
:10730000F9F738FE0322C3F8102508BD0422FAE776
:10731000201100200010004008B5144B93F84A30AB
:10732000D90720D59A070ED5114BD3F8002242F089
:107330000102C3F80022D3F8500500F0F60002382D
:1073400018BF012008BD5B070DD50A4B0A4AC3F8D8
:10735000AC25A3F5B833D3F8403123B140F28A719C
:107360003E20F9F707FE0120ECE700BF20110020C6
:107370000010004000F001400810004008B570B94E
:10738000104B2831D96018460F4900F0BFFE01307C
:10739000012816D940F66D013E20F9F7EBFD0128D2
:1073A0000CD1084B2931D9601846074900F0B4FECA
:1073B0000130012805D940F67701EDE740F67B0161
:1073C000EAE708BD28000020EC07030008B50C4BD5
:1073D0009B78012B09D100F0A5FE013001280ED9C0
:1073E00040F604213E20F9F7C5FD022B07D100F03D
:1073F0009FFE0130012802D940F60A21F2E708BDBC
:1074000020110020094B0A4A1B8DB3F5166F3ABFB5
:10741000A3F6381343F48073A3F5166300F07F00DE
:10742000C2F80835C2F85405704700BF201100208B
:107430000010004037B50D460446FFF755FF2846BB
:10744000FFF7E0FF1B4A01AB92F9252029462046B1
:1074500000F0F6FD9DF8050000F070FE20B140F24E
:1074600055713E20F9F786FD9DF9040000F090FD6E
:10747000114A40F20313C2F8343540F25B63C2F89C
:107480003835FFF7CDFE90B14FF08053D2F8882504
:10749000D3F82033022C22F4FE420CBFC3F3066360
:1074A000C3F3062342EA0323034AC2F8883503B034
:1074B00030BD00BF201100200010004010B50C4668
:1074C000FFF712FF2046FFF79DFF0F4A0023C2F887
:1074D0001C31D2F8003243F48873C2F8003240F213
:1074E0000313C2F8343540F25B63C2F83835FFF756
:1074F00097FE40B9FFF7A4FE28B9D2F8683543F4E7
:10750000C023C2F8683510BD00100040F8B5414CEA
:107510000D4616460746002847D10123A37023785D
:10752000012B2BD13C4B33F812304FF47A7203F518
:10753000FA73B3FBF2F3CD1A236B384A384E1D446D
:10754000384BC6F84055C2F8A835236C43F40023E5
:1075500023644FF40023C2F804352378002B47D16D
:1075600094F84A3043F0020384F84A30FFF7D4FE1F
:107570000446002843D100242046F8BD104694F864
:107580002610FFF757FF284B33F816304FF47A7266
:1075900003F5FA73B3FBF2F3ED1A2378002BCBD18A
:1075A0001E4B224AC3F8AC25C6E701281BD1022393
:1075B000A3702378012B0AD11C4B0022C3F81C2195
:1075C000D3F8002242F48872C3F80022B4E794F89A
:1075D00026101046FFF772FF2378293D002BABD110
:1075E0000E4B134ADEE74FF413613E20F9F7C2FC5D
:1075F000012BBBD194F84A3043F00403B4E70123D4
:10760000F364D6F84C35AB42B5DA29463846FFF775
:10761000B5FEB1E7201100206A08030000F0014028
:1076200000800040408100406408030000100040DA
:107630000410004008B560221148002104F01CFC31
:10764000FFF71EFE0F4B1B6823F004020A2A05D029
:10765000102B03D0082B0ED1402200E024220A4830
:10766000FF2104F009FC4FF080430022C3F8082EEC
:10767000C3F8102E08BD0D2BEED03822EFE700BF67
:107680002011002070120020000E0040024B034425
:10769000187E00F516607047EC070300014B93F865
:1076A0003C00704720110020024B986B1B6BC01AE6
:1076B000704700BF201100200A4B93F83C20D3E90B
:1076C0000C30C01A084B03EB82031B6CC01A074B2B
:1076D00053F822304FF47A7203F2F313B3FBF2F350
:1076E000C01A704720110020EC070300580803005F
:1076F00008B50F4A92F83C10012906D0022914D08F
:1077000040F2C6213E20F9F735FC40F6B830D2E908
:107710000C239B1A074A02EB8102126C9B1A4FF44E
:107720007A72B0FBF2F0184408BD4FF4FA60EEE74D
:1077300020110020EC070300FF2808B504D940F20F
:10774000E5213E20F9F716FC124B0129A3F8480069
:1077500004D0022919D040F24131F2E700230E4A49
:1077600043F4801340F0007043F4847340F44030DD
:10777000C2F81435C2F81805D2F8503503F0F703F3
:10778000032B05D14FF45671DBE74FF08073E6E72A
:1077900008BD00BF201100200010004008B5FFF711
:1077A0003FFD50B1054AD2F8743723F0807323F0BF
:1077B000010343F08073C2F8743708BD0010004025
:1077C0003D4B022270B5C3F88020BFF34F8FBFF34B
:1077D0006F8F3A4A0023C2F8FC3F0123C2F8FC3FF6
:1077E000FFF72EFD28B1D2F83C3743F48063C2F88E
:1077F0003C37FFF709FD58B1D2F83C3723F000437E
:1078000023F0FF0343F0004343F09603C2F83C37F4
:10781000FFF706FD294C38B1D4F8403723F47F43F5
:1078200043F4B053C4F84037254BC4F8783700F020
:1078300097FC38B14FF08053D3F830335A1C18BF3F
:10784000C4F84C374FF010231C4C1A6E1D4D531CBE
:107850001EBFD4F88C3562F31743C4F88C3501236E
:10786000C4F8303585F824300323C4F8103540F2CD
:107870000123C4F850360226134BC4F80062187C6A
:1078800000F074FC114B124AC3F804250023AB87A7
:10789000AB6385F84A3002F083FA074B2863102265
:1078A000C3F88061C4F804231E602B6E03B19847AF
:1078B000BDE8704000F01EBC00E100E00010004098
:1078C0002C000089201100202800002000F0014039
:1078D0000000020C014B83F82500704720110020A6
:1078E000034B020E0002C3F82425C3F81C057047A1
:1078F00000100040044B054A034482F826001B7E1A
:1079000003F5166313857047EC0703002011002070
:1079100010B504460068FFF7E3FF094B6268C3F83F
:107920003C25207AFFF7E6FF617A6089FFF704FFC4
:10793000607AFFF7D9FC034B227B83F8252010BD2A
:107940000010004020110020F8B5294C94F84A306E
:10795000DA0706460F4604D440F6BE013E20F9F78A
:1079600009FB244DD5F8002243F0020342F0010246
:10797000C5F8002284F84A3020BB012394F8261071
:10798000A3703846FFF756FDA378012B02D040F6CE
:10799000CA01E3E7184AD3642B60174BD3F84C5560
:1079A00030462946FFF7EAFC236BED1AEEB9134B7C
:1079B00033F817304FF47A7203F5FA73B3FBF2F32E
:1079C0005819F8BD0128E8D1022394F82610A370B5
:1079D0003846FFF773FDA378022B02D040F6D201A0
:1079E000BCE7054BDE646E60D7E705F12900E8E7E8
:1079F00020110020001000400080004064080300B7
:107A000008B5FFF783FD58B9064BC3F84005A3F549
:107A1000E04301221A610220BDE80840FCF726BAC3
:107A200008BD00BF0080004037B5244B2449D3F87F
:107A3000044302224FF0FF30C3F80803C1F880214D
:107A40002049C3F80022002281F84A201E49C1F8CB
:107A5000402501F5B8314FF46025C1F80855D3F839
:107A60005015C9B204F01004D1B18DF80700C3F865
:107A7000102101221A619DF8072012B1D3F81021BC
:107A80003AB19DF807305BB940F6F2113E20F9F7A4
:107A900071FA9DF80720013AD2B28DF80720EAE783
:107AA000FFF794FC05490023C1F81031FFF7E8FB0C
:107AB00014B11023C1F8043303B030BD00100040EE
:107AC00000E100E0201100200080004038B51B4D8F
:107AD0000024C5F84845C5F84445C5F84045C5F8F3
:107AE0004C45FFF7A1FF00F00BFB154B15491A6C35
:107AF0001C6442F0446242F40032C1F80825C3E934
:107B00000D441C77104BC5F848450222C5F8444582
:107B1000C5F84045C5F84C45C5F84841C5F844414D
:107B2000C5F84041C5F84C41C3F88020BFF34F8FE2
:107B3000BFF36F8FC3F8802138BD00BF00800040C5
:107B40002011002000F0014000E100E0014BC3F8EB
:107B50003C0570470010004010B50FC8014C84E888
:107B60000F0010BD8411002008B50B4BC3F80405AD
:107B70000A4B93F84A20586442F0010283F84A20E5
:107B8000FFF7CAFB30B9FFF74FFFBDE808400320FD
:107B9000FCF76CB908BD00BF0010004020110020A8
:107BA000154B1A6B10449A6B824210B504D340F601
:107BB000A8213E20F9F7DEF9104A18620121197751
:107BC0005164D2F844450534844205D30C4BD3F8B4
:107BD000042102B9196110BD0021C2F84411C2F894
:107BE00044051A6C42F480021A64064B4FF480027A
:107BF000C3F80425EFE700BF2011002000800040FB
:107C00000010004000F0014010B50E4C034694F8FF
:107C10003D0094F83C100222012822774FF0960094
:107C200094F824200BD100F0D5F9074A20620023F4
:107C3000C2F84431A36B0344C2F8443510BD00F0D0
:107C4000E3F9F2E72011002000800040044BC3F864
:107C50006005D3F8002242F04002C3F800227047CA
:107C600000100040054BD3F8002222F04002C3F878
:107C700000220022C3F86025704700BF00100040BA
:107C80000A4A0146D2F81C0182B068B1D2F84835E0
:107C900003F07F035B420B700023C2F81C31D2F863
:107CA0001C310193019B012002B07047001000407D
:107CB0000022044B90421A7014BF02220122D97094
:107CC0005A70704720110020054B0022C3F8402550
:107CD000044AD2F85035DBB20BB10123136170476F
:107CE000008000400010004030B5044BD3E914453B
:107CF0009B6DC0E900450B6030BD00BF2011002026
:107D00002DE9F047954D964C0123EB64D5F84C25B1
:107D1000236BB4F84870A2EB030802F047F8C4F8EC
:107D20005880C4E91401FFF751FB8E4B226CC3F855
:107D3000082500218C4A2164D2F8003223F48E7386
:107D400023F00103C2F80032237F84F84A1023B1E4
:107D5000D5F844315B1A18BF0123A17801290AD153
:107D6000D2F80C51002D43D17F4BD3F81031A3B181
:107D700045F0100511E0022938D17B4AD2F80C51A8
:107D8000D2F80024003D18BF01256D00D10758BF6F
:107D900045F0040533B345F00105FFF761FAEA0643
:107DA000A37803D5012B08BF45F020056B4A94F852
:107DB0000190D2F84815A163D2F8442584F83D30EB
:107DC00094F82430626384F83C30B9F1000F11D18B
:107DD000FFF756FA84F81C90EE0740F1A280636E1C
:107DE000984763E015F00B0FD7D1BDE70025BBE73F
:107DF0000825D2E715F0110F0ED123792678B9F1B5
:107E0000010A18BF4FF0010A012B67D0022B7AD06C
:107E10002BB14FF4446169E0FFF706FEDCE79621E1
:107E20005046FFF735FA0146FFF72AFA012E74D1C2
:107E3000B9F1010F14BF252337239844884567D92A
:107E40000220FCF713F8484B1E61A8076BD5FFF71B
:107E5000E7F9E0B9FFF7F4F9C8B9434BD3F8503468
:107E6000D90114D51A0705D013F0F00F02D013F47E
:107E7000706F0CD13C4AC3F304410129D2F8542459
:107E800005D1012A03D0C3F34253022BA7D9636C57
:107E90005B78BB4288BF45F00405C5F3800080F0E5
:107EA0000100A36E314600F001009847A378022B31
:107EB00012D1237F83B1022B284A43D1A36B216ABD
:107EC0000B44C2F84435236C43F480032364254BF0
:107ED0004FF48002C3F80425BDE8F0872348FFF77C
:107EE00017FD94F83D3023B940F6B5013E20F9F76F
:107EF00041F8012B04D1FFF7FBFBA369C11893E7FD
:107F0000FFF7DAFBF9E71948FFF702FDA1698BE7F4
:107F1000124B26700022C3F84021E2785046FFF74A
:107F20006FFD002691E715F0280F05F0200105D020
:107F3000B1FA81F1E36E49093046B6E7EB06B5D5F3
:107F4000236F4DE7012B02D040F69F51CEE7236A05
:107F5000A16B8B42B5D84FF45A61C7E7008000404F
:107F60002011002000F001400010004028110020E6
:107F7000024B03EB8003186C704700BFEC07030053
:107F8000024B03EB8003D86C704700BFEC07030083
:107F9000024BC0B2C3F80C05704700BF0010004090
:107FA000054B33F8113002384FF47A7203F2E7339D
:107FB000B3FBF2F31844704750080300044B4FF42E
:107FC0007A7233F81130B3FBF2F30133184470477F
:107FD0005008030038B51D460A4B33F8114003EB37
:107FE000820305359B681C4404F6B7344FF47A735A
:107FF00003FB00441046B4FBF3F4FFF7B9FF25443C
:10800000284438BD5008030070B50646084615469A
:10801000FFF7B6FF094B03EB85039C684FF47A73B7
:1080200004F6B73403FB0644241A2846B4FBF3F4E1
:10803000FFF79EFF0530204470BD00BF50080300CD
:108040002DE9F04F264C87B0074698460D46164658
:1080500002F0F2FB2378BB42814611D16378AB4238
:108060000ED194F90230B3420AD1E378834207D1AA
:10807000A388A8F8003094F9060007B0BDE8F08F97
:108080007B1EDBB2032B0DD8164A12F803A029463B
:108090000DF117033246504602F0D4FB38B14121AE
:1080A000A92002E040F2FE410620F8F763FF0390AA
:1080B00028469DF917B0FFF7E9FA039A00920346A4
:1080C00052464146584600F03FF8B8F80030A071DB
:1080D000A38027706570A67084F80390CBE700BF7B
:1080E0004000002070080300014B1B681B68184704
:1080F000D8020020014B1B685B681847D80200209B
:10810000014B1B689B681847D8020020014B1B6875
:108110001B691847D8020020014B1B685B69184790
:10812000D8020020014B1B689B691847D802002029
:10813000014B1B68DB691847D8020020014B1B6804
:108140009B6A1847D802002030B4044C9DF80850B0
:1081500024680295E468A44630BC6047D802002039
:10816000014B1878704700BFAC18002010B50022F2
:108170000C49134640FA02F4E40744BFCA545C1C9D
:1081800002F1010248BFE3B2042AF3D1054AFF24F9
:10819000D118032B01D9107110BD013301F8014B27
:1081A000DBB2F6E7B818002008B5074801F0F6F989
:1081B000054800F039F801F099FE01F07BFE00F06F
:1081C000A1FC012008BD00BFBC12002008B501F0D1
:1081D000C1F901F02FFF01F00BFFBDE8084000F0EE
:1081E000ADBC00BF02F01EB801F00ABA10B5EFF343
:1081F000108472B601F004FA04B962B610BD00BF73
:1082000001F010BA02F0ECB802F082B902F094B9B1
:1082100002F0E2B902F0E6B902F0A6B808B52721EB
:10822000032003F039FB00BF024B186000221A71D3
:108230009A607047C412002070B582B01E4C23793A
:10824000012B11D0DAB2022A0BD1A0680DF107017F
:1082500000F08CFC0023A36023719DF8070002B09E
:1082600070BD012002B070BDA0680DF1070100F0E3
:1082700073FCA5686B7DDB07ECD5AB7F042BE9D0E5
:1082800001F014FA06460028E4D001F015FA2A6934
:10829000B3682E686D68961945F1000500220A330F
:1082A00042F100021B1842EB0102B342AA41D1D3B2
:1082B000A06800F03FFDCDE7C4120020837F0BB122
:1082C0000020704710B50A684B688C68D1F80CC064
:1082D000C0F80CC08460026043600A694B69436166
:1082E000012402618477054B1A792AB998601C71C0
:1082F00001F078F9204610BDFFF790FFC41200206E
:1083000070B5044682B00D4601F0D0F9A37F012B71
:1083100017D02B686A68A9680646E868E060A16023
:10832000236062606A692B69626101222361A2771E
:108330000DF10701204600F00FFC2EB1012002B024
:1083400070BD002002B070BD024B0421186807F018
:1083500042F9F3E7C412002070B5044682B00D461E
:1083600001F0A4F9A37F012B1CD02B686A68A968CF
:108370000646E868E060A160236062606A692B6974
:10838000626101222361A27720460DF1070100F00E
:10839000E3FB084C4EB12068062107F01CF90120D0
:1083A00002B070BD002002B070BD2068042107F04B
:1083B00012F9F0E7C4120020024B0621186807F0FA
:1083C0000AB900BFC412002010B5EFF3108472B6D2
:1083D00001F06CF938B1064B0621186807F0FBF87C
:1083E00004B962B610BDC921032003F055FA00BFDD
:1083F000C412002010B5084B1A7952B9044698608F
:1084000002221A7101F0EEF8A07FB0FA80F0400964
:1084100010BDFFF703FF00BFC412002038B5837FF3
:10842000C3B1044609E0A37F042B09D0A37F012B2D
:1084300011D007F029F9A37F63B1A37F032BF2D1F9
:10844000EFF3108572B6204600F0AEFB05B962B6B8
:10845000A37F2BB938BD4FF48971032003F01CFAB8
:1084600040F20D11032003F017FA00BF38B5194B85
:108470001A7962BB0446986002221A7101F0B2F8C0
:10848000A37F5BB938BDA37F032B0BD0A37F042B45
:1084900008D0A37F012B15D007F0F6F8A37F002B9F
:1084A000F1D1EFE7EFF3108572B6204600F07CFBC8
:1084B00005B962B6A37F002BE4D040F20D11032072
:1084C00003F0EAF94FF48971032003F0E5F9FFF7AF
:1084D000A5FE00BFC412002010B582B00DF1070147
:1084E00000F044FB044601F0E1F810B1204602B070
:1084F00010BD40F22F11032003F0CEF970B50D46E8
:10850000044601F0D9F8A4680346E41841F10006D6
:1085100028463346224600F09FFBA04271EB06033B
:108520004FF000050CD3001B6FF0010361EB060157
:10853000834275EB010100D370BD4FF0FF3070BD79
:10854000284670BDF8B504460E46EFF3108572B6A6
:1085500001F0B2F8A468241841F1000730463B4608
:10856000224600F079FBA04271EB07034FF00006B2
:108570000ED3001B6FF0010361EB0701834276EB22
:10858000010102D305B962B6F8BD4FF0FF30F9E73B
:108590003046F7E72DE9F04185680C46002349197C
:1085A0005B4113B10020BDE8F0811746064601F09B
:1085B00083F82A1841F100033846A51843F1000852
:1085C00000F04AFBA84271EB0801EBD301F02AFE50
:1085D00000F0E8FAB368377523440120B360BDE8C2
:1085E000F08100BF2DE9F843EFF3108872B684687C
:1085F00063184FF000035B4133B10020B8F1000F66
:1086000000D162B6BDE8F88317460D46064601F074
:1086100053F8221841F100033846AC1843F1000921
:1086200000F01AFBA04271EB0901E6D301F0FAFD5C
:1086300000F0B8FAB36837752B440120B360DDE76A
:10864000837F012B01D00020704700F019BC00BFD0
:10865000D0E90001704700BF0069704701F02CB8F5
:1086600010B5EFF3108472B601F026F804B962B6C3
:1086700010BD00BF80687047007D7047F8B5036982
:10868000002B4ED1044601F0CDFD05460E4602F00A
:10869000DDFC78B3D4E90003643546F10006A84256
:1086A00073EB060223D3C4E90003EFF3108672B61E
:1086B00000F0FCFF054698B100F0FEFFAB68002219
:1086C0000B3342F100021B1842EB0101D4E9000216
:1086D000834271EB02053CBF03461146C4E90031F9
:1086E00006B962B62046BDE8F84000F04BBB28460C
:1086F0003346D8E702F0C6FC074600F0F3FFB84265
:108700002168626838BF3846963546F10006401940
:1087100046F10003884273EB02053CBF084613464E
:10872000C1E740F2D511032003F0B6F8F8B5254CA7
:1087300000222260EFF3108172B6636823606260EA
:10874000A26009B962B623686BB300259A79032A3F
:10875000A3F1180028D01F6877B3BA79042AA7F1CB
:10876000180384464FF000060FD1818B9A8B521A62
:1087700012049A6944BF0CF11806184642B19C468F
:10878000A2F118039A7F042AEFD09B7F032B15D107
:1087900096B133681B683360C368857702219847B8
:1087A0002368002BD2D1F8BD196853F80C2C9D71A9
:1087B000216001219047F3E72760EDE763219F20C7
:1087C00003F06AF8D01200202DE9F84F3A4B4FF031
:1087D0000008C2F80080D3F80CE0BEF1000F5ED0B4
:1087E000AEF1180CE1469246D9F81850002D45D04C
:1087F000DCF8004055F8186CDCF8042055F8147CBF
:10880000A64277EB0203A5F1180E50D3844272EB17
:1088100001030BD2DCF810301B1942F10002984220
:108820001C4671EB02033CBF04460A46864277EBC6
:1088300001030BD255F8083C9B1947F100079842F9
:108840001E4671EB07033CBF06460F46DCF80830B6
:108850000A3348F1000B1B1942EB0B029E4277EBE7
:1088600002020BD29CF8143015F8042C9A4209D05D
:108870000ED3F146D9F81850002DB9D1E64670460E
:10888000BDE8F88FAB88BCF81C209B1A1B04F0D500
:1088900009F11803CAF80030D9F8183013B9704636
:1088A000BDE8F88FF446A3F1180EF146E2E7BF21C8
:1088B0009F2002F0F1FF00BFD01200202DE9F0430D
:1088C000224EF4686CB30025A8460427AE46234622
:1088D00053E906C2844572EB0109246823D253F898
:1088E000089C19EB0C0C42F1000284458A411AD213
:1088F000FDB12A6812682A609F71726883F800E0EF
:1089000083F801E083F802E083F803E07AB1B2680B
:108910001360B3604FF00108002CD8D1B8F1000FFC
:108920000DD1BDE8F0831D46002CD0D1F6E7736071
:10893000EFE7F268002ADFD01268F260DCE7044B50
:10894000BDE8F043187803F065B900BFD0120020ED
:10895000210300202DE9F04F684B0468D3F80C8008
:1089600085B0054682838A464068B8F1000F00F062
:10897000BA800026A8F11802B446D2E900366F7D0D
:108980009C4270EB060107F00107C1462AD3F7B1FC
:1089900092F814C0297D8C4519D89168C91846F100
:1089A000000311F10A0843F1000E444570EB0E0676
:1089B00057D22E69361940F1000CB0457EEB0C0BF6
:1089C00001D24646F4468E427CEB030C4FD39369AA
:1089D000944673B1A3F11802D2E900369C4270EBC1
:1089E0000601D4D2C846002F00F0858013466246A7
:1089F00002E0C846002F57D0AE68361940F1000992
:108A0000002B65D0CDE90082D3E9007116F10A0C84
:108A100049F10002BC458A4158D31A7D95F814C02B
:108A2000944519D39A68D21941F1000112F10A084C
:108A300041F1000E444570EB0E0751D22F693F19EA
:108A400040F1000CB8457EEB0C0B01D24746F446D2
:108A500097427CEB010C0AD39B69002B36D0183B64
:108A6000D2E7264684468E427CEB030CAFD2234AE3
:108A70000423AB77516800232B766B76AB76EB76CD
:108A800005F118021D4B002933D09B681A601C4B5E
:108A90001A4918788A6003F0BDF800258AF800505A
:108AA00005B0BDE8F08F9369294641F8183F916100
:108AB00003AA00210020FFF787FE2D1AB5FA85F5DD
:108AC0006D098AF8005005B0BDE8F08FDDE900823D
:108AD000002AE8D12B46094A43F8188FD360E7E70C
:108AE00027468446B4E76B7DDB07F3D54246434611
:108AF00082E75A60CBE76246EAE700BFD012002067
:108B00002103002010B50A4C2378FF2B0AD1094815
:108B100003F056F8084B20700022DA605A609A6021
:108B20001A8210BD4FF484719F2002F0B5FE00BF81
:108B3000210300202D870000D012002010B5054C25
:108B40002078FF2800D110BD03F054F8FF232370D4
:108B500010BD00BF21030020034B1A8A02F1010C53
:108B6000A3F810C0F6E600BFD012002030B583B0E5
:108B700004460D4601AA00210020FFF725FE03460A
:108B8000E31AB3FA83F35B0905482B7004F118016B
:108B900006F047FD10B10023A377012003B030BDDC
:108BA000DC1200208AE600BF70B5154E73680546DA
:108BB00000F11801BBB17368002423B913E01A68EF
:108BC0001C4682B113469942F9D10CB1AA692260C0
:108BD0007268914204BF1B687360B36899420AD0FF
:108BE0000023AB7770BD064806F01BFD0028F9D0C6
:108BF0000023AB77F6E70023B460AB77F2E700BF62
:108C0000D012002030B5054683B00C46FFF756FE63
:108C100001AA28462146FFF7D7FD28B1054B00F1F0
:108C200018025A6103B030BD024B02465A6103B0CC
:108C300030BD00BFD012002010B5064C616904F1B0
:108C40000C0006F0EEFC18B160690023183863616F
:108C500010BD00BFD01200201C49C96839B3A1F172
:108C6000180C9CF8141081421DD870B5DCE9004145
:108C700012F10A0543F1000EAC4271EB0E0620D250
:108C8000DCF81060341941F10001AC4271EB0E01C7
:108C900015D2DCF8181071B1A1F1180C9CF8141061
:108CA0008142F6D8E2E7DCF818100029D7D14FF05E
:108CB000FF30014670474FF0FF30014670BD2C4633
:108CC0007146B4F10A0041F1FF3170BDD0120020AD
:108CD00010B5837F022B06D0837F012B02D0837FC8
:108CE000042B1DD110BD437D13F0020313D10321CA
:108CF0000E4A81775468037600F118014376837633
:108D0000C3765CB193681960094B9160BDE810406F
:108D1000187802F07FBF0023837710BD5160F3E71E
:108D20004FF4FB719F2002F0B7FD00BFD01200206E
:108D30002103002070B5114D00F11806044631469C
:108D400005F10C0006F06DFC98B10423A3776A6866
:108D5000002323766376A376E37642B1AB681E6088
:108D6000074BAE601878BDE8704002F053BF6E60EC
:108D7000F6E74FF400719F2002F08EFDD012002024
:108D8000210300202DE9F04F066983B0002E70D139
:108D9000D0E900158368077DEFF3108472B6DFF821
:108DA000DCC0DCF80C20002A5CD013F10A0EBCF801
:108DB0001080CDF8048046F10006183AB046D2E99A
:108DC000003611EB0E0A45EB08099A4579EB060CC3
:108DD00048D38B4276EB050C28D3D2F810C01CEB9D
:108DE000030C46F1000BD4457BEB090B34BF4FF06D
:108DF000010C4FF0000CBCF1000F13D092F814C01E
:108E0000BC4526D034BF4FF0010C4FF0000CBCF134
:108E1000000F07D013F10A01936846F100055918B5
:108E200045F100059269EAB1183AC8E7D2F808A0FE
:108E300013F10A0C46F100091AEB0C0C49F1000978
:108E4000614575EB090934BF4FF0010C4FF0000C80
:108E5000D1E7B2F81CC0DDF80490ACEB090CCCF300
:108E6000C03CD4E704B962B6C0E9001503B0BDE860
:108E7000F08F40F21F219F2002F00EFDD012002043
:108E800070B5054682B00C4601AA00210020AE8BC9
:108E9000FFF79AFC0346EB1AB3FA83F35B09104819
:108EA0008DF8033005F1180106F0BBFB98B10023E3
:108EB000AB77A446BCE80F002C460FC49CE8030027
:108EC000324684E8030028460DF10301FFF742FD16
:108ED000012002B070BD40F24A219F2002F0DCFC6C
:108EE000DC120020024B0521186806F074BB00BF9D
:108EF000E8120020042970B512D00CD905292ED112
:108F0000194E757905F0FD05012D11D040F2BF1104
:108F1000B02002F0C1FC0239012920D8002070BD28
:108F2000FFF78AF90028F9D00F4B01221A71F5E7F3
:108F30000446B0790028E9D1B3689847D6E904011E
:108F4000B3690A4AB571323841F1FF31C01841F1B5
:108F5000000101F0F1F8064B2360022070BD40F2E1
:108F6000C911B02002F098FCE8120020E58E000044
:108F7000D5920000054BD86910B1C3680621184787
:108F800010B540F28D21B02002F086FCE8120020DE
:108F90002DE9F8431646002B6AD0D3E900898045B5
:108FA00079EB01033CBF89468046474F04460D4696
:108FB00040464946C7E9088901F08AFB3B8DB8EB7A
:108FC000040403F1640369EB05050022A342AA41EE
:108FD0000FDBBB6903F5E1739C4275F1000519DAFB
:108FE0003A4A4046494601F0A7F8394B3360BDE89C
:108FF000F883BA797B791AB39A1E012A1AD9B9690A
:109000000022012B01F5E171BA7144D08C4275F157
:109010000005E5DB01F068FB02F012F8BB692B4AA2
:10902000B8EB030069F1000101F086F8294B3360C9
:10903000BDE8F883BB68012098470023BB717B79AA
:10904000BA69012B02F5E172114624D0032BDDD160
:10905000944275F1000522DA388D1C4AB8EB000005
:1090600069F1000101F068F81B4B3360BDE8F8833B
:10907000154FBB791BB17B79023B012B20D9002313
:10908000BB7101F031FB01F0DBFF01F023FB134B5F
:109090003360BDE8F8838C4275F10005DCDB01F03C
:1090A00023FB01F0CDFF388DBB698342B7D2B8EB0B
:1090B0000000064A69F1000101F03EF8084B95E70F
:1090C000BB6801209847DAE7E8120020E58E00002F
:1090D000D594000085930000E590000025940000E1
:1090E00055940000042970B5044612D00CD9052906
:1090F00031D11B4E757905F0FD05012D1DD04FF4C2
:109100000D71B02002F0C8FB0239012923D80020DC
:1091100070BDFFF791F80028F9D001F071F801F067
:1091200081F806460D46FFF76DFD224603462946A7
:109130003046FFF72DFF022070BDB0790028DED148
:10914000B3689847D6E90801064AB57100F0F4FF04
:10915000054B2360EFE74FF40F71B02002F09CFB4A
:10916000E8120020E58E0000D594000002392DE9B8
:10917000F04104292DD8DFE801F00309292C0C0067
:10918000164A5379003B18BF012393710020BDE8B4
:10919000F081044600F09CFF01F044F80E460746BB
:1091A000FFF730FD0D4D8046E869FFF791FD22463F
:1091B000384631464346002400260027C5E90867A3
:1091C000EC61FFF7E5FE0220BDE8F081FFF734F81F
:1091D000DCE740F2EF11B02002F05EFBE812002065
:1091E0002DE9F04F364E96F80690B56983B080466B
:1091F000B9F1000F32D1737903F0FD03012B3ED09A
:1092000001F010F8431941F1000204460F461846D8
:10921000114601930092FFF7F5FC00283BD0D0E9FE
:1092200000ABAA457BF10001DDE9002319D2002043
:109230000146C6E90832234A00F07EFF50465946EF
:1092400001F046FAB9F1000F02D0338D9D421CD0D7
:109250001D4BC8F8003003B0BDE8F08F4FF0000997
:10926000CEE7BAEB05006BF10001844277EB010316
:109270003CBF04460F46631947F10002D9E7328D1F
:109280009542994638BF1546BAE7104BC8F80030EA
:1092900003B0BDE8F08FB3791BB17379023B012BAA
:1092A00009D90023B37101F015FA094BC8F8003051
:1092B00003B0BDE8F08FB36801209847F1E700BF25
:1092C000E8120020E58E0000859300005594000010
:1092D00025940000023970B503294AD8DFE801F06F
:1092E00005022407254B00221A71002070BD044698
:1092F00001F002FA08B3214D2E796EBBFFF79CFCFA
:1093000050B3E861C5E90B6600F0D6FEE8690223B8
:1093100083773146C3689847D5E90801FFF742FCD7
:10932000174B2360022070BDFEF786FF0028DCD0BB
:10933000124B01221A710020D8E700200021FFF70C
:1093400061FC08B1FFF7F6FC01F0CEF901F078FE00
:109350002046FFF745FFE5E700F064FF06460D46AF
:10936000FFF750FC2246034629463046FFF710FE21
:10937000D8E740F2A511B02002F08EFAE8120020E2
:109380006D910000042938B5044621D01BD9052968
:109390003BD1204D01F0A0F901F04CFE6B7903F0B8
:1093A000FD03012B1ED000F03DFFAB691A4A323B92
:1093B00065EB0505181845EB010100F0BDFE174BE4
:1093C0002360022038BD023901291ED8002038BD93
:1093D000FEF732FF0028F9D000F012FF2046FFF719
:1093E000FFFEEEE7AB79002BDDD100F01BFF2A8DED
:1093F000AB699B1AC5E904011818074A41F100013D
:1094000000F09AFE064B2360DBE740F26B11B020C0
:1094100002F042FAE8120020E58E0000D59200002A
:10942000F58E0000032910B506D801290AD840F2AC
:109430001711B02002F030FA0429F8D10446FEF7E3
:10944000FBFE08B9002010BD2046FFF7C9FE022030
:1094500010BD00BF042970B5044612D00CD90529EF
:109460002CD1194E757905F0FD05012D14D040F26F
:109470003311B02002F010FA023901291ED8002061
:1094800070BDFEF7D9FE0028F9D000F0B9FE2046E5
:10949000FFF7A6FE022070BDB0790028E7D1B368BF
:1094A0009847B369306A716A084AB571C01A61F1A8
:1094B000000100F041FE064B2360EBE740F23B1158
:1094C000B02002F0E9F900BFE8120020E58E0000AC
:1094D00085930000042970B504461FD019D90529C9
:1094E0002FD1FFF7A9FBF8B1184D0026E861C5E9B7
:1094F0000B6600F0E1FDE869022383773146C3681B
:109500009847D5E90801FFF74DFB114B2360022076
:1095100070BD0239012914D8002070BDFEF78CFE01
:109520000028F9D000F06CFE00F07CFE06460D46E7
:10953000FFF768FB2246034629463046FFF728FD21
:10954000E5E740F21721B02002F0A6F9E81200206A
:109550006D91000010B5EFF3108472B60B4B0C4AFE
:109560001B681B6893420DD00A4A93420AD00A4AEC
:10957000934207D001F0B8F801F062FD01F0AAF8BB
:1095800000F03EFE04B962B610BD00BFE812002034
:1095900025940000559400008593000010B5054AFD
:1095A000054C026000232060637101F06BFD3230D6
:1095B000A06110BD25940000E812002008B5074BFB
:1095C000074A19680968914202D13230986108BD92
:1095D00040F27221B02002F05FF900BFE8120020D3
:1095E0002594000010B5EFF3108472B6034B0421EC
:1095F000186805F0F0FF04B962B610BDE81200204B
:1096000008B5064BDB6923B1BDE80840044A00F009
:1096100093BD40F29321B02002F03EF9E812002001
:10962000758F000008B5064BDB691BB1BDE808402B
:1096300000F0E6BD40F29921B02002F02DF900BF04
:10964000E812002008B5054BDA690AB1D86208BDF6
:1096500040F29F21B02002F01FF900BFE812002065
:1096600008B5054BDA690AB1186308BD40F2A521B7
:10967000B02002F011F900BFE8120020044B1B6B70
:1096800003B1184710B540F2AB21B02002F004F945
:10969000E8120020044BDB6A03B1184710B540F212
:1096A000B121B02002F0F8F8E8120020014BD8698F
:1096B000704700BFE812002008B5054BDA6912B107
:1096C000D3E9080108BD4FF42F71B02002F0E4F88F
:1096D000E8120020024B323158719A6019857047A8
:1096E000E8120020044A537903F0FD03012B0CBF5C
:1096F000108D0020704700BFE8120020054B1B684A
:109700001BB1D3E908200521104710B5762145206B
:1097100002F0C2F820130020054B1B681BB1D3E9EF
:1097200008200421104710B57021452002F0B4F83C
:10973000201300202DE9F0412A4E2B4A06F10803A0
:10974000C31ADB1002FB03F305460F46DBB206EB40
:1097500043045A0094F80835C9B93368ABBBD6F84E
:109760004835B3BB06F5A163134430601F48C6F803
:109770004835FFF767FF1E48FFF772FFD6F84835F8
:109780005BB3FEF76BFF94F8093580462BB9D5E93A
:1097900008303946BDE8F0411847FEF733FD18F1AF
:1097A0002008A8EB0000C6F84C0500F08BFD00284F
:1097B000FBD0104B0022C3F8A8253946C3F8AC25CE
:1097C000D5E90830BDE8F04118478E21452002F068
:1097D00063F88F21452002F05FF84FF4F6714520C1
:1097E00002F05AF820130020CDCCCCCC1997000001
:1097F000FD96000000F00140FFF724BFFFF730BFE7
:10980000044B0021402203F5A1601960C3F84815FC
:1098100002F032BB20130020FEF7E4BC704700BF0B
:1098200008B5084B1A684AB1002107481960C3F807
:109830004815D060BDE80840FEF7BEBDC1214520F7
:1098400002F02AF820130020359700001F280AD8BC
:10985000064B03EB400393F8082522B1002283F85E
:109860000825012070470020704700BF201300200A
:1098700070B50023114C0D4602E00133202B19D0A6
:1098800004EB430C9CF8082502F0FF01002AF4D1F8
:10989000DEB2FF228CF8082503EB830304EBC3043C
:1098A000C4E90A050648202200EBC30002F0E4FAEE
:1098B000304670BD1E46304670BD00BF20130020EC
:1098C000281300201F2812D810B40A4B03EB4004C1
:1098D00094F8084544B100EB800003EBC003C3E9F2
:1098E0000A12012010BC7047002010BC70470020F5
:1098F000704700BF2013002030B50A7887B00023DE
:10990000CDE90033CDE90233CDE904330D460446F9
:10991000002A3ED1D1E90401203841F1FF316B7AB0
:109920009DF815200191C3F340035B0022F0030270
:1099300043F0010313438DF815306B68174A297AF9
:109940008DF8141020330293154B03935368009045
:10995000C3F308038BB1103B5BB2002B13DB03F1A5
:10996000604303F5614393F800335B092BB9694603
:109970002046FEF7C5FC07B030BD69462046FEF71D
:109980009DFC07B030BD03F00F031A44137D5B0943
:10999000ECE7FEF727FC2B690493C0E700ED00E03D
:1099A000359700001F285CD830B5044687B0344A8C
:1099B00002EB400292F8083513B9002007B030BD21
:1099C0004B7A0D46C3F3800181F0010182F809153D
:1099D0000022CDE90022CDE90222CDE904222A7835
:1099E000002A46D128696969203841F1FF319DF884
:1099F00015200191C3F340035B0022F0030243F002
:109A0000010313438DF815306B681E4A297A8DF8CF
:109A10001410203302931C4B039353680090C3F33C
:109A20000803A3B1103B5BB2002B1CDB03F16043C6
:109A300003F5614393F800335B0943B9134804EB22
:109A40008404694600EBC400FEF75AFCB6E70F48F1
:109A500004EB8404694600EBC400FEF72FFC07B05A
:109A600030BD0020704703F00F031A44137D5B09DB
:109A7000E3E7FEF7B7FB2B6904936B7AB7E700BF08
:109A80002013002000ED00E035970000281300208F
:109A90000D4A5368C3F308036BB1103B5BB2002B54
:109AA0000BDB03F1604303F5614393F800335B097B
:109AB0000BB9FEF711BDFEF79DBC03F00F031A446E
:109AC000137D5B09F4E700BF00ED00E0124A536824
:109AD000C3F3080393B1103B5BB2002B15DB03F11A
:109AE000604303F5614393F800335B0933B90B4BD3
:109AF00000EB800003EBC000FEF7EEBC074B00EB71
:109B0000800003EBC000FEF775BC03F00F031A449E
:109B1000137D5B09EAE700BF00ED00E02813002099
:109B200010B5027886B0FAB9D0E90431044640682D
:109B30000592203B00F1200041F1FF31009302909B
:109B4000237A8DF814306846CDE903220191FEF79F
:109B500095FDDDE9003220334FF0010042F10002B3
:109B6000C4E9043206B010BD4FF4AA71452001F0DB
:109B700093FE00BF0C4BD3F8483510B573B10446C3
:109B8000FEF76CFD20344FF0000343F10003201872
:109B900043EB0101FEF728FB012010BD4FF4F671E5
:109BA000452001F079FE00BF2013002008B54FF4D6
:109BB000BA71452001F070FE10B50B4C0A46D4F87E
:109BC000481559B1034619462068FEF7E3FC08B969
:109BD000022010BDFEF714FB002010BD40F27911E9
:109BE000452001F059FE00BF2013002010B51D4C88
:109BF0006368C3F3080386B053B3103B5BB2002B1A
:109C00000A4628DB03F1604303F5614393F8003310
:109C10005B09EBB91169547A203900915169CDE99A
:109C20000433C4F340045368127A8DF8142041F1D0
:109C3000FF310D4A01916400203344F0010469466C
:109C4000CDE902328DF81540FEF7FAFC06B010BDE2
:109C5000002006B010BD03F00F031C44237D5B09F8
:109C6000D7E700BF00ED00E0359700001F2805D8BA
:109C7000244B03EB400393F808350BB900207047E1
:109C80000A4621494B68C3F30803002BF6D0103B6A
:109C90005BB2002B2FDB03F1604303F5614393F8C4
:109CA00000335B09002BE9D110B5D2E9044186B03D
:109CB000CDE9043392F809C0144B00EB8000203C3E
:109CC00003EBC000CCF3400C5368127A8DF81420DB
:109CD00041F1FF310E4A01914FEA4C0C4CF0010C5E
:109CE00020336946CDE9023200948DF815C0FEF7A5
:109CF000A7FC06B010BD03F00F0319440B7D5B09F0
:109D0000D0E700BF2013002000ED00E02813002062
:109D100035970000044BD3F8482512B11868FEF7B8
:109D2000ABBC0220704700BF20130020024B01464D
:109D30001868FEF7E3BB00BF20130020FEF76EBBE0
:109D40001F2808B50ED80C4B03EB400292F80825EB
:109D50006AB1083300EB800003EBC000BDE80840A7
:109D6000FEF75CBB40F2E511452001F095FD4FF494
:109D7000F371452001F090FD2013002008B5074B3A
:109D8000D3F848352BB1FEF769FC203041F10001D2
:109D900008BD4FF4F671452001F07EFD2013002030
:109DA000014BD3F84C05704720130020FEF72EBA64
:109DB000704700BFFEF728BAFEF72ABAFEF72ABAA4
:109DC00008B5FFF787FC002008BD00BF00F0AABC63
:109DD00010B50C7886B064BB0492D1E904320594C6
:109DE000203B164C009342F1FF324B7A019200EB7C
:109DF000800E04EB40020834C3F3400C04EBCE00A9
:109E0000C3F380034C68097A8DF8141083F00103C2
:109E10000B4982F8093520344FF00002CDE90241A8
:109E20006CF3410269468DF81520FEF747FA06B03B
:109E300010BD40F23121452001F02EFD20130020FD
:109E40003597000070B4EFF3108672B617490D789D
:109E5000ADB1174BD3F80445D3F848314FF6FF7234
:109E600094421FD0E3B147F6FE739C4218D84B686A
:109E7000013306B962B6C0E9004370BC70470C4AB2
:109E8000D2F80445D2F8043153B14B6801334B602A
:109E9000C2F80451D2F80445D2F80431002BF4D1B1
:109EA0004B68E6E7002BFBD11C46F9E77018002051
:109EB00000B0004010B50A4C002222742277094BF2
:109EC000094801215960C3F84025C3F840214FF4E7
:109ED00000221961C0F8082501F0EAFE206210BDD9
:109EE000701800200080004000F001403749384BD6
:109EF000F0B44D6A374C002201204A6058609860E7
:109F0000C3F80843C3F84843C3F80421C3F8402109
:109F1000C3F84421C3F84821002D55D02E4C2F4EB4
:109F2000C4F8A8652E4AC4F8AC55C4F85C394FF49F
:109F30000023C4F804350523C2F840351060D2F878
:109F40004031002BFBD02448002301244FF400258E
:109F5000C0F808555460D460C2F84031C2F84035AA
:109F6000C0F8A835C0F8AC35C0F8AC350B7833B3C1
:109F700091F82840184816491A4E1B4DE30003F18A
:109F8000804303F5F8330122A2404FF6FF774FF4E8
:109F90008024C0F80825C1F84443C1F84875C1F8C9
:109FA0000443C3F81065C3F81455C0F804250F4BDB
:109FB0004FF40062C3F88021F0BC1A607047044B74
:109FC0000222C3F80423F2E71860CFE770180020DC
:109FD00000B000400200070000F001404081004056
:109FE0000080004048B1004008B0004000E100E0BF
:109FF0000D4B0E4A30B4012000210D4C58604FF437
:10A000000025C3F84015C3F840114FF48071186162
:10A01000C4F80855C2F88011C2F88010BFF34F8F02
:10A02000BFF36F8F30BC70470080004000E100E05C
:10A0300000F0014030B41B4A1B4C1C4D1C4800234F
:10A040000121636051609160C2F80853C2F848531F
:10A05000C2F80431C2F84031C2F84431C2F8483184
:10A060002278C0F8A835C0F8AC3572B194F8282031
:10A070009140D20002F1804202F5F832C2F8103568
:10A08000C2F81435C0F8081523700A4B4FF400626B
:10A09000C3F88021C3F88020BFF34F8FBFF36F8FC9
:10A0A00030BC704700B0004070180020020007006C
:10A0B00000F0014000E100E0044B4FF080411A6ADB
:10A0C0000123C1F808351360704700BF70180020E5
:10A0D00010B4144C1449154A0023C4F8A8350120C3
:10A0E000C4F8AC354FF0FF3448600861C1F808434C
:10A0F0000F4891684FF48074C0F8804141B10D4918
:10A100004FF48030C1F808031374C1F840319360F4
:10A11000126A10BC4FF080410023C1F8083513606B
:10A12000704700BF00F00140008000407018002020
:10A1300000E100E000B0004070B52E4CA36888B08C
:10A14000002B51D10DF10B03009304ABA26003AAC5
:10A1500001F040F89DF80B300F2B06D9DDE90432F1
:10A16000013342F10002CDE9043206A8FFF76AFE8E
:10A17000069B2678079800220533DDE9041542F195
:10A180000002B6B94FF08076E0FB0632994275EBDB
:10A19000020220D30B0E43EA052321F07F41164A29
:10A1A0004FF48030C2F84015E360C2F8040308B0F1
:10A1B00070BD4FF48036E0FB0632994275EB020227
:10A1C00009D30B0C4FF6FF7289B243EA054300290D
:10A1D00008BF1146E3E7FF232374084B4FF40062E6
:10A1E000C3F8002108B070BD40F26121052001F0E4
:10A1F00053FB00BF7018002000B0004000E100E0F9
:10A20000064B9A684AB106494FF48032C1F80823D8
:10A2100000221A74C1F840219A607047701800201B
:10A2200000B0004038B5EFF3108572B621490C78C4
:10A23000BCB1214BD3F80405D3F848314FF6FF7277
:10A2400090422ED05BB347F6FE73984227D84C68F5
:10A250000134CDB100F07AFF184D0021E4FB050177
:10A2600038BD154AD2F80405D2F8043153B14B6811
:10A2700001334B60C2F80441D2F80405D2F804312E
:10A28000002BF4D14C681DB962B60B78002BE1D1DC
:10A290000B4D00F05BFF0021E4FB050138BD4C686D
:10A2A000D7E7002BFBD14C680DB92846ECE7034DEE
:10A2B0001846EEE77018002000B0004080841E00B1
:10A2C0000080841E70B5EFF3108672B6224C2178A0
:10A2D00091B1224BD3F80405D3F848314FF6FF7201
:10A2E000904230D06BB347F6FE73984229D8656828
:10A2F0000135A6B11A4E17E0184AD2F80405D2F873
:10A30000043153B1636801336360C2F80411D2F8B9
:10A310000405D2F80431002BF4D165681EB962B689
:10A320002378002BE6D10F4E00F010FFD4E90C1279
:10A330000023E5FB0603884293412CBF0120002047
:10A3400070BD6568D5E7002BFBD165680EB9304656
:10A35000E5E7034E1846E7E77018002000B000401C
:10A3600080841E000080841E194B1A4810B50122FB
:10A3700000214FF400245A60C3F84015C3F840117F
:10A380001A61C0F80845D3F8040520F00300C3F8AB
:10A390000405D3F8080540F003001021C3F80805B0
:10A3A00091FAA1F1B1FA81F109290CDC0A48C3F84C
:10A3B00010154FF48074DA60C0F8804104605A6070
:10A3C000DA601A6010BD05484FF4737101F05AFA53
:10A3D0000080004000F0014000E100E02011030097
:10A3E0002DE9F047444D454E012100234FF4002252
:10A3F00084B06960C5F84035C5F840312961C6F8B8
:10A400000825D5F8042522F00302C5F80425D5F85F
:10A41000082542F00302C5F80825102292FAA2F29C
:10A42000B2FA82F2092A62DCC5F81025344ADFF854
:10A43000D480E9604FF48070C2F880011060324A25
:10A440006960E960C6F8A82598F80020C6F8AC5500
:10A4500002A85AB3019304E00123C6F808A56B6073
:10A46000EB60FFF7EFFCDDE90243DDF804904FF409
:10A47000002A4FF48037C6F804A5E3FB0749FFF72D
:10A48000E1FCDDE902320199E2FB0731494508BFF1
:10A49000A342E1D1601C49F1000100F065FE0246D3
:10A4A0000B46C8E90C2304B0BDE8F087019204E034
:10A4B0000123C6F808A56B60EB60FFF7C3FCDDE97C
:10A4C0000243DDF804904FF4002A4FF08077C6F87D
:10A4D00004A5E3FB0749FFF7B5FCDDE9023201996A
:10A4E000E2FB0731894508BF9C42E1D1D2E707482A
:10A4F0004FF4737101F0C6F90080004000F0014094
:10A5000000E100E07018002000B1004020110300BD
:10A5100010B5029C201841F10001801A61EB030183
:10A52000B0F1004F71F1000100DA10BD40F231319D
:10A53000052001F0B1F900BF38B5EFF3108572B610
:10A5400021490C78BCB1214BD3F80405D3F848312C
:10A550004FF6FF7290422ED05BB347F6FE739842DF
:10A5600027D84C680134CDB100F0F0FD184D002122
:10A57000E4FB050138BD154AD2F80405D2F80431D0
:10A5800053B14B6801334B60C2F80441D2F8040563
:10A59000D2F80431002BF4D14C681DB962B60B78A7
:10A5A000002BE1D10B4D00F0D1FD0021E4FB0501B2
:10A5B00038BD4C68D7E7002BFBD14C680DB9284655
:10A5C000ECE7034D1846EEE77018002000B000409D
:10A5D00080841E000080841E014B5861704700BFBC
:10A5E00070180020F0B5304C636989B0002B55D04D
:10A5F000EFF3108572B60DF10B03009303AA04ABC1
:10A6000000F0E8FD9DF80B300F2B06D9DDE9043290
:10A61000013342F10002CDE9043206A8FFF712FC33
:10A62000069B2778079E05334FF00002DDE90410F2
:10A6300042F10002C7B94FF08077E6FB073299423A
:10A6400070EB020222D30B0E43EA002321F07F417C
:10A65000164AA3614FF40033C2F84415C2F804331C
:10A6600005B962B609B0F0BD4FF48037E6FB07329A
:10A67000994270EB020209D30B0C4FF6FF7289B2BC
:10A6800043EA0043002908BF1146E1E7FF2323778F
:10A69000074B4FF40062C3F80021E1E740F241317B
:10A6A000052001F0F9F800BF7018002000B000404C
:10A6B00000E100E0014B1878704700BF70180020DF
:10A6C000024B01221A7083F828007047701800208E
:10A6D000704700BF704700BF024B0122C3F84423FC
:10A6E000704700BF00B00040024B0122C3F848236E
:10A6F000704700BF00B0004008B500F0A7FC30B9BB
:10A70000074A936B0133312B936304D808BD044B84
:10A7100000229A6308BD4FF46271052001F0BCF875
:10A7200070180020014B5862704700BF701800205D
:10A7300010B53F4C237882B0002B55D03D4BD3F859
:10A74000042352035BD43B4BE168D3F80423D003CA
:10A7500034D5D3F84031002B30D0636899425DD8AE
:10A7600000232374334AA168C2F840314FF480308B
:10A77000C2F80803002955D0A36088472D4BA16972
:10A78000D3F80423920324D5D3F844310BB3636880
:10A790008B423FD300222277264B6169C3F84421C4
:10A7A0004FF40030C3F8080300293BD08847214B01
:10A7B000D3F840310193019B02B010BD6268237C45
:10A7C000002BCDD19142D9D91A4B0022C3F8402198
:10A7D000D4E76268237F002BDCD18A42E7D2154B95
:10A7E0000022C3F84421E2E7124AD2F804110029FA
:10A7F000A9D0C2F80431636801336360A3E7D3F8DA
:10A800004821002A9FD00022C3F848216368013301
:10A81000636098E7237F002BE1D0BBE7237C002B0C
:10A82000D2D09DE740F2CA31052001F035F800BFD3
:10A830007018002000B00040014B187D704700BF29
:10A8400098110020042810B511D883B104280CBF3A
:10A8500010242824A1420AD2064C54F8200018B132
:10A8600041568A42A8BF0A461A70002010BD6FF0F8
:10A870001500FBE79811002030B50346114890F908
:10A880001C209A4219DD90F924209A4217DA9A1A6C
:10A89000846AA05C0C4A15569D420DD00E320029E8
:10A8A00018BF01309442C0B206D129B1013BDBB2DE
:10A8B000012B01D80130C0B230BD0D20FCE70020D3
:10A8C000FAE700BF981100207C08030008B5054B8B
:10A8D00093F91C30984203DAFFF7CEFF024B1B5668
:10A8E000184608BD981100207C08030008B5184BD5
:10A8F00093F82C20FAB9012283F82C20154A12680B
:10A90000A2F10800082803D813490141C90709D555
:10A91000911F092910D9013212D04FF4DF71742030
:10A9200000F0BAFF0D4A9A62D8221A6283F82420F6
:10A9300008229A611A7708BD094A0A41D207ECD465
:10A94000084A9A62D8221A6283F824200422F0E787
:10A950009811002070120020DEFEFFFFB7080300F0
:10A96000EEFCFFFF8A08030010F0FF0008B508D1D5
:10A970004FF0804301225A60C3F80001034B187066
:10A9800008BD8421B52000F087FF00BFC51100205D
:10A99000014B01221A707047C511002008B548B953
:10A9A0004FF08043D3F8003113B9044B187808BD39
:10A9B0000120FCE7D021B52000F06EFFC51100207A
:10A9C000044B1868062818BFB0F1FF3F0CBF0120E8
:10A9D000002070477012002008B5094B1A680A2A37
:10A9E00002D1084B1B6823B1FFF7EAFF08B9082A18
:10A9F00004D14FF080430222C3F8342C08BD00BFBD
:10AA00007012002074120020F8B50F4E0127375441
:10AA100004460D4604F0D0FC60B934B94FF08043D1
:10AA2000B7707560C3F80473F8BD4FF494716D206E
:10AA300000F032FF002DF7D01CB92046A847746003
:10AA4000F2E740F24311F2E7C8110020044B191855
:10AA500000228A7003EB80011A544A60704700BFDD
:10AA6000C811002010B5034CA08100F045FCE08126
:10AA700010BD00BFC8110020014B188A704700BFED
:10AA8000C8110020014B9889704700BFC8110020F1
:10AA900010B5EFF3108472B6064B03449A7C013272
:10AAA000D2B29A749B7C012B01D104F079FC04B9D9
:10AAB00062B610BDC811002010B504F0A5FC04F06A
:10AAC0007BFC4FF08044084940B1FFF785FF01232C
:10AAD000236104230B7500234B7510BD03230B75F5
:10AAE0000123C4F80433F6E7C811002010B5EFF3D2
:10AAF000108472B6094B03449A7C22B940F2672154
:10AB00006D2000F0C9FE9A7C013AD2B29A749B7C07
:10AB10000BB9FFF729FF04B962B610BDC8110020B8
:10AB2000024B187D003818BF01207047C811002063
:10AB300073B51B4DEB7D63B9686A00F0030004F048
:10AB400053FC30B1EFF3108372B62A7D1AB103B90A
:10AB500062B602B070BD01222A7503B962B64FF029
:10AB600080430822C3F808234FF42073ADF8063061
:10AB7000BDF80640A4B2631E9BB2ADF80630002CAF
:10AB8000F6D14FF080460748C6F80C4104F05EFD50
:10AB900085F82940FFF790FF0823C6F80433D8E76B
:10ABA000C8110020F01100202DE9F347484CA37D87
:10ABB000002B00F08A800323ADF804304FF080436F
:10ABC000D3F80051F5B9D3F80481B8F1000F09D0DA
:10ABD0004FF080430022C3F804210222C3F8082367
:10ABE000FFF7A6FF94F829603A484FF08047F6B285
:10ABF000D7F80C8104F02EFD48B340F253316D209C
:10AC000000F04AFE00258DF804500122D3F804819B
:10AC1000C3F808230DF10409271DA61C19F8010B20
:10AC200003280AD0337843B13B684FF0000A86F816
:10AC300000A013B19847C7F800A06B1C022B07F1C6
:10AC4000040706F101064FF00105E7D1BDE745B164
:10AC5000237D032B05D104232375FFF7BDFE0123BC
:10AC60003B61B8F1000F1FD04FF080430022C3F8C2
:10AC70000C21237D042B02D040F27931BFE7164B23
:10AC80001A680A2A02D1154B1B6823B1FFF798FEF8
:10AC900008B9082A04D14FF080430022C3F8342CAD
:10ACA0000223237504F0B3FB4EB1002384F829304E
:10ACB000237D022B01D1FFF7FFFE04F0A8FB05481E
:10ACC00002B0BDE8F04704F0D4BC02B0BDE8F087A4
:10ACD000C8110020F0110020701200207412002012
:10ACE00010B5054C606A00F0030004F07DFB0028FD
:10ACF000F8D0002010BD00BFC8110020F8B50546EF
:10AD000050B10278042A07D8437842B9013B1F2B7F
:10AD100002D88378212B07D96FF0150076E0002B3D
:10AD2000FAD18378002BF7D17B4B0127C3F88070D1
:10AD3000BFF34F8FBFF36F8F4FF08046C3F8807122
:10AD4000764C0B23C6F808330023C6F80031C6F84A
:10AD50000431C6F80C31A374E374AB88238204F089
:10AD60002EFB08B12770A774D6F80C24D6F80C3443
:10AD7000D20303D5DF0701D5FFF70AFE4FF4AF601A
:10AD8000FFF770FE2B78A978E375002262622176C6
:10AD90006275042B4DD8DFE803F005033A484A00FA
:10ADA0000123636204F012FB00284DD004F015FB70
:10ADB000636A03F00303984246D1AB79002B3DD17F
:10ADC000FFF78EFF237E6BB12B785BB904F0F4FAAA
:10ADD000054600F0B9FE6FF00043002D00F09980A9
:10ADE000C4E907034FF08043D3F80C24D3F80C34A4
:10ADF000D20303D5DB0701D5FFF7CAFD464A01237D
:10AE000000202075A375C2F880311360F8BD04F0EE
:10AE1000FBFA4FF08043D3F80C14D3F80C24CE0384
:10AE2000F9D5D007F7D50223BBE73D4BB9E73D4B3A
:10AE3000B7E740F22E516D2000F02EFD4FF0804319
:10AE40000222C3F80423BDE74FF080430122DA60F9
:10AE50000022C3F80421626AC3F81825324A136835
:10AE6000A3F10E01012904D90A2B02D0FFF7A8FD96
:10AE700048B14FF080534FF08041D3F84432C3F3D0
:10AE80004233C1F83C351368A3F10E02012A04D9FC
:10AE90000A2B02D0FFF794FD20B14FF0804301222E
:10AEA000C3F84C254FF0804301229A600222C3F878
:10AEB0000423AA79002A85D1D3F80423910702D468
:10AEC00040F2E141B7E7194A1669116941F01001F2
:10AED0001161D3F8043106F010060BB904F0D6FB6B
:10AEE0004FF08047D7F8043183B1FFF7F9FE26B958
:10AEF0000E4A136923F0100313614FF080430222BE
:10AF0000C3F808230022C3F804215BE704F0BCFB6C
:10AF1000E8E7C4E9073065E700E100E0C811002078
:10AF200001000200010003007012002000ED00E0AB
:10AF300010B50D4C04F1280004F08CFB48B9237DBA
:10AF4000022B01D1FFF7B8FDBDE81040074804F01F
:10AF500090BB074A012384F82930BDE81040C2F8AD
:10AF6000003104F051BA00BFC8110020F0110020D8
:10AF700000E100E038B50C4B0C46197919B18D2170
:10AF80006F2000F089FC60B95D790DB1002038BDFB
:10AF900001225A71FFF77CFD21462846FFF734FD58
:10AFA000F4E76FF01500F2E7F411002038B50B4D0F
:10AFB0002B7904461BB1A4216F2000F06DFC50B921
:10AFC0006B790BB9002038BDFFF740FD20466C714E
:10AFD000FFF78CFDF6E76FF01500F4E7F4110020A1
:10AFE00010B501B3F0B14FF0FF33104A1C46E0FB3F
:10AFF0000134944203D9E5216F2000F04DFC1A0D75
:10B0000042EA0432C3F30F10094B00EB02404FF247
:10B010002444B2FBF4F103FB1100B0FBF4F040EA6E
:10B020000140013010BD0846FCE700BF3F420F0061
:10B03000000024F4014B9B68184700BFF411002066
:10B04000014BDB68184700BFF4110020014B1B695E
:10B05000184700BFF4110020014B1B6A184700BFBE
:10B06000F4110020014BDB69184700BFF4110020E8
:10B07000034B1A790AB9FFF7FFBC988D704700BFE0
:10B08000F4110020034B1A790AB9FFF7FBBC988A28
:10B09000704700BFF4110020024B1B790BB9FFF77A
:10B0A00047BD7047F4110020014B9B69184700BF52
:10B0B000F411002010B5144C2379A3B1636A9847AA
:10B0C000002806DB94F82E3023B1012384F83230B7
:10B0D000002010BDFFF7E8FF0028F6DA40F2A511C6
:10B0E0006F2000F0D9FB094BA361094BE361094BC9
:10B0F0002362094BA360094BE360094B2361FFF70F
:10B10000FDFD0028E1D0E4E7F4110020E1AC0000EF
:10B1100031AF000021AB000009F400000FF4000083
:10B1200015F4000038B5084B1D79044625B140F2EE
:10B13000F9116F2000F0B0FBFEF740FA2046FFF750
:10B1400091FC284638BD00BFF411002043F6095297
:10B15000C0F3080302FB03F3400A03F5807302FB0C
:10B1600000F000EB5320704710B5C0F34E22C0F33F
:10B170000804000E40EA012043F60953090E03FBC0
:10B1800004F403FB02F24FEA401E4B01BEEB000E3B
:10B1900043EAD06304F5807402EB542263EB0104AC
:10B1A0004FEA841C4FEA8E13B3EB0E034CEA9E6CFD
:10B1B0006CEB040C4FEACC0C4CEA537CDB001B1804
:10B1C00041EB0C01D803C903101841EA534141F186
:10B1D000000110BD2DE9F04180460C4617461E4681
:10B1E000FFF768FAD0B13D4B9C426FD83C493D48CF
:10B1F0004FEA585242EAC422A1FB0243C8F34F145B
:10B200009B0B04EB024400FB1344A1FB0414A40BAE
:10B2100044EA0344344B03FB148819E0334B9C424B
:10B2200058D82F492F484FEA587242EAC402A1FB6E
:10B230000243C8F34F349B0B04EB024400FB13445E
:10B24000A1FB0414A40B44EA0344294B03FB148818
:10B2500048F237624FEA583302FB03F31B0C43F604
:10B260000952244D02FB138101FB05F56D0D05FB11
:10B2700002F205EB432502F574530833B1EB532F6B
:10B2800021D802F58072A1EB5221C9B2069B197038
:10B29000FFF710FA58B123045D194FEA144444F142
:10B2A0000004C6E90054C7F80080BDE8F081230619
:10B2B0005D194FEA142444F10004C6E90054C7F8AC
:10B2C0000080BDE8F08101350021DFE79D219B2052
:10B2D00000F0E2FAA6219B2000F0DEFA7F841E0037
:10B2E00083DE1B43000024F480841E00FF7F841E45
:10B2F0000080841E6F0C0100420B48F2376303FB91
:10B3000002F2120C43F6095C084B0CFB120101FB24
:10B3100003F303F586336E335B0D0CFB03FC500225
:10B32000B1EB5C2F88BF0130184470476F0C0100EF
:10B33000034610B3007888B91A79012A1ED85A79C1
:10B34000012A1BD89A680E49643A8A4216D8D868EE
:10B350000C4B98422CBF00200120704701280CD1D3
:10B360001A79012A09D85A79012A06D8DA680449D3
:10B37000643A8A4201D89868EAE70020704700BF23
:10B380003C8601000040420FF8B5044620B94FF456
:10B39000DC716A2000F080FA90F82C50072900F246
:10B3A000FF80DFE801F004B65D5D8D97A1A890F8FD
:10B3B0002A30033B012B02D940F2C311E9E70523F0
:10B3C00080F82A30002380F82D3003789BB323784F
:10B3D000012B3DD1FEF7D2FC94F8286063686362CC
:10B3E000C4E90601BEBB734B0122DA60C3F84065B5
:10B3F000C3F84061C3F84465C3F84461C3F84865C5
:10B40000C3F84861C3F84C65C3F84C616A4B4FF40C
:10B410008072C3F880213146204604F018F8236A70
:10B420003146284698470146204600F0F1F80228A8
:10B4300040F0B980F8BDFEF7EFF906460F46FEF77B
:10B440009DFC1F3647F1000786428F41F3D3BEE7CC
:10B45000D4E90401C0E72046BDE8F84000F0AEB8EA
:10B4600090F82A30DA1E012A02D940F2FB1190E747
:10B4700090F828202AB121462846BDE8F84003F07C
:10B48000CCBF042B14BF01230223022980F82A30E9
:10B49000036A0AD10521284698470028CAD00378B4
:10B4A000002BC7D04FF4047173E706212846984754
:10B4B0000028BFD00378002BBCD040F2152168E7EC
:10B4C00090F82A30052B02D04FF4077161E7036A28
:10B4D0000221A6E790F82A30052B02D040F2222163
:10B4E00057E7036A01219CE790F82A30052BB2D078
:10B4F0004FF40A714DE790F82A30052B02D040F244
:10B500002D2146E7036A0A21284698474FF40C711B
:10B510003FE790F82A30052B07D090F829200AB190
:10B52000032B02D04FF40D7133E794F82820002A42
:10B53000A1D194F82D3093B1022384F82A3084F8F5
:10B540002D20236A08212846984700283FF472AF2F
:10B550000378002B3FF46EAF4FF4107119E794F8A5
:10B56000292062B194F82B0084F829302146FEF797
:10B5700019FA00287FF45EAF40F2452109E7022363
:10B5800084F82A300721236A2846984700283FF488
:10B5900051AF0378002B3FF44DAF4FF41371F8E631
:10B5A00040F25121F5E60128236A0CBF0421032152
:10B5B00037E700BF0080004000E100E070B50446BE
:10B5C000FEF72AF9D4E90632656A503342F10002E7
:10B5D0005B1942F1000205F5DF6540F2F966B5FB43
:10B5E000F6F55B1942F1000283428A4103D207213A
:10B5F0002046FFF7C9FE054C236813B19847002386
:10B600002360BDE87040FEF70BB900BF2812002090
:10B6100070B504460D4639B9012380F82D30FFF787
:10B62000CDFF0226304670BD0E78032E6AD801A3E6
:10B6300053F826F023B6000045B60000A7B6000078
:10B6400063B600004868C72801D80026EAE704214D
:10B65000FEF7B2FA0028F8D16968204603F0F7FE39
:10B66000E0E790F82860F6B94D682846FFF760FEDD
:10B67000002847D02B78C3B9012222702B79003BD8
:10B6800018BF012363726B79002B14BF04230223BC
:10B690002372AB686F336360EB682361032384F824
:10B6A0002A3084F829202046B9E794F82A30052B5F
:10B6B00004D04FF4CF716A2000F0EEF826702B7999
:10B6C00094F82B00003B18BF012363726B79002BA9
:10B6D00014BF042302232372EB68A9686F336360ED
:10B6E000D4E906325B1842EBE172C4E90432042368
:10B6F00084F82A302146FEF755F90028D3D14FF4BB
:10B70000D071D8E7012384F82D30CCE72DE9F84338
:10B710008846074688B300F035F84FF00009054623
:10B720005FFA89F6B54203D86FF00B00BDE8F883E5
:10B73000304600F02DF890F82A4009F10109002C5C
:10B74000EED1304600F024F80546048580F82A4002
:10B7500080F82C6001460A48FEF78AF8202885F810
:10B760002B0002D16FF02200E0E701232F6285F861
:10B770002A30204688F80060D8E76FF01500D5E73A
:10B7800089B30000014B1879704700BF2C120020CC
:10B79000044B1A79824283BF1B68302202FB0030BF
:10B7A000002070472C1200200A4610F0030110B54B
:10B7B0000AD1074C2271206008B9002010BD302347
:10B7C0005A4300F059FBF8E76FF00D00F6E700BFB1
:10B7D0002C120020BFF34F8F0549064BCA6802F4B4
:10B7E000E0621343CB60BFF34F8F00BFFDE700BFA4
:10B7F00000ED00E00400FA05094B01225A604FF009
:10B80000FF32C3F80823074B4FF48042C3F880206F
:10B81000BFF34F8FBFF36F8FC3F88021704700BF16
:10B8200000E0004000E100E0094B01225A604FF0C7
:10B83000FF32C3F80823074B4FF48052C3F880202F
:10B84000BFF34F8FBFF36F8FC3F88021704700BFE6
:10B8500000C0004000E100E0084B0022C3F8FC2FCC
:10B860000122C3F8FC2F064B0222C3F88020BFF34D
:10B870004F8FBFF36F8FC3F88021704700100040D7
:10B8800000E100E008B572B6024B5B6803B198476F
:10B89000FFF7A0FF341200201FB572B6134B5D688E
:10B8A00095B9FFF797FF2346B2FBF6F25C1C002A1E
:10B8B000F9D104AEDCB256FA83F303F80C2C0A2259
:10B8C00034B901A8A847ECE7024600230A26EDE7B1
:10B8D000631E04AEDCB256FA83F3B0FBF2F602FB51
:10B8E0001600303003F80C0C3046E9E73412002023
:10B8F000F8B51F4E337805460C461746A3BB00F03B
:10B90000CBF9FEF7F3FF77603472FFF7A5FFFFF77F
:10B910008BFFFFF771FF174B002D14BF2846184609
:10B92000FFF7C8FB0546E8B9FDF76AFFFFF7B4FB70
:10B9300003F0A4FDFCF738FC18B9BE211120FFF775
:10B94000ABFF002C0CDB04F01F026409A40004F11F
:10B95000604404F5614401239340C4F880312360BE
:10B96000012333702846F8BD4FF0FF35FAE700BFDA
:10B9700034120020E8080300074B93F90830002B2D
:10B9800009DB5A09012103F01F03994002F140032A
:10B99000024A42F8231070473412002000E100E010
:10B9A000014B1878704700BF341200202DE9F04792
:10B9B000DFF8CC90334C344D344F82B00246012630
:10B9C00099F800805FFA88F8FF2389F80030B8F111
:10B9D000000F01D089F80130EFF3108172B6002317
:10B9E0006660C4F80031C4F80431C4F80425266048
:10B9F00039B962B605E0D4F8043133B92B69DB06F6
:10BA000021D4D4F80031002BF5D0D4F80431002B28
:10BA1000E2D1B8F1000F13D199F80130DBB289F807
:10BA2000018003204FF48041C4F80803C4F8048166
:10BA3000C4F80081C7F8801189F80080002BBFD1BD
:10BA400002B0BDE8F0874FF48043C7F88031EFF3D0
:10BA5000108A72B60323C4F80433D4F8003113B942
:10BA6000D4F804311BB1BAF1000FCAD1C1E7019279
:10BA700003F00AFE019ABAF1000FC2D1B9E700BF84
:10BA80004012002000E0004000ED00E000E100E096
:10BA900070B51446DA078CB01D4686468C4633D501
:10BAA000C36842681BBA0093CB681BBA04938368CF
:10BAB0001BBA019303681BBA03938B6812BA1BBAB3
:10BAC000029205934A680B6812BA1BBA6E46069238
:10BAD00007933046FFF76AFFAB070DD5DDE90A1083
:10BAE000DDE9083200BA09BA12BA1BBA20606160F7
:10BAF000A260E3600CB070BD08AD0FCD2060616046
:10BB0000A260E3600CB070BDDEF80410DEF808201F
:10BB1000DEF80C300068EE46AEE80F00DCF80000FE
:10BB2000DCF80410DCF80820DCF80C306E46AEE8D7
:10BB30000F00CEE710B5002482B0CDE90044FFF736
:10BB4000A7FF02B010BD00BF1A4B4FF4805270B572
:10BB5000C3F88020BFF34F8FBFF36F8F164C174D84
:10BB60000021C4F80011C3F880212E692B6943F02D
:10BB700010032B610123C4F8043306F01006236080
:10BB8000D4F800319BB11EB92B6923F010032B614F
:10BB90000123D4F808056360C4F808330023C4F80F
:10BBA0000031044B4FF48052C3F8802170BD03F084
:10BBB0006BFDE5E700E100E000C0004000ED00E0C3
:10BBC0000B4938B5042301EBC302157905F0FF04D6
:10BBD0002DB1013BF7D240216920FFF75DFE41F80E
:10BBE00033000121547194711171D8B238BD00BF76
:10BBF00044120020042808B503D947216920FFF723
:10BC00004BFE034B03EBC00300221A7108BD00BFBB
:10BC100044120020042808B503D950216920FFF7F9
:10BC20003BFE094B03EBC0000379012B01D05121EE
:10BC3000F4E7437982790133DBB29A4218BF43714A
:10BC4000BDE80840FFF798BE4412002038B5114DFA
:10BC5000052495F8281005EBC1031A79012A09D1AA
:10BC600058799A79904205D05A79D2B29A7155F89A
:10BC70003130984795F828300133DBB2052B04F1B9
:10BC8000FF3428BF002314F0FF0485F82830E0D1EA
:10BC900038BD00BF441200204FF08052034BD2F851
:10BCA00030111960D2F834215A60704770120020A8
:10BCB000084B1B68083B082B0AD840F2211222FAD5
:10BCC00003F313F0010F044B044818BF18467047E4
:10BCD000024870477012002000E701400C05004048
:10BCE000144B1B68062B03D0013301D020BF7047D3
:10BCF000EFF3108072B6104A1369116941F0100118
:10BD000011610E49D1F80021D1F804110A4303F062
:10BD1000100300D040BF20BF00BF00BF00BF00BF66
:10BD200023B9054A136923F01003136100B962B601
:10BD3000704700BF7012002000ED00E000E100E05D
:10BD4000914270B53FD2B2FA82F33BB1C3F1200405
:10BD500020FA04F49940214398409A40150CB1FB15
:10BD6000F5FC05FB1C1E4FEA0E4E030C84B20EEBD5
:10BD700010401FFA82FE0CFB0EF6864206D9361AD8
:10BD8000964294BF01260226ACEB060C03EB01435E
:10BD90000CFB1233B3FBF5F005FB103304EB03444B
:10BDA00000FB0EFEA6454FEA0C4C09D9AEEB040E83
:10BDB000964594BF4FF0010E4FF0020EA0EB0E001F
:10BDC00040EA0C0070BD73219620FFF765FD00BFAF
:10BDD0002DE9F8431C4652EA040349D007461546AC
:10BDE0000E4684B9914204D2FFF7AAFF2146BDE86E
:10BDF000F88321463046FFF7A3FF04462A4638461B
:10BE000004FB1561F0E74FF00108B4FA84F908FA71
:10BE100009F3A3FB021220FA08F003FB042240EA14
:10BE2000C67026FA08F1FFF78BFFC9F11F0230FA3E
:10BE300002F34FF0000C08D140461946AF42A6412C
:10BE40003CBF18466146BDE8F8835A1E61466CEB5C
:10BE50000C0C05FB0CFE02FB04EE18461346A5FB7A
:10BE60000228BA1A0EEB080766EB07061746E5E745
:10BE7000A6219620FFF710FD10F0030FC9B203466C
:10BE800007D0BAB303F8011B13F0030F02F1FF321E
:10BE9000F7D170B5032A01EB012404EB04441ED949
:10BEA000161FB508032E05F1010521D94FEA550EDD
:10BEB00003EBCE0E9C46CCE900440CF1080CF44593
:10BEC000F9D115F0010F04D025F0010503EB85052C
:10BED0002C6026F003060433334402F0030232B12F
:10BEE000012A197003D0022A597018BF997070BDC9
:10BEF0001D46EDE7704700BF844641EA000313F09A
:10BF000003037DD1403A51D3F0B4F0C9F0C0F0C979
:10BF1000F0C0F0C9F0C0F0C9F0C0403AF5D2F0BCB2
:10BF200044E0403A42D300BF51F8043B40F8043BA0
:10BF300051F8043B40F8043B51F8043B40F8043B03
:10BF400051F8043B40F8043B51F8043B40F8043BF3
:10BF500051F8043B40F8043B51F8043B40F8043BE3
:10BF600051F8043B40F8043B51F8043B40F8043BD3
:10BF700051F8043B40F8043B51F8043B40F8043BC3
:10BF800051F8043B40F8043B51F8043B40F8043BB3
:10BF900051F8043B40F8043B51F8043B40F8043BA3
:10BFA00051F8043B40F8043B403ABDD2303211D343
:10BFB00051F8043B40F8043B51F8043B40F8043B83
:10BFC00051F8043B40F8043B51F8043B40F8043B73
:10BFD000103AEDD20C3205D351F8043B40F8043B43
:10BFE000043AF9D2043208D0D2071CBF11F8013B41
:10BFF00000F8013B01D30B8803806046704700BF07
:10C00000082A14D38B078CD010F0030389D0C3F116
:10C010000403D21ADB071CBF11F8013B00F8013BF7
:10C02000FFF47FAF31F8023B20F8023B79E7043A96
:10C03000D8D3013A11F8013B00F8013BF9D20B7853
:10C0400003704B7843708B7883706046704700BFF5
:10C0500053B94AB9002908BF00281CBF4FF0FF316F
:10C060004FF0FF3000F00CB8ADF1080C6DE904CED4
:10C0700003F038FBDDF804E0DDE9022304B070478B
:10C08000704700BFF6F75EBE01F025BB01F026BB8E
:10C0900001F01EBB1FB5014601A800F006F801A87B
:10C0A00001F006FF05B05DF804FB0B88C3F30B033A
:10C0B00083804B88C380002343724B78C3F3011302
:10C0C000012B03D09A1E534253415B00043103728B
:10C0D0000160704710B58B880370437803F0F0035C
:10C0E00043708A88C2F3032213434370CA88827064
:10C0F000CA8803F0CF03120A4370C2700A7A120191
:10C1000002F03002134303F03F0343704A7A43EADC
:10C11000821343700C4609680430814205D0E288DE
:10C12000FB2A28BFFB22FFF7E7FEE0880430C0B2FD
:10C1300010BD70B50B78192B05460C4612D8CBB143
:10C14000013B182B16D8DFE803F01A2615999FA596
:10C15000ABB1B5B7C7CD1515152ABBC1D1D7DDE336
:10C16000E9EFF500822B4FF0FF0200F0E980832B0E
:10C1700000F0EA8040F26721C720F4F7FBFE0C23B1
:10C180000B700823637066780236324621462846D3
:10C19000FFF7B2FE49E01A230B700123F2E72920D2
:10C1A000F5F7E2F830B13E23237022236370292390
:10C1B000A370E8E70A20F5F7D7F83E2305F1080257
:10C1C00004F108012B7090B30A23AB70E378EB7095
:10C1D000A3882B71A3881B0A6B71A379AB71E379D8
:10C1E000EB71A368AB608B889380D4F80E30C5F8F0
:10C1F0000E30638A6B8263696B61238B2B83638B45
:10C20000AB76638B1B0AEB76A38B2B77A38B1B0A76
:10C210006B77E38BAB77E38B1B0AEB7794F82030DB
:10C2200085F820301F266E700236304670BD01231F
:10C23000AB70E378EB70A3882B71A3881B0A6B713A
:10C24000A379AB71E37903F00103EB71A368AB60F1
:10C250008B889380638BAB73638B1B0AEB73A38B0D
:10C260002B74A38B1B0A6B74E38BAB74E38B1B0ADD
:10C27000EB7494F820302B751326D4E73E230B7013
:10C2800004234B70142393E73E230B700C234B7055
:10C2900004238DE73E230B700A234B70032387E7AB
:10C2A0003E230B700D234B70052381E7052323707C
:10C2B000042367E70823FAE730230B70032361E7C1
:10C2C0003E230B700B234B70072371E73E230B704B
:10C2D00006234B700C236BE713230B708B789B00AA
:10C2E00001334FE757230B7002234BE73E230B70BC
:10C2F00006234B7012235BE73E230B7009234B7020
:10C30000132355E73E230B7005234B7020234FE783
:10C310003E230B7009234B70212349E7FF230B7049
:10C320000B234B70A22343E7FF230B7005234B70B5
:10C33000A3233DE7FF230B700D234B70802337E7CA
:10C340000A700D22627033E70A700222FAE708B51C
:10C3500010B96FF0150008BDFFF79CFE0028F8D05B
:10C360000020F8E710B50C4648B141B1F4F756FF8C
:10C37000002820700CBF6FF02200002010BD6FF06D
:10C380001500FBE708B5F4F7CDFF002008BD00F06D
:10C3900035BE08B5F4F7D8FF002008BD01F011B98B
:10C3A00001F01FB9034602221A709A709B225A713B
:10C3B0006FF070029A716FF05302DA716FF03C0205
:10C3C0001A721D225A72422200209A726FF0510294
:10C3D0005870D8701871DA72704700F05CBE70B592
:10C3E000044602F02FFF012805461AD1601C02F016
:10C3F00030FFB0B1A37963F03F03A3710020F6F7DB
:10C4000027FFE61D38B1102200213046FFF734FD2A
:10C410002570002070BD304602F02EFF0028F2D0BB
:10C42000F6E70025F4E710B5102204460021FFF7D7
:10C4300023FD04F11003102200211846FFF71CFD14
:10C4400002F033FF0020F6F703FF20B1204602F090
:10C4500013FF002010BD02F0F5FE0028F6D0F8E72B
:10C4600010B50446FFF770FBB0F5007F09DA10F550
:10C47000007F08DD031EB8BF03339B10237000202C
:10C4800010BD7F23FAE76FF07E03F7E701207047C6
:10C4900001F008B90078003818BF012000F002BF91
:10C4A000F6F73CBC8178008801F0C8B801F0E3B829
:10C4B00037B505460C4600880DF1060100F0F7FE81
:10C4C0002B882380BDF80630638003B030BDF6F7BB
:10C4D0002DBC01F005B900F07FBD00F0D1BD08B55D
:10C4E000F4F73AFF002008BDF6F736BA00F00CBFAB
:10C4F00000F0E2BDF6F7A2BB00F0AEBD01F000B85F
:10C5000000F0CABF01F011B800F0E3BD00F0DCBEDE
:10C5100000F0ADBD00F06CBD03880B8001F036B8B3
:10C5200003880B8001F040B800F0FABDF6F768BA56
:10C53000F6F74EBA00F0E5BC00F006BD00F03ABDDB
:10C5400000F046BD00F026BD00F01BBD00F016BE99
:10C5500000F03FBEF6F75EBA00F079BE00F06BBDAA
:10C5600000F01CBE01F0A7B8F6F700BAF6F77EBAE5
:10C57000F8B5941C0C446343B3F5004FA8BF4FF0CB
:10C58000FF330E4610F00301054617469CB203D058
:10C59000B0211420F4F7EEFCB4F5004F01D9B1211D
:10C5A000F7E714220430FFF767FCEF746C802E80ED
:10C5B000F8BD38B50388C48805898B42C4F30E02E0
:10C5C00003D2D1211420F4F7D5FC84EA0503C3F388
:10C5D0000E030BB9AC4206D102F118030122C1527D
:10C5E0008274184438BD1846FCE7023101444A43BE
:10C5F000B2F5004FA8BF4FF0FF3290B21B3020F0D1
:10C600000300B0F5004F34BF00B24FF0FF30704769
:10C6100040881B3020F00300B0F5004F34BF00B25B
:10C620004FF0FF3080B2704738B503888B4203D299
:10C63000F7211420F4F79EFC857C65B1C388C3F311
:10C640000E031833C25A8A4207D3C152811DF4F730
:10C65000B3FE00238374284638BD0025FBE703465C
:10C66000F0B59E88DD88B4B2A54200F11800C6F38B
:10C670000E0616D05F89DD7C845B3D44023535446F
:10C68000E41B28440D88A4B2A54288BF0C805989B8
:10C69000B1FA81F14FEA511188BF25461170DD8151
:10C6A000F0BD00252846FAE7F8B58288C389002640
:10C6B00004460D4692B20E60CBB1C2F30E02418920
:10C6C000183287180B44825A9BB29342438104D993
:10C6D0004FF4A2711420F4F74DFC04D1011DF4F7BE
:10C6E0006BFE46812F600023E3810120F8BD1846D0
:10C6F000FCE7838802899BB29A42014602D0083146
:10C70000F4F75ABE70478388C0889BB2C31A584258
:10C7100058417047828873B5C48895B2AC42C2F361
:10C720000E0202F1180212D04189C689835A31449F
:10C7300099420EDB0DF10601ADF80650F4F73CFE10
:10C74000BDF80600001B18BF012002B070BD00201C
:10C75000FBE70120F9E770B5C488068984EA060280
:10C76000C2F30E020346C4F30E0518300AB9B442F0
:10C770000FD19C891A880CB1465B921B914207DC51
:10C78000DA7C2C440232224410440A461A8270BDDC
:10C7900000221046FAE7F8B5038A002B38D08B4206
:10C7A00036D3C488858900F11803C4F30E041E191A
:10C7B00095B91D55757085891E5B0D44ADB2314428
:10C7C00085811953D2B1811DF4F7F6FD00238381D1
:10C7D000002303820120F8BD1E5BAE4204D04FF45B
:10C7E000F6711420F4F7C6FBC57C878A264402350F
:10C7F00035445E195F53857DB570DCE7C27C254406
:10C8000002322A4499189B5A83828B788375DFE71A
:10C810000020E0E78388C2889BB29A4206D0428912
:10C8200022B9C3F30E031833184470470020704731
:10C83000C37C0233C81870470230704738B583880C
:10C84000C2889BB29A4209D043893BB9C5893DB998
:10C85000011DF4F7B1FDC581012038BD0020FCE7C2
:10C860001846FAE700238381038270470388138008
:10C87000C388C3F30E03183303440B6080897047E9
:10C880000368002223B9C0E90132031D0360704729
:10C8900059681B680A44F5E7072970B5034604D8B0
:10C8A0004FF4EC711520F4F765FB0068C0B14468E3
:10C8B0001A688C42064610D0106860B901F108056C
:10C8C000AC420DD3546850501868651A541800686B
:10C8D0006560505002E01346E9E714681C6030467A
:10C8E00070BD0023C1E9003203680B60016070472E
:10C8F00030B590B18478B1FBF4F304FB131300EB73
:10C90000430252898A4201D1D8B230BDC27822B9DD
:10C9100000F10803D0B2844201D8FF20F5E733F8D4
:10C92000025F8D4202F10102F4D1EEE782780388C2
:10C9300005324B4303EB42031844704737B50024DC
:10C94000CDE9004405468DF806006846ADF8044080
:10C95000F4F708FFBDF8044008B103B030BD294624
:10C960002046F4F7DBFE0028EFD040F21521172017
:10C97000F4F700FB70B50D4609211E46FFF735FEA2
:10C980003246044609212846FFF72FFE40EA0403F9
:10C990001B0454BF00194FF0FF3070BD012303701A
:10C9A0007047F8B50C4684F0010464000546114652
:10C9B0001E46E4B2FF23837003191B7D012B06D0B2
:10C9C000631CDCB250FA83F31B7D012B0AD105EB0B
:10C9D00044073B8B3A8C9819904205DD2C44002388
:10C9E0003B8323750020F8BD05EB84043246606864
:10C9F0001844FFF781FA3B8B1E443E830023AB7043
:10CA00000120F0E781F00101490010B5C9B2FF2310
:10CA1000837043181C7D012C07D10C3120F81120A4
:10CA200002221A750023837010BD0131CBB250FA77
:10CA300081F10C7D012C05D10C3320F81320022349
:10CA40000B75EFE74FF48C710920F4F793FA30B5CA
:10CA50000246837803F0FF00F3B9137D022B19D04F
:10CA6000537D022B15D10346012089B1D5180C3313
:10CA700000242C7522F81340131803241C7502EBB4
:10CA800080035B680B6000F10C0332F813308B807D
:10CA9000012030BD0123E8E70020FAE730B5034666
:10CAA000827802F0FF00E2B99A7D022A17D0DC7D7D
:10CAB000022C13D1032281B11D190C3400202875DA
:10CAC00023F8140098180324047503EB82000C3239
:10CAD000406833F8123008608B80012030BD032499
:10CAE000E9E70020FAE7037D012B01D1008B7047B5
:10CAF000437D012B0CBF408B00207047837D012BB1
:10CB000001D1808B7047C37D012B0CBFC08B0020EF
:10CB10007047038B23B9408B003818BF0120704742
:10CB200001207047838B23B9C08B003818BF0120C8
:10CB3000704701207047027D022A01D1008B7047A7
:10CB4000437D022B01D1408B7047032AF6D0032B83
:10CB5000F9D000207047827D022A01D1808B704776
:10CB6000C37D022B01D1C08B7047032AF6D0032B63
:10CB7000F9D000207047F4F75DBF2DE9F04104467D
:10CB800008460D4691F8008001F046F90746284610
:10CB900001F03EF90646284601F042F908F0030884
:10CBA0006B78E07084F800806770A670A3802046E0
:10CBB000BDE8F081012808B506D0022806D040F271
:10CBC0009D410620F4F7D6F9002008BD0120FCE7BE
:10CBD000F4F77CBF10B5044638B1F6F759F924EAEA
:10CBE0000000B0FA80F0400910BD0120FCE707B555
:10CBF0000023CDE9003301238DF806306846F4F7B1
:10CC0000B1FD08B1002004E0009801F0A8FF002861
:10CC1000F4D003B05DF804FB1FB50022009240F68B
:10CC2000881303A9FBF790FA05B05DF804FB38B54B
:10CC3000054602F016F8F0B1284601F090FF08B959
:10CC4000002038BD284601F05AFE0446284601F06F
:10CC500059FE054688B9002CF2D02088F6F754FA20
:10CC600020882946F4F75AFD0028E9D041F6EB4127
:10CC70003920F4F77FF94220E3E70C20E1E72DE9C2
:10CC8000F8430F46B0F85A60B0F85C50804601F0A7
:10CC900070FE0221044600F007FF02218146204673
:10CCA00000F002FF4E4528BF4E46B6B21B2E38BFDD
:10CCB0001B26FB2E28BFFB26854228BF0546ADB2AA
:10CCC0001B2D38BF1B25FB2DB8F800303B8028BF3B
:10CCD000FB25B4F5A47F38BF4FF4A47440F6480395
:10CCE0009C4228BF1C467E80FD80BC803C81BDE804
:10CCF000F8832DE9F04186B0054601A9008800F0CF
:10CD00008AFE044600286FD1029A92F84631D91E55
:10CD10004B424B418DF80230936F98064ABF9DF805
:10CD20000230234683F001038DF8033092F8D830A7
:10CD30009B0603D49DF80330002B5BD0EB881B3B94
:10CD40009BB2E02B58D82989A1F5A4739BB244F279
:10CD50004810834250D86B881B3B9BB2E02B4BD8CA
:10CD6000AA88A2F5A4739BB2834245D840F648072F
:10CD7000B94243D8BA4241D8029E4FF0FF0886F824
:10CD80001B819DF802309BBB03A93046FFF777FF5C
:10CD90006A88BDF81230BDF81410E888934228BFA5
:10CDA0001346A6F82031BDF80E30AA88B94228BF34
:10CDB0003946834228BF0346A6F81C31BDF810301F
:10CDC0002889BB4228BF3B46834228BF03468A428C
:10CDD000A6F81E31134628BF0B46A6F8223186F866
:10CDE0001A81002386F81B31204606B0BDE8F08189
:10CDF0003A24F6E71A24F7E71224F5E71124F3E7BB
:10CE000010B5FFF7F4FE60B1F5F784FC044602F0BC
:10CE100000F840B9204601F0F8FF80F00100C0B2F0
:10CE200010BD0120FCE70020FAE72DE9F04385B0B2
:10CE300006468846008802A900F0EDFD054640BB85
:10CE4000039C94F8593103F0FF051BB1B8F10205BA
:10CE500018BF012594F88730222B94F8D93043EA83
:10CE6000D3030CBF85F001094FF00009DB0702D4A2
:10CE7000B9F1000F3BD0B77817B9F6F709F80746B4
:10CE8000F078B0BBF6F704F83FB9B9F1000F29D13B
:10CE90000925284605B0BDE8F0830028F5D0FF231A
:10CEA00084F825310DBB94F8243103F0FF05E3B974
:10CEB00084F8270184F8248184F82671B3788DF8EA
:10CEC0000430F3788DF805303379727901A943EA9B
:10CED00002232046ADF8063000F008FE002384F857
:10CEE0002531D6E700200746D9E73A25F6E71A2587
:10CEF000CFE7002FD3D1C8E708B5F5F7A5FF00208D
:10CF000008BD10B50378012B044601D9122010BDCD
:10CF1000FFF76DFE58B9207810F0FD000DD104F137
:10CF20001703E21D611CBDE81040F6F707BBF6F7DA
:10CF300097FB0028EFD00C20E9E7A37903F0C003AA
:10CF4000C02BE3D10120EAE710B50378012B04469A
:10CF50000DD8FFF74CFE60B9214611F8010B00F027
:10CF6000FD00003818BF012000F032FD38B9122052
:10CF700010BDF6F775FB0028EED00C20F8E7002076
:10CF8000F6E708B50088F6F771FB00280CBF3020E3
:10CF9000002008BD38B50546FFF729FE044638B91C
:10CFA0002878003818BF0120F6F754FB204638BD1A
:10CFB0000C20FCE708B5FFF71AFE18B9F6F73AFBA4
:10CFC000002008BDF6F74CFB0028F7D00C20F8E74E
:10CFD0000823037000207047102202704FF4815321
:10CFE000C2705922A0F801308280C38000207047AF
:10CFF00008B50821F4F704F9002008BD73B506460A
:10D000000D460088694600F006FD044688B9B378ED
:10D010005BB9019B93F97000A87033882B80F6F7F9
:10D02000B5FCA870204602B070BD7F20FFF7F4FD6C
:10D03000F2E70224F6E710B504466FF07F00FFF731
:10D04000EBFDF6F7A3FC20707F20FFF7E5FDF6F778
:10D050009DFC6070002010BD10B50446F5F75AFB2A
:10D0600001F0D0FEF6F792FC2070002010BD08B54C
:10D070000A46072300F11001FEF75CFD002008BD01
:10D0800010B5014604460020F6F7C8F808B920603C
:10D09000A080002010BD10B50446F5F7CFFE28B9DA
:10D0A00000202146F6F7A2F8002010BDFFF7A8FEE9
:10D0B0000028F5D10C20F8E710B50446FFF7A0FED4
:10D0C00028B101202146F6F791F8002010BD0C2070
:10D0D000FCE7F7B50C4605466946008800F09BFC66
:10D0E000A21C034690B9019901F18F0781F8C33062
:10D0F00038681060387910712888208091F8C360F2
:10D1000006F0FF00002EF1D103B0F0BD0023C4F8FB
:10D1100002300220137123706370F5E7FFF7E9BD59
:10D120001FB5838844F29022934217D840F64802F4
:10D13000934228BF13460288ADF804204088ADF81A
:10D140000600ADF80A000A8001A8ADF80830ADF875
:10D150000C30FFF7CEFD05B05DF804FB1220FAE7B6
:10D1600037B50D46694600F056FC044618B90198DB
:10D170002946FFF784FD204603B030BD10B50346B5
:10D180006FF004040020482108221C705870997028
:10D19000DA701C7158719971DA7110BD10B50446BE
:10D1A000FFF725FD78B92146E27911F8010B00F06F
:10D1B000FD00003818BF0120F6F71CFB80F00100CD
:10D1C0004000C0B210BDF6F74BFA0028EBD00C209F
:10D1D000F8E737B505460C460088694600F01BFCA9
:10D1E000D8B9019B83F86A0093F86820012A06D019
:10D1F000022A04D04FF461710620F3F7BBFEA2703F
:10D2000093F86920012A01D0022AF3D1E27093F841
:10D210006A20002AE6D12B88238003B030BD10B5E8
:10D220008388022B044610D8C078FFF7D3FC08B9D6
:10D23000112010BDA078FFF7CDFC0028F8D02046C3
:10D240000121BDE81040FFF7F0BD1220F1E737B52E
:10D250008378C178027903F0010451EA040503F0F0
:10D2600002031DD052EA03051AD0002C18BF00217A
:10D27000002B18BF00228DF80320037842788DF828
:10D28000021043EA0223ADF8003043798279684600
:10D2900043EA0223ADF80430FFF7C1FF03B030BD0D
:10D2A0001120FBE708B5F4F7B7FE002008BD13B561
:10D2B0000C46694600F0AFFB20B9019BB3F8803003
:10D2C0000133238002B010BD07B50088694600F025
:10D2D000A2FB38B99DF80020019B012A05D093F8E4
:10D2E0002B216AB103B05DF804FB93F8DC21D2B2C4
:10D2F00093F8A81011B912F0FB0FF0D10220F1E75A
:10D30000FF2283F82B21EDE710B50446F5F7BAFDAF
:10D3100020606160002010BD2DE9F341054647788B
:10D3200000780121F4F7E4F9044600285ED001F00A
:10D3300059FDEE78864228BF0646042FB6B22FD19B
:10D34000002E39D1204601F072FD6B78032B37D1C6
:10D3500007F0FD08B8F1010F44D1204601F067FD48
:10D3600000283CD1012F08BF4FF00208216B424634
:10D370006846F4F7F7FA6A68206B33460121FFF735
:10D3800010FB002834D06B78023B012B2CD8206B8B
:10D39000FFF7A9FB01210246206BFFF733FB23E0D7
:10D3A000206BFFF7A0FB304480B21F2804D8FB1E7F
:10D3B000012BC7D9002EC5D1122002B0BDE8F081E3
:10D3C0000028F9D1042BC3D1204601F0C8FB002866
:10D3D000F2D0206BFFF79DFB0028B9D1ECE74FF0AE
:10D3E0000008C3E7042FC6D10020E6E74220E4E7A7
:10D3F0000720E2E72DE9F3410746457890F80380DE
:10D4000000780121F4F774F9044600283CD001F0BB
:10D4100000FD0028206B08BF4FF00008FFF76EFBEF
:10D4200000EB0806B6B21F2E30D8042D2ED0032DE7
:10D430000CD1204601F0FBFC20BB012D14BF0522BE
:10D440000622216B6846F4F78DFA08E0B8F1000F68
:10D450001CD0204601F083FBD0B9012DE9D07A68B9
:10D46000206B43460021FFF79CFA98B1023D012D45
:10D4700004D8206B32460021FFF7C4FA002002B026
:10D48000BDE8F0810422DCE74220F8E71220F6E74D
:10D490000C20F4E70720F2E713B50446F5F73AF954
:10D4A0004FF44073ADF8003000238DF80230684629
:10D4B00014F8013B8DF803300194FFF79BFF02B095
:10D4C00010BD38B5012105460078F4F711F904467E
:10D4D000A0B101F044FB28B92046691C01F0D4FB3F
:10D4E000002038BD204601F094FC08B10C20F8E77C
:10D4F000204601F08AFC0028EED0F7E74220F0E752
:10D5000013B50446F5F706F914F8013B8DF803301E
:10D510004FF44073ADF80030684600238DF80230B8
:10D520000194FFF7F9FE02B010BD73B50546F5F79B
:10D53000F1F82B78044663B100230DF101010120BD
:10D540008DF80030F5F76AFE18B16846FFF7B9FFAD
:10D5500088B9002620468DF8006001F05EFC2B782B
:10D560008DF80360C001012BADF8010005D16946BB
:10D570002046F5F76FF902B070BD2BB9204602B016
:10D58000BDE87040FFF753BB1220F4E710B500214F
:10D5900004460088F4F7ACF820B1A11CBDE81040A7
:10D5A00001F007BE022010BD08B500880021F4F785
:10D5B0009FF820B1BDE80840002101F0FABD02202B
:10D5C00008BD37B505460C460088694600F023FAC9
:10D5D00028B92B882380019BB3F8B430638003B053
:10D5E00030BD37B503880B80044698B2638813B901
:10D5F000122003B030BD694600F00DFA0028F8D1C2
:10D600006588019B42F21072A9B29C695143DA8D80
:10D6100062431C8C04FB02229142E9D39A699C6903
:10D620009442FBD10022C3F8AC20621E0A44A3F846
:10D63000B450B2FBF4F2C3F8B020DAE710B50C46F0
:10D640000021F4F755F890B1022C12D804F0010231
:10D65000C4F3400480F8AD2180F8AC4112B190F8D9
:10D66000AA310BB9002010BD01F093F9FAE70220AE
:10D67000F9E71220F7E710B504460078FF280AD032
:10D680000121F4F735F858B16378A27843EA022310
:10D69000C384002010BDB4F80100F7F77DFEF8E761
:10D6A0004220F7E708B50078003818BF0120F7F7E7
:10D6B0003FFD002008BD10B50446F5F72BF8617852
:10D6C000C1F3400201F0010101F0C7FB002010BDD1
:10D6D0000620F5F7CBBB0820F5F7C8BB01F093BDDA
:10D6E0001220704710B5044604B910BD236898474E
:10D6F0006468F9E703680BB9016070471A465B6814
:10D7000013B18A42FAD170478A4218BF51607047FC
:10D7100008B50020FFF712F9F4F7AEF8F5F7E8FCCA
:10D72000F4F72EFB20B140F221119320F3F722FCF5
:10D7300008BD08B5F7F7A4FCF8F710FA20B140F2DD
:10D7400041119320F3F716FCBDE808400120FFF7D4
:10D75000F5B808B5FFF7EDFF01F013FD20B14FF468
:10D76000AB719320F3F706FC08BDFDF781BC0B46B7
:10D77000122203F8032BD0F80920C1F80320427BC2
:10D780001A71704737B504460D46F6F7BDF918B360
:10D790006FF4A873E01802210388ADF8003034F864
:10D7A000ED3CADF80230684634F8EB3CADF804309F
:10D7B000FFF73BFB18B14221AE20F3F7DBFBADF8DE
:10D7C00000009DF80030002063F307009DF8013051
:10D7D00063F30F2003B030BD18232B70D4F8093049
:10D7E000C5F803300423ADF80030EAE708B5436814
:10D7F00093F886201AB18521AE20F3F7BBFB2022D7
:10D8000083F8862008BD034610F0010007D19A076F
:10D8100004D4C3F380039B00D8B270470220704742
:10D820002DE9F84F0746104692461D46FFF7EBFFDD
:10D8300083460846FFF7E7FF4BEA0006F6B2003ED4
:10D840000A9C8846814618BF0126F5F721FB10EA9D
:10D850000A0A18BFDA46F5F71BFB97F8683010EA9A
:10D86000080118BF4946534508BF4FF0000A84F825
:10D8700000A097F869308B4208BF002161705AEA16
:10D8800001010BD1B7F88030013DED1AADB247F67A
:10D89000FD739D428CBF002606F001063046BDE8B0
:10D8A000F88F70B5446894F88750A5F12003062BD3
:10D8B00006464DD92E2D4BD0002D47D194F88630F9
:10D8C000252B45D00B7913F0070335D04A7912F098
:10D8D000070231D084F8612084F8603094F8253153
:10D8E00013BB94F82431012B1ED094F8693094F8BE
:10D8F0006020D91E012998BF04239A4222D194F8AE
:10D900006830DA1E012A94F8612098BF04239A42F5
:10D9100018D10223B4F8642084F82431B4F86630B6
:10D92000A4F82621A4F82831222384F88730304631
:10D9300000F013FC284670BD3046C978BDE8704041
:10D9400000F03DBC3046F5F7EDFAEDE70125F1E7D3
:10D950002025EFE708B5436893F88720222A05D0F1
:10D9600022B140F2EA31AE20F3F704FB232283F820
:10D97000872008BDF5F7BCBB704730B542401C7826
:10D9800008785D7860404C786C4020449D788C78B5
:10D990006C402044DD78CC786C4020441D790C79B3
:10D9A0005B7949796C4020444B4018441044B0FAEC
:10D9B00080F0400930BD024600200139C9B2FF297C
:10D9C00000D17047535C83F001030344D8B2F4E7FD
:10D9D00008B5F5F749FC082807D0F5F767FC0828D3
:10D9E00003D0F5F779FC012008BD0020FCE708B55D
:10D9F000F5F73AFC082803D0BDE80840F5F756BC17
:10DA000008BD08B501F00CFC18B1BDE80840F9F7F5
:10DA10008DBA082008BD10B50C460021F3F768FE4A
:10DA2000606018B101232370002010BD0220FCE7C4
:10DA300001440023884203D1B3FA83F040097047C0
:10DA400010F8012B1343F5E7F8B5D0E90476054645
:10DA50000C46FCF765F820B940F207112920F3F7CE
:10DA600089FAECB1D5E90423D21B63EB0603012A42
:10DA700073F100014FF0000114DB6FF001009042E0
:10DA8000994102DA40F21111E8E7631E1344B3FB37
:10DA9000F4F35C43E41946F10006C5E904461C466C
:10DAA0002046F8BD0C46FBE7CB1E012B10D80329FE
:10DAB0000CBF96234FF4167303F5BC730CBF1022F2
:10DAC0004022984210D9C01A90FBF2F080B2704701
:10DAD000022904D13C2807D980100F38F6E77028B6
:10DAE00002D9C0100E38F1E70020704738B50D4656
:10DAF0000446F5F7CDF92B78002B08BF034684F8D0
:10DB000064306B78002B08BF034684F865306B885F
:10DB1000A4F8663038BD012908B5034606D00229AD
:10DB20000CD040F289112920F3F724FA40F6C410F2
:10DB300040F2E242002B08BF104608BD40F6C41078
:10DB4000FBE707B5002301A80193FAF7CDFA019886
:10DB500010F0030018BF012003B05DF804FBC2B24F
:10DB600092FAA2F2030A93FAA3F31B0E100E40EAF4
:10DB70000320704770B50131C9B20530002210F89A
:10DB8000013F8B4216D310F8054C0023012505FAFE
:10DB900003F626421CBF01F1FF31C9B269B101335E
:10DBA000082BF4D10132D2B2052AE8D199214620BE
:10DBB000F3F7E0F9C91AC9B2F4E703EBC200C0B247
:10DBC00070BD0B6870B5C0F801300B7903F01F030E
:10DBD000437100230446C3720546461D15F8010F24
:10DBE00000F0A1FA6871E37AB5421844E072F5D109
:10DBF00070BD70B581EA11418CB20546C17A032629
:10DC000082EA0400FFF7ABFF013E00EB0010221890
:10DC100016F0FF0690B2F5D144402522B4FBF2F392
:10DC200002FB1343C3F3C4022A44D8B2567803F06C
:10DC30000703012202FA03F31E4207D1614328467B
:10DC4000C1F30741BDE87040FFF794BF70BDF8B560
:10DC500090F821506B1E242B044654D80AB900209A
:10DC6000F8BD807D18B1012844D01F20F8E794F852
:10DC7000233094F8221002FB01322523B2FBF3F18A
:10DC800003FB1123DBB204EBD30284F82330D17DF4
:10DC900003F007060122B240114202D084F824307A
:10DCA000DDE7B3FBF5F205FB1233013303F0FF03AD
:10DCB00004F11B0111F8012F934218D811F8055CEB
:10DCC0000022012606FA02F72F4208D0013B13F08A
:10DCD000FF0304D102EBC00284F82420BFE7013225
:10DCE000082AEFD10130C0B20528E3D1BDE79B1A65
:10DCF000DBB2F7E72289C96904F11600FFF779FF63
:10DD000084F82400ABE71220AAE70378890123F006
:10DD1000400301F040010B4303707047037803F0A8
:10DD20007F0343EAC113037070471F2A38B50546C5
:10DD3000144603D9B7212A20F3F71CF90930063419
:10DD4000FEF7DAF86C7038BD1F2A38B50546144660
:10DD500003D9D9212A20F3F70DF909300634FEF74B
:10DD6000CBF86C7038BD037803F00F03032B024629
:10DD70003ED0052B42D1C37F90F82000034392F898
:10DD80002100034392F82200034392F8230000F09D
:10DD90001F00184333D05378222B2FD1B2F81930FB
:10DDA000B1B1B3F5506F13D940F607518B4225D866
:10DDB000B2F81B30B3F5FA7F20D2B2F81D000A3852
:10DDC00080B240F6764398428CBF00200120704715
:10DDD000991F89B240F67A4081420FD8917D481E42
:10DDE00007280BD8994209D2B2F817109942DEE7FA
:10DDF0004078A0F10C03584258417047002070470A
:10DE0000037801F0030123F003030B430370704711
:10DE10000078C0F3800070470078C0F3C0007047FE
:10DE20000078C0F3001070471B2A08B504D940F2EF
:10DE300044412A20F3F79EF84270BDE808400330C1
:10DE4000FEF75AB8B0F80730B1B1B3F5506F13D937
:10DE500040F6075293421FD8B0F80930B3F5FA7F65
:10DE60001AD2B0F80B000A3880B240F676439842D6
:10DE70008CBF0020012070479A1F92B240F67A4171
:10DE80008A4209D80279511E072905D89A4203D23D
:10DE9000B0F805209A42DEE700207047406890F80D
:10DEA000AA3123B1002380F8AA3100F072BD704777
:10DEB00008B5017A19B101290AD0002008BD03680C
:10DEC000C28802218088F5F7D5FD20B10120F5E751
:10DED0000368C288F6E7F5F7BBFFF7E702230B708C
:10DEE00001238B707047F5F737BF10B521B94FF498
:10DEF00010711020F3F73EF84A600B72EFF31084B4
:10DF000072B6031D0B6042681AB1127A012A08BF6B
:10DF1000036003681960016004B962B6BDE810408F
:10DF2000F5F764BF0222F5F781BF0322F5F77EBF44
:10DF30000422F5F77BBF0222F5F7BCBF11230B705B
:10DF40006FF49A7318440388A1F80330838FA1F803
:10DF50000530B0F84030A1F80730C38FA1F8093080
:10DF6000B0F84230A1F80B307047012908B503D151
:10DF70000E30C00080B208BD022902D10F308000EF
:10DF8000F8E74FF42E710620F2F7F4FF30B587B0B2
:10DF900004460D46F5F7C0FD90B3A4F59F7469469D
:10DFA00024882046FFF7DCF820B14FF484712C2040
:10DFB000F2F7E0FFBDF80630ADF80E30BDF80830DE
:10DFC000ADF81030BDF80230ADF8123003A8BDF83E
:10DFD0000430ADF80C40ADF81430FFF79FF810B1E5
:10DFE00040F21111E3E7ADF80C009DF80C30002071
:10DFF00063F307009DF80D3063F30F2007B030BDC9
:10E000002B46172203F8032BD4F80920C5F8032068
:10E01000D4F80D205A60B4F811201A810423ADF809
:10E020000C30E2E740687047C08A704710B58A88B4
:10E030000B89CC884988A0F85010A0F85440A0F86B
:10E040005220A0F8563010BD8383BDF80030018304
:10E050004283C383704738B5C58B438C04469D42C9
:10E06000007A28BF1D46FFF780FF6389AB4228BFB7
:10E070002B46984238BF184680B238BD2DE9F04192
:10E0800006460F468089194698461446FFF76DFFED
:10E09000414605463046FFF7DEFF854228BF05466C
:10E0A0009DF81810B08AFFF760FFF38A834228BFFB
:10E0B0000346ADB2A01D15FA83F338441844BDE8F9
:10E0C000F08107B590F86930009390F8683000222D
:10E0D00096213030FFF7D2FF03B05DF804FB38B56E
:10E0E0000D4619461446FFF7ECFF96342044A8422B
:10E0F00094BF281A002038BD38B50D461146044695
:10E10000FFF7DFFF2844606338BD8369006B9842E6
:10E1100028BF184601F19C0383423DBF401A9C383A
:10E1200040080020704700F05503400800F05500FB
:10E13000034403F033009B0803F03303034403F06C
:10E140000F0000EB131070474368002283F886200D
:10E1500083F8C220A3F8BE20704743680022A3F8CA
:10E16000C42093F8C620013283F8C620704708B552
:10E17000426892F8C630013B5BB2002B82F8C63091
:10E1800003DA52214A20F2F7F5FE08BD436883F80E
:10E190000B1183F80A217047A0F10A03042B0CD954
:10E1A000A0F14303012B08D9A0F120032E2818BFAA
:10E1B000062B94BF01200020704701207047426861
:10E1C000936F10B513F0080408D143F00803936768
:10E1D00082F80811FFF7C1FF204610BD0120FCE7BF
:10E1E00030F8023CF7B530F8A07C05460E4673B116
:10E1F000012268468DF80020ADF80170ADF80330BB
:10E20000F4F7A2FB18B195216320F2F7B3FE0823BF
:10E2100000243370B470A6F803706B7A55F88C0C38
:10E220007371FEF770FA08B9BA21EDE73846F4F7D2
:10E230006BFF21463846F3F771FA4FF4017303F090
:10E240000402204662F307001B0A63F30F2003B0A9
:10E25000F0BD436893F88820063A012A81BF0A7905
:10E2600083F88920062283F88820002070474268BE
:10E2700092F88830063B012B84BF072382F8883050
:10E28000704770B5426892F88750F5B9B1F8093017
:10E29000B2F88060A2F83C32013B9B1B9BB247F670
:10E2A000FD76B34206D9282382F8A930F6F72EF876
:10E2B000284670BD4B68C2F83E320B7A82F8423273
:10E2C00043680A2283F88720F2E70125F0E70B462E
:10E2D000062203F8032BD0F80920C1F80320D0F858
:10E2E0000D205A60427C1A720023CB70704770B5C3
:10E2F000436893F8875006460C46002D42D12946C4
:10E300002046FFF79FFD28B9E1783046BDE8704010
:10E31000FFF755BF7268B4F80D30B2F88010A2F85C
:10E320003C32013B5B1A9BB247F6FD718B4207D929
:10E33000282382F8A9303046F5F7E8FF284670BD5B
:10E34000B4F8073040F2E2414B43C2F8443223793B
:10E35000C3EB431003EB800303EB83035B00A2F8E2
:10E360003E32B4F805304B43C2F84032B4F80930BD
:10E37000A2F84832B4F80B30A2F84A320D2382F8E2
:10E380008730DBE70125D9E708B5436893F8862095
:10E390001AB12621A320F2F7EDFD1D2283F8862075
:10E3A00008BD73B5456895F886301D3B022B0646BF
:10E3B0000C4623D809891A2919D96389B3F5A47F92
:10E3C00015D3A2881A2A12D9E088B0F5A47F0ED3FB
:10E3D000009005F13000FFF737FE7168284601F222
:10E3E0003511F5F789FD70680621F6F7B5FE0020B6
:10E3F00085F8C20085F8860002B070BD0120FBE7F9
:10E400004268936FD90610B5044603D4B021A32007
:10E41000F2F7B0FD990601D5B121F8E723F010031A
:10E420009367FFF7A4FE60680621BDE81040F6F789
:10E4300093BE09230B70D0F80930C1F80230704741
:10E440000B460A2203F8022BB0F809204A80C27A50
:10E450009A70704738B5436893F88740054634B1E1
:10E46000113C0B2C8CBF01240824204638BD93F8A6
:10E470008C30002BF9D0FFF770FE6B68112283F807
:10E480008720F2E708B5436893F88720152A04D05F
:10E490004FF4BD711F20F2F76DFD012283F8C720F4
:10E4A000162283F8872008BD436893F88720122A34
:10E4B00003BF1322002083F887200220704710B585
:10E4C000436893F88730182B044607D1FFF74FFEB7
:10E4D00063681C2283F88720002010BD0220FCE71F
:10E4E00008B5436893F88720112A04D040F2A3119D
:10E4F0001F20F2F73FFD012283F8C720122283F884
:10E50000872008BD08B5436893F88720162A04D0F1
:10E5100040F2AB111F20F2F72DFD182283F887205F
:10E5200008BD0B46052203F8032BD0F80920C1F8DB
:10E530000320D0F80D205A60B0F811201A81C27C57
:10E540009A72704708B5436893F886201AB1DD21A6
:10E550001C20F2F70FFD042283F8862008BD4268D4
:10E5600008B5936FD90703D4EB211C20F2F702FD05
:10E5700023F001039367BDE80840FFF7F8BD0C23C3
:10E58000A0F596700B7003884B807047436893F832
:10E5900086200F2A01BF002283F8B62083F8C2200C
:10E5A00083F886200020704738B54568AB6F13F0BC
:10E5B000040407D1FFF7D1FDAB6F43F00403AB6751
:10E5C000204638BD0120FCE74268936F23F0040326
:10E5D0009367FFF7CCBD08B5436893F886201AB15E
:10E5E00070214B20F2F7C6FC0F2283F8862008BD6D
:10E5F00010B5D0E90D42A24206D30B8CC98D05336C
:10E600004B43121B934202D3012380F83E3010BDCE
:10E6100001230B7000238B7030F8CA3CA1F8033043
:10E62000437A4B714389CB8083890B81704710B546
:10E63000446894F8C9309A070ED494F886301BB118
:10E6400074214020F2F796FC012284F8862084F899
:10E65000C220A4F8BE3010BDA36F9B0705D5FFF7FD
:10E6600086FDA36F23F00203A367002384F82A31F9
:10E67000F1E710B50B794C790A68012843EA0421C7
:10E6800008BF41F48031104610BD07B5FFF7F1FF18
:10E690000DF10702F6F756F803B05DF804FB08B574
:10E6A000FFF74FFA002814BF1420002008BD10B552
:10E6B000F9F766FC0446FFF7F2FF04F55F43D0303C
:10E6C0004FF47A724133B3FBF2F3184410BD10B526
:10E6D000044690F86900FFF7EAFF01220146204650
:10E6E000BDE81040FFF708BD7FB5044618B9AA2160
:10E6F0003020F2F73FFC072900F2D780DFE801F075
:10E7000004C933332ED5C1D390F8F431B0F880204A
:10E71000DBB1B0F8F231934208BFB0F8A4319A1AD5
:10E72000A0F8A621A4F88030D4E982232046C4E9C9
:10E730008423F8F765FA94F8AB31002B00F09F8042
:10E7400004B0BDE8704000F025BDB0F8F0319B1A70
:10E75000A0F8A631B0F8F0319BB2E3E704B0BDE811
:10E760007040F9F7CDBAFBF757F8D4E98423801A43
:10E7700061EB0301012871F1000302DA40F23C6110
:10E78000B6E76FF0010383424FF000038B4102DADA
:10E7900040F23D61ACE7A3690BB1B0FBF3F394F831
:10E7A0008710B4F8F2210D2932D10132A4F8F221F8
:10E7B000B4F82A32B4F880500133A4F82A32B4F8FD
:10E7C000BA301D44B4F8B830013DED1AADB202AE16
:10E7D000B4F8F2116B1A180435D4002300961A46C7
:10E7E0002046F6F757F8012849D1B4F8F221B4F8D9
:10E7F000A011BDF808301344521A12049BB204D57C
:10E80000EA1A12F4004F18BF0B46A4F8F231DFE702
:10E81000B4F880100B449BB2D11A0D044DBF0133E4
:10E82000013293B29BB2A4F8F23194F8F531002B87
:10E83000BED1B4F8A431B4F8F221934204BF01333D
:10E84000A4F8F231B4E794F88A300394002B14BF93
:10E8500008233E2384F8A930304601238DF8083080
:10E86000F5F754FD204600F097FC002384F8DC31D6
:10E8700094F8F701FAF7EAFF202384F8F73104B09F
:10E8800070BD0120FBF794FA04B0BDE87040FEF7BC
:10E890009FB990F8DC31042B01D0D02128E7002368
:10E8A00080F8DC31EBE7D62122E7DA2120E713B547
:10E8B000002380F8DC31A0F828321A46009319466C
:10E8C0000446F5F7E7FF20B140F21D213020F2F7B2
:10E8D00051FB012384F8DC31C4F8D801C4F8D0011D
:10E8E000A4F8F201A4F8F00184F8F501B4F880303E
:10E8F000A4F82A02013BA4F8803002B010BDD0F881
:10E90000CC00704710B5044690F81031EBB1FF23EE
:10E9100080F81831012100F09DFA94F81031A3B16C
:10E9200094F8C800FBF7D2F894F8C800FBF708FA8F
:10E9300094F8C800FAF78AFF20B940F20921302084
:10E94000F2F718FB002384F81031002010BD08B541
:10E9500090F8182142B990F8D02042B1D0E9353171
:10E96000994202D9F7F76AFA0022104608BD01223F
:10E97000FBE710B50446FFF792FE00F2DB112046DC
:10E98000FFF7C3FB40F64803984228BF184680B201
:10E9900010BD7FB5044690F8AB3103F0FF05002BA6
:10E9A0005AD190F8DC31032B56D1FAF735FFD4E970
:10E9B0008423801A61EB0301012871F100034BDB12
:10E9C0006FF00103834275EB010104DA40F2E55177
:10E9D0003020F2F7CFFAA269B4F880300AB1B0FB68
:10E9E000F2F2013313449BB2A4F8F031B4F8F021F1
:10E9F000B4F8A4319B1A1BB2002B2DDD94F8F7015B
:10EA0000FBF764F840B3FF2384F8F531B4F8BA306B
:10EA1000B4F880501D44B4F8B830013DED1AADB2E1
:10EA20000DF10E06B4F8F031EB1A1B0414D4B4F84F
:10EA3000F01100960023012289B22046F5F72AFF43
:10EA4000012809D1B4F8F031BDF80E2012FA83F391
:10EA50009BB2A4F8F031E5E704B070BD70B5044690
:10EA600021B1012977D040F6280171E000F009F9C1
:10EA700094F8113105460E46DBB150EA010318D077
:10EA8000D4E93832D4E94001C01A61EB02013346BF
:10EA90002A46FDF79DF905FB01F300FB0633A5FBB4
:10EAA00000021344D4E93821121843EB0103C4E9EE
:10EAB0003823E08C30B1F5F781FAE38CB0FBF3F248
:10EAC00002FB1300D4E93832ED1846EB02062D188C
:10EAD0004FF0000346F100060222C4E93856C4E9AB
:10EAE000405684F8F030A4F8F82084F8113194F8F6
:10EAF000183103F0FF01DBB9D4E942026FF00043A3
:10EB00009A4208BFB0F1FF3F18D02046D4E94056E2
:10EB100000F0ACF8D4E94232E5305B1B62EB060250
:10EB20001B1A62F10002002A08DA2046F7F786F97C
:10EB3000F8F7CCFFBDE87040FAF772BE94F8C80051
:10EB400004F1F001FAF72EFF0028F1D14FF4EA6149
:10EB50003020F2F70FFA002380F8D030E8E790F881
:10EB60001001003818BF012070470B46142203F82B
:10EB7000032BD0F80920C1F80320D0F80D205A60EB
:10EB8000704738B50B46102203F8032B0C4600F1F2
:10EB90000902293052F8041B43F8041B8242F9D1C0
:10EBA00012781A70A5880123A37100212846F2F774
:10EBB0009FFD70B1E37863B10088F4F7A5FA0021F6
:10EBC0002846F2F7ABFD20B140F22B212D20F2F7C1
:10EBD000D1F938BD0121F6F7C1BEFFF7FBBF90F8B0
:10EBE0007A300BB10120704790F8B22002F0FF0399
:10EBF000002AF7D190F8A4201846704737B504468C
:10EC00000D464FF490720021FDF736F9FF23237073
:10EC10001323638042F21073E384F2F775FE00223F
:10EC2000014620636846F2F79DFE206B0022012119
:10EC3000FDF7E8FE216B68460422F2F793FE0022FE
:10EC4000206B1146FDF7DEFE04F12800A57403B029
:10EC5000BDE8304000F03AB9FF23086B0B70FDF7B8
:10EC60009DBE0078FF3818BF0120704710B50446DC
:10EC7000283000F081F961882822F7F711F96D300A
:10EC800010BDD0E9020170470B68C0F815308B88C1
:10EC9000A0F819300123C37670472DE9F04F0646DE
:10ECA0000C4607460FCE91B006AD0FC50FCE0FC56F
:10ECB00096E803000DF1100885E80300404600F0D7
:10ECC00005F9667894F8149094F80AA094F800B0C6
:10ECD00006F07F05B9F1010F2E4607D0B9F1020FFA
:10ECE00004D040F29A310620F2F744F9617A4046A6
:10ECF00000F0F3F8237D227F022B08BF617D02F133
:10ED0000010206BF0131C9B20121D2B2404600F072
:10ED1000E6F815F0080362D14046019300F02CF9A3
:10ED200028223146F7F7BCF8E578019B00F2D7229C
:10ED3000207945EA0025607940F2712145EA0045D5
:10ED40004D43B2FBF1F24A43AA420AD9E079A579D0
:10ED500045EA0025207A45EA00454D43954228BF03
:10ED60001546227E0393531E5A425A41A17C386BAA
:10ED700002910192FDF7DFFE386BFDF7ECFE039B7D
:10ED8000019A0299ADF81A6008958DF828208DF83F
:10ED90002B108DF82CA08DF818B08DF81C900993CD
:10EDA00006AE0FCE3D460FC50FCE0FC596E8030049
:10EDB00085E8030098E80300B862B985E37A03F0B8
:10EDC000FD03003B18BF012387F85730E368BB659C
:10EDD000238AA7F85C30002011B0BDE8F08F002531
:10EDE0002B46BEE7438813F0040F0CBF1F20002002
:10EDF00070474FF40043C38543881D2B08BF002193
:10EE00004174704790F912007047408800F001008B
:10EE100070478078C0F3400070478078C0F3C0002E
:10EE2000704708B5006BFDF77DFE012008BD01208D
:10EE300070470120704790F8503001624B72D0F853
:10EE40005130C1F80A30B0F85530CB817047704767
:10EE5000F6F7F2BA80F87010704780F8241080F846
:10EE6000252070478278034612F0010002D0D9783D
:10EE7000C90710D5900702D5D97889070AD512F0AD
:10EE8000040008D0D878C0F3800080F00100800032
:10EE9000C0B2704702207047C0F34002C0F3800345
:10EEA000134400F0010018447047022808B507D049
:10EEB000042807D0012807D039212E20F2F75AF86C
:10EEC000262008BD2720FCE72520FAE70023C0F80C
:10EED000023001234370037070478170704710B592
:10EEE0004270017080781446FFF7D6FF10FB01F0E6
:10EEF00010FB04F2FE2A03DD5C212E20F2F73AF823
:10EF000010BD0023C37043710371704710B50446F0
:10EF1000FFF7A8FF637962780133DBB29A4263712D
:10EF20000FD1E378A1780343DBB29942E37008BFC5
:10EF300023794FF0000208BF0133627104BFE27011
:10EF40002371BDE81040FFF7B0BF38B501468078A7
:10EF5000FFF7A2FF0446C8784D78FFF79DFF0A79B6
:10EF60000B789B1A13FB05F34A7913FB04F39B1AE6
:10EF700000FB1530C0B238BD08B501468078FFF7F8
:10EF80008BFF4B780A7813FB02F313FB00F0C0B23F
:10EF900008BD40F2EF20704740F25A3358437047A3
:10EFA00038B553680E3814460D4693F88620092864
:10EFB0003FD8DFE800F0053E3E3E0F3E173E3E26BE
:10EFC000042A05D12046FFF7BFF82046F5F7FCFAE2
:10EFD000002038BD0F2AFBD120460021BDE8384073
:10EFE000FFF7D4BA1D2AF3D12046FFF7ADF8002D64
:10EFF000EED0626892F8D83023F0200382F8D8303F
:10F00000E6E793F88720232AE2D1002583F887508A
:10F010002046FFF7ACF8636893F82431012B03D145
:10F0200029462046F3F756FF6368002283F824211F
:10F03000CEE740F256213120F1F79CFF08B590F859
:10F040000E31FE2B04D040F6CB013120F1F792FFB8
:10F05000002380F80E1180F80F3112B9A0F8C420F7
:10F0600008BDA0F8BE30012380F8C230F8E708B52B
:10F07000436893F88720162A04D040F26251312069
:10F08000F1F778FF1A2283F8872008BD08B5436896
:10F0900093F88720312A06D1002283F88720BDE823
:10F0A0000840FFF764B8162A03D11A2283F8872094
:10F0B00008BD40F277513120F1F75CFF037D63B961
:10F0C000C37BA3F11002032A07D990F8500028B19E
:10F0D0001C2B8CBF00200120704701207047024686
:10F0E0004068097990F886301D2B14D00BD8042B7A
:10F0F00013D00F2B13D090F88730232B0CBF172081
:10F10000FE20F7F7B1B8282B0BD02E2B01D0212BE6
:10F11000F1D11620F5E71420F3E70E20F1E71220D5
:10F12000EFE72320EDE7024640680B4690F8D81041
:10F1300041F0040180F8D81059791879F7F794B89C
:10F1400038B50C460546D1E90401F2F781FB94F885
:10F15000F70120280FD0FAF7B9FC94F8F701FAF775
:10F16000EFFD94F8F701FAF771FB20B940F635117D
:10F170003120F1F7FFFE28460221BDE83840F2F7C2
:10F18000CDBA0020704708B5F4F762FFBDE808402B
:10F19000F5F722B9F2F724BF0022A0F8862080F804
:10F1A0008A2090F8AB3113B10221F5F7D5BF0321C6
:10F1B000FBE738B50446084694F8303213B10C2505
:10F1C000284638BD94F88730153B012BF7D894F8C2
:10F1D000543203F0FF05002BF1D191B194F8C63100
:10F1E00023B940F6AC213120F1F7C4FE052304F128
:10F1F000F00204F5DB71FCF79DFC012384F830324A
:10F20000DEE70223FAE7F4F797BF08B5F8F712FA3A
:10F21000F7F7C4FFF7F712FEBDE80840F7F79ABE0C
:10F2200008B5C821F7F76AFE022807D1013911F0A5
:10F23000FF01F7D1EB213B20F1F79CFE431E584222
:10F24000584108BD4FF08053D3F8A00000F00100F2
:10F2500070474FF08053D3F8A420D3F8A830511C46
:10F260009BB203D14FF6FF718B4203D002608380C3
:10F2700001207047002070474FF0805330B5D3F81D
:10F280009050D3F89440D3F89810D3F89C2005EA16
:10F2900004030B40134001331FBF056044608160CD
:10F2A000C2600CBF0020012030BD4FF0805330B54C
:10F2B000D3F88050D3F88440D3F88810D3F88C204A
:10F2C00005EA04030B40134001331FBF056044608F
:10F2D0008160C2600CBF0020012030BD10B5F8F77E
:10F2E000EBF90446FAF74AFD201841F1000110BD80
:10F2F00010B504460846F8F743FE4FF47A73B0FBA6
:10F30000F3F0201A10BD10B504460846F8F738FE91
:10F31000023C00F2E7334FF47A72B3FBF2F3E01AE7
:10F3200010BD08B5FCF7B8FCBDE80840FBF7DEBA35
:10F33000801A00F3070038B540B20D4659B21446A2
:10F34000FBF7C4FA002328706B70204440B238BD2C
:10F350000023036070477047002070474FF0FF3074
:10F3600070474FF0FF30704770474FF0FF307047E5
:10F3700000207047002070470023037070479DF8FD
:10F3800000300022FFF7D4BF4FF0FF30704700205D
:10F3900070474FF0FF3070474FF0FF3070477047B5
:10F3A000C0B208B520B94FF0804301221A6008BDF1
:10F3B0005121B520FCF770FA0020FBF7EFBA4FF0AF
:10F3C0008043D3F8080400F0010070474FF08043F9
:10F3D000D3F8140400F0010070474FF08043D3F8D5
:10F3E0001C0400F0030070474FF08042D2F818343C
:10F3F000D2F81824C3F3004302F00302824214BF80
:10F40000002003F0010070470020FBF741BB002003
:10F41000FBF76CBB0020FBF7C1BA38B5054691F885
:10F420002B000C46FAF712FA18B9F6216A20FCF7FD
:10F4300033FA0023238584F82A300921236A2846D9
:10F44000984718B103780BB1FA21EFE738BD08B53A
:10F45000426A034611441A785962012AA1F1500008
:10F4600006D1FAF787FB40B9DA216A20FCF714FAD3
:10F47000FAF780FB08B9DF21F7E708BD70B5FCF7A4
:10F4800081F9002405462646E0B2854200D870BDC9
:10F49000FCF77EF90134068580F82A60F4E7F8B5B8
:10F4A00004460D46FCF76EF900270646F8B2864280
:10F4B00004D8082D0CD96FF0150008E0FCF768F9A6
:10F4C00090F82A300137002BF0D04FF0FF30F8BD14
:10F4D0002CB129462046BDE8F840FCF765B9214625
:10F4E0002046F8E710B50446FCF752F9014688B10A
:10F4F00090F828308BB990F82A3073B1013B012B7A
:10F5000004D82046FFF789FF002010BD012380F8B2
:10F510002830F9E76FF00100F7E76FF02200F4E719
:10F5200070B50D46FCF734F90446002848D090F831
:10F530002A60731E012B49D8002D44D02846FBF7C2
:10F54000F7FE00283FD02B78FBB9012323702B79DD
:10F55000003B18BF012363726B79002B14BF042397
:10F5600002232372AB686F336360EB68236103236C
:10F5700094F82B0084F82A302146FAF713FA40BB9E
:10F5800040F2E2216A20FCF787F9022E1ED1002307
:10F5900023702B79003B18BF012363726B79002B1A
:10F5A00018BF04262672EB68A9686F336360D4E93C
:10F5B00006325B1842EBE172C4E904320423D7E758
:10F5C0006FF0010070BD6FF01500FBE76FF02200D7
:10F5D000F8E70020F6E7F8B5037904461BB11B21D4
:10F5E0009D20FCF759F94679017126B90123437131
:10F5F000217909B96171F8BD276826712046B8479D
:10F6000002280546F4D103212046B84708B12F212E
:10F61000E6E723682946204698470028E8D03021AD
:10F62000DEE703460068884204D109B10A681A601F
:10F630000846704728B97047884202D10A681A60A4
:10F64000F6E7034600680028F6D17047034600201D
:10F6500018707047EFF3108272B603780121DBB2A5
:10F66000017002B962B6012B0CBF6FF022000020BE
:10F670007047EFF3108372B60022027003B962B6CE
:10F6800000207047FCF7E2BAFCF72ABBFCF728BB66
:10F6900000280CBF6FF01500002070470020704755
:10F6A0000723037000207047002070470020704738
:10F6B00010F8012B11F8013B012A28BF9A42F7D01C
:10F6C000D01A7047034611F8012B03F8012B002ACA
:10F6D000F9D17047034613F8012B002AFBD1181A01
:10F6E000013870472DE9F04786468C460846089E4B
:10F6F000154674461946002B40F0C2808542B2FA86
:10F7000082F245D94AB1C2F1200300FA02FC2EFA76
:10F7100003F3954043EA0C0C94404FEA154EA8B20F
:10F72000BCFBFEF8230C0EFB18CC08FB00F943EAE7
:10F730000C43994528D9EB1808F1FF3704D29945B5
:10F7400002D9A8F102072B44A3EB0903A4B2B3FB2F
:10F75000FEFC0EFB1C330CFB00F044EA0344A04209
:10F7600014D92C190CF1FF3304D2A04202D9ACF108
:10F7700002032C44241A43EA07401EB1D44000235C
:10F7800034607360BDE8F0874746DDE76346F1E724
:10F7900092BB431B01214FEA154EAFB2B3FBFEFCF7
:10F7A000200C0EFB1C330CFB07F840EA0343984582
:10F7B00062D9EB180CF1FF3004D2984502D9ACF1B4
:10F7C00002002B44A3EB0803A4B2B3FBFEFC0EFB28
:10F7D0001C330CFB07F744EA0344A7424ED92C190B
:10F7E0000CF1FF3304D2A74202D9ACF102032C443E
:10F7F000E41B43EA0040C0E7C2F1200320FA03F112
:10F80000954090402EFA03F303434FEA154EAFB2F2
:10F81000B1FBFEFC0EFB1C10190C0CFB07F841EAB7
:10F820000041884504FA02F422D969180CF1FF302E
:10F8300004D2884502D9ACF102002944A1EB0801A9
:10F840009BB2B1FBFEFC0EFB1C110CFB07F743EA5D
:10F8500001439F420ED9EB180CF1FF3104D29F42B5
:10F8600002D9ACF102012B44DB1B41EA004192E7D3
:10F870006046E3E76146F7E76046A3E76346B7E71C
:10F88000834206D916B9002108467BE7C6E900E0A5
:10F89000F9E7B3FA83F78FB9834201D3724508D8E9
:10F8A000BEEB020460EB030301209C461EB900215D
:10F8B00068E73846FAE7C6E9004CF8E7C7F1200CDC
:10F8C000BB4022FA0CF41C432EFA0CF120FA0CF384
:10F8D000B84001434FEA14490EFA07F5B3FBF9F8B3
:10F8E0001FFA84FE09FB18300B0C08FB0EFA43EAE2
:10F8F00000439A4502FA07F240D9E31808F1FF30B5
:10F9000004D29A4502D9A8F102002344A3EB0A03CA
:10F9100089B2B3FBF9F809FB183308FB0EFE41EA84
:10F9200003418E452CD9611808F1FF3304D28E456E
:10F9300002D9A8F10203214443EA0040A0FB029847
:10F94000A1EB0E014145CE46434602D306D14D45BB
:10F9500004D2B9EB020E68EB04030138002EA6D0E6
:10F96000B5EB0E0261EB030101FA0CFC22FA07F37E
:10F970004CEA0303F940C6E9003198E74046C5E781
:10F980004346D9E7000000002DE9F04F00228BB07C
:10F99000114640F6034006F065FD0446002840F09D
:10F9A000988006F001F9214609AA41F2030006F009
:10F9B00059FD0446002840F08C80099FDFF81CB1F7
:10F9C000D7F80C80CDF814B04646DFF814A116F82D
:10F9D000013B04934FF00809424B4349039304222F
:10F9E0000346CDE90009414DCDF808A01DF00DF901
:10F9F000D8F80100716805F1780303C3384604F0B4
:10FA0000F5FA214609AA41F2010006F02BFD044651
:10FA100000285ED1099F3449FE68CDF814B03378D0
:10FA20000493334B0422CDE902A3CDE90009034638
:10FA30001DF0EBF8737885F870307388A5F8723094
:10FA4000337985F87130B6F80730A5F87430B6F818
:10FA50000530A5F87630384604F0C8FA214609AAE0
:10FA600041F2020006F0FEFC044690BBDDF8248063
:10FA70001D49D8F80C70CDF814B03E46042216F893
:10FA8000013B04931B4BCDE90009CDE902A30346DA
:10FA90001DF0BBF880354137306871682B4603C3D1
:10FAA0000836BE421D46F7D1DFF84090404604F0CC
:10FAB0009DFA99F87C3013F040031FD10E4A0A4991
:10FAC0000093CDE90132184601221DF09EF86FF037
:10FAD000120420460BB0BDE8F08F00BF148D030068
:10FAE000E23803002540030004050300380300202A
:10FAF0000D400300EC3F0300F738030009AA002182
:10FB000042F2030006F0AEFC04460028E1D1DDF825
:10FB100024A0C74FDAF80CB005975D46C54E15F81E
:10FB2000013B04934FF00808C34BC44903930422DC
:10FB30000346CDE9000802961DF067F8DBF80100E6
:10FB4000696809F1D80303C3504604F04FFA21460F
:10FB500009AA42F2020006F085FC04460028B8D14A
:10FB6000DDF824A0DFF8D8B2DAF80C5005972B782E
:10FB7000049304220346CDE9026BCDE90008AF49A6
:10FB80001DF043F8B5F8012093B233B3E97821B3FF
:10FB9000A9F804210593EB78A8490094CDE903B3B3
:10FBA000A84B0422CDE90183204623461DF02DF801
:10FBB000EB78032B0CD00322CDE90332A24B9F49F3
:10FBC0000094CDE901430222234620461DF01DF892
:10FBD000EA789E4811461FF022F99D4D504604F0E8
:10FBE00005FA95F87C801F2318F02008A5F820312D
:10FBF0001BD14FF0FF304FF0FF3105F0FDFF044601
:10FC0000002800F0128102210C3004F031FB0123A6
:10FC1000037080F801802146424640F66D4006F0B0
:10FC200021FC044600287FF454AF95F89C301A0755
:10FC300026D509AA002142F21C0006F013FC044656
:10FC400000287FF446AFDDF824907C49D9F80CA059
:10FC50000597D046042218F8013B04937D4BCDE96B
:10FC600002630823CDE9000303461CF0CEFFDAF857
:10FC70000120D8F804304846C5E9382304F0B6F925
:10FC800095F8D8309B0626D50DF1220108A806F07C
:10FC9000F5FC044600287FF41CAF4FF0FF304FF016
:10FCA000FF3105F0A9FF8046002800F0BE80042146
:10FCB0000C3004F0DDFABDF820300380BDF82230AE
:10FCC00043802246414642F2240006F0CBFB044624
:10FCD00000287FF4FEAE95F8D8305C0623D509AA3B
:10FCE000002142F22A0006F0BDFB044600287FF402
:10FCF000F0AEDDF824805149D8F80C9099F8013025
:10FD00000493554B0393554B02930823CDE900030D
:10FD1000042203461CF079FF99F8013085F822315E
:10FD2000404604F063F94FF0FF304FF0FF3105F02B
:10FD300063FF0446002878D008210C3004F098FABC
:10FD400095F8D81011F0400F024640F2022308BF88
:10FD5000032388074CBF43F02C0043F00C008B06B4
:10FD600095F8D93048BF40F0400013F0090F18BF94
:10FD700040F40060C90748BF40F0100000211CF0AB
:10FD800060FF2146002242F2010006F06BFB0446B0
:10FD900000287FF49EAE95F87C30B5F804119B06E0
:10FDA00062D4002939D109AA41F2050006F05AFBB4
:10FDB000044600287FF48DAEDDF824901F49D9F861
:10FDC0000C800597264F98F800300493CDE9026720
:10FDD00008260346CDE9000604221CF016FFB5F8FC
:10FDE0000431BBB9B8F80120A5F80421B8F80440E3
:10FDF000039791B21B4A0093CDE90441CDE901621A
:10FE00000E49042218461CF000FF104822462146E5
:10FE10001FF005F8484604F0E9F84FF0FF304FF0C6
:10FE2000FF3105F0E9FE044660BB6FF0680450E660
:10FE3000148D0300E2380300D23F030004050300E1
:10FE4000B53F03001B3903003E3903004004002086
:10FE500038030020983F0300733F030084390300F8
:10FE6000593F03009F3903000029D6D16C4B6D49DF
:10FE70000090CDE90103012203461CF0C6FE6FF09D
:10FE8000040426E608210C3004F0F2F995F8D83085
:10FE9000D907024639D464484FF000511CF0D1FE16
:10FEA0002146002240F6014006F0DCFA0446002814
:10FEB0007FF40FAE014609AA4FF6014006F0D2FAD0
:10FEC00038B35A4B0094CDE90143234655490222E9
:10FED00018461CF09AFE1DF02BF8044600287FF40B
:10FEE000F8AD09F091FF044600287FF4F2ADEB79FC
:10FEF000002B40F088804E4B4A490090CDE9010329
:10FF0000032203461CF081FEE3E543A1D1E9000191
:10FF1000C4E7099E4349F468B4F80130032B96BF47
:10FF2000444A454A52F82320CDE90323434B029328
:10FF30000023CDE90033032218461CF066FEB4F816
:10FF40000130B4F80320022B39D1052A37D83C4BB5
:10FF500053F822303349CDE903323A4B0293002360
:10FF600003221846CDE900331CF04FFED4F80910E7
:10FF700063790791B4F807100691032BA17996BF16
:10FF8000314A2D4A52F8232003920024CDE904314E
:10FF90002E4B24490293032223462046CDE90044F8
:10FFA0001CF033FE304604F021F809AA21464FF632
:10FFB000024006F057FA064618B1254B82E71E4B61
:10FFC000C8E70998C368B3F80130A5F8C13004F058
:10FFD0000DF895F8C1305B077FF57DAF09AA314672
:10FFE0004FF6034006F03EFA28B11A4B0096CDE9D1
:10FFF000016333466AE70998C3685B7885F8C030C7
:020000021000EC
:1000000003F0F4FF67E7082113481CF0EFFD05F04B
:100010006DFF5EE5AFF30080908800020080002055
:10002000C63903000405030010880002E939030003
:10003000BD3A0300B00B03000E3603000D3A030077
:10004000980B0300263A0300880B03003E3A030096
:100050006B3A0300943A03000C04002030B5134DB2
:100060000FCD8BB005AC0FC42B6823600124104B5F
:1000700010490094022205A807F0B8FC034660B1BD
:100080000D4B029300230390CDE900330B49224628
:1000900018461BF01EFE0BB030BD094A0749009000
:1000A000CDE9010203221BF014FEF4E790060300E1
:1000B000D0090300D8090300B4110300E4050300CC
:1000C000D911030070B503788AB004460E4607AD17
:1000D000032B20D8DFE803F002191B1D1149284625
:1000E000FFF7F0FA059563780493A3780393E37818
:1000F00002932379019363790093A3790A4A1E211D
:1001000030461BF0E1FA0AB070BD0849E7E708493C
:10011000E5E70849E3E7084A0A2128461BF0D4FA34
:10012000E0E700BFFA1103001C12030001120300F4
:1001300008120300121203009284030030B58FB03E
:1001400006AD0C4609F012FD2946FFF7BBFF0B4B2D
:100150000395CDE904430A4D0A4B0293002420463F
:10016000CDE900440849234603221BF0B2FD28686C
:1001700010B108F047FC2C600FB030BD148D0300A7
:10018000702800203F120300E405030070B5054607
:100190008EB00C4671B1134BCDE90313124B029391
:1001A0000023CDE900331149012218461BF091FDCF
:1001B0000EB070BD06AE09F0D9FC3146FFF782FFE4
:1001C0000B4B0A490396CDE90143032223462046FF
:1001D00000941BF07EFD284608F0FCFB054B1860E0
:1001E000E6E700BF148D030062120300E40503007C
:1001F00083120300702800201FB5084B02930023D0
:100200001846CDE90033064903221BF062FD05487C
:1002100005B05DF804EB16F081BF00BF901203003B
:10022000E4050300602800202DE9F04300248FB08E
:10023000074616460D461A22214607A806941FF0C7
:10024000C8FE384606AF09F091FC3946FFF73AFF81
:10025000AA4BAB490397CDE901430322234620462D
:1002600000941BF036FDA74BA5490396CDE9014349
:1002700000942346032220461BF02BFDDFF88882E2
:10028000DFF87C922746B4420DD1D4B99F4B00943D
:10029000CDE9014302222346994918461BF019FD76
:1002A0000FB0BDE8F0832B5D0097CDE90343002339
:1002B000CDE901780322494618461BF00AFD0134B6
:1002C000E1E72F788E49222F96BF914B914B53F83F
:1002D00027300024CDE903738F4B0293CDE900440E
:1002E0002346032220461BF0F4FC222F00F26381F8
:1002F000DFE817F05000560061016101560061010E
:100300002D00700061017F0061018700C3002300A0
:100310006101E000E200E400E600E800EA00EC0031
:10032000EE00F0000001020161016101460161017E
:100330006101610142016E004401012E40F08280A2
:10034000764B02930023CDE900330322A4E7012E6C
:10035000F6D0DFF8CC81DFF8A891012400272A5DD0
:1003600002EB82039B0103EB820313449BB2CDE9B2
:1003700004230023CDE90284CDE900770322494616
:1003800018461BF0A6FC0A2CDAD00134A3B29E4218
:10039000E5D8D5E7634B0094CDE90143002302E1A2
:1003A000012ECDD06A78531EDBB2022B96BF5E4978
:1003B0005E4B51F82330CDE903235D4B02930023BC
:1003C000CDE900334E49032218461BF082FCB7E703
:1003D000584BE0E7012EB3D06B780393564B029352
:1003E0000023CDE900334649032218461BF071FC77
:1003F000A6E7022EA4D9AB7804936B7803934F4BF6
:10040000DCE7DFF83C8101240027B6EB440F16DB64
:1004100005F1FF3313F8143012DD15F814203849B4
:10042000CDE904320023CDE90284CDE9007703222F
:10043000184601341BF04DFC062CE6D180E7002362
:100440000022ECE7DFF8FC80DFF8B49001240027FD
:100450002B5D0493631DCDE902830023CDE9007772
:100460000322494618461BF034FC0A2C3FF468AFBF
:100470000134A3B29E42EBD862E7032E7FF660AF51
:10048000EA78A97802EB4200D30103EB002303EBE7
:10049000821303EB421303EBC2039BB2049301EB01
:1004A00081035B0203EB8103A3EB81139BB20393F4
:1004B000254B83E7254B6EE7254B6CE7254B6AE719
:1004C000254B68E7254B66E7254B64E7254B62E73C
:1004D000254B60E7022E7FF633AF6A7802EB4203CA
:1004E000110101EB8301AB780B4403EB421303933F
:1004F0001E4B74E71E4B4EE71E4B4CE7C812030021
:10050000E4050300D3120300E9120300F91203000B
:1005100044090300C0120300181303007E150300F2
:10052000621303002613030038090300BE4B0300C7
:1005300039130300521303007F13030092130300C7
:10054000B5130300DA130300F01303000C140300C7
:100550001D14030038140300531403006C1403002B
:1005600078140300871403009D140300B0140300E3
:10057000C6140300DE140300104B0CE7104B0AE70F
:10058000042E16D96B781D2B13D1AB78142B10D1F8
:10059000EB78312B0DD12B793C2B0AD1094B0293EF
:1005A0000023CDE900330849032218461BF091FBD4
:1005B000C6E6064BF3E7064BEDE600BFF514030075
:1005C0000A1503001E150300E40503003915030096
:1005D000591503001FB5084B02930023CDE90033E2
:1005E0000649012218461BF074FB00214FF400401D
:1005F00018F054F9F9E700BF8C150300E405030077
:100600001FB5002006F096F8044608B1FFF7E2FF98
:10061000144B15490090CDE90103032203461BF05A
:1006200058FB1CF027F8114802F04AFA60B910484C
:10063000104916F04BFC0E4816F070FD00214FF4E7
:10064000004018F02BF9F9E70B4B0390CDE901437B
:10065000204605490094234601221BF03AFB204620
:1006600004B010BDA1150300E4050300B004002090
:10067000602800205D000100B715030070B50C462E
:10068000002934D002680B1F9B1AD90823F00703F6
:1006900013445D88E8070DD4154A16491648AF2360
:1006A0001BF08FFC214615481BF08BFCAF21104836
:1006B0001BF07EFC10461BF01BFB084432F8306038
:1006C000801B81420BD00A4A0D490B48B7231BF00F
:1006D00078FC21460B481BF074FCB721E7E725F0B6
:1006E00001055D80BDE8704010461BF0BEBB70BDCB
:1006F00096170300B9170300CA170300E717030092
:100700001F18030045180300B2F5802F2DE9F041B2
:100710000ED33C493C4A3D4840F213231BF051FCA8
:100720003B481BF04EFC40F2132137481BF040FCC5
:10073000042A0CD83749344A344840F21A231BF0B3
:1007400040FC35481BF03DFC40F21A21EDE7043A2D
:10075000CD1D8E1825F0070526F00706761B172EEF
:100760004FEAD6070CD82D49274A284840F22323C0
:100770001BF027FC28481BF024FC40F22321D4E77F
:10078000B7FA87F4C4F12002C4F12404A4000734AA
:10079000E408631C4FF00008BB420560AF60C5F879
:1007A0000C800CD91E49184A18484FF40E731BF0E0
:1007B00008FC19481BF005FC4FF40E71B5E74146E3
:1007C000920005F110001FF004FC630043F00103E8
:1007D0006B8005EBC4023B1B5900A5F800805180DB
:1007E000AA1925F83440A2F80280AB5305EBC703E1
:1007F00021465A8842F001025A802846BDE8F0415D
:100800001BF07BBA8118030096170300CA17030078
:1008100097180300AE180300CF180300E818030070
:10082000111903002DE9F04F91B00546009302F035
:1008300004030193C2F3C203013304938307DDF879
:10084000689002920E4640F0FC81041D30B10729E9
:1008500009D86FF01B0011B0BDE8F08F01F007065A
:100860003444C6F10806009B4FF000084FF0040B1B
:10087000591ECDF80C80474643464FF0FF32DA460A
:100880000DB1009820600498002800F3DF809B4899
:10089000DDF800C0844503D399488445C0F0D68074
:1008A000DDF808C0A4EB050E1CF0020F4FEA9E0015
:1008B00000F0E7804FF0000CD1E07A2862D84B2896
:1008C0000FD847285ED829282DD8252859D059D89F
:1008D00020287DD0A0F12309D9F1000343EB0903BF
:1008E00076E04C382E284DD8DFE800F0724C4C4CA6
:1008F0004C4C4C4C4C4C4C4C4E4C4C4C4C4C4C4C36
:100900004C5C4C4E4E5C5C5C724E6F4C724C184EA4
:10091000184C4C817E4E4C4C4E4C7E0000200023E7
:100920004FF0040B3CE02A384FF0010EC0B20EFA33
:1009300000F04FF6DA7E10EA0E0F49D110F0625E39
:1009400030D110F0010343D07046013C5C44B4FB4D
:10095000FBF40BFB04F4002D5ED0AAEB050EA644BD
:10096000B6453FF676AF002868D1BAF1040F43D1FF
:10097000E14659F8040B20600434CC464FF0040AD9
:1009800026E0013A002323E011F8013C6C2B30D122
:1009900011F8023C00206C2B0346C1D14FF0080B2C
:1009A000DA46D2E70CF1070929F0070C0734FCE816
:1009B00002AB24F0070435B105982044B0423FF65D
:1009C00048AFC4E900AB083400234FF0080BDA4607
:1009D00011F8010F002800F0BC80002B7FF46DAFF0
:1009E0002528F5D1013201234FF0040BEFE718461B
:1009F00095E700200346A8E7BAF1080F40F09B8076
:100A00000CF1070929F0070CFCE8029AC4E9009AE6
:100A100008344FF0080ADBE780B9BAF1040F02D1BD
:100A20000CF10409A8E7BAF1080F40F084800CF13A
:100A3000070929F0070909F1080CE9E70498E146DC
:100A40000138049059F8040B009019E702988007C8
:100A500048D5A4EB050E4FEA9E004FF0010CBEF501
:100A6000007F1DD32749284A28484FF41F731BF0E5
:100A7000A8FA27481BF0A5FA4FF41F7122481BF073
:100A800097FA0F2F0ED8002D46D007F1400CEC44FA
:100A90000CF8200C0CF8102C03980130039020E087
:100AA0000F2F0CD91749184A184840F281231BF020
:100AB00088FA18481BF085FA40F28121DEE7BDB1C3
:100AC00007F1400EEE44C0B20EF8200C0EF8102CC8
:100AD000BCF1000FE0D060F07F000EF8200C08F1B0
:100AE00001080137C5F108000434CC4605906FE7D2
:100AF000BCF1000F10D00136F3E700BF3001030056
:100B0000689A0300F28A03003C190300CA17030025
:100B10006A1903008B190300019802360028E0D1FE
:100B200000980592CDE90631FEF7D4FDDDE90631E6
:100B3000059A0644D5E7444A4449454840F2C6234D
:100B40001BF03FFA514643481BF03BFA40F2C621E6
:100B500094E7631BB3F5806F0CD33C493A4A3C4899
:100B600040F2D2231BF02DFA3B481BF02AFA40F248
:100B7000D22183E71DB9A6F10804E0186BE6019ABB
:100B800028609B082B709DF80C30C2B1EB7085F883
:100B90000280B8F1000F05D008A80022C5F1010CB1
:100BA00097420ED1C5F101030DF120094FF0000A63
:100BB00002930DF1300B574512D1601B4BE66B7061
:100BC000E5E710F8013B190608D50CEB040EB64515
:100BD00003F07F033FF63DAE04F8013B0132DFE74F
:100BE000B8F1000F03D099F90020002A17DB019B10
:100BF000D3B11AF80B2004F8012B0022029B18191C
:100C00001044B0423FF625AE99F8000004F8010BFD
:100C10000099039220461FF0B4F9039A14440AF194
:100C2000010A09F10109C6E799F8002055F82230B8
:100C30000093019B45F822300098FEF74BFD421CC3
:100C4000DCE76FF00D0006E63C190300F28A0300B2
:100C5000CA170300A5190300BA190300014B186055
:100C6000704700BFBC04002080B505460E461746FD
:100C7000984617F0AFFE03461FF050FADFF81890C1
:100C8000044649F80030424630463946A84754F8F1
:100C9000090002F08DFB00BF080000002DE9F84FAD
:100CA00004460846A38B1907154612D4022803F000
:100CB000070165D120461BF00AFA88B101380428E3
:100CC00000F23781DFE810F05C0035018200D400CB
:100CD000040101280CBF43F0100143F02001A1835F
:100CE0001434204618F0FAF8002840F09D819A4903
:100CF0009A4A9B484FF49A731BF063F92146B1E07E
:100D000003F00702501F01281ED80020062A27687A
:100D1000C4E9000014D13A4603E0E08B0130E083DF
:100D20001268002AF9D123F0070343F00202A283DC
:100D300020461BF0CCF990B342F02002A2832EE0B3
:100D400023F007039AB2F2E7042A33D123F0070312
:100D50009AB2A28320461BF0BAF910B142F02002E9
:100D6000A283A38B03F00709894540F0EC80A18B97
:100D7000CA0640F1508121F01003A38301F007015E
:100D8000D4F81880A38BB8F1000FB9DA00222768D5
:100D900023F00703C4E9002243F00103A383A38BDC
:100DA00003F00709894540F0CF80002FDFD00026EF
:100DB000B24644E06B496C4A694840F21B131BF091
:100DC00000F940F21B1168481BF0F2F849B167497D
:100DD000654A63484FF4AB731BF0F3F84FF4AB7103
:100DE000F1E723684BB962495F4A5D4840F2571307
:100DF0001BF0E7F840F25711E5E723691E684EB98A
:100E00005C49594A56484FF4AD731BF0DAF84FF479
:100E1000AD71D8E7A38B23F0070343F006039BB221
:100E2000A3830F4688464FF00609A268002A40F0C7
:100E30008D80002F40F08D80002E98D0BA4643F070
:100E4000080304F1140BA383584618F047F8002850
:100E500040F09A804049414A41484FF49A731BF050
:100E6000B0F8594644481BF0ACF84FF49A71ADE025
:100E7000022909D041493C4A394840F25D131BF030
:100E8000A0F840F25D119EE7E78B4FB13C49364A2E
:100E900033484FF4AF731BF094F84FF4AF7192E7FF
:100EA00023695E684EB933492F4A2D4840F26113D9
:100EB0001BF087F840F2611185E7A38B23F007034D
:100EC00043F004039BB2A383B8464FF00409ACE798
:100ED000012909D02B49244A21484FF4B2731BF051
:100EE00070F84FF4B2716EE723684BB920491E4A7F
:100EF0001B4840F265131BF064F840F2651162E78D
:100F000023699E684EB91B49174A15484FF4B473BC
:100F10001BF057F84FF4B47155E7A38B23F0070388
:100F200043F005039BB20027A383B8464FF00509A1
:100F30007BE70C490C4A0A4840F26B131BF041F85E
:100F400040F26B113FE7002700266EE74FF0010AE1
:100F500075E7924673E700BFB51A0300881A0300CD
:100F6000CA170300F28A0300E2190300071A0300FC
:100F7000131A0300361A0300CC1A03004D1A03009B
:100F8000631A0300721A030085F31188BFF36F8F91
:100F9000BAF1000F1CD177BB16B126492046B047E5
:100FA000EFF31185402383F31288BFF36F8F584608
:100FB00017F086FF38BB204A2049214888231BF0C0
:100FC00000F859461F481AF0FCFF88211A48FBE632
:100FD000A1680029DFD00D680029DCD0D1F804A079
:100FE00043464A462046D0471DB12B6829461D4638
:100FF000F2E72B46FAE7394643464A4620463F6821
:101000001BF091F8C7E7584617F07EFFA38B23F03B
:101010000803A383ABE68B067FF562AE21F02003C5
:10102000A38301F0070145E685F31188BFF36F8FB5
:10103000BDE8F88F49100100881A0300E11A030087
:10104000CA170300F61A0300F8B504460D4600F16E
:101050001406EFF31187402383F31288BFF36F8FD9
:10106000304617F02DFF68B90C4A0D490D4888230A
:101070001AF0A7FF0C4831461AF0A3FF0748882151
:101080001AF096FF304617F03FFFA5613A4620461A
:101090000121BDE8F840FFF701BE00BF881A030038
:1010A000E11A0300CA170300F61A03002DE9F047FE
:1010B00004460F461BF027F8051E68DB04F11409EF
:1010C000EFF3118A402383F31288BFF36F8F4846F2
:1010D00017F0F6FE804660B9384A39493948882306
:1010E0001AF06FFF494638481AF06BFF88213348E1
:1010F00042E0484617F008FFE38BA68B4FF6FF72DD
:10110000934206F0070645D0022E15D10133E38342
:101110003546484617F0E2FE002841D1274A2B49C0
:1011200028484FF49A731AF04CFF494628481AF0A1
:1011300048FF4FF49A71DAE7062E13D8DFE806F07D
:10114000092D1212090409006FF085054FF00008FF
:10115000DFE700233B60636883B9C4E9007786B1A9
:101160003546F3E71B4917481B4A4FF4E4731AF05E
:1011700028FF19484FF4E4711AF01AFF1F606760E6
:10118000EDE7524602212046FFF788FD3546284606
:10119000BDE8F0876FF00A05D8E76FF00405D5E7E2
:1011A0008AF31188BFF36F8FB8F1000FEFD00023DF
:1011B0003246394620461AF0B6FFE8E7881A03009F
:1011C000E11A0300CA170300F61A0300B51A030058
:1011D000CC1A0300721A0300E219030008B5426832
:1011E000816002F00302022A03460AD0032A4FF06C
:1011F000000103D0012A0AD1596006E0186859603D
:1012000008BD186800225A6058B90020F8E706495E
:101210000648074A45231AF0D4FE054845211AF02E
:10122000C7FE18F071FAF0E7F28A0300CA1703004C
:101230000C1B030070B5C36805680E0C090C86B062
:1012400003FB0155CDE90453104B0393104B02935C
:10125000044600230822CDE9003218460D49042235
:101260001AF0EEFF3604A06AE26829461BF0E9FA9C
:1012700050B9E26AE3685279314620461AF09FFF7E
:10128000002818BF6FF0050006B070BD1E1D0300DA
:10129000321B03007C0503002DE9F04389B04B8825
:1012A00004931D4B03931D4B029308240023074610
:1012B000CDE900340D4618461949DFF8689004223C
:1012C0001AF0BEFFF86A21461AF0CAFF2C68241AE9
:1012D00080462C6004EA0906B44203D8002009B015
:1012E000BDE8F083082306AA214638461AF059FFC4
:1012F0000028F4D106A938461AF0BCFF40B1BDF869
:101300001A30BDF81C202C6006EA090613441E445E
:10131000A4EB0804E0E700BF091D0300531B030012
:101320007C0503000000FFFF70B588B0838804933C
:10133000114B0393114B029300250446082304220A
:10134000CDE900530E492B4628461AF079FF4FF697
:10135000FF76A368ADF81A3006A8ADF81860ADF8AE
:101360001C508DF81E601AF062FF06A920461BF083
:1013700041F808B070BD00BFEE1C03007A1B0300EB
:101380007C05030073B504460821C06A124E1AF0AA
:1013900067FF4FF6FF726368ADF800208DF80620F6
:1013A000E268191833401344181A00256060684633
:1013B000ADF80210ADF804501AF039FF6946204626
:1013C0001BF018F82046211D1AF024FF63682846F8
:1013D0003340A36002B070BD0000FFFF2DE9F04F65
:1013E00004469BB0C06A08211AF03AFF63681B0CE0
:1013F0001B04054609A9204609931AF00BFFDDF8E6
:1014000024B0E6685E44761B0CAA082331462046C9
:101410000A961AF0C6FE021EC0F2BB80E36A0CAA4E
:101420005979002312F8010B814240F0A180013369
:10143000082BF7D1A36862682B449A4280F0908011
:1014400059462046FFF7F6FE0246A2E0BDF83230CC
:10145000360C36041E440A960EAA0AA92046DDF868
:1014600028A01AF044FF0246002840F092800EA9FE
:1014700020461AF0FFFE18B9079B5345ECD1D9E777
:1014800063680B9310AA0BA920460B9E1AF02FFF3E
:10149000024600287DD1BDF84020BDF838309A4280
:1014A00038D062680B9B9A42ECD1B245E4D1BDF8CA
:1014B0003C30002BE0D00593BDF838300493374B17
:1014C0000393374B029308220023CDE900321846DC
:1014D000344904221AF0B4FEBDF83A704FEA1A43B8
:1014E0001B041F440EA8A368ADF83A301AF09FFE03
:1014F000E36ABDF83C901E68764206F02006B9F11A
:10150000000F0ED10EA920461AF074FF02460028E3
:10151000B2D03EE010A920461AF0ACFE0028C0D0A0
:10152000C3E74E45B04628BFC84612AA43463946CF
:1015300020461AF036FE024658BB4346A16812AA5E
:1015400020461AF01EFF41460246E06A1AF088FE65
:10155000A3680344A360E2B9A9EB08094744CEE7B6
:101560002046FFF7E1FE024600283FF469AF10E095
:10157000731B0CA9204607931AF09BFE00287FF4EA
:1015800065AF0AA92046FFF787FE024600283FF410
:1015900063AF10461BB0BDE8F08F00BF021D030013
:1015A000971B03007C0503002DE9F04704468EB02D
:1015B00000F1140738461DF0F9FBA06A8368DB6868
:1015C00098470346E06230B99A4A0090CDE901029B
:1015D000994901220FE0A06A8368DB689847036895
:1015E000013B1F2B0FD9954B02930023CDE900330C
:1015F0009149012218461AF023FE6FF0150528467E
:101600000EB0BDE8F087E368B3F5803F0ED94FF424
:101610008032CDE903328A4B02930023CDE90033B7
:101620008549012218461AF00BFEE6E7A06A2168F8
:101630000BAA1CF099FC08B1824BD5E7E5682DB1E7
:101640000C9BB5FBF3F203FB12550DB17E4BCBE7C0
:10165000238A012B05D87D4B0095CDE901532B46FC
:10166000B6E7E36A069593F805904FF0FF334FF025
:10167000FF32384614F0EAFCE06A08211AF0F0FD67
:10168000A8460646238A1FFA85FA534508D8238AB6
:10169000434523D1384614F025FE6FF02C05AEE704
:1016A000E1682B04891B13FA81F14A46082320467E
:1016B00006911AF084FD78B106A920461AF0AAFD19
:1016C00008F10108069908234A4620461FFA88F8BF
:1016D0001AF075FD0028DAD00135D3E79A450BD111
:1016E000069908234A46891B20461AF068FD18B956
:1016F00006A920461AF08EFD06A92046FFF7CCFD6C
:10170000054618B1384614F0EDFD78E7069B636096
:101710004FEA13484FEA0848C4F80880D4E9011397
:1017200099420FD3082307AA20461AF03AFD05462E
:101730000028E7D107AB13F8012B914543D10135C0
:10174000082DF8D163681B0C1B0406A920460693DC
:101750001AF060FDE36806994A4620461AF02FFD0C
:10176000051ECFDB636800F0858006EB03084FF6AB
:10177000FF79E368CDF818801FFA88F29B1B9A4224
:101780003DD3334B029300231846CDE900332A4959
:1017900003221AF055FD61682046FFF74BFD054610
:1017A0000028AFD163682B4AE16813400B44A3EBD8
:1017B000460363601340A3602046FFF70FFE054613
:1017C000002D73D09EE707A920461AF053FD6268EA
:1017D00010B9921B6260A1E7BDF82050BDF81E1041
:1017E000E06AC4F8088029441AF03AFD4044904267
:1017F000A060EED1002DECD06FF01C0593E0082323
:1018000009AA414620461AF0CCFC054600287FF480
:1018100079AF09A920461AF02DFD40B1BDF824305A
:101820004B4504D1BDF82830002B00F08280B04435
:101830009FE700BFC11B03007C050300E31B0300FF
:10184000001C0300291C0300411C0300551C03005D
:10185000C71C03000000FFFF5B1A4A4620461AF02F
:10186000AEFC051EFFF64EAF08D0E26AA368126810
:101870001344A360D4E901318B42EDD86168E36879
:1018800001EB46029A429BD1DFF8D480A26801EABC
:1018900008039A4294D02046FFF7CCFC0546002866
:1018A0007FF430AF636803EA0803A360E368A288AB
:1018B000A3EB46039A4232D0384614F013FD0123BD
:1018C000A374E3680493238A03930025254B0293B2
:1018D00028462B46CDE90055234903221AF0B0FCD7
:1018E0006368214900959AB21B0C03931F4B049225
:1018F000CDE9015328462B4603221AF0A1FCA36828
:10190000194900959AB21B0C0393194B0492CDE927
:10191000015303222B4628461AF092FC6FE620461C
:10192000FFF702FD0546384614F0DCFC002DC6D05A
:1019300065E6104B0C490095CDE9015303222B4677
:1019400028461AF07DFC63681B0C1B0406A9204680
:1019500006931AF05FFC06992046FFF76BFC2EE712
:101960000000FFFF781C03007C0503008F1C0300B0
:10197000A11C0300B21C03002DE9F04F1D4695B0D9
:10198000837C06910446049273B9664A66490093C3
:10199000CDE90132184601221AF052FC6FF00C0614
:1019A000304615B0BDE8F08FC26A082110461AF023
:1019B00057FC2946059010461AF052FCE368059A38
:1019C000A3EB8203AB420746C0F0A9801DB1049B84
:1019D000002B00F0A480636809930AAA09A9204695
:1019E000DDF824A01AF083FC06460028D8D1BDF803
:1019F0002830069A934206D06268099B9A42ECD13D
:101A0000002D36D1CCE70AA920461AF033FC002875
:101A1000F2D0BDF82A80BDF82C3045B39D4228D1C4
:101A2000E36ADDF810B01B684FEA1A4A5B424FEADE
:101A30000A4A03F02003D0440793AA46DDF81C901D
:101A4000D14528BFD1464B460CAA414620461AF044
:101A5000A8FB00284AD14A460CA958461EF0C1FAF4
:101A600038B9BAEB090AC844CB44E7D198E7002B50
:101A700096D0002F3DD1B84604F1140A4FF0FF3242
:101A80004FF0FF33504614F0E1FA238A9E4243D0D0
:101A9000A168626808EB01039A422FD3069BADF858
:101AA0003030FF238DF83630049AADF832102B46D3
:101AB0002046ADF834501AF064FC29460746E06A27
:101AC0001AF0CEFBA3680344A36057B90CA81AF020
:101AD000AEFB0CA920461AF08DFC002814BF074667
:101AE0002F46504614F0FEFB3E4659E7C1DC064641
:101AF00056E7059B1F441FFA87F8BDE72046FFF70E
:101B000041FC07460028ECD12046FFF767FC07465A
:101B10000028E6D10136B8E76FF01B07E1E76FF068
:101B200015063DE7AD1B03007C0503002DE9F047DA
:101B30001E4688B0837CBDF8409004460F46904610
:101B40006BB92F4A2F490093CDE901321846012283
:101B50001AF076FB6FF00C0008B0BDE8F087C06AA1
:101B600008211AF07DFBE368A3EB4003B34243D3A3
:101B7000D4F804A0CDF814A000254D455146DDF859
:101B800014A009D9636853451ED1BDF81830BB4273
:101B90001AD06FF00100DFE706AA05A920461AF067
:101BA000A6FB0028D8D1BDF81830BB4206D106A943
:101BB00020461AF05FFB08B10135ADB26268059BA3
:101BC0009A42DAD15146E0E7BDF81C30002BE0D054
:101BD000A945DED8BDF81A00090CB3424FEA01410D
:101BE00028BF33460144424620461AF0DAFA00285C
:101BF000B2D1BDF81C00AFE76FF01500ACE700BF35
:101C0000AD1B03007C0503002DE9F84FDFF800A1B0
:101C1000404FAAEB07038F2B814688460BD93E49DC
:101C20003E4A3F484FF4A6731AF0CBF94FF4A67121
:101C30003A481AF0BDF93B481AF0FCFB064600286A
:101C400037D13C4605464FF0010B54452AD9364959
:101C5000324A33484FF4AC731AF0B3F933481AF0F0
:101C6000B0F94FF4AC71E3E7237B83B12368DB6801
:101C70000BB120469847636883F806B023681B6958
:101C800043B963680422196820461AF0F8FB01364C
:101C90001034DAE7204698470028F2D00BFA06F312
:101CA0001D43F4E7E0D3B9F1000F02D04FF0010A71
:101CB0000DB9BDE8F88FA94695FAA5F4B4FA84F4F5
:101CC0000AFA04F3260107EB04146FEA030B25EA72
:101CD0000305237B5BB1BB591B69A3B93E440422B6
:101CE00073682046196809EA0B091AF0C8FB002D31
:101CF000E2D1B8F1000F04D04FF4A470002116F027
:101D0000CDFD4D46D4E7204698470028EFD1E5E7C2
:101D1000FC050300EC050300691D03003C1D0300E6
:101D2000CA1703007C280020991D0300BA1D030078
:101D3000014B53F820007047E809030008B503463B
:101D400008462BB1044A136000F00AFB002008BDCE
:101D50006FF01500FBE700BFC0040020144A1548CF
:101D6000002310B51370144A1360144A4FF4004155
:101D70001360FFF7E3FF124B124918468B4215D947
:101D80001149124A124840F227131AF01AF9114861
:101D90001AF017F90D4840F227111AF009F91A1A2A
:101DA0005C681211013222711033E7E7F7D310BDDE
:101DB0002034002031C4020074280020782800203C
:101DC000EC050300FC050300991D03003C1D030006
:101DD000CA170300BA1D030070B5134D297809BB5B
:101DE0000120FFF711FF114C114EB44217D91149D0
:101DF000114A124840F2C5131AF0E3F810481AF0DD
:101E0000E0F80D4840F2C5111AF0D2F863685B792A
:101E10001BB1236820469B6898471034E5E7F5D34B
:101E200001232B7070BD00BF20340020EC0503009F
:101E3000FC050300991D03003C1D0300CA170300A5
:101E4000BA1D030010B5044608481AF0F3FA5CB155
:101E5000BFF35B8F064B53E8001F013943E80012C4
:101E6000002AF8D1BFF35B8F10BD00BF742800209B
:101E70007828002070B5124B124C1B68124E054694
:101E80009847A860B44218D91049114A11484FF434
:101E900000731AF096F810481AF093F80C484FF4B3
:101EA00000711AF085F863685B7923B123682946CD
:101EB0001B68204698471034E4E7F4D370BD00BF98
:101EC000C0040020EC050300FC050300991D03007D
:101ED0003C1D0300CA170300BA1D0300044A054B4A
:101EE0009B1AB1EBD30F34BF52F83100002070477A
:101EF000C4040300EC0503002DE9F04F87B004AFE4
:101F0000D7E90EA93D6B04460E4693469846BAF1B2
:101F1000000F2BD0C7F80490CDF8009010217A6BF9
:101F200053460020FEF77EFC011E0BDA2849294AA1
:101F3000294840F265131AF044F840F2651125482B
:101F40001AF036F8B1F5006F11DB40F2FF7303931E
:101F5000224B02930023CDE9003321490222184687
:101F60001AF0AFFA0C37BD46BDE8F08F514604F0C9
:101F700007040BF0070BE40044EA8B1444EA412405
:101F800044EA055417350D4425F00705ADEB050D62
:101F900004ADBAF1000F13D0CDF800907A6B534620
:101FA00005F11000FEF73EFC002809DA0849094A4D
:101FB00009484FF4C4731AF004F84FF4C471BEE733
:101FC00043462246314628461AF062FACAE700BF65
:101FD000121E0300E61D0300CA1703001C1E0300A7
:101FE00084050300406820B1034BC01A40F3CF00C2
:101FF00070474FF0FF307047C40403000EB403B5C0
:1020000003AB014653F8042B0448019301F094FDFF
:1020100002B05DF804EB03B0704700BFFFC40200DC
:10202000CA0605D48B064CBF02490349FFF7E6BF39
:10203000704700BF138D0300541E03002DE9F04FBD
:1020400087B004469DF844600D4690469946002EA0
:1020500000F0B180042E0BD9A949AA4AAA4840F23F
:10206000462319F0AEFF40F24621A64819F0A0FF22
:10207000159B03F0020A03F001030493159B03F080
:10208000080B03F4807305931AF0F7F90246002851
:102090003ED09E492046FFF7B1FF0746BAF1000F38
:1020A00009D0159B13F0440F34D199492A46204694
:1020B000FFF7A4FF0744049B53B1964B964953F88E
:1020C0002620964B2046002A08BF1A46FFF796FFA7
:1020D000059B002B4AD0BBF1000F65D1B8F1000F72
:1020E00067D08F4942462046FFF788FF0546129B7E
:1020F0003D44002B6ED1149B002B40F08380159B38
:10210000DB0700F1F78015992046FFF789FFE4E02F
:102110000746C3E7834B18680028CBD0824B4FF4A7
:102120007A7A1B68B5FBF3F54FF46163B5FBF0F108
:1021300000FB11550AFB05F54FF03C0CB1FBF3F227
:1021400003FB1211B5FBF0FEB1FBFCF300FB1E55C7
:102150000CFB13110AFB05F50091B5FBF0F5734973
:10216000CDE901E52046FFF749FFA3E7BBF1000FEA
:102170001DD06F4B6F4953F826202046FFF73EFFD6
:102180000546B8F1000F05D0654942462046FFF7E5
:1021900035FF0544B9F1000FA9D067494A462046EA
:1021A000FFF72CFF0544A2E74FF00009E1E75D4689
:1021B000E7E745469BE7B9F1010F129B06D1DBB972
:1021C000149B002B00F0898000251BE0002BF7D02A
:1021D0005A4812E05A48129B5A49224619F0A6FE64
:1021E00000280CDA5849474A47484FF4287319F039
:1021F000E8FE4FF4287138E751483546EBE7149B69
:10220000002B67D0DFF84481DFF84491149F1599C3
:10221000102F204628BF1027FFF702FF4FF0000BBA
:102220005D4544DC139B49461A782046FFF7E6FEDD
:102230004FF0010B1BF0070F03D141462046FFF77B
:10224000DDFE5F453AD9139B494613F80B20204623
:10225000FFF7D4FE0BF1010BBBF1100FEAD13D49A2
:10226000DFF8F4B020464FF0000AFFF7C7FE5246F1
:10227000139B9A5CA2F120015F2928BF2E225946A8
:102280002046FFF7BBFE0AF1010ABAF1100F1AD07F
:102290001AF0070F03D141462046FFF7AFFE57451E
:1022A0005246E5D841462046FFF7A8FEEBE74146F7
:1022B0002046FFF7A3FE0BF1010BB1E727492046AB
:1022C000FFF79CFEC6E7139B3B441393149BDB1B59
:1022D00014939BD1002E7FF412AF6268A16820682E
:1022E000D2E900231AF0FDF8636800221A6007B0F3
:1022F000BDE8F08F094A08492046FFF77FFE02E754
:102300008B1E03005C1E0300CA170300961E030009
:102310009A1E0300F80903009B7D0300571E03006B
:10232000BF1E03008428002080280020A31E030075
:102330000C0A0300C31E0300C91E03001BC50200D4
:10234000FFC40200393B0100CE1E0300DF1E030064
:10235000D71E0300E11E0300EA8F0300DD1E030009
:10236000074A00210123904206D8064A01B90123F9
:102370001360054B1860704740085B000121F2E7CD
:1023800040420F008028002084280020F8B5074F25
:102390000D4604464618B44201D12846F8BD14F84B
:1023A000011BBB680148DB699847F4E7380203006A
:1023B00010B543681C6809481CF0A0FC48B90849DE
:1023C0000848094A992319F0FCFD0748992119F09A
:1023D000EFFD23685B685C6010BD00BF380203003E
:1023E000411F0300CA170300031F0300014B0360D2
:1023F00000207047540A030070B5104B1C680D464E
:10240000B4B10F4B196800238B4202DB6FF001005F
:1024100070BD224612F8106B864202D0013314467A
:10242000F2E7E0681CF06AFC28B12C600020EFE7BE
:102430006FF00C00ECE76FF01200E9E7CC0400202D
:10244000540A030010B588B0436802938368C068DB
:10245000CDE903320A680023CDE906230C4601AA20
:10246000044905931BF084FD079808B9059B236078
:1024700008B010BDFFC502002DE9F0410C4B1C68EF
:1024800005460E4617467CB100F0A0F96368204669
:10249000D3F8108032463B462946C047044600F038
:1024A0009FF92046BDE8F0816FF00104F9E700BF15
:1024B000B428002000230360044B5A6812B9C3E912
:1024C0000000704710605860704700BFB8280020B7
:1024D000014B1860704700BFB428002030B585B0AC
:1024E0000023CDE902330546019000F06FF9094B56
:1024F0001C6844B9284600F0F1F8044600F070F971
:10250000204605B030BD636820461B6801A9984786
:102510002468EEE7B82800201FB5CDE90101039239
:1025200000F054F9074B1C6824B900F059F9204613
:1025300004B010BD636820461B6801A99847246851
:10254000F2E700BFB8280020024B0022C3E90022B6
:10255000704700BFB8280020024B0022C3E90022C8
:10256000FFF7F2BFC02800202DE9F74307460C46CD
:1025700009B100230B60264DDFF8989000264D45E9
:1025800024D92549254A26489D2319F01AFD2548B6
:1025900019F017FD21489D2119F00AFDD5F800809A
:1025A00001AA414638461AF07CF850B116B954B920
:1025B0002E4606E03168002240461AF072F80028E4
:1025C000F5D11835DBE7019B2360F1E7E6D3164B25
:1025D0001D68C5B155F8188C01AA41463846183D0A
:1025E0001AF05FF850B116B954B92E4606E03168BA
:1025F000002240461AF055F80028F5D1AD69E8E709
:10260000019B2360F1E7304603B0BDE8F08300BFD3
:10261000FC0503008C060300A71F0300751F0300C1
:10262000CA170300BA1D0300C02800202DE9F0419D
:1026300088B00446DDF8388007900D4616461F46E0
:10264000B8F1000F07D0D8F80010F9B9D8F804E0B5
:10265000BEF1000F23D107A92046FFF785FFD0B1B7
:10266000D0F80C8007983B4632462946C0470346BF
:1026700008B3164B02930023CDE900331449CDE98A
:1026800003400122184619F0FCFF04E007AA1AF0E3
:1026900008F80028DAD1002008B0BDE8F081D8F8A9
:1026A000083007980E9332463B462946F44608B058
:1026B000BDE8F0416047074A0392074A02920822A8
:1026C000CDE90002024904940422DCE7CF1F030095
:1026D000CC0503000E200300F41F03002DE9F04792
:1026E000DFF8CC90DFF8CCA080464FF00047002602
:1026F000314C3D464C4530D93049314A31484FF490
:10270000897319F05EFC304819F05BFC2C484FF4DB
:10271000897119F04DFC2F46EAE7B8F1000F03D19B
:1027200022694AB91834E5E720680022414619F0C9
:10273000B8FF0028F4D1F5E76368BB4205DDAF427E
:1027400009D09D42A8BF1D46ECE7EBD19047002E73
:1027500008BF0646E6E71D46E4E7DED3DAF80040A8
:1027600004B3183CB8F1000F03D122694AB9A46937
:10277000F6E720680022414619F093FF0028F4D1C3
:10278000F5E76368BB4205DDBD4209D09D42A8BFA5
:102790001D46ECE7EBD19047002E08BF0646E6E762
:1027A0001D46E4E7AF42B6D13046BDE8F08700BF32
:1027B0008C060300C0280020FC050300A71F0300AF
:1027C000751F0300CA170300BA1D030003484FF02A
:1027D000FF324FF0FF3313F039BC00BF0408002074
:1027E000014813F07FBD00BF0408002038B5094D33
:1027F000FFF7ECFF2B783BB9FFF7AEFE00F0B4F823
:10280000044610B901232B700024FFF7E9FF20468E
:1028100038BD00BF223400202DE9F047048FDFF8D7
:10282000B0A0013498B006468946A4B200F108076A
:10283000651EADB2B5F5004F47D04A2305AA29461B
:10284000384619F0ECFD04F57F543F34A4B28046BD
:10285000214601230DF10B02384619F0E0FDB8F1D5
:10286000000F014610DC002810DC338FAB4209D189
:1028700032466B1E22F8383F4FF40041022338469F
:10288000FFF77AF82C46D3E7002808DC29463846BB
:1028900019F0C1FD2146384619F0BDFDE5E708F104
:1028A00060030DEB0308002308F84C3C5246CDF8BA
:1028B000009003AB05A80397ADF81040FFF7B6FEF4
:1028C0000028DFD018B0BDE8F0870020FAE700BF8D
:1028D00013C702007FB50BAB05930393064B02931E
:1028E00008220023CDE9003218460422FFF704FB3A
:1028F00007B05DF804FB00BF2820030070B5C36B70
:10290000036386B0044633B300F108063046FEF791
:102910004BFE0546E0B902230DF116024FF40041CB
:10292000304619F07CFD0028A8BFBDF816300B49D1
:10293000B8BF4FF400432387094B0393094B02931D
:1029400008220023CDE9003218460422FFF7C2FF17
:10295000284606B070BD6FF01205F9E7CC050300FC
:1029600038200300282003007FB501236946032097
:102970000193FFF741FD044660BB02AA01A90320B1
:1029800019F05FFE044610B110F10C0F22D103992B
:10299000B1F5803F23D2009A00239468184608447A
:1029A00084421AD30133082BF9D10E4D69612B8370
:1029B0005368AB602846D368EB63FFF79FFF04467C
:1029C00040B9094E6E602846FFF774FD28466E60D8
:1029D000FFF77EFD204604B070BD9BB2E5E76FF0C7
:1029E0002004F7E7C8280020D004002008B50548D7
:1029F00019F0D1FA044819F0CEFABDE808400348AE
:102A000019F0C9BA5220030086200300B920030040
:102A100030B5114DAB6887B00C46D3B10F4A104B9F
:102A2000012918BF134604930E4B03930E4B0293D8
:102A300008220023CDE9003218460C49042219F07F
:102A400014FF601EAB6818BF012007B0BDE830401E
:102A5000184707B030BD00BF08290020E720030059
:102A6000808E030035210300EB20030024050300C2
:102A700070B586B01C4605900B8A04930C4B0393EB
:102A80000C4B0293164600230822CDE900320A4976
:102A900005460422184619F0E8FE084B1B681BB1D6
:102AA0002246314628469847204606B070BD00BFF2
:102AB000492103000F2103002405030008290020F9
:102AC00030B1044B02681A6042685A6082689A60AA
:102AD000002070470829002008B50348034A002158
:102AE000121A19F0D3FE08BDB8090020443800209E
:102AF0000748084A084908B5121A19F0C9FE0748DC
:102B0000074A0849BDE80840121A19F0C1BE00BFC3
:102B100000000020B8090020689A0300000000208F
:102B200000000020689A030070B5064686B00D4686
:102B3000002938D08B6805934B6804930B68039386
:102B40000024244B24490293012223462046CDE948
:102B5000004419F09FFE6B6905932B690493EB68A1
:102B600003931E4B1C490094CDE9014301222346E7
:102B7000204619F08FFEEB690393194B1649009418
:102B8000CDE9014301222346204619F083FEAB69BB
:102B90000393144B10490094CDE9014301222346CD
:102BA000204619F077FE012E0DD1EFF30583103B7F
:102BB00003930D4B02930023CDE9003306493246BF
:102BC000184619F067FE2946304606B0BDE8704049
:102BD00012F020BEB0210300C4050300DF21030072
:102BE0000E2203001D2203004B22030030BFFFF71B
:102BF000FDBF00BF2DE9F0410B4EDFF8308006EB42
:102C00000807CC1B05463246094920461DF0B9F994
:102C1000A01942460021083C1DF0DBF96C6707F162
:102C20000800BDE8F08100BF0000000008000000BF
:102C30008C060300054B5A699B689A421FBF044AE1
:102C4000536843F080535360704700BFAC2C0020A2
:102C500000ED00E0F0B585B00024434B0293CDE9D0
:102C60000044234607460E4601224049204619F0FB
:102C70002CFE3F4B9B6ADB0465D53E4B3B490094E1
:102C8000CDE9014320462346012219F01EFE1720FC
:102C9000374B9B6A1D050AD5374B02930023184614
:102CA000CDE900333149012219F00FFE1820304DD3
:102CB000AB6A9C051FD50024304B029301222346AA
:102CC0002046CDE90044294919F0FFFDAB6BAA6A03
:102CD00010040FD503932A4B24490094CDE90143F6
:102CE00001222346204619F0F0FD1FB1AB6A23F400
:102CF0000043AB6219201E4B9B6A59050AD5214B34
:102D0000029300231846CDE900331849012219F037
:102D1000DCFD1A20164A936A13F4807315D01A4BFF
:102D2000029300231846CDE900331049012219F01F
:102D3000CCFD1B200E4A936A43F47F439362002329
:102D4000337005B0F0BD1620A2E7926A9204F1D567
:102D50000E4A06490093CDE901321846012219F0C6
:102D6000B4FD1C20E6E700BF5E220300C40503009B
:102D700000ED00E074220300852203009822030086
:102D8000B1220300C6220300E1220300F92203005E
:102D90001FB50024374B029301222346CDE900449E
:102DA0003549204619F091FD344B9B6A9A015ED556
:102DB000334B31490094CDE901432046234601229B
:102DC00019F083FD1E202D4B9B6ADB010AD52D4B8C
:102DD000029300231846CDE900332749012219F058
:102DE00074FD1F20254B9B6A1C030AD5264B0293BA
:102DF00000231846CDE900331F49012219F065FD73
:102E000021201E4B9B6A59030AD5204B02930023B5
:102E10001846CDE900331849012219F056FD222049
:102E2000164B9B6A9A030AD5194B02930023184646
:102E3000CDE900331049012219F047FD23200F4B43
:102E40009B6ADB030AD5134B029300231846CDE996
:102E500000330949012219F038FD2420074A936AFA
:102E60006FEA03436FEA1343936204B010BD1D2061
:102E7000A9E700BF28230300C405030000ED00E01C
:102E800040230300532303006D2303008B2303001F
:102E9000B0230300CA2303002DE9F04385B00024CA
:102EA000564B0293CDE9004423468046894620468E
:102EB00053491646012219F008FD524B9B6AD80669
:102EC00040D5514B0094CDE90143204623464C495F
:102ED000012219F0FAFC11244A4B9B6A19070AD502
:102EE0004A4B02930023CDE900334549012218469D
:102EF00019F0EBFC1224434DAB6A9A0724D5002449
:102F0000434B0293CDE9004423463D49012220462C
:102F100019F0DBFC6F6BAB6A1B0659D53D4B38498A
:102F20000397CDE90143009423460122204619F07E
:102F3000CCFCB9F1000F03D0AB6A23F08003AB6285
:102F4000132403E01024C7E76FF015072D4B9B6A8D
:102F5000D8070AD5304B02930023CDE90033284926
:102F60000122184619F0B1FC1424264B9B6A9906DD
:102F70000AD52A4B02930023CDE9003320490122D0
:102F8000184619F0A2FC15241E4DAB6ADA0602D4CD
:102F9000AB6A9B070AD56B68180507D541463846CA
:102FA00000F002FBB8B180F309880224154B9A6A3D
:102FB000920642BF5A6A22F400525A629A6A42F05A
:102FC000FF029A6220460023337005B0BDE8F0830B
:102FD0006FF01507B4E7AB6AD906E7D51049114A77
:102FE000114840F2271318F0ECFF104818F0E9FFE1
:102FF0000C4840F2271118F0DBFF00BFF523030057
:10300000C405030000ED00E00B240300852203004B
:103010003E240300562403006C240300F92203001D
:10302000BD2403008B240300CA17030007250300F7
:103030002DE9F041894B0446586890B0C0F308066A
:10304000002383F31188BFF36F8F02F07F45B5F142
:103050007F4F0CD102F00C05082D17D1804A814911
:103060000093CDE901321846012219F02EFC7E4969
:103070007E4A7F4840F2144318F0A3FF7D4818F0C1
:10308000A0FF40F21441794818F092FF120746BFA2
:103090000C461D460125002CE9D04FF00008F31E18
:1030A0008DF81F80092B00F2BF80DFE803F005B325
:1030B000B796BDBDBDBDBDBB6F4B6A49674FCDF86F
:1030C0000080CDE9018300230122184619F0FDFBA1
:1030D0008DF81F80FE6A16F0020605D0674BCDF80A
:1030E0000080CDE9018306E0FB6A002B0BDA644B1C
:1030F0000096CDE9016300235A490122184619F0D0
:10310000E4FB002230E0FB6A5B0076D55D4B55495D
:103110000096CDE9016301223346304619F0D5FB14
:103120007B69A26943F480737B61BFF34F8FBFF368
:103130006F8F7B6932F8022C23F480737B61BFF3BD
:103140004F8FBFF36F8F4DF602739A422CD12368D5
:1031500003934D4B43490096CDE901630122334669
:10316000304619F0B2FB22689DF81F30CBB908AE8B
:1031700004F1200720686168334603C30834BC4269
:103180001E46F7D10F9B002D62D0C3F3080121B971
:103190006FEA53236FEA43230F9308A91046FFF702
:1031A000C3FC10B0BDE8F081BB6ADBB23BB10DF1EE
:1031B0001F0201212046FFF76FFE0246D4E7BB6ADB
:1031C00013F47F4F05D00DF11F010120FFF742FDE1
:1031D000F3E7BB6AB3F5803F02D3FFF7D9FDECE715
:1031E0002A49224A224840F2ED2318F0EAFE2848F4
:1031F00018F0E7FE40F2ED2145E724491B4A1C4840
:103200004FF43C7318F0DDFE224818F0DAFE4FF45C
:103210003C7138E70DF11F020021CBE70DF11F01D2
:103220000020D3E71C4B5AE71C4A1D4B0D4910F4F4
:10323000F87F18BF1346103ECDE90336194B0293B1
:103240000023CDE900330122184619F03EFB58E770
:1032500023F4FF7323F001039EE700BF00ED00E0BD
:1032600058250300C4050300832503008B240300B5
:10327000CA17030096250300D4250300EB2503009D
:103280000C2603001A26030039260300F28A0300E5
:103290005526030079260300A92603003F250300D5
:1032A0002A250300CD260300044B5A6942F0100280
:1032B0005A615A6922F008025A61704700ED00E035
:1032C000EFF30880EFF3098101B57246FFF7B0FE16
:1032D00001BD00BF002080F31488BFF36F8F0F483B
:1032E00080F3088811F00EFC00200D490860BFF340
:1032F0004F8F00F02BF8402080F3118809484FF4DD
:103300000461401880F30988EFF314800221084318
:1033100080F31488BFF36F8F00F016F9005F002070
:1033200094ED00E0404D00200749D1F890200023A3
:10333000C2F307221846934200DB7047C1F8983069
:10334000C1F8A0000133F6E700ED00E008B572B661
:10335000002383F31388FFF7E7FF144B4FF0FF328E
:10336000C3F88020C3F88420C3F88820C3F88C20D9
:10337000C3F89020C3F89420C3F89820C3F89C2089
:10338000C3F88021C3F88421C3F88821C3F88C21B5
:10339000C3F89021C3F89421C3F89821C3F89C2165
:1033A00062B6BFF34F8FBFF36F8F08BD00E100E03F
:1033B000084B9B6883420BD1EFF3058343B1064B67
:1033C0005A6842F080525A605A6A22F400425A62A5
:1033D00015F006BBAC2C002000ED00E014498A6813
:1033E0004FF030001044EFF3098C80E8F01F4020CC
:1033F00080F31288BFF36F8F0E4F4FF000664A695B
:103400008A603E60506F0C4C2060906F0023936781
:1034100080F3118804B5104600F02AF9BDE8044095
:1034200002F1300090E8F01F8CF30988704700002B
:10343000AC2C002004ED00E0142900201EF0040F45
:103440000CBFEFF30880EFF30980816911F8021CCB
:103450000229FFD001B5724619F02CFA01BD00BF58
:1034600040B2002807DB044A4109012300F01F0095
:10347000834042F82130704700E100E040B200286C
:103480000CDB4309064900F01F0020330122824073
:1034900041F82320BFF34F8FBFF36F8F704700BFFA
:1034A00000E100E0054B420900F01F0053F8222024
:1034B000012303FA00F01040704700BF00E100E074
:1034C00038B5D30704460D4612D48B1C072B10D9F0
:1034D000114A124912486B2318F073FD114829460E
:1034E0000623224618F06DFD0B486B2118F060FD95
:1034F000002360B20028ACBF00F160400A4A4FEAE6
:103500004313B8BF00F00F00DBB2AABF00F5614063
:10351000135480F8003338BDE0260300172703005A
:10352000CA1703003227030014ED00E0044B054ADC
:1035300023F07F039360BFF34F8FBFF36F8F70470C
:103540000000000000ED00E008B5FFF7EFFF074ABC
:10355000D2F8883023F47003C2F88830FFF7BCFA41
:10356000FFF7C6FA00F05AF812F0A6FA00ED00E0F4
:1035700042F8203C009B42F81C3C0A49019B42F85F
:10358000183C029B42F8143C21F001014FF080737B
:1035900042F8043C42F8081C0023203A0265836785
:1035A000704700BF690C0100094A0346906870B17A
:1035B00013F1160F406E05D0A0F140029A4205D8D3
:1035C000834203D2814228BF002070470020704709
:1035D000AC2C002008B515460B4A0C4B9060426F8E
:1035E0001A600E4600F044F82C4686F30988002045
:1035F000034B98472046002100220023014C20471E
:10360000F9C80200690C0100AC2C0020142900202C
:10361000014B10221A61704700ED00E004480023BE
:103620004021C2180133272B82F80013F9D17047CB
:1036300000E100E008B5EFF30583064A103B02EB1A
:10364000C30152F8330049688847BDE80840FFF7D6
:10365000F1BA00BF98020300024B034A034801215C
:1036600000F0ECB80000012000000020100B030067
:10367000426E054B403A1A60044A4021C3E90112E8
:103680001846012100F000B91829002000000B1590
:1036900000B5134AC2F898000B6823F01F030343D8
:1036A00043F01003C2F89C308B6843F0010389B0EB
:1036B000C2F8A0308B6806930B680A49CDE9040371
:1036C000094B0393094B029308220023CDE90032F2
:1036D0001846042219F043F909B05DF804FB00BF55
:1036E00000ED00E0A4050300F8290300762703009D
:1036F00030B5174BD3F89030C3F30723013B984202
:1037000087B00D4604460FD9124B02930023039055
:10371000CDE9003310490122184619F020F96FF065
:103720001504204607B030BD0C4B03930C4B02939D
:1037300008220023CDE900320490074918460422EC
:1037400019F00DF929462046FFF7A2FFE9E700BF6F
:1037500000ED00E08D270300A4050300042A030008
:10376000B32703002DE9F04FDFF89480DFF8949041
:10377000DFF894A08BB00E461F4604460025B542E4
:1037800013DA6368002B38D0C7B1591E0B4210D032
:103790001E4B02930023CDE900331B490395012200
:1037A000184619F0DCF86FF0150210460BB0BDE8B2
:1037B000F08F1F2BECD923681942E9D100235FFA5F
:1037C00082FB0822CDE90032184604225146CDE999
:1037D000038BCDF8089019F0C2F823680793D4E959
:1037E000010319F0ACF807A9034358460993FFF702
:1037F0007FFF10F1160FD6D0421C01350C34BEE706
:103800001D2A0300FB270300A4050300D82703009B
:10381000044B0522C3F89420BFF34F8FBFF36F8F83
:10382000704700BF00ED00E0BFF35F8F024B002246
:10383000C3F89420704700BF00ED00E038B50D4D8F
:1038400001232A780C46FFF78DFF287016300FD120
:10385000094A0A490A484FF4BF7318F0B2FB0948F5
:10386000214618F0AEFB04484FF4BF7118F0A0FBDE
:1038700038BD00BF2334002022280300F28A030051
:10388000CA1703005128030010B5144A0023127808
:103890000C46FFF767FF10F1160F08D0104A002101
:1038A000D2F89030C3F30723984210DB10BD0D4AC5
:1038B0000D490E4840F29D1318F083FB0C48214639
:1038C00018F07FFB074840F29D1118F071FBC2F819
:1038D0009800C2F8A0100130E2E700BF23340020B6
:1038E00000ED00E022280300F28A0300CA1703005B
:1038F0007D2803002DE9F04F7D4C7E4ED4F89030AA
:103900003568C3F307239D428BB013D97A4A7B49AC
:103910007B4840F2F71318F054FBD4F89020794814
:103920002946C2F3072218F04CFB40F2F711724807
:1039300018F03EFBD4F890307349C3F30723049387
:10394000724B0393724B029300240823CDE900438A
:1039500004222346204619F002F8FFF765FF0C27E2
:10396000A5422DD16B4C6C4F257006A8FEF73EFD8D
:10397000DFF8A881DFF8A89106460025AE4227D1DE
:1039800023785B490020D1F89020C2F307229342AC
:10399000C0F2A480FFF73CFFD1F89030C3F30723B7
:1039A000082B00F0A1805F49534A554840F2692333
:1039B00018F007FB5C4818F004FB40F26921B6E7F9
:1039C0007168204607FB0411FFF762FE0134C7E768
:1039D000069A02EB05132901D3F80CA00AEA0700A6
:1039E000B0F5000F60D00AD8B0F5001F38D0B0F5A0
:1039F000800F4ED0B0F5801F12D00135BEE7B0F178
:103A0000807F5CD0B0F1007FF7D19868D3F804A034
:103A1000525818F094FFCDE907A240F480200BE043
:103A20009868D3F804A0525818F089FFCDE907A28E
:103A300040F0885040F430200990207807A9FFF723
:103A400057FE002846DA2D492B4A2D4840F2212303
:103A500018F0B7FA354818F0B4FA40F2212166E7B9
:103A60009868D3F804B0525818F069FF1AF0010FA3
:103A700040EA0800CDE907B20990DED02C491E4A81
:103A80001F48832318F09DFA2A4818F09AFA8321D8
:103A90004DE79868D3F804A0525818F050FFCDE9CC
:103AA00007A240EA0900C7E79868D3F804A0525873
:103AB00018F045FFCDE907A240F08270BCE7986896
:103AC000D3F804A0525818F03AFFCDE907A240F00D
:103AD0008870B1E72378013323708EE7C1F89830FE
:103AE000C1F8A00001334EE700200BB0BDE8F08F15
:103AF00000ED00E01C0B030022280300F28A030003
:103B0000CA170300AA280300A4050300E92903003B
:103B1000DE280300233400200000F0FF000008111D
:103B20000000020278290300C82903004E2903007F
:103B3000F92803001F290300F0B587B007460E4699
:103B400014460021102268461D461CF042FA02234A
:103B50008DF802302A46054B019321466846CDE98F
:103B6000047617F043FE07B0F0BD00BF7FC9020026
:103B700008B5024817F088FDFEE700BF412A0300A0
:103B800008B5024B1B689847002008BD2429002077
:103B9000034B044A1860937843F002039370704714
:103BA000242900201405002008B50649064821F004
:103BB0000701C1F1005202F58032FCF7A5FD00209B
:103BC00008BD00BF777B00202829002070B541691F
:103BD000867A0B4D044659B1437ADB0706D4342369
:103BE00003FB0653DB6A1B689B68984700236361ED
:103BF0003420214606FB0050BDE870401BF001B99F
:103C00004C080020024B342202FB0030704700BFFA
:103C10004C080020827A074B342101FB02331A6BD7
:103C200093F824301B33801A23F00303B0FBF3F026
:103C3000704700BF4C08002038B5074B827A342407
:103C400004FB0233DB6AD3E901240C601568FFF73B
:103C5000E1FF04FB005038BD4C08002008B5437A52
:103C60004BB10C490C4A0D485A2318F0AAF95A21B5
:103C7000094818F09DF943683BB10949064A0748CD
:103C80005B2318F09EF95B21F2E703824369C3606E
:103C900008BD00BF6B2A0300462A0300CA170300B1
:103CA0007C2A03002DE9FF47054668460391174625
:103CB0001C461BF0B4F9DDE9008955B95D495E4A3F
:103CC0005E484FF4817318F07CF94FF481715A48C3
:103CD00018E005F11C06EFF3118A402383F31288E4
:103CE000BFF36F8F304615F0EBF868B9544A554969
:103CF0005248882318F065F93146534818F061F9A5
:103D000088214F4818F054F9304615F0FDF86B8CB7
:103D1000002B5CD02A8C9A4239D9002200232846F5
:103D200012F0C8FC0446002831D0304615F0D6F811
:103D300068B9434A454941484FF49A7318F041F92C
:103D40003146434818F03DF94FF49A71D9E78AF3A8
:103D50001188BFF36F8F039D002D5BD042464B4609
:103D600068461BF081F9A27A3A4B342101FB0233F9
:103D70002046DB6A1B6803A91E68DDE90023B04703
:103D80006061002839D12046FFF720FF30E06C8CBD
:103D9000631E6B84304615F0A1F80028C9D08AF361
:103DA0001188BFF36F8F95F824302A8C1B33121BB8
:103DB0002C6B23F0030302FB0344264B264AEB1A29
:103DC0009B105343A37295F82430E372C3E7304647
:103DD00015F084F80028ACD08AF31188BFF36F8FF8
:103DE00023463A46284612F065FC04460028B2D124
:103DF0000024204604B0BDE8F087039B9D420AD909
:103E000016490D4A0D4840F2571318F0DAF840F2FF
:103E100057115CE76561012300212381039BE27A4E
:103E20006160638204F118001CF0D3F82046FFF7AC
:103E300015FFDEE7515B0300462A0300CA170300A3
:103E4000881A0300E11A0300F61A0300B51A0300EA
:103E5000CC1A03004C080020C54EECC4962A03007F
:103E600070B50C46054658B92849294A29484FF4E7
:103E7000CF7318F0A6F84FF4CF71254818F098F8D2
:103E800049B92549224A234840F29F1318F099F86E
:103E900040F29F11F1E7EFF31186402383F312887C
:103EA000BFF36F8F1D4815F00BF860B91C4A1D4910
:103EB0001848882318F085F818491B4818F081F82D
:103EC00088211748DAE7154815F01EF8002323600B
:103ED0006B689BB9C5E90044104814F0FFFF80B936
:103EE0000F4A12490B484FF49A7318F06AF80B49BD
:103EF0000F4818F066F84FF49A71E2E71C606C60A6
:103F0000EAE786F31188BFF36F8F70BDEF410300BE
:103F1000462A0300CA17030039320300342900205F
:103F2000881A0300E11A0300F61A0300B51A030009
:103F3000CC1A030070B5044658B923492348244AD3
:103F400040F2AB1318F03DF8214840F2AB1118F0E5
:103F50002FF8EFF31186402383F31288BFF36F8F9E
:103F60001C4814F0ADFF60B91B4A1C491748882350
:103F700018F027F817491A4818F023F8882116482E
:103F8000E5E7144814F0C0FF25682DB162682B687E
:103F90002360954208BF63600E4814F09FFF68B924
:103FA0000D4A104909484FF49A7318F00AF8094964
:103FB0000D4818F006F84FF49A71E0E786F311887F
:103FC000BFF36F8F284670BDEF410300CA1703008F
:103FD000462A030034290020881A0300E11A03004E
:103FE000F61A0300B51A0300CC1A0300F8B505460B
:103FF00098B1194E34272C466D68237ACBB9174AED
:10400000174918484FF4E17317F0DBFF21461648B3
:1040100017F0D7FF4FF4E17108E014490F4A114837
:104020004FF4DE7317F0CDFF4FF4DE710B4817F03D
:10403000BFFF013BDBB2237253B9E3606360A37A35
:1040400007FB036320469B6A1BB19847002DD2D122
:10405000F8BDFFF7BBFDF9E74C080020462A030036
:10406000A72A0300CA170300B02A0300393203004D
:1040700008B558B907490848084A40F2E71317F04D
:10408000A0FF064840F2E71117F092FF027A0132D2
:10409000027208BD39320300CA170300462A030022
:1040A00008B5034658B908490848094A40F232237E
:1040B00017F087FF064840F2322117F079FF1846C3
:1040C0005B68002BFBD108BD39320300CA1703001F
:1040D000462A030070B50D46044658B90F49104AE8
:1040E000104840F23D2317F06CFF40F23D210C4890
:1040F00017F05EFF49B90C49094A0A4840F23E23CD
:1041000017F05FFF40F23E21F1E746681EB1084616
:10411000FFF7C6FF4660656070BD00BF0B2F030050
:10412000462A0300CA170300C52A030038B505460E
:104130000C4659B90C490D480D4A40F2492317F075
:1041400040FF0B4840F2492117F032FF20B9BDE88B
:1041500038400846FFF78CBFFFF7A2FF2146FFF764
:10416000B9FF284638BD00BFC52A0300CA1703009F
:10417000462A030008B548B90B490C4A0C482B23C2
:1041800017F01FFF2B21094817F012FF83883BB15E
:104190000849064A06482C2317F013FF2C21F2E7A2
:1041A00083680B44036008BD39320300D22A030040
:1041B000CA170300FE2A030008B5034600689A6880
:1041C000821A91420BD9094909480A4A40F255130B
:1041D00017F0F7FE074840F2551117F0E9FE9A88EC
:1041E000401A11441860998008BD00BF1D2B0300C0
:1041F000CA170300D22A030008B582888A42034600
:104200000BD2094909480A4A40F2C31317F0D9FEF4
:10421000074840F2C31117F0CBFE521A82800068A3
:104220000844186008BD00BF0D2B0300CA17030027
:10423000D22A030008B5034600689A888A420BD246
:1042400008490948094A40F2CF1317F0BAFE074857
:1042500040F2CF1117F0ACFE521A01449A80196057
:1042600008BD00BF0D2B0300CA170300D22A0300AC
:10427000F8B5858803680E4604465F1918F0B1FB4F
:10428000B04209D206490748074A3E2317F099FE73
:1042900005483E2117F08CFE3544A5803846F8BD10
:1042A000412B0300CA170300D22A0300044A01234A
:1042B000C2F840354FF080420020C2F87835704790
:1042C00000E0014048B1054B054A1B68B3FBF2F31F
:1042D0005843044B43F0010318477047E806002099
:1042E00040420F003009030008B50448044A3F2348
:1042F000C0E9002310F042FD002008BD382900204D
:10430000FFFF01000E4B402970B528BF40210D4C26
:1043100046181D46B04203F1020304D1002305F8FC
:104320001130074870BD02781209A25C03F8022C14
:1043300010F8012B02F00F02A25C03F8012CE9E750
:1043400079340020B02B030010B586B003780493B5
:104350004378039383780293C37801930379054CE0
:1043600000934379044A1221204617F0ADF9204604
:1043700006B010BD67340020922B030030B50378DF
:104380008BB0044607AD032B21D8DFE803F0021AF7
:104390001C1E12492846FBF795F90595637804938E
:1043A000A3780393E37802932379019363790093CD
:1043B000A3790B4A0B481E2117F086F909480BB068
:1043C00030BD0949E6E70949E4E70949E2E7094A56
:1043D0000A21284617F078F9DFE700BFFA11030039
:1043E0001C120300493400200112030008120300CC
:1043F000121203009284030010B5034C25222146BB
:1044000000F07AFB204610BD243400202DE9F04353
:104410000D468BB0102107461646FFF773FF0024A8
:10442000DFF874901D4B1E4904904FF008080422D9
:10443000029320462346CDE90048CDF80C9018F0B1
:10444000EBFA03212846FFF75DFF164B1449009451
:10445000CDE90390CDE9018304222346204618F0DC
:10446000DBFA2A88AB78ADF8182021460D220DF131
:104470001B008DF81A301BF0ACFD06AA1146384619
:104480000FF0FEFF28B9BDF818209DF81A303280D1
:10449000B3700BB0BDE8F083EA2B0300C12B03001F
:1044A0002C050300CC2B030070B50D4688B01021FD
:1044B0000646FFF727FF04462846FFF745FF114B46
:1044C0000393114B0293CDE9044008230024CDE966
:1044D00000430E4904222046234618F09DFA07AAFD
:1044E000E91C3046FFF792FF48B9032207A9284686
:1044F0001BF077FDB0FA80F0400908B070BD20468F
:10450000FBE700BFED2B0300D52B03002C050300B8
:104510002DE9F043DFF80881BFF35B8F9946D8F8A7
:104520000030BFF35B8FDD0789B0044617462CD5FA
:1045300068B93C4B3C490090CDE901030122034698
:1045400018F07BFA6FF0010009B0BDE8F08307A90D
:1045500018F0CBF83549024620461BF052FD0446C0
:104560000028EFD1BFF35B8FD8F80030BFF35B8F2B
:104570001907C3F3C0050AD52D4B2B490090CDE98F
:1045800001030222034618F058FA0020DCE7A8F1E4
:10459000D406072231464846B847062807461ED8A3
:1045A000244B21490095CDE9015301222B46284691
:1045B00018F043FA204B0493204B0393204B0293B3
:1045C0000823CDE90073184933460422284618F021
:1045D00034FA48F8D45CF571C6F80350D5E70723E0
:1045E000DFF86080B0FBF3F7DFF83C90F771134F12
:1045F0003546F3799C42C8DA2846FFF7BFFE002310
:104600000822CDE90440CDE90032CDE90287042239
:104610004946184618F011FA01340735E9E700BF9A
:104620000C040020072C0300440503000F120300B4
:10463000282C03004C2C0300712C0300932D030045
:10464000523603007B2C03002DE9F04389B09D799D
:10465000DDF840905E791F7993F803C093F802E08B
:1046600093F801801B780446B9F1000F1CD0CDE906
:104670000639CDE904E81346CDE9027CCDE90056C0
:104680000F4A17F021F80F4B03930F4B02930822A8
:104690000023CDE900320D4904940422184618F095
:1046A000CCF909B0BDE8F083CDE90583CDE903CEAF
:1046B0001346CDE90167064A009517F005F8E2E7D1
:1046C000892C0300C62D0300CE2C030044050300F3
:1046D000AD2C03002DE9F0410E4686B000210446C2
:1046E00018F003F80D282FD1237B302B2AD0312B43
:1046F0002AD101233546274605F8063B04F10C086C
:104700002A46384601230221023717F0A8FC474504
:1047100005F1FF35F4D13046FFF730FE0C4B039323
:104720000C4B0293CDE9044008230024CDE900435B
:10473000204609492346042218F07FF9204606B096
:10474000BDE8F0810023D5E76FF01500F7E700BF63
:10475000AF2D0300E22C03004405030030B585B003
:104760000F4B03930F4B029300240823CDE9004322
:104770000D4923460422204618F05FF9FEF736F86B
:10478000054650B1094B0390CDE901430649009419
:1047900023460122204618F050F9284605B030BDC6
:1047A000822D0300C91E030044050300F72C0300FB
:1047B00070B504468CB01E461546A2B129B10A4612
:1047C00002A8042117F00AFC02A900912B462246F8
:1047D000242103A8FFF738FF109A314603A8FDF7FC
:1047E0004BFE0CB070BD0346044A242103A816F00A
:1047F0006BFF0028F0DA6FF01500F2E71C2D0300C4
:104800001FB50C4B0C48DA79C2EBC20200920022B1
:104810001146FFF7CDFF50B1084B029300230390E0
:10482000CDE9003306490122184618F006F905B013
:104830005DF804FB380300200F120300222D030053
:104840004405030030B504468DB0154692B129B138
:104850000A4602A8042117F0C1FB02A900912B46C9
:104860002246242103A8FFF7EFFE03A817F005FF57
:104870000DB030BD0346054A242103A816F024FFDD
:104880000028F2DA6FF01500F2E700BF1C2D0300DC
:1048900007B5009313460A4601460348FFF788FF11
:1048A00003B05DF804FB00BF477203000A460146EF
:1048B0000148FFF7C7BF00BF4772030007B5009369
:1048C00013460A4601460348FFF772FF03B05DF83E
:1048D00004FB00BF4172030007B5009313460A466C
:1048E00001460348FFF764FF03B05DF804FB00BF17
:1048F000056D030007B500220346009103481146E9
:10490000FFF756FF03B05DF804FB00BF39720300E8
:1049100008B5024812F002FC002008BD94050020F2
:104920002DE9F04385B0304B304D0293DFF8C08065
:104930003049CDF80C8000230824CDE90034184616
:10494000042218F07AF8BFF35B8F2B68BFF35B8FFC
:1049500013F0010F2F4644D015F8CD6CA5F1D40902
:10496000CEB902F035FE044668B1234B21490096CA
:10497000CDE9016301223346304618F05EF8204647
:1049800005B0BDE8F08399F8076026B902F030FE63
:1049900004460028E9D1BFF35B8F2B68BFF35B8F20
:1049A000580701D401F0A2FABFF35B8F57E8003F2C
:1049B00023F4006247E800210029F7D1BFF35B8FA1
:1049C00019050ED50D4B029308220023CDE90032C4
:1049D0000849CDF80C800422184618F02EF8FFF78D
:1049E00097FF0024CBE700BFC91E03000C04002082
:1049F0009F2D0300440503003D2D0300612D03009E
:104A000007B5009313460A4601460348FFF7D0FE58
:104A100003B05DF804FB00BF0C7D03000A460146AD
:104A20000148FFF70FBF00BF0C7D030030B50B4DF1
:104A30000B4B87B0002428460393CDE9044412F0C1
:104A400001FC03AB0093284606490A234FF4E862B1
:104A500012F012FC204607B030BD00BFC018002085
:104A6000EC2D0300803800200146014812F0A0BC64
:104A7000C0180020014601481AF036BAC0180020BC
:104A80000378012B30B513D0022B27D07BB9194BFB
:104A90000A4603F1100453F8045B42F8045BA34296
:104AA000F9D11B78137043884B731B0A8B7330BD8D
:104AB000104B0A4603F1100453F8045B42F8045B00
:104AC000A342F9D11B78137043684B73C3F30722D9
:104AD0001B0CCB731B0A8A730B74E8E700F11003FD
:104AE00050F8042B41F8042B9842F9D103780B704D
:104AF000DDE700BF122E030010B5034686B01C7818
:104B0000012C0846114609D0022C0AD0FCB95B885A
:104B1000124A06B0BDE8104016F0D6BD5B68104AD8
:104B2000F7E7B3F801200492D3F803200392B3F817
:104B300007200292B3F809200192B3F80B200092EB
:104B4000D3F80D30074A16F0BFFD06B010BD0021A6
:104B500006B0BDE810401BF03CBA00BFCE590300C0
:104B6000DA210300F52D030010B517F0E3FF1AF06A
:104B7000CBF90E4C30B1BFF35B8F2368BFF35B8F73
:104B80007BB910BD13F034FCBFF35B8F2368BFF318
:104B90005B8F1BB9BDE8104013F09CBC0A209847FE
:104BA000F8E7BDE810400A20184700BF4029002060
:104BB000811EC9B21E2938B5044604D81A4820FA05
:104BC00001F1C9070CD41949194A1A487A2317F078
:104BD000F8F9194817F0F5F915487A2117F0E8F9AE
:104BE000164817F0D8FE0546D0B1082C1AD00CD8BC
:104BF000022C10D0042C15D011490E48114A522312
:104C000017F0DFF90F485221E8E7102C01D0202CD3
:104C1000F2D1052100E0042105F10C0017F0F5FEAA
:104C2000284638BD0221F7E741000040522E03001C
:104C3000232E0300CA170300972E030050090020FB
:104C4000F28A0300B72E0300054BBFF35B8F53E8D6
:104C5000002F43E800010029F9D1BFF35B8F7047B3
:104C6000402900200F2810B50CD80D280CD90A486F
:104C700017F091FE044618B104210C3017F0C5FE60
:104C8000204610BD1328F2D009B10448F0E7BDE872
:104C900010400220FFF78CBF84090020B4080020D8
:104CA00070B586B0184B0393184B029300260C4640
:104CB0000823CDE90401CDE90063154933460546D3
:104CC0000422304617F04EFF23684BB911491248B1
:104CD000124AFA2317F075F91048FA2117F068F90B
:104CE0006268DA60236862895A822068FFF77EF979
:104CF0001022314620461BF06CF9284606B0BDE86C
:104D0000704017F017BF00BF732F0300E92E030098
:104D1000D4040300052F0300CA170300232E030049
:104D20002DE9F043044689B00D46984617464AB926
:104D30002E492F4A2F48D62317F043F9D6212C4865
:104D400017F036F938B92C49294A2A48D72317F0E1
:104D500038F9D721F3E701F10C09484617F03DFE79
:104D600038B92649224A2348DB2317F02AF9DB21E8
:104D7000E5E7284617F007FF064638B120491C4AE8
:104D80001C48DD2317F01DF9DD21D8E71D4B0393E7
:104D90001D4B029308230422CDE90003CDE90578D9
:104DA00003461A49049417F0DDFE04F10C0148464D
:104DB00017F0F5FD484617F010FE012310FA87F0B2
:104DC00060826372278239464846FFF715FAEB681E
:104DD000C8F804306B8AEE602046A8F80A306E826C
:104DE000C8F8005009B0BDE8F08300BF3D2B0300B8
:104DF000232E0300CA170300122F0300172F0300EE
:104E0000342F0300872F03004D2F0300D404030029
:104E100010B5084C0146062294F86F0004F084FE99
:104E200038B994F86F000449BDE81040052204F039
:104E30007BBE10BD38030020782B03001FB5014650
:104E40000B48FFF70DF80B490B481AF04DF80028F6
:104E50000ADA0A4B029300230390CDE90033084994
:104E60000122184617F0D1FE05B05DF804FB00BF23
:104E700084040020B405002060190020A72F03003F
:104E8000040503001FB501210C30FFF7D3F90378A7
:104E90000393064B02930023CDE90033044901221A
:104EA000184617F0B2FE05B05DF804FBC42F0300EE
:104EB000040503001FB5C3681C880121204603F0C8
:104EC0008FFF034650B9084A08490394CDE901020F
:104ED0000090012217F099FE04B010BD04B0BDE8A7
:104EE000104003F08FBD00BFE62F03000405030050
:104EF00070B5C568B5F8016088B00121304603F08F
:104F00006FFF044658B9134B13490396CDE90103CB
:104F100000900346012217F078FE08B070BD2B798F
:104F20000793EB7806930D4B05932B7804930C4B6A
:104F300003930C4B029308220023CDE9003218465C
:104F40000549042217F061FE204608B0BDE8704014
:104F500003F058BDE62F030004050300148D030081
:104F6000B43C03000A30030070B5C4681949E37803
:104F7000B4F8015088B0CDE90653174B0593237858
:104F80000493164B0393164B029308220023CDE99A
:104F900000321846042217F038FE26787EB90F2119
:104FA000284603F01DFF044658B90E4B09490395E6
:104FB000CDE9010300900346012217F026FE08B058
:104FC00070BD314603F0E8FD204608B0BDE87040F2
:104FD00003F018BD04050300148D0300EC3C03002E
:104FE0003D3003006A30030070B5C6681A49F37893
:104FF000B6F8014088B0CDE90643184B05933378E5
:105000000493174B0393174B029308220023CDE917
:1050100000321846042217F0F8FD337883B90F21C7
:10502000204603F0DDFEF378054658B90E4A118894
:1050300031B96FEA04546FEA145414800B4A1370A8
:1050400008B070BD0373012103F0A6FD284608B027
:10505000BDE8704003F0D6BC04050300148D0300C6
:10506000773D03003D30030000340020FA34002077
:1050700030B502EBC303044687B008469A4202D11A
:105080006FF05E0016E0114611F8085BA54217D1DB
:10509000038A517899420FD9CDE90334094B029321
:1050A00000231846CDE900330749012217F0ADFD72
:1050B0006FF0150007B030BD536898470020F9E73E
:1050C0000A46DBE7903003000405030070B586B0A4
:1050D00005460C46FFF7CCFF5F3011D1268AE06809
:1050E0003146FFF70FF9074B02930023CDE9046027
:1050F000CDE90033044903950222184617F085FDD7
:1051000006B070BDB23003000405030030B50121C4
:1051100087B005460C30FFF78DF8037804930B4BEE
:1051200003930B4B029308220023CDE9003204467F
:1051300008491846042217F068FD074A2078022320
:10514000294607B0BDE83040FFF7C0BFAB3D0300C4
:10515000D430030004050300F00B030070B50121F7
:1051600086B005460C30FFF765F8037804930B4BC7
:1051700003930B4B029308260023CDE90036044627
:1051800008491846042217F040FD074A20783346A4
:10519000294606B0BDE87040FFF798BFDA3C03002F
:1051A000D430030004050300300C0300F0B50121E6
:1051B00087B005460C30FFF73DF803780493164B93
:1051C0000393164B0293002406460823CDE90043BF
:1051D000134923460422204617F017FD3678114A5A
:1051E000234629463046FFF743FF5F3011D12F8A0F
:1051F000E8683946FFF786F80B4B09490396CDE975
:105200000470CDE90143009423460222204617F0A2
:10521000FCFC07B0F0BD00BF733C0300D4300300BA
:1052200004050300700C0300E83003001FB5C368D9
:1052300007491B780393074B02930023CDE9003302
:105240000222184617F0E1FC05B05DF804FB00BF30
:10525000040503001A3103007FB5C568B5F8016085
:105260000121304603F0BCFD044658B9104B1149EA
:105270000396CDE9010300900346012217F0C5FC17
:1052800004B070BD2B783BB9D5F80330C0F8993025
:10529000D5F80730C0F89D304FF48031201D17F04D
:1052A000A5FC204604B0BDE8704003F0ABBB00BFD6
:1052B000E62F03000405030030B53C2887B00546FF
:1052C00020D102F08FFB6FF48071103017F0ADFC2D
:1052D0000020FFF79DFD044650B9114B1149009085
:1052E000CDE901030122034617F08FFC07B030BD62
:1052F0000573002103F050FC204607B0BDE83040A4
:1053000003F080BB084B0749CDE90303074B029329
:105310000023CDE900330222184617F076FCE5E7BA
:105320004231030004050300148D030063310300C0
:105330002DE9F04F614BDFF888A189B0CDE9051365
:10534000604B0293002608230746CDE90063894697
:105350009046079204905C49CDF80CA03346042295
:10536000304617F052FCBFB1BFF35B8FDFF85CB182
:105370005BE8004F4BE80063002BF9D1BFF35B8F74
:105380006CB9534B50490397CDE901430094234630
:105390000122204617F039FC09B0BDE8F08F204605
:1053A000FEF738FC4B4D0C2303FB00504288BA42F9
:1053B0002AD02046FEF72EFC0C2303FB0050424966
:1053C00043880096CDE90373434B0122CDE9016385
:1053D0003046334617F019FCBFF35B8F5BE8003FA4
:1053E0004BE80042002AF9D1BFF35B8F002BD3D0EA
:1053F0003A493B483B4A40F6042316F0E2FD39485F
:1054000040F6042116F0D4FDA0450AD02046FEF750
:1054100025FCB8F81020D8F80C1004F10C0017F097
:10542000E8FA2046FEF7F6FB0C2606FB0050436820
:10543000ABB1B9F1000F12D12046FEF7EBFB06FB32
:10544000005001214268D2E90003127A03F01F06DE
:10545000B1405B0962B300EB830017F0C7FB204645
:10546000FEF7D8FB0C2606FB00508368D3B11E4B19
:10547000029308220023CDE9003218461249CDF8E4
:105480000CA0042217F0C1FB2046FEF7C3FB7043BB
:1054900005F800902046FEF7BDFB06FB0055A86806
:1054A00011F092F9204609B0BDE8F04FFEF79EBD1D
:1054B000C94300EB830017F0B8FBD0E7148D03005D
:1054C000043F03007F310300040503008004002033
:1054D000A931030044290020D131030038320300F0
:1054E000CA170300043203003D3203002DE9F043E4
:1054F0000C4687B012F07CFFE36850491E78238A7F
:10550000CDE904434E4B03934E4B029300250823F1
:10551000CDE9005304222B46284617F076FB022ED5
:1055200000F08180042E10D0474B44490396CDE90A
:10553000015301222B462846009517F066FB2046B2
:10554000FEF754FD6FF0150411E0238A022B14D8E6
:1055500003933E4B39490095CDE9015328462B462C
:10556000012217F052FB2046FEF740FD002412F006
:10557000B1FF204607B0BDE8F083E26850783E28CE
:105580000BD1032B02D10393314BE3E7D378012BEB
:1055900001D00A2B47D1032604E017F015FB06467D
:1055A000F0073ED504F10C05284617F016FA012144
:1055B00007462846B4F81090FEF71EFE0221284642
:1055C000FEF738FE804600783E2816D1E3681B7847
:1055D000012B2CD00A2B2AD002251E4A1E491F4817
:1055E00041F2451316F0EDFC002383F31188BFF35D
:1055F0006F8F0323184602DF04E017F0E5FAC107B6
:105600000546EAD5164A98F8000006232146FFF71A
:105610005DFDAA070DD56369A4F8109013FA87F70A
:10562000E760B307A2D52046FFF708FC9EE70325F5
:10563000E8E72046FEF7DAFCF3E700BF04050300C5
:10564000C23D030053320300BA3203006532030047
:105650008132030004320300A1320300CA170300A1
:10566000C00B03002DE9F04389B00024704BDFF834
:10567000C491714902934FF0080823460422204642
:10568000CDE90048CDF80C9017F0BFFA6B48FEF753
:1056900051FC0546002800F0988000F10C073846C0
:1056A00017F08BF92B8A64490094CDE90503644B0C
:1056B0000646CDE90183CDE9039523460422204621
:1056C00017F0A3FA022E05D0042E00F081805D4B66
:1056D000039613E05C4BDFF8749157490495CDE9CC
:1056E0000183CDF80C90234600940422204617F045
:1056F0008CFA2B8A032B09D80393554B4E490094FF
:10570000CDE901430122234620463BE004213846EF
:10571000FEF790FD0388478847491E0BFF22C3F31D
:105720000B036B832A76CDE903934A4B0094CDE9B2
:105730000183CDE9057623460422204617F065FA59
:105740002B8A9F420FD0CDE90337434B3A4900944F
:10575000CDE9014301222346204617F056FA284698
:10576000FEF744FC1CE0688B0F2103F039FB044674
:1057700058B96B8B0393394B2F490090CDE9010346
:105780000122034617F041FAE9E703F055FB3246E0
:1057900028762946204603F031F8204603F032F9F6
:1057A0002F4BD3F84C3183B12E492F4819F09CFB75
:1057B00000280ADA2D4B029300230390CDE9003331
:1057C0001D490122184617F020FA09B0BDE8F08300
:1057D00002213846FEF72EFD03780493244B0393F1
:1057E000244B154900940746CDE901832046234602
:1057F000324617F00AFA38783E2812D017F0E4F94A
:1058000010F002040DD11C4A1C491D4840F6A84363
:1058100016F0D7FB84F31188BFF36F8F032318466C
:1058200002DF184A387806232946FFF74FFC96E72F
:10583000CE320300473D030004050300840400202A
:10584000ED320300D6330300073303003F3D03006E
:105850001233030033330300513303007533030065
:1058600038030020B405002060190020A72F030092
:10587000353D03009733030004320300A8330300CF
:10588000CA170300000C030070B5C568564BB5F885
:1058900001608AB00821069605932B780493534B38
:1058A0000393534B02930023CDE90031184651492D
:1058B000042217F0AAF90121304603F091FA0446B8
:1058C00058B94D4B4B490396CDE90103009003466F
:1058D000012217F09AF90AB070BD2B781A2B00F14B
:1058E000040619D1C378012B62D14FF480413046B0
:1058F00017F07CF942040FD4D4F88C30089308A92F
:10590000D4F894300993204605F036F820460AB0C2
:10591000BDE8704003F076B82B78002B48D1B5F87D
:105920000320364840F2E2414A43C4F88820B5F8E3
:105930000510A4F89010B5F80710A4F89210A2F57D
:10594000EA510C39814209D903922D4A2949009321
:10595000CDE901321846022217F057F9B4F8903019
:10596000B3F5FA7F0AD30393264B02930023CDE9C4
:10597000003320490222184617F047F9B4F8922064
:10598000A2F10A039BB240F676418B420AD91E4B24
:10599000029300230392CDE90033164902221846F0
:1059A00017F033F96FF48051304617F03EF917E0E5
:1059B000BFF35B8F6368BFF35B8FDB04F2D52B789B
:1059C000202BEFD194F89830002BEBD0013B84F8DA
:1059D00098304FF42032002304F1400011F06CFDA8
:1059E000204603F07BFE91E7148D03009C3C0300EE
:1059F000EA33030004050300E62F030095F03C00A2
:105A00000A34030031340300583403002DE9F04F09
:105A1000C768008A3B780422012112FB03148442E8
:105A200089B00FD90393554B02930023CDE904406D
:105A30000A46CDE900335249184617F0E6F809B096
:105A4000BDE8F08F04934F4B029300240823DFF846
:105A500038914B49CDF80C90CDE9004320462346C0
:105A600017F0D3F8DFF818A13B789C42E7DA07EB90
:105A700084030026B3F80180B3F80350434B02932C
:105A80000823CDE900630422334651463046CDE970
:105A90000485CDF80C9017F0B8F80F21404603F0BC
:105AA0009FF9834630B100F1C00885B9584602F02D
:105AB000A9FF0AE0364BCDF80C80CDE90103009038
:105AC00003460122514617F0A0F80134CCE7DBF879
:105AD0001420AAB92F4B2A490092CDE9012313467D
:105AE0001846012217F091F82B492C4A2C4840F215
:105AF0009D2316F066FA40F29D21284816F058FAC8
:105B0000DBF818001168CBF81410824208BFCBF8FC
:105B100018105846079202F0F5FD10F055FE079A4E
:105B20001660DBF82010A1B9CBE90722BFF35B8F29
:105B3000D8F80020BFF35B8F013DADB26AB91949B7
:105B4000164A174840F2A62316F03BFA40F2A62167
:105B5000D3E70A60CBF82020E8E7BFF35B8F58E873
:105B6000002F013A48E800210029F8D1BFF35B8FEC
:105B70000021584602F0D2FD97E700BF84340300AD
:105B800004050300AF340300913D0300C234030059
:105B9000D9340300F5340300F28A03000432030011
:105BA000CA1703000C350300094BBFF35B8F1A685B
:105BB000BFF35B8F02F00B02BFF35B8F53E8001F54
:105BC00043E800200028F9D1BFF35B8F704700BF86
:105BD0000C04002010B5C1E900239DF808300B72B9
:105BE0000C46FEF717F8034B0C2202FB00335C60F7
:105BF00010BD00BF44290020F0B502460B461E48E8
:105C000087B016F0C8FE1D4B044668B903931C4BC1
:105C100002930823CDE900031A490346042216F033
:105C2000F4FF204607B0F0BDCDE90330164B0293D8
:105C3000002508230422CDE900531249134E2B46B8
:105C4000284616F0E2FF042104F10C00FEF792FA58
:105C50002046FDF7DFFF0C2707FB0060458020464C
:105C6000FDF7D8FF07FB006085602046FDF7D2FFF7
:105C700007FB00667560D4E71C090020483F03005D
:105C800025350300040503000733030044290020E1
:105C900029289ABF014B185C092070472C3C03004F
:105CA000F0B5C3682B49B3F801601D782A4B89B061
:105CB000CDE90453294B0393294B02930822002377
:105CC000CDE9003218460422069616F09EFF0F21F9
:105CD000304603F085F8044658B9224B1D49039617
:105CE000CDE9010300900346012216F08EFF09B0B2
:105CF000F0BD6DB12846FFF7CBFF2946024620468E
:105D000003F0F4FD204609B0BDE8F04002F07ABE91
:105D10008778012FEED10AF09FFF204616F03CFF56
:105D200006460028E6D10520FFF7B2FF052102460E
:105D3000204603F0DBFD0C4B06490096CDE90163DC
:105D4000304633463A4616F060FF0521204603F000
:105D50002FF9D7E704050300148D0300143D030059
:105D60006C3503006A3003008B350300F0B5C6685C
:105D70003849B6F80170F378357889B0CDE9067303
:105D8000354BCDE90453354B0393354B0293082231
:105D90000023CDE900321846042216F036FF0F2109
:105DA000384603F01DF8044658B92E4B294903978D
:105DB000CDE9010300900346012216F026FF09B049
:105DC000F0BD45B12846FFF763FF2946024620464D
:105DD00003F08CFD0EE0F378C27A9A4210D1224B88
:105DE0000392CDE901531B4900952B460222284618
:105DF00016F00BFF204609B0BDE8F04002F002BEED
:105E00008278C372012A05D00020FFF741FF0021EC
:105E10000246DCE70BB10AF01FFF204616F0BCFE7D
:105E200005460028F0D10520FFF732FF0521024684
:105E3000204603F05BFD0D4B06490095CDE901536B
:105E400028462B46012216F0E0FE0521204603F0ED
:105E5000AFF8CFE704050300148D0300013D0300F4
:105E6000B13503006A300300DF3503008B350300D2
:105E700010B592B004460749442201A81AF081F8EF
:105E8000102C9BBF12AB03EB8404034854F8440C62
:105E900012B010BDA40603000E36030010B5C3688F
:105EA0000E491B7888B008220693038ACDE90403C3
:105EB0000B4B03930B4B02930023CDE900320446B6
:105EC0000422184616F0A1FE074BD3F87001836830
:105ED0009B68214608B0BDE8104018470405030040
:105EE000D13D030016360300380300202DE9F043AE
:105EF000042189B03748384D384EDFF8E480DFF8A8
:105F0000E49016F073FE384B03930024374B354969
:105F10000293032223462046CDE9004416F075FE85
:105F2000EA79334B2846012A88BF1E46FEF726FA37
:105F3000304B2C490094CDE90360CDE901430322A5
:105F40002346204616F061FE2F460126EB799E423D
:105F500007F107072EDB95F870402046FFF788FF12
:105F6000B5F876300693B5F872301E490390CDE946
:105F700004430024204B0293032223462046CDE90C
:105F8000004416F042FE95F871603046FFF770FF4E
:105F9000B5F8743013490390CDE90463174B0094AE
:105FA000CDE9014303222346204616F02EFE09B018
:105FB000BDE8F0833846FEF7E1F90023CDE9036040
:105FC000CDE90148009403224946184616F01DFE0B
:105FD0000136BBE70C04002038030020148D0300B9
:105FE0005936030004050300343603003836030035
:105FF000303603004A3603006A360300A836030031
:10600000004870477C1703001FB5094B0393094BE9
:10601000029308220023CDE90032184606490422E3
:1060200016F0F3FD054805B05DF804EB11F076B805
:10603000633C0300CF36030004050300A4050020E1
:1060400070B5054686B00C4661B94FF0FF304FF091
:10605000FF31FFF7D1FD044620B96FF068052846EF
:1060600006B070BD238A2449CDE90453234B039322
:10607000234B029308220023CDE900321846042264
:1060800016F0C3FD2046FDF7C5FD1E4B0C2202FB9A
:106090000033A61830465D8016F09FFC03280BD90C
:1060A00003213046FEF788F80580238A033B83707E
:1060B0000121304616F07AFC40F635439D4213D15B
:1060C0002046FFF7EBFE0546A0B10F4B02930023DD
:1060D0000390CDE9003318460749012216F095FDDB
:1060E0002046FDF783FFBAE70848214618F07EFEF8
:1060F000FFF78AFF0025B2E704050300383F0300DD
:106100004D35030044290020DB3603008C040020B9
:10611000F0B5C468364B268836498BB0B7B20393C6
:10612000354B029308220023CDE9003218460422A1
:10613000049716F06AFD0121384602F051FE05462B
:1061400058B92E4B2B490397CDE901030090034624
:10615000012216F05AFD0BB0F0BD06AFD4F80220B4
:10616000D4F8063001976189009117F0D1FD60B332
:106170004FF0FF304FF0FF31FFF73EFD044660B9AE
:106180001F4B1C490094CDE901430122234616F020
:106190003CFD284602F036FCDDE712210C30FEF70C
:1061A00067F802463B4622F8026B0AAF1E4603CE52
:1061B000BE4210605160334602F10802F6D121461A
:1061C00042F21A00FFF73CFFE3E74FF0FF304FF0D9
:1061D000FF31FFF711FD04460028D1D002210C3019
:1061E000FEF746F82146068042F21B00EAE700BFB0
:1061F000CB3C030004050300FD360300E62F03003B
:106200000B3703007FB506460D464FF0FF304FF0C9
:10621000FF31FFF7F1FC044650B90C4B0C490090DC
:10622000CDE901030122034616F0EFFC04B070BD76
:1062300003210C30FEF71CF821460680857042F2DF
:10624000210004B0BDE87040FFF7FABE223703001A
:106250000405030070B5C368D9789A781E8886B0A3
:1062600042EA0122ADF8102059791A7942EA012256
:10627000ADF81220D9799A7942EA0122ADF81420BA
:106280001A7A5B7AB5B242EA032301212846ADF8B7
:10629000163002F0A5FD044678B91F4B1F49009047
:1062A000CDE9010303950346012216F0AEFC02215D
:1062B0002846FFF7A7FF06B070BD04A903F07AFADD
:1062C00038B91E212846FFF79DFF204602F09AFBB1
:1062D000F1E74FF0FF304FF0FF31FFF78DFC05463F
:1062E0000028F2D00E210C30FDF7C2FF00230680FB
:1062F000C0F80A30BDF810304380BDF812308380FA
:10630000BDF81430C380BDF816300381294642F22F
:106310002000FFF795FED8E7E62F030004050300F1
:106320002DE9F041024686B00B46424DD5F8541196
:1063300019B9002006B0BDE8F08105F5987010F09D
:10634000C7FA03460028F4D13B4A0292DFF8EC80FA
:106350003B49CDF80C800822CDE90002042216F05A
:1063600054FC0022002305F5AA7010F0A3F904469E
:1063700068B9344A3449354840F6B84315F021FE2F
:1063800084F31188BFF36F8F0323184602DFD5F81B
:10639000483183B100262E4B29490293012233460E
:1063A0003046CDE9006616F030FCD5F84801FDF71F
:1063B0001DFEC5F848612046FDF75AFEC5F84801A4
:1063C0002046FDF727FC234E05940C2707FB0060B1
:1063D000002543881A49CDE903831F4B0293082304
:1063E000CDE9005328462B46042216F00EFC204629
:1063F000FFF754FDE0B1194B0390CDE9015310496B
:1064000000952B460122284616F0FFFB144810F099
:10641000DBF92046FDF7FEFB07FB0066224670888D
:106420001F21FEF785FF2046FDF7E0FDFFF7ECFD9D
:1064300001207FE7380300203C370300113F0300B1
:10644000040503000432030039320300CA170300B5
:106450004A3703004429002065370300DB36030078
:10646000680400202DE9F04F91B0054609920C46D2
:1064700069B94FF0FF304FF0FF31FFF7BDFB044625
:10648000B8B96FF06806304611B0BDE8F08F887A71
:10649000FDF7B8FB654B83420BD065496548664AFA
:1064A00040F2C51315F08DFD634840F2C51115F09B
:1064B0007FFD238ADFF8849161490494CDE9055377
:1064C000604B029300260823CDE90063CDF80C90C1
:1064D00033460422304616F098FB0DF1280A314667
:1064E0000122504618F09BFC2046FDF793FBDFF895
:1064F00058B10C2303FB00B0C0F808A02046FDF7FC
:10650000B7FD01462846FFF79BFD064618B1204619
:10651000FDF76CFDB7E719F001FE4C4B1A584C4BD8
:106520009A422DD14B4818F076FC4B4B029308222F
:106530000023CDE90032CDE904044149CDF80C90A7
:1065400004220746184616F060FB4FF4A0200021F5
:10655000FFF7E6FE804688B9374A404935484FF490
:10656000F97315F02EFD3E48294615F02AFD88F3F3
:106570001188BFF36F8F0323184602DFBC42D1D1CD
:106580004FF4A0220023504610F0A2F9074698B11C
:106590004FF4FC73284A3349264815F012FD32485F
:1065A0003A46294615F00DFD002383F31188BFF309
:1065B0006F8F0323184602DF2046FDF72BFB0C23C9
:1065C00058431BF80070BFB1284B1D490395CDE916
:1065D0000473274B029300231846CDE900330222AF
:1065E000093F16F012FBFFB22046FDF7FFFC092F12
:1065F00018D8204BDE5746E7238A1149CDE90553C9
:106600001D4B02930823CDE90073CDE903943B466B
:106610000422384616F0F9FA099B002B3FF477AFB5
:106620001C6030E76FF004062DE700BF1C09002056
:10663000F28A0300CA17030004320300233F030059
:1066400004050300933703004429002008000000DC
:10665000202700208C040020B3370300CE3703002E
:10666000D637030039750300F6370300148D030095
:106670003B380300223C03005A38030070B586B053
:1066800006460D4605AA002142F22F00FFF7EAFE5A
:10669000044660B11D4B02930023CDE900331C4931
:1066A0000122184616F0B1FA204606B070BD0598D2
:1066B000C368B3F801203280B3F803302B80FDF7B4
:1066C00095FC3388A3F11B02E02A0AD90393114BEE
:1066D0000F490094CDE9014302222346204616F0DB
:1066E00094FA2A88A2F5A4739BB244F248118B4213
:1066F000DAD9094B029300230392CDE90033044910
:106700000222184616F081FACEE700BF7A3803005D
:10671000040503009A380300BF38030010B5F9F7E9
:1067200033F9034B1B6813B1BDE81040184710BD87
:1067300068290020F0B5324D074685B0D5F87001C4
:1067400018F0DCFA034660B92E4A2F490090CDE9D3
:106750000102012216F059FA6FF01204204605B02A
:10676000F0BD6FF0020105F1D40016F05EFA0121D0
:1067700016F03CFA10EA01063FD1FDF7EFFF0446A0
:106780000028EBD1214B1F600122114605F59870BE
:1067900018F045FB05F5AA7018F01BFB1C4810F01B
:1067A00051FD1C491A4800946FF0070340F6980207
:1067B00010F062FD1849164818F0ACFBD5F87001CE
:1067C000164983681B689847044658B1144B0390D8
:1067D000CDE901630C49009633460122304616F09C
:1067E00014FABBE727B905B0BDE8F040F9F7CCB81B
:1067F00005F1C40010F092FCB0E76FF07704ADE74C
:1068000038030020EA3A0300040503006829002049
:106810006019002000400020023B0300ED540100FD
:106820000B3B03002DE9F04F04788FB005465CB1B7
:1068300076497748774A40F2975315F0C2FB75487E
:1068400040F2975115F0B4FB734BB0F801801988F2
:1068500090F803B048F47042914208BF1C8000F1E8
:10686000040608BF6D4B30460CBF1F782746FDF766
:1068700085FD05F1110982464846FDF765FD684B27
:10688000684A0593CDE908A00023CDE9068B4FF0B7
:10689000080ADFF894B1654904931846CDE9003A37
:1068A0000292CDF80CB0042216F0AFF905F10B00FE
:1068B000FDF74AFD5E4A5D4900230093CDE903B030
:1068C000CDE901A21846042216F09FF900F0D2FB90
:1068D000EB78012B08BF574B304608BF93F86F4049
:1068E00016F024F9314620B30CA816F014F9D5F8A7
:1068F0001130CDF82930B9F80430ADF82D304FF013
:106900000109EB78012B2BD03046FDF737FD4A4BC0
:106910000293002345490390CDE900331846012234
:1069200016F073F91321404616F0E5F90FB0BDE8F3
:10693000F08F204600F05EFB034600680C909A88BA
:106940009B796868ADF834208DF83630B288B37919
:1069500095F804900A90ADF82C208DF82E30D0E7F1
:106960000CA8FEF755FA04460028CDD00346B5F82A
:10697000012023F8702B0C989DF83620BDF83410B8
:1069800020679A719980B5F8173040F2E24253437C
:10699000C4F88830B5F81930A4F89030B5F81B3039
:1069A000A4F89230EB78E3700022012B22731CD103
:1069B0008DF82890BDF82C209DF82E300A98A4F868
:1069C0007B2084F87D30C4F8770001F00BF8237A3F
:1069D0001849C3EBC3035A18CB58C4F87E309388C8
:1069E000A4F88230937984F884300721204602F09D
:1069F000D3F827B127730121204602F0CDF82046B5
:106A000002F0B0FA204601F0FDFF8FE7273B0300BC
:106A1000CA1703000432030000340020FA340020B7
:106A2000148D03003B3B0300E83E03000405030014
:106A3000763B030038030020873B0300F0B5C468B1
:106A4000257891B02DB1284611B0BDE8F040FEF791
:106A500033BC261D3046E778FDF790FC214B2249D8
:106A6000CDE90453214B0393214B02930823CDE935
:106A70000670CDE9005328462B46042216F0C5F8CF
:106A800023788DF82030B4F80130ADF82130E37868
:106A90008DF82330B4F80B30ADF83730B4F80D3042
:106AA000ADF83930B4F80F30ADF83B30637C8DF879
:106AB0003D3060680990A37A22898DF82A300D4B09
:106AC000ADF8282008A81A689B88CDF82B20ADF8CF
:106AD0002F30CDF83120ADF83530FFF7A3FE11B0DF
:106AE000F0BD00BF148D030004050300843C0300C7
:106AF000A33B03008C2B0300F0B5042187B00546AF
:106B00000C30FDF797FB104B4688477803930F4BEB
:106B10000293044600230822CDE900320C49049672
:106B20000422184616F071F821782A463046FEF7FE
:106B3000FFFB3FB107480FF047FE07B0BDE8F0404C
:106B4000FFF762BA07B0F0BD683D0300C33B030026
:106B50000405030068040020F0B5032187B0054652
:106B60000C30FDF767FB1A4BB0F801600778039310
:106B7000184B029300240823CDE9004316490496DC
:106B800023460422204616F040F8EB68197840F6B8
:106B900035439E420ED1114B0094CDE90313104BA7
:106BA0000D49CDE9014302222346204616F02DF877
:106BB00007B0F0BD2A463046FEF7BAFB002FF7D0EB
:106BC00008480FF001FE07B0BDE8F040FFF71CBA1F
:106BD000573D0300C33B030004050300148D03006D
:106BE000D53B0300680400201FB50E4B03930E4BEA
:106BF000029308220023CDE900320C4918460422F2
:106C000016F003F800200021FFF78AFB20B105B041
:106C10005DF804EBFFF7F8B905B05DF804EB02F09E
:106C200003BA00BF563C03000D3C030004050300FB
:106C3000F8B50A4DEF7906460024E3B29F4202D828
:106C40006FF0010007E02946304616F0DBF8073503
:106C5000631C08B12046F8BD1C46EEE7380300204F
:106C600037B504460D46B9B11649284616F0CAF89C
:106C700090B91548C4EBC4042946204416F0CAF85C
:106C8000124816F0CEF8430703D5FDF741FE15F084
:106C9000E4FE002003B030BD684615F02EFF00284A
:106CA000F8D16846FFF7C4FF0028F5DA064BC4EBBD
:106CB000C4001844694616F0ADF8002DE0D0014636
:106CC0002846DBE77F2B0300380300200C0400205C
:106CD000F0B50F4687B014460546002839D108465E
:106CE000FDF74CFB1E4B03931E4B02930823CDE98B
:106CF00000531D4904902B462846042216F097F8AD
:106D00004FF0FF304FF0FF31FEF776FF054620B31E
:106D100027210C30FDF7ACFA394616F07BF8064611
:106D20002246C31D04F1100152F8040B43F8040B72
:106D30008A42F9D11022002106F1170019F049F911
:106D40000022294642F2270007B0BDE8F040FFF7D5
:106D500089BB6FF0150007B0F0BD6FF06800FAE76F
:106D60004A440300424003000C05030070B5174A73
:106D7000174B184986B0061E08BF13460493164BDE
:106D80000393164B029300250823CDE900530422F8
:106D90002B46284616F04BF84FF0FF304FF0FF31EE
:106DA000FEF72AFF044660B131460C3015F02DFE87
:106DB0002A46214642F22D0006B0BDE87040FFF79A
:106DC00051BB6FF0680006B070BD00BFD514030062
:106DD0004E4003000C050300264403005236030016
:106DE000F0B587B00646FDF7AFFA244B0393244B6A
:106DF000029300250823234F23490490CDE9005333
:106E0000042228462B4616F012F806223946304650
:106E100019F0E7F868B34FF0FF304FF0FF31FEF79D
:106E2000EBFE044638B3062231460C3015F0E1FD86
:106E300021462A4642F20500FFF714FB044678B1CA
:106E400010F10D0F09D1114B0F490095CDE90153F8
:106E500002222B46284615F0EAFF204607B0F0BD77
:106E60003B46326843F86929B288BA80012283F828
:106E700068200024F1E76FF06804EEE77344030034
:106E800052360300A10300200C0503005640030006
:106E90002DE9F043471C01F101088DB004460E4670
:106EA0003846414615F0AEFF2A3416220021054629
:106EB00006A819F08EF8102206A9204619F091F8BC
:106EC00030B1102206F12A01204619F08AF800B1EB
:106ED00095B34046FDF752FA1021054606F12A0007
:106EE000FDF710FADFF85890164B17490293CDE9D9
:106EF00004504FF0080800252B4604222846CDE90F
:106F00000058CDF80C9015F092FF3846FDF736FA90
:106F1000102106462046FDF7F5F90C4B0095CDE90A
:106F20000460CDE9018328462B460749CDF80C9033
:106F3000042215F07CFF012528460DB0BDE8F08342
:106F40005F440300654003000C0503008740030015
:106F500038B505460C4659B92049214A214840F226
:106F6000D73315F02EF840F2D7311D4815F020F830
:106F7000086848B91C491A4A1A484FF4767315F044
:106F800020F84FF47671F0E74DB91849144A1548C6
:106F900040F2D93315F015F840F2D931E5E7037A1C
:106FA0005A0709D512490E4A0E4840F2DB3315F054
:106FB00008F840F2DB31D8E74B686BB90B7A13B9AC
:106FC0002B7A5B0708D52A7803789A4204D02946A1
:106FD000FFF75EFF00B1656038BD00BFD74003001A
:106FE000A9400300CA170300EF4003001241030049
:106FF0002A410300F0B50C4687B00646F0B9D1B17E
:107000000AF004F8B8B1451C2846FDF7B7F9074661
:107010002046FDF7B3F90A4B03930A4B029308236A
:10702000CDE90470CDE900630749334604223046B8
:1070300015F0FDFE2C46204607B0F0BD0024FAE70F
:10704000864403005F4103000C050300084BBFF3B7
:107050005B8F53E800CF4CF4806C43E800C2002AF9
:10706000F7D1BFF35B8F037A19430172704700BFFA
:107070000C0400200A4BBFF35B8F53E8002F22F46F
:10708000806143E800100028F7D1BFF35B8F530500
:1070900004D504490022022009F046BF704700BF12
:1070A0000C04002011CF02001FB50023CDE90233EC
:1070B00001908DF80C1001AA0349022009F034FF59
:1070C000029805B05DF804FB516F0100F0B505466C
:1070D00089B018B3471C3846FDF750F9694B039344
:1070E000694B029300260823684C0490CDE90063A5
:1070F000674933460422304615F099FE94F8223150
:107100001BB194F823219A420AD994F82331013310
:1071100084F823312B7A43F004032B7209B0F0BDBD
:1071200031463046022202F0FFFC064648B12846AE
:107130000121FFF78BFF304609B0BDE8F04001F0B8
:1071400061BC0146534800F047FC94F82331A3B1D9
:107150003046FFF70BFE80B14F4B0096CDE901633F
:10716000022233464A49184615F061FE4B48002179
:1071700009B0BDE8F04000F02FBC94F8232194F84A
:1071800022319A4222D10026454B414902930222E4
:107190003046CDE90066334615F049FE32463146A9
:1071A00042F22900FFF75EF930B13E4B0096CDE97F
:1071B000016301223346D5E794F82331013384F883
:1071C00023312B7A43F004032B72CFE72A4639464A
:1071D00012F82A0BFFF77CFD064640B1324B0293B2
:1071E0000023CDE900332A490122184613E094F820
:1071F0002331013384F823312B7A43F004032B72BB
:1072000094F8A73013F004030BD1284A20490093C7
:10721000CDE90132022215F00AFE0120FFF7A6FD9A
:10722000A4E73846FDF7AAF8214B03930124214B2C
:10723000174902930825CDE9040433460422304659
:10724000CDE9006515F0F3FD394606A815F0E2FD1D
:107250004FF0FF304FF0FF318DF81F40FEF7CCFCB0
:10726000044660B12A4606A90C3015F0C2FB32462E
:10727000214642F24E00FFF7F5F80028CDD00E4B24
:10728000ADE700BF5544030042400300380300202F
:107290000C05030093CE02007E41030065CE020080
:1072A000A3410300D4410300F4410300144203004E
:1072B000364403003E420300564203002DE9F047E6
:1072C000044686B0A8B300F101084046FDF756F821
:1072D0000026594BDFF864A1594D04904FF008097E
:1072E0000393CDE9006933465649CDF808A004223E
:1072F000304615F09CFD95F8223123B195F82321F5
:1073000001339A4218DD95F823315BB94E494F4855
:107310004F4A40F2DF4314F054FE4D4840F2DF4143
:1073200014F046FE013B85F82331237A23F0040351
:10733000237206B0BDE8F08702223146304602F0E3
:10734000F3FB074648B120460221FFF77FFE38468F
:1073500006B0BDE8F04701F055BB01463D4800F0DE
:107360003BFB3846FFF702FD0646B8B13A4B0390A7
:10737000CDE90173334900973B460122384615F0A9
:1073800056FD95F8233113B10120FFF7EFFC334888
:10739000002106B0BDE8F04700F01EBB95F8233190
:1073A00095F822219A420CD2013B85F82331237AA9
:1073B0002B4923F0040302462372022009F0B4FD96
:1073C000DFE74046FCF7DAFF264B1E490490CDE983
:1073D00002A3042233463046CDE9006915F027FDAB
:1073E0004FF0FF304FF0FF31FEF706FC074668B163
:1073F00007210C30FCF73CFF414615F00BFD3246EF
:10740000394642F22800FFF72DF850B1164B02938F
:107410000023CDE900330B490122184615F007FD82
:10742000AFE795F82331013B85F82331237A23F028
:1074300004032372A5E700BF1C440300424003007D
:10744000380300200C05030071420300CA17030033
:10745000A940030093CE02008A42030065CE0200D9
:107460004FCE020011440300B74203007FB504462B
:10747000D9B9F0B1224915F0C5FCD0B92046FFF7C3
:10748000D7FB002835DA2378012B04D1A37903F048
:10749000C003C02B0DD01B4B02930023CDE900335A
:1074A00019490122184615F0C2FC6FF0150004B00E
:1074B00070BD164DEB79012B1ED005F1D40015F0EF
:1074C000B0FCC30707D4002CEFD00D49204615F0BF
:1074D00099FC0028E9D1EE792146731C3046EB7106
:1074E000FFF7BEFB08B93046E1E7EB79013BEB71F2
:1074F000DDE76FF07700DAE76FF00B00D7E700BF4A
:107500007F2B0300DC4203000C050300380300203E
:107510002DE9F041044686B060B9264B264900901B
:10752000CDE901030222034615F081FC002006B0DC
:10753000BDE8F08105AA002141F20900FEF792FFA3
:10754000054640B11D4B02930023CDE900331A4993
:1075500002221846E8E7059F1949D7F80C8008F180
:1075600001060622304618F03CFD28B115490622D6
:10757000304618F036FD80B9134B0393134B02933A
:1075800008220023CDE9003218460B49042215F0E9
:107590004EFC0598FCF72AFDC8E7D8F80130C4F87E
:1075A0000130B388A4F8053038462570FCF71EFD7D
:1075B0000120BCE70A4303000C050300234303003A
:1075C0008C2B0300862B0300FA4303004143030086
:1075D00007B56846FFF79CFF044BD87118B16946A0
:1075E0000020FFF73DFB03B05DF804FB38030020EB
:1075F000F0B5324DEC798DB0002C58D195F8C260C1
:1076000016F0010615D12E4B2E490094CDE9014309
:1076100002222346204615F00AFCEC7116260024AF
:107620000127EB79E0B298422CD3002B3FD0002009
:107630003BE004AA21464FF60940FEF713FF08B1CC
:10764000214BE1E7DDF810C0DCF80C104B7823B9D2
:107650006046FCF7CBFC1D4BD6E78B1C06AA01F15C
:10766000120418685968174603C70833A3423A46FC
:10767000F7D1186838609B88BB806046FCF7B6FC81
:107680003446CAE70CAB06FB003304A953F8182CA8
:1076900033F8143CCDF81120ADF815308DF810708A
:1076A000FFF7DEFA01340028BBD00DB0F0BD002199
:1076B00008460DB0BDE8F040FFF7D8BE3803002003
:1076C000664303000C05030092430300B24303002A
:1076D0002DE9FF410D4617461C46064678B173B1A9
:1076E0000A03037817D56D070ED5314B029300239B
:1076F000CDE900332F490122184615F098FB6FF0B1
:10770000150004B0BDE8F08115F0E7FB0028F8D1C2
:10771000012323700CE0A9072DD027480FB1AA063A
:1077200008D4C3EBC302825C012A12D002B92270D2
:107730000020E6E790F8D820510636D5C3EBC30207
:10774000825C012A05D002B92270237843F002033B
:10775000DFE74FF00108072111FB038101443046A8
:1077600015F0B3FB0028CCD184F80080002FDFD0C7
:10777000AB06DDD5E9E76A0712D50F49C3EBC302B3
:107780008E5C012E09D1072212FB0363194415F008
:107790009CFB0028B5D12670EAE7002EE8D1FAE775
:1077A00015F09BFB01232370ABE76FF08500A8E782
:1077B000DB4303000C050300380300202DE9F04FE4
:1077C00087B08A4605904FF0FF314FF0FF30FEF74B
:1077D00013FA0446002853D020210C30FCF748FD52
:1077E0002022002180464FF0000918F0F2FBDAF861
:1077F000007008F1010B4D46DAF80420914509D3D9
:10780000059888F800500022214607B0BDE8F04FE7
:10781000FEF728BE7A7897F800C0A81C81181F29A7
:107820001AD9BCF1090FC0F11F0201D1002A11DCE5
:10783000154B029300231846CDE90033134901226A
:1078400015F08DFB2046FCF7D1FB6FF0150007B05B
:10785000BDE8F08F4FF0080CD6B2711C0BF8051084
:10786000691CC9B202360BF801C079685BFA80F076
:107870002E4418F086FBF5B209F101090837BBE781
:107880006FF06800E3E700BF9E440300C4040300F8
:10789000F8B545686905064635D4046914B115F094
:1078A000030330D0194F3078FB7983422BD9C0EBDA
:1078B000C00017490722384418F093FBA8B115F00F
:1078C000030306D197F87020082A02D8B2689F2ACD
:1078D00019D915F0300F09D0ACB1EA060AD405F475
:1078E0006035B5F5603018BF0120F8BDEB0601D456
:1078F000002CF4D1D6E902239A4204D81F2A02D9D7
:10790000B3F5804FEBD90020EFE700BF380300202C
:107910007F2B0300F7B5CDE90001694642F208006C
:107920009DF8207016461D46FFF748FF044668B9CB
:107930007FB9BFF35B8F0C4B53E8001F41F004018C
:1079400043E80012002AF7D1BFF35B8F204603B053
:10795000F0BD694642F20900CDE90065FFF72EFF50
:107960000028E6D00446F1E760030020F8B504469D
:10797000164B14F8097B83F86F7005460E460722F4
:107980001349204618F02DFB70B91249384602F011
:1079900059F8044610B96FF00B00F8BD052101F04D
:1079A000FBF834600020F8E72146384602F090F8F2
:1079B00040B92146287802F045F804460028EAD06C
:1079C0000621ECE76FF01500E7E700BF3803002061
:1079D0007F2B0300782B030003460148184700BFA4
:1079E0005003002000487047500300202DE9F04F5D
:1079F000914ED0F810B08BB09A460023BBEB030435
:107A00000546304618BF0124059315F0A2FA0F462B
:107A10004107914640F1F0802846FFF739FF60B9F1
:107A20006FF015043846002340F20111994540F0EB
:107A3000EC8020460BB0BDE8F08F284615F064FAC4
:107A400080460028ECD0A6F1AC0015F082FAC20501
:107A5000C0F3002300F1D380CDE90733CDF8233004
:107A6000AB686868ADF81830EB68ADF81A3015F0FF
:107A700061FA8DF82500BFF35B8F56E8003F23F4D1
:107A8000807346E80032002AF7D1BFF35B8F2A7873
:107A900006F8BC2C06F8652C696822460DF11D031A
:107AA000A6F1BC00FFF714FE04460028BAD1A6F1E7
:107AB000B303BBF1000F11D02A69116846F8B31C5B
:107AC0009188998092799A716B689E0750D1980538
:107AD00002D4BAF1000F5FD002230BE0574A1168BD
:107AE00046F8B31C9188927999809A716B689C07CB
:107AF000EDD05B468DF81C304FF0FF304FF0FF317A
:107B0000FEF77AF8044600287CD00F2206A90C3034
:107B100014F06FFF2146002242F20600FEF7A2FC9D
:107B2000044600287FF47EAFBBF1000F38D06B68AD
:107B3000990741D14248012115F03BFA059E0446C0
:107B4000002841D000253F4B0293CDE900553E4926
:107B50002B460122284615F002FA002E3FF462AFB0
:107B60003046294601F018F8304600F04BFF59E73F
:107B700013F0100F0CBF012304238DF81C302B6968
:107B80001A68CDF81E209A88ADF822209B798DF8CE
:107B900024304FF00008AFE703238DF81C30F8E7DE
:107BA000149BCDF80080524649463846FFF7B2FE96
:107BB00004460028BBD035E7214805A9FFF7D6FECB
:107BC00004460028B6D02DE716B1304600F01AFF63
:107BD0006A681E4812F0030218BF0122092115F03D
:107BE000CDF942460A2115F0C9F96A680C21C2F3A1
:107BF000800215F0C3F915E76FF00A0412E76FF081
:107C000077040FE76FF068040CE702888A4204D11A
:107C1000426812B11278D20702D40133083005E766
:107C20000B490C480FF098FB4FF4702200230948D1
:107C30000FF0CAFCFDE600BF0C0400207F2B030000
:107C400050030020B7440300C40403006003002075
:107C5000D57C01006803002010B5184815F0D1F953
:107C6000174815F076F90346DA05C0F3002023D54E
:107C7000134815F06EF9830515D5124912480722ED
:107C800018F0AFF911490346087E93B9104905224F
:107C900001F04AFF044630B10021017300F07CFF7F
:107CA000204600F0AFFEBDE810400448002115F06A
:107CB00080B906222131EBE710BD00BF5003002040
:107CC000600300207F2B03005903002038030020AD
:107CD000782B03001FB5FFF7BFFF50B1064B02938F
:107CE00000230390CDE9003304490222184615F021
:107CF00036F905B05DF804FBD2440300C404030068
:107D0000884208B501F1200310D9984213D20E49D8
:107D10000E4A0F4840F2B32314F053F90D4814F003
:107D200050F90A4840F2B32114F042F9EFD000F1C3
:107D300020029142EAE7013813F8012D00F8012FE3
:107D40008B42F9D108BD00BF2A450300F844030067
:107D5000CA1703008145030070B59EB0464B0693D9
:107D60001822002107A818F034F944F201030DA8E5
:107D70000D9315F049F90D9B089304A93F4B099306
:107D800006A817F005FD044630B13D4B0390029361
:107D90000023CDE900330CE0049805AB41220DA986
:107DA00017F0C8FB68B3374B0390CDE9014300944B
:107DB000234635490122184615F033F91F25334B68
:107DC000BFF35B8F53E8001F21F0010143E800126D
:107DD000002AF7D1BFF35B8F2D4E10F009FB3468FA
:107DE000002C42D0002DA4F104042A4D18BF002518
:107DF00023680BB1284698476468002C35D0043CB2
:107E0000F6E7254A0DF135030DF1750153F8040B22
:107E100042F8040B8B42F9D12049049805AB20228B
:107E200017F036FB044610B11D4B0390AFE70498E2
:107E300012F014FA054610B11A4B0390B5E7164933
:107E40001448FFF75DFF18491848FFF759FFBFF3C3
:107E50005B8F174B53E8001F41F0100143E80012FD
:107E6000002AF7D1BFF35B8FA9E70023C6E90033EF
:107E700010F030FB1EB070BD12710001000002094D
:107E8000B3450300D1450300F40403006C2900202E
:107E9000742900205B3500201B350020FB340020B6
:107EA000F4450300184603003B3500207B350020D5
:107EB0000C04002030B5A7B004233D22002116A8F1
:107EC000159318F086F8374B06931822002107A85F
:107ED00018F07FF844F201030DA80D9315F094F803
:107EE0000D9B0893304B0993304904AB202206A820
:107EF00012F0F6F930B32E4B039002930023CDE934
:107F000000332C490122184615F08BF86FF0040558
:107F100010F06EFA284B1C6884B100201860274BC3
:107F2000BFF35B8F53E8001F21F0020143E800120A
:107F3000002AF7D1BFF35B8F6DB3A04710F0CAFAE8
:107F400027B030BD1E4B0DF1550203F1400019461C
:107F500053F8044B42F8044B8342F9D105AB02932A
:107F60002023CDE9001310480499412315AA17F0E6
:107F7000C1FB044610B1134B0390BEE7049812F006
:107F80006DF905460028C3D00F4B0390CDE901439E
:107F900000942346B5E70DA80949FFF7B1FE0DA8E7
:107FA000CBE700BF1271000100000209FB34002082
:107FB00038460300F4040300702900206C290020D7
:107FC0001B3500206E4603008A46030008B50449AD
:107FD000402218F006F8B0FA80F0400908BD00BF52
:107FE0002147030010B59EB0182204461E4B06938D
:107FF000002107A817F0EDFF4FF480430DA80D9363
:1080000015F002F80D9B0893184B099321460423A1
:108010000DF135008DF83430FFF772FE04F12001C8
:108020000DF15500FFF76CFE05AB41220DA906A826
:1080300012F056F9044606A817F022FC2CB9059850
:1080400012F00CF901201EB010BD094B039400245E
:1080500002932046CDE9004406492346012214F04C
:10806000E0FF2046EFE700BF1241000100000209D7
:10807000A7460300F40403001FB5002855D02C4A7E
:108080001368ABB1043B834210D12A4B03932A4BB4
:10809000029308200023CDE9003028491846042225
:1080A00014F0BFFF6FF0770004B010BD5B68E8E725
:1080B000234BBFF35B8F1968BFF35B8F89070CD528
:1080C000204B029300231846CDE900331B490222BE
:1080D00014F0A7FF6FF00F00E6E714684460011D7D
:1080E0005068116000B95160BFF35B8F53E8002FF7
:1080F00042F0010143E800100028F7D1BFF35B8F85
:10810000D30701D50020CFE70F4BBFF35B8F53E8B8
:10811000001F21F0100143E80012002AF7D1BFF33D
:108120005B8F0A48FCF7A6FCECE76FF01500BBE795
:108130007429002012470300CB460300F404030017
:108140006C290020EB4603000C040020D40500201D
:10815000054BBFF35B8F1B680448BFF35B8F13F0C5
:10816000100F08BF002070470C0400205B35002072
:1081700070B505461E4803688B4232D0BFF35B8F53
:108180001C4B1B68BFF35B8FDA062DD5036813B158
:108190006FF00F0070BD184ABFF35B8F1368BFF319
:1081A0005B8FDB07F4D4BFF35B8F52E8003F43F0F3
:1081B000020442E80046002EF7D1BFF35B8F13F0B4
:1081C0000204E5D101600D482946FFF799FD0C48EE
:1081D00005F12001FFF794FD0A48FCF74BFC20460F
:1081E000D8E76FF07700D5E76FF07C00D2E700BFEB
:1081F000702900200C0400206C2900201B35002071
:108200003B350020C405002070B5144B1C680546A2
:1082100044B154F81C3C1C3C13B1297B28469847B8
:10822000E469F5E70E4C0F4EB44215D90E490F4ADA
:108230000F4840F2797313F0C4FE0E4813F0C1FEEC
:108240000A4840F2797113F0B3FE236813B1297B19
:10825000284698472034E7E7F7D370BDB0290020BF
:108260006C040300AC040300984703006847030054
:10827000CA170300BA1D030010B50C468178012906
:108280000BD00C490C480D4A40F2F13313F099FE23
:108290000A4840F2F13113F08BFEA1691160E269E6
:1082A0001A60E27A04F118000021BDE8104017F0CE
:1082B00090BE00BFB3470300CA170300684703001E
:1082C00030B587B00C4B03930C4B02930025082369
:1082D0000446CDE900530490094928462B46042260
:1082E00014F0CEFE07482146C4E9015507B0BDE8A9
:1082F000304016F07BBD00BF29540300C547030082
:10830000DC040300300800202DE9F04F384B05460F
:1083100017F004FFD3F88020364B1B589A428BB0DD
:108320000BD035493548364A4FF4937313F049FE64
:1083300033484FF4937113F03BFE324B0293082104
:108340000023314F0495CDE9003103972F49DFF821
:10835000C0A0DFF8B880DFF8BC900422184614F003
:108360008FFEEFF31183402282F31288BFF36F8FE9
:10837000EC6934B983F31188BFF36F8F0BB0BDE89C
:10838000F08F296A2268EA618C4208BF2A6283F36F
:108390001188BFF36F8FA368069363680026CDE949
:1083A00004430823CDE9006341463046CDE902A7E6
:1083B0003346042214F064FED4E901B12046099149
:1083C000FFF77EFFBBF1000F03D009993246284624
:1083D000D84700230822CDE900324146042218463E
:1083E000CDE9029714F04CFEFDF70EFEB9E700BF91
:1083F0002027002008000000CC470300CA17030014
:10840000684703001248030031540300DC040300F2
:108410001E4803003B480300F0B5054689B00C46F2
:1084200049B916491648174A4D2313F0CAFD154895
:108430004D2113F0BDFDD1E90167134B0393134B9D
:10844000029308220023CDE90401CDE90032184649
:10845000CDE906670E49042214F012FE2046FFF70C
:108460002FFF46B16FF06D0239462846334609B0FA
:10847000BDE8F040184709B0F0BD00BF4C4803000C
:10848000CA170300684703006D5303004F480300F9
:10849000DC0403001FB50446FBF7BCFB0B4901EBF2
:1084A00000112046FCF7FCFB094B0393094B029398
:1084B00008220023CDE9003207490422184614F0AF
:1084C000DFFD04B0BDE81040FDF79EBD7C29002013
:1084D00043540300C91E0300DC040300F0B589B057
:1084E000434B0293044600234FF0080C414E049086
:1084F000CDE9003C184640490396042214F0C0FD23
:10850000637B072B71D14FF48061201D14F0A9FD0E
:1085100047056AD4BFF35B8F6368384FBFF35B8F47
:1085200013F4803FC3F3004549D097F8D930DD07F5
:1085300016D50025022300951A462946204614F038
:1085400038FC50B12E4B0390CDE901532A490095D8
:108550002B460122284614F093FD637B072B44D160
:1085600097F8D83099061CD514F097FBC8B10DF1D7
:108570001E0107A8FEF782F8054690B9BDF81E2037
:10858000BDF81C10204614F0F5FB50B11D4B0390B4
:10859000CDE90153184900952B460122284614F0D5
:1085A0006FFD194B029308220023CDE90032CDE97B
:1085B000036411490422184614F062FD15E097F88F
:1085C000D8301807B1D5204614F0B9FB50B10F4B85
:1085D0000390CDE90153084900952B460122284616
:1085E00014F04EFD637B072B9FD009B0F0BD00BF98
:1085F0006D480300D0520300DC0403003803002060
:10860000B9480300D0480300EC4803009848030031
:1086100070B505461748002200230EF059F938BB03
:10862000154B1C6834B154F8143C1C3C03B19847FA
:10863000E469F7E7114C124EB44213D91149124ABA
:10864000124840F27B6313F0BCFC114813F0B9FCF4
:108650000D4840F27B6113F0ABFCA36803B198476F
:108660002034E9E7F9D32846BDE870400EF056BD46
:1086700070BD00BF18080020B02900206C04030062
:10868000AC0403009847030068470300CA170300BF
:10869000BA1D030010B5044688B0BFF35B8FD4F851
:1086A000C830BFF35B8F04F1C80113B3BFF35B8F16
:1086B0005A1C51E8000F984204D141E8002CBCF14B
:1086C000000FF6D1BFF35B8FE7D1CDE905322388E8
:1086D0000493094B0393094B029308220023CDE92D
:1086E000003207490422184614F0CAFC204608B09C
:1086F00010BD1C46FAE700BF3E53030020490300AB
:10870000DC0403000448B0F80431002B00F5847049
:1087100008BF0020704700BF3803002070B5044632
:1087200017F0FCFC164A0E4616490858D2F880107D
:1087300088428AB005D120460AB0BDE87040FFF7F4
:10874000E3BD24342146104616F0CEFB051E0FDA99
:108750000D4A0E490E484FF4AF7313F032FC0D482A
:10876000294613F02EFC08484FF4AF7113F020FC9B
:108770001EB1694620460EF0D7FC0AB070BD00BF9E
:10878000202700200800000068470300CE1E0300D9
:10879000CA1703003D49030038B5002204468A4247
:1087A00002D10024204638BD04F1C8030120BFF3E4
:1087B0005B8F53E8005F002D04D143E8000CBCF14F
:1087C000000FF6D1BFF35B8F02D0D0340244E6E74E
:1087D000002CE6D0C8220021204617F0FAFB04F155
:1087E000400004490EF0B8FD034904F124000EF0E6
:1087F0006DFBD7E75D9C0100A1D002002DE9F0439D
:1088000089B017460E4601210446FFF787FF0697F9
:10881000338A059323880493624B03930025624BAC
:1088200002934FF00809CDE9005960492B46042214
:10883000284614F025FC012F45D0022F40F08A80F5
:10884000236963B15A4B59490095CDE90153284634
:108850002B46012214F014FC204614F03FFC338A0E
:108860005249012B86BFF26812880022CDE90432FA
:10887000504B0393504B029308220023CDE9003262
:108880001846042214F0FCFB266125692A8A012A75
:1088900040F28480EB681B8804339BB29A427DD3FC
:1088A00064D9CDE90323454B029300231846CDE953
:1088B00000333E49012214F0E3FB204609B0BDE835
:1088C000F04314F00BBC206960B93D4B3749009070
:1088D000CDE901033A46034614F0D2FB204614F0DA
:1088E000FDFB11E0B6F81080B8F1000F12D1314B4A
:1088F0000393344B2D49CDF80080CDE90193042238
:108900004346404614F0BCFB304609B0BDE8F04396
:10891000FBF76CBB0C3014F064F8804510D92A4B7F
:1089200022490095CDE901533A462B46284614F0DA
:10893000A7FB21692A46204601F0BAFF2561E3E73B
:108940002069328AF1680C3014F053F83046FBF796
:108950004DFB9AE71D4B15490397CDE9015300954F
:108960002B460122284614F08BFBB7E70023236136
:108970002A8A04920F4A0392154A02920822CDE9EC
:10898000003218460949042214F07AFB01222946D4
:10899000204609B0BDE8F04301F08ABF09B0BDE848
:1089A000F08300BFF453030058490300DC040300C4
:1089B00078490300E853030095490300264A030061
:1089C000B0490300CE490300E1490300084A03000F
:1089D000414A030008B558B907490848084A40F217
:1089E000B95313F0EEFA064840F2B95113F0E0FA29
:1089F000BDE80840FFF74EBE584E0300CA170300FB
:108A000068470300F0B5044689B070B92D492E4A75
:108A10002E4840F2E15313F0D4FA2D4813F0D1FA66
:108A200040F2E151284813F0C3FA30F8247B0EF0ED
:108A3000C3FABFF35B8F0646C83454E8005F6B1E71
:108A400044E80032002AF8D1BFF35B8F6B1ECDE9FA
:108A50000553204B0393204B029308220023CDE9BA
:108A600000321E4904970422184614F009FB002D19
:108A70000CDC1B49144A154840F2F35313F0A1FAD9
:108A8000184813F09EFA40F2F351CBE7012D16D1AE
:108A900066B115490C4A0D4840F2FC5313F091FAA7
:108AA000124813F08EFA40F2FC51BBE710480DF06B
:108AB0008BFE104809B0BDE8F0400EF02FBB09B0A6
:108AC000F0BD00BF584E030068470300CA170300FB
:108AD0006E4A03003053030020490300DC04030006
:108AE0008D4A0300954A0300B34A0300C74A0300B6
:108AF00018080020F405002030B587B01E4B029303
:108B0000082100231D4D0395CDE9003104461C4981
:108B10001846042214F0B4FA2046FFF75BFF0FF06A
:108B200067FC184BD3F8243104F1BC0133B9164863
:108B300014F087FA0FF0CEFC144B07E0994218D1DD
:108B40000FF0C8FC2046FFF75DFF114B0C49039561
:108B5000CDE904430F4B029308220023CDE90032F4
:108B60001846042214F08CFA07B0BDE83040FDF737
:108B70004BBA1B68DAE700BF124B0300D553030062
:108B8000DC040300380300205C040020FE4A0300DC
:108B9000074B0300194B03002DE9F043437BDFF83B
:108BA000C891082B96BF714A714B52F8233008299F
:108BB00096BF6E4ADFF8B88152F8218087B0CDE9C0
:108BC00004386C4B0293002604460823CDE9006369
:108BD0000D46CDF80C90684933460422304614F017
:108BE0004FFA677BAF420ED1644BCDF80C80CDE9D4
:108BF00001630096334660490222184614F040FA99
:108C000007B0BDE8F083657317B92046FFF7E2FEB1
:108C1000637B082B00F2A48001A252F823F000BF6E
:108C2000798C0100F18C0100018C0100018C0100A4
:108C3000018C0100018C0100018C0100458C0100B8
:108C4000018C01004E48002110F05EFD0023C4E9B4
:108C50000D33E378012BD3D1A378012B04BF032379
:108C600084F898304FF42032002304F1400007B01C
:108C7000BDE8F0430EF020BC082FC1D8DFE807F0B4
:108C80003105262B2B2B2631310004F140052846D7
:108C90000EF0A0FC01212046FFF740FD204614F015
:108CA0001DFA384B029308210023CDE90031184604
:108CB0003149CDF80C90042214F0E2F9002200238F
:108CC000284607B0BDE8F0430EF07EBC237B13B10D
:108CD0002046FFF799FA204607B0BDE8F043FFF7BA
:108CE00091BE294B039502930023CDE9003382E71F
:108CF000237B3E2B0AD1254B02930023CDE9003381
:108D00001D4903940222184614F0BAF9204B03932C
:108D1000204B029308220023CDE900321649049427
:108D2000042218461C4D14F0ABF905F584766169F0
:108D300021B907B0BDE8F043FDF766B9A2690B6839
:108D40006361914208BFA3612046FFF765FBB5F858
:108D50000431002B14BF304600200DF035FDE6E74E
:108D60000E4B0395BFE700BF5B530300840C030069
:108D70003E4B0300484B0300DC040300554B03004B
:108D800004060020664B0300824B0300994B03004E
:108D90004A530300C547030038030020C04B0300BB
:108DA000F8B5074609480D461646FFF773FC04461A
:108DB00050B183781F4203D1BDE8F840FFF722BECF
:108DC0003146A8472046F7E7F8BD00BF001A00204B
:108DD000024900220120FFF7E3BF00BFDD8401004C
:108DE0007FB5064611480D46FFF7F4FD0446C0B1B5
:108DF000437B012B02D0073B012B10D82388B342C1
:108E00000CD1A3782B400DD1094A0A490396CDE92C
:108E1000013200930222184614F032F92046FFF77F
:108E2000F1FD0024204604B070BD00BF001A0020F0
:108E3000DC4B0300DC04030008B5114B98420AD355
:108E400003F1D002904206D2C01AD022B0FBF2F356
:108E500002FB130373B10B490B4A0C4840F21A632F
:108E600013F0AFF80A4813F0ACF8074840F21A6163
:108E700013F09EF8074B00115843C0B208BD00BF65
:108E8000001A0020F34B030068470300CA170300D1
:108E9000724D0300C54EECC42DE9FF4706460F4650
:108EA00090461D4691469A4616F02EF8044658B153
:108EB00022492348234A40F2366313F082F82148BE
:108EC00040F2366113F074F855EA080512D01E4BD3
:108ED00017F024F9D3F880201C4B1B589A420CD170
:108EE0001B4B1C490094CDE9014302222346204636
:108EF00014F0C6F84FF00009CA4617494A465346CF
:108F0000002E14BF3046084613F045FD044678B9DC
:108F1000124B0393124B02930823CDE900030D4932
:108F20000346042214F0ACF8204604B0BDE8F087F4
:108F3000791D0C30FBF71EF9F6E700BF8C4D0300DE
:108F4000CA1703006847030020270020080000001C
:108F50009B4D0300DC0403004C0800201553030064
:108F6000C44D030010B586B00D4B03930D4B029317
:108F700008220023CDE900320B4904900446042264
:108F8000184614F07DF809480EF0C8F8204601F0A4
:108F90001DFB204606B0BDE81040FFF735B900BF05
:108FA000F2520300F14D0300DC040300E40500204D
:108FB00010B5437B023B0446062B29D8DFE803F0BB
:108FC0000B042828281E0900017300212046FFF702
:108FD000E3FD002010BD8378012BFAD00E4A0F4923
:108FE0000F4840F2637312F0ECFFA1780D4812F0C5
:108FF000E8FF094840F2637112F0DAFF008813F0CD
:109000007AFE0028E6D1637B072BE2D10821DDE759
:109010006FF07F00DEE700BF68470300F28A0300BD
:10902000CA1703001A4E03002DE9F04F91B0002437
:109030009E4BDFF87C820293082523460422CDE96B
:1090400000459C49CDF80C80204614F019F89A4B45
:109050000D945A8C0F94E2B91B68D3B9974A0392C6
:10906000974A94490093CDE901521846042214F01E
:1090700007F8944B029308220023CDE900328D4972
:10908000CDF80C800422184613F0FAFF11B0BDE8A9
:10909000F08F8D4ED6F82441002CEAD054F8BC59FC
:1090A00005B1BC3DDFF8249200271EE0B6F804317C
:1090B000002B00F0FA82D6F8103123BB7F4A0392CE
:1090C000834A049402920822CDE9003279490422AD
:1090D000184613F0D5FF04F1BC07002DC9D0D5F810
:1090E000BC3003B1BC3B2C461D46A542DED17949BC
:1090F000794A7A484FF46F7312F063FF4FF46F713F
:10910000754812F055FFD9F8003023B96B4A039225
:109110000494734AD6E7D4F8A830002B38D0D4F89A
:10912000AC30ABB3D4F8B03093B30023DFF8B4A1C4
:10913000DFF8B4915F4904940825CDE9003518465D
:10914000CDF80CA0CDF80890042213F099FF637BB2
:10915000072B0FD1D4F8B03020469847034640BBC8
:10916000624A54490090CDE90152CDE903A404229A
:1091700013F086FF04F1BC03BB424CD15C49564A54
:10918000564840F2D93312F01CFF40F2D931B7E70C
:10919000A378CDE90443494B0393564B029308212E
:1091A0000023CDE9003104224249184613F068FF3C
:1091B00091E7BFF35B8FD4F8C030BFF35B8F022B16
:1091C000D8DC2046FFF706FC044600283FF451AFE8
:1091D0000027494B02934FF0080B3B46CDE903842F
:1091E000CDE9007B33490422384613F049FF637B05
:1091F000072B41D0CDE90443404B2E49CDF80C80DC
:10920000CDE901B300973B460422384613F038FFFE
:10921000FCF7FAFE45E0D4F8BC202FBBD6F82811A5
:10922000C6F824218B4201D1C6F828210025D4F8A4
:10923000B030C4F8BC50204698470028C8D0637BA3
:10924000072BC5D11D4B03932D4B02930823CDE96A
:1092500000532846174904942B46042213F010FFAC
:109260002046FFF749FCB3E73A60D6F8282193423D
:1092700008BFC6F82871D9E7D4F8A830B6F80411A9
:109280000EAA20469847054600283DD11D4B0949A6
:10929000CDF80C80CDE901B300900346042213F011
:1092A000EFFE2046FFF7AEFBF0E600BF364E0300B0
:1092B000C0530300DC040300E8080020B15303009E
:1092C000404E0300184F03003803002030080020F0
:1092D0005D4E0300514E030068470300CA170300A8
:1092E000734E0300A2530300C5470300C04E0300A2
:1092F000D84E03008D4E03003C4F0300534F030034
:10930000F34E0300784F0300B6F804210E9B9A42F7
:1093100035D30146D4F8ACC00FAB0DAA2046E047C8
:109320000F9B05930D9B70490097CDE903836F4B0D
:109330000422CDE901B338463B4613F0A1FE6C4B45
:109340006949CDE905536B4B029308270023CDE90A
:1093500000371846CDE90384042213F091FE0F9BD9
:109360000A932B8ADDE90DAB5BB96349634A644814
:109370004FF4247312F025FE4FF42471C0E6614BC4
:10938000DEE7284613F0FFFB034648B15A495B4A23
:109390005B4840F2972312F014FE40F29721AFE6AB
:1093A0000A9A5149CDE908A22A8A0090CDE906B26D
:1093B000554A0392554ACDE90445CDE9017204228C
:1093C00013F05EFEB6F804315148002B08BF0020B0
:1093D000002200230DF07CFA60B14749474A484813
:1093E00040F2A72312F0EDFD4A4812F0EAFD40F2E8
:1093F000A72185E60B900022002347480DF05AF97B
:109400000B99464B0490CDE902930B4680460091A0
:10941000019735490422184613F032FEB8F1000FC7
:109420000CD13549354A364840F2B22312F0C9FD15
:109430003B4812F0C6FD40F2B22161E60A9BC8F833
:1094400004A0C8F80830B6F804A12B7AD34503F17C
:10945000FF3398BF1FFA8BFA012B09D93149274AEC
:10946000274840F2D22312F0ACFD40F2D22147E669
:10947000284613F088FB814638B12B491F4A204803
:10948000AC2312F09EFDAC213AE6014600222748AB
:109490000023FAF707FC0746D8B1FAF7BBFB244BC9
:1094A000524603EB001329463846FBF739FC214BA3
:1094B0000393214B029308230746CDE9050ACDE922
:1094C0000093094904954B460422484613F0D8FD01
:1094D000B7BB1A49094A0A4840F2DB2312F071FD72
:1094E00040F2DB210CE600BFDC0403008C4F0300DC
:1094F000314E0300A74F0300F28A030068470300C0
:10950000CA170300C52A030099530300CB4F030079
:1095100040040020FE4F0300300800208B5303005E
:1095200013500300235003004B500300E8080020B1
:109530007C2900207D5303006550030095500300F3
:10954000B6F8043194F8C45059499B4588BF4FF090
:10955000010984F8C4904FF0000B98BF02354FF01A
:109560000809CDE9047A534BDFF84CA1029398BF68
:10957000EDB2CDE900B95B4604225846CDF80CA007
:1095800013F07EFD07953A8A4949CDF800B0CDE940
:1095900005724A4ACDE903A4CDE901925B46042253
:1095A000584604F1C00913F06BFDBFF35B8F59E817
:1095B000002F013249E800210029F8D1BFF35B8F69
:1095C00004F11403414618460A9313F03AFD94F847
:1095D00002A0BAF1010F5AD107F10C020421104682
:1095E0000A92FAF7E9FD21880A9A05F0FD0541EA99
:1095F00005310180398A043941801046022113F077
:10960000D5F93846FCF74AFC054600283FF400AE81
:10961000BFF35B8F59E8002F013A49E80021002988
:10962000F8D1BFF35B8F414604F1140013F03BFD0A
:10963000234A1F4903955B46CDE901B2584652467D
:10964000CDF800B013F01CFD3846FAF7CFFC2046E9
:109650004146FEF7E1FEB6F804211A48002A08BF89
:1096600000200DF0B1F86FF004020392164A104981
:109670000494CDE901B25846CDF800B05B4652469D
:1096800013F0FEFC13212046FFF792FC09E60F4A77
:109690000F49104840F2FF2312F093FCA1780E48C6
:1096A00012F08FFC40F2FF212AE59B68FFDE00BF2D
:1096B000DC040300A950030099530300C6500300C3
:1096C000DB360300400400200A5103006847030012
:1096D000F28A0300CA170300ED5003002DE9F041A0
:1096E000D0F88860BFF35B8F4268BFF35B8F920452
:1096F00040F2E2430446B6FBF3F600F10403B6B2CF
:1097000017D5B0F88C20B24213D8B0F88E20B242F0
:109710000FD3D0E9241291420BD1BFF35B8F53E8F2
:10972000001F21F4005143E80012002AF7D1BFF3D3
:109730005B8F194B1D6865B155F80C7C1C3D37B12A
:10974000B4F89230B4F8902031462046B847ED691D
:10975000F1E7124DDFF84880454519D91149124A01
:10976000124840F2BF7312F02CFC114812F029FC91
:109770000D4840F2BF7112F01BFC2F6937B1B4F8ED
:109780009230B4F8902031462046B8472035E3E7C0
:10979000F3D3BDE8F08100BFB02900206C040300C2
:1097A000AC0403009847030068470300CA1703008E
:1097B000BA1D03002DE9F041074608460D4613F097
:1097C0006EFA064618B900263046BDE8F0811C4BFB
:1097D0001C6884B154F8103C1C3C0BB9E469F8E7F0
:1097E0002946384698470028EDD0284613F057FA06
:1097F0000028F3D1E7E7134CDFF84C80444518D933
:109800001249134A13484FF4006312F0DAFB12486E
:1098100012F0D7FB0E484FF4006112F0C9FB294645
:10982000384698470028CED0284613F038FA20B999
:10983000C9E7C9D2E368002BF1D12034DEE700BFCD
:10984000B02900206C040300AC0403009847030017
:1098500068470300CA170300BA1D03002DE9F04151
:10986000C37804468BB900F17E06194B1D687DB1A3
:109870001C3D04F170076B691BB13A463146204626
:109880009847ED6925B11C3DF5E700F17706ECE757
:10989000104D114F04F17008BD4216D90F49104AFE
:1098A000104840F68E1312F08CFB0F4812F089FB23
:1098B0000B4840F68E1112F07BFB6B691BB14246E0
:1098C0003146204698472035E6E7F6D3BDE8F081DB
:1098D000B02900206C040300AC0403009847030087
:1098E00068470300CA170300BA1D0300F8B5437A9E
:1098F00083720546164613F06AFC154B1C684CB182
:1099000054F8043C1C3C1BB1697A324628469847FF
:10991000E469F4E70F4C104FBC4216D90F49104AC6
:10992000104840F6EA1312F04CFB0F4812F049FBC6
:109930000B4840F6EA1112F03BFBA3691BB1697AB0
:109940003246284698472034E6E7F6D3F8BD00BFF4
:10995000B02900206C040300AC0403009847030006
:1099600068470300CA170300BA1D030030B58378A7
:10997000012B87B0044612D0CDE904301E4B03936F
:109980001E4B029308220023CDE9003218461C49E1
:10999000042213F075FB6FF0150007B030BD437B58
:1099A000072B26D10B0601F07F050BD54FF40041A4
:1099B000043013F056FBA572204606F07BFBA8B9D5
:1099C0000020EAE7437AAB42FAD2837AAB42F7D27D
:1099D000BFF35B8F031D53E8001F21F4004143E8F0
:1099E0000012002AF7D1BFF35B8FE4E7637AA3721A
:1099F000D3E76FF07F00D0E7BB5203002D51030087
:109A0000DC04030010B58378012B86B012D0CDE9B9
:109A10000430094B0393094B029300240823CDE93A
:109A20000043204606492346042213F029FB204622
:109A300006B010BD407AFBE7A65203002D5103008B
:109A4000DC04030038B505460C460F480121FEF73B
:109A5000A3FEC0B1057223680367A388A0F8743021
:109A6000A37980F876300123437283728370074BA9
:109A7000C0F8A830064BC0F8AC30064BC0F8B03088
:109A8000054BC0F88C3038BD001A0020CDA2010073
:109A90007982010057D002001800280070B50546F1
:109AA0000A480E46FEF7F6FD044620B18378012BE6
:109AB00004D0FEF7A7FF0024204670BD3246294699
:109AC00013F02CFB0028F7D12046F2E7001A002003
:109AD00030B587B00D46FFF7E1FF0446D0B1284608
:109AE000FAF74CFC637B0C490394082B96BF0B4A96
:109AF0000B4B52F82330CDE904030A4B02930023A9
:109B00001846CDE90033022213F0BAFA2046FEF7D8
:109B100079FF012007B030BDDC040300840C030092
:109B20003E4B030054510300F8B505460E480E465F
:109B30001746FEF7AFFD044620B18378012B03D012
:109B4000FEF760FF00240DE036B13246294613F0DF
:109B5000E5FA08B92046F3E7637BBB42FAD1237AE2
:109B6000AB42F7D12046F8BD001A002010B583782B
:109B7000012B86B012D0CDE90430094B0393094B79
:109B8000029300240823CDE90043204606492346DA
:109B9000042213F075FA204606B010BD7030FBE7C2
:109BA000965203002D510300DC04030030B58BB046
:109BB000CB8809938B8808934B8807930B8806936F
:109BC00090F89930CDE90403204B0393204B029386
:109BD000044600230820CDE900300D4618461D49F3
:109BE000042213F04DFA284613F059F858B31A4BD3
:109BF00093F8D830990708D4E3788BB129462046EA
:109C00000BB0BDE8304000F0B7BE94F899309A0729
:109C1000F2D5BFF35B8F6368BFF35B8F5B04EBD45C
:109C20002946204613F09AFA58B92B88A4F88C30AC
:109C30006B88A4F88E30AB88A4F89430EB88A4F835
:109C400096300BB030BD6FF01500FAE701540300F9
:109C50008D510300DC040300380300202DE9F0419E
:109C600088B0504B0393504B02934FF000080446CA
:109C7000A0F140060823CDE900834C4904964346F1
:109C80000422404613F0FCF914F8333C8BBB3046F9
:109C900000F0EAF9464B1D684DB155F8183C1C3DE3
:109CA0001BB114F8341C30469847ED69F4E7414D78
:109CB000414FBD4216D94149414A42484FF4F163F0
:109CC00012F07FF9404812F07CF93D484FF4F16101
:109CD00012F06EF96B681BB114F8341C30469847CB
:109CE0002035E6E7F6D3304608B0BDE8F041FEF790
:109CF00089BE14F83E3C012B51D1BFF35B8FA4F118
:109D00003C0555E8007F27F4005345E80032002A5F
:109D1000F7D1BFF35B8F17F4005729D0E36C06939C
:109D200006A9636D07933046FFF740FF98B9BFF36C
:109D30005B8F55E8003F23F4805345E80032002A4A
:109D4000F7D1BFF35B8F4FF40061284608B0BDE840
:109D5000F04113F086B91D4B0390CDE90183CDF896
:109D60000080434611490222184613F089F9EAE7B8
:109D7000174A1068516806AB03C306A93046FFF7BF
:109D800015FF28B94FF48051284613F06AF9DAE735
:109D9000104B0390CDE9017300973B46E2E708B012
:109DA000BDE8F0811B54030012480300DC040300EB
:109DB000B02900206C040300AC04030098470300A2
:109DC00068470300CA170300BA1D0300BE51030011
:109DD00074080300E351030008B568B1094B1A6821
:109DE00000F10C0122B9074813F02BF9104608BD09
:109DF000914204D01268F5E76FF01500F7E76FF0B5
:109E00007700F4E7B829002010B50C4814F0E1FF02
:109E10000B490A4814F0EAFF0A49084814F0E6FF23
:109E20000949064814F0E2FF13F0BEFB06F0B4FF48
:109E3000044608B913F00DFA204610BD3008002082
:109E40008C29002098290020A429002070B50388BF
:109E500086B0CDE90403134B0393134B0293002404
:109E60000823CDE900430546234620460E4604223A
:109E70000E4913F09CF90E4B186820B90D4A5A6030
:109E8000336006B070BD0C4B08490395CDE9014322
:109E9000204600942346012213F089F96FF00B004D
:109EA000EFE700BF365A0300505403001C050300BF
:109EB000C4290020D00C03006654030030B50368A9
:109EC000D3F8B45087B0044645B1D3F8B8102A6827
:109ED000C3F8B4208D4208BFC3F8B8200F4B0393DA
:109EE0000F4B029308220023CDE9003204940D4960
:109EF000042218464C3413F05AF9A5420BD00A49F3
:109F00000A480B4A40F2FA2312F05BF8084840F284
:109F1000FA2112F04DF807B030BD00BF615A0300BE
:109F2000C54703001C050300BE540300CA17030005
:109F30008D5403007FB5838A0849CDE90403084B9B
:109F40000393084B029308220023CDE90032184600
:109F5000042213F02CF907B05DF804FB1C05030084
:109F6000F6590300D85403007FB5838A0849CDE928
:109F70000403084B0393084B029308220023CDE906
:109F800000321846042213F012F907B05DF804FB02
:109F90001C050300065A0300D854030010B50446FC
:109FA00086B00EF025FA234653F84C2BD2F8B410A5
:109FB00049B9E164D2F8B81009BBC2E92D330EF0FB
:109FC00089FA114B04E08B4217D10EF083FA0F4B44
:109FD0000F49CDE904430F4B03930F4B0293082223
:109FE0000023CDE900321846042213F0E0F820687F
:109FF00006B0BDE81040FEF77FBD0968D8E70B60EA
:10A00000C2F8B830DBE700BFF5540300ED5403009D
:10A010001C050300A55A0300FB54030010B50024DF
:10A020008C60846B86B001F10803A4B9C0E90D33DC
:10A030000A4B0860CA600393094B0293082200236D
:10A04000CDE90401CDE9003206490422184613F097
:10A05000AEF806B010BD23608363E9E7E95A030058
:10A060001E5503001C0503002DE9F04F446B87B01B
:10A07000002C7AD054F8085905B1083DDFF8F0B04B
:10A080003C4F01E02C461D46D4F80480059423681B
:10A090004FF0000ACDE903B34FF00809364B0293A5
:10A0A000CDE900A9534604223946504613F07FF803
:10A0B0002668AEB3314A0392314A04945346394676
:10A0C000CDE9019250460422CDF800A013F06FF8BC
:10A0D0000EF08EF9D6F8B42004F14C0153466AB163
:10A0E000914234D1E26C53BBD6F8B830C6F8B420F4
:10A0F000994201D1C6F8B8200023E3640EF0EAF9D2
:10A1000004F130090022002348460CF0D3FA064639
:10A1100000BBD8F804300BB12046984700232360D9
:10A12000E3680BB120469847D8F820300BB12046A1
:10A130009847D5B1AB68002BA4D0083BA2E71A60C2
:10A14000D6F8B820914208BFC6F8B830D4E7134615
:10A150001268C4E7B36923B1F16920686FF06D023A
:10A1600098473046F9F742FFCCE707B0BDE8F08FDB
:10A17000DA5A03001C0503001E550300C85A0300E9
:10A18000C547030070B5044652EA03000AD015F033
:10A19000C5FF074D074ED5F880503058854204BFA3
:10A1A0000022134620460431BDE87040FEF774BE1D
:10A1B0002027002008000000F0B50F46002185B0E0
:10A1C0000546164600234FF480320846FFF7DAFFB3
:10A1D000044660B90A4B0B490395CDE90103009091
:10A1E0000346012212F0E3FF204605B0F0BD042132
:10A1F0000C30FAF73DF8057047704680F4E700BF71
:10A20000FE5B03001C05030070B50C46016888B0B6
:10A21000064600294DD0497B07294AD1002A207AD9
:10A2200014BF0221012188420FDD234B029300233A
:10A23000CDE90310CDE9003320490122184612F080
:10A24000B6FF6FF0150008B070BDE07A1C49072812
:10A2500011D8A37A06931023CDE90403194B029376
:10A2600008220023CDE90032039104221349184645
:10A2700012F09DFFE5E7A261E361CDE90623238AA1
:10A280000391CDE90443104B0293002508230422D7
:10A29000CDE9005309492B46284612F088FF214694
:10A2A00006F1300014F0A2FD3046FFF777FE284695
:10A2B000C9E76FF07F00C6E7325503001C050300B5
:10A2C000B65A030052550300835503002DE9F04FA1
:10A2D000D0F8B430A44D89B081460E469046D3B92B
:10A2E000A24A02920822CDE90032A1490395042234
:10A2F000184612F05CFF9F4B03939F4B029308207C
:10A300000023CDE900309A49CDF810900422184678
:10A3100012F04DFF2BE0994FDFF854B2A3F14C043B
:10A320004FF0080A236B4BB3A38C9549954A403BE9
:10A330009BB23F2B98BF0A46236B8D49003B18BF49
:10A340000123CDE90523904B0293CDE90354082363
:10A350000025CDE9005304222B46284612F027FFA2
:10A3600004F1300A504614F056FD0746C0B9FBF719
:10A370004BFE0025284609B0BDE8F08F1846CDE910
:10A380000354009304225946CDE901A712F00FFFB0
:10A390002046FFF793FDE46C002CACD04C3CC1E7A9
:10A3A00099F80D30072B0BD07849794A79484FF44A
:10A3B000787311F006FE4FF47871754811F0F8FDCE
:10A3C00012F0E1FB58B1744B69490397CDE9015391
:10A3D00000952B460122284612F0E9FEC9E73846CF
:10A3E000F9F746FE236D0546002B36D1A38C028A71
:10A3F000403B9BB23F2B75D8278D974228BF17460D
:10A4000000204FF00809DFF86CB1644B5849029303
:10A41000CDE90672CDE9000903460422CDE90454D2
:10A42000CDF80CB012F0C3FE5D4B5149CDE903B33A
:10A430005C4BCDE90193A9462B8A009359F80C3F58
:10A440000422002012F0B3FE04214846F9F7B4FEBE
:10A450000780A38C438004372765236D2A8AB34283
:10A4600037D89342DFF80C913ED0A38C403B9BB28F
:10A470003F2B73D900274FF0080A4B4B0293384605
:10A480003B46CDE9007A3A49CDF80C90042212F00F
:10A490008EFE464B36490097CDE901A304223B4688
:10A4A0003846CDE9039412F082FE2046FFF706FD00
:10A4B000236B73B13E4B2E490097CDE901A338467B
:10A4C000CDE903943B46042212F071FE2046FFF7CB
:10A4D00065FD236DC8F80030B3428CBF9E1B00267B
:10A4E000266547E717468BE7324B02930821002386
:10A4F000CDE90031CDE903951D490422184612F03B
:10A5000056FE0022002350460CF0D4F8854209D0B4
:10A5100029491F4A1F4840F2124311F052FD40F2F0
:10A5200012414AE7F9F762FDA38C403B9BB23F2BF7
:10A53000A0D8224B0127CDE90393214B0293082297
:10A540000023CDE900320A490422184612F02FFEFA
:10A550003FB1A38C1B4FAF61EB618BE71A4B002718
:10A56000E9E73B46F7E700BF725A0300C75503000F
:10A570001C050300955A0300265603000E560300DF
:10A58000AD550300B5550300E85503003D560300E3
:10A590008D540300CA1703005E560300765603006D
:10A5A000AE56030052360300095703001E5703003E
:10A5B0002F570300BA560300E2560300BC550300B0
:10A5C000F2560300F1A60100C96D03002DE9F34125
:10A5D0003D4CDFF8F8800746444571D93C493D4A77
:10A5E0003D484FF4D77311F0ECFC3C4811F0E9FC06
:10A5F0004FF4D77110E021884B1E3E2B0FD9354AFE
:10A600003749354840F2B11311F0DBFC2188354859
:10A6100011F0D7FC40F2B1112E4811F0C9FC3846B8
:10A6200012F0F2FD0546019068B12A4A2E492A48E7
:10A6300040F2B51311F0C5FC21882C4811F0C1FC83
:10A6400040F2B511E8E7636801A938469847002849
:10A6500034DB019E2388B382B38406F11003BFF379
:10A660005B8F53E8002F43E800510029F9D1BFF375
:10A670005B8F2A46F564356531463846FFF7CEFCD8
:10A6800006F1300014F0A5FB019843681B6803B184
:10A690009847019BBFF35B8F103353E8001F41F0D5
:10A6A000010143E80012002AF7D1BFF35B8F019844
:10A6B0004368DB6913B100F11001984708348BE758
:10A6C00099D302B0BDE8F081540403006C04030088
:10A6D000DA5703008D540300CA170300BA1D0300A4
:10A6E00041570300705703009B570300AF57030007
:10A6F0002DE9F04788B000241F4BDFF880800490DC
:10A700001FFA81F908271546CDE9059206468A46C3
:10A710000293CDE900471A49CDF80C802346042264
:10A72000204612F044FD75B1164B15490094CDE951
:10A730000385CDE9017304222346204612F037FD3C
:10A7400008B0BDE8F0871FFA8AF1304612F05CFDD0
:10A75000034640B90C4A0A490090CDE90172CDE99F
:10A7600003890422EAE743689B69002BE8D008B01C
:10A77000BDE8F047184700BF01580300815A0300A5
:10A780001C0503001F5803003D5803002DE9F0434A
:10A790000B8A032B89B080460E460DD83A4B0293A4
:10A7A0000023CDE9003339490122184612F0FFFC9D
:10A7B000002009B0BDE8F083042106F10C00F9F790
:10A7C00039FD478806974378059303780493304B07
:10A7D000039300242F4B02934FF008092346CDE941
:10A7E00000492A4905460422204612F0E0FC338A3B
:10A7F0009F420CD0CDE90337274B0094CDE90143AC
:10A80000012223462149184612F0D1FCD0E76B788B
:10A8100013B9224A0292C4E72B78012BC8D0132B1C
:10A8200012D1022FF36804D00223CDE903731C4B2D
:10A83000E3E71B8804931B4B03931B4B0094CDE968
:10A84000019304222346DDE70393184B0F4900943C
:10A85000CDE9014302222346204612F0A8FC697884
:10A86000D8F8006002220120FFF7A6FC0546002868
:10A870009ED002210C30F9F7FBFC2946047044708D
:10A88000304612F0CBFC93E7705803001C05030020
:10A890002B5A03008E580300B8580300D958030000
:10A8A000FA580300195A03002559030045590300BB
:10A8B0002DE9F0410B8A032B86B005460C460FD8D4
:10A8C000264B02930023CDE9003325490122184687
:10A8D00012F06DFC204606B0BDE8F041F9F786BBEA
:10A8E000042104F10C00F9F7A5FC238A47881C49D0
:10A8F000CDE904731B4B039300261B4B02934FF0CF
:10A90000080833463046CDE90068042212F04FFCB7
:10A910002846394612F093FC054650B9134B1049AE
:10A920000397CDE9010300900346022212F03FFC99
:10A93000D0E7238A0A490096CDE904030C4B039320
:10A940000C4B3046CDE901830422334612F02FFC34
:10A950006B6821465B6928469847BBE76D59030041
:10A960001C050300535A03008A590300A75903002A
:10A97000435A0300D359030070B5124B0C461978A3
:10A980000131C9B2012938BF012105460822122030
:10A990001970FFF711FC064688B108210C30F9F751
:10A9A00067FC2288028062884280A2888280E288D6
:10A9B000C28031462846BDE8704012F02FBC6FF0CF
:10A9C0000B0070BD9B35002023281FD81A2804D8FF
:10A9D000431E182B0ED906207047A0F11B03082B2D
:10A9E0001ED8DFE803F0051D1B231D19251D0500DA
:10A9F000032070470F4A012383401A40C2B90E4A10
:10AA00001A40002A14BF01200620704700F07F037F
:10AA1000522B05D100207047012070470520704758
:10AA200010F0400F0CBF0620002070470420704734
:10AA300002207047AAAA8A025455450110B504465F
:10AA4000807AF9F7DFF80B4B83420BD00A490B48A9
:10AA50000B4A40F2211311F0B4FA094840F22111D7
:10AA600011F0A6FA2046F9F7D5F8064B182202FB9A
:10AA7000003010BD800800202A5B0300CA170300C5
:10AA8000FB5A0300182A0020F0B587B0344B176832
:10AA90000393344B0293144600230822CDE900327D
:10AAA000049105460E4618462F49042212F048FC30
:10AAB000A36863B9606801210C30F9F7D9FBA06085
:10AAC0002B681B78002B14BF022301230370A3689B
:10AAD0001B78012B03D0022B20D000201CE02B6818
:10AAE0001B78002BF9D1606804210C30F9F7C0FB0A
:10AAF000E06006802A68E36852885A8061687A8D2F
:10AB00007B8B088A9A4294BFC0EB0200C0EB030023
:10AB1000042894BF0020012007B0F0BD2B681B78EB
:10AB2000022BDAD1606812210C30F9F7A1FBE0604A
:10AB300006802B68E268591C0232113351F8040B6D
:10AB400042F8040B9942F9D161687A8D7B8B088AAF
:10AB50009A4294BFC0EB0200C0EB03001228D8E772
:10AB60004E630300565B0300CC0403002DE9F04F55
:10AB700095B0176880460E46002542F6010300682E
:10AB8000D7F804908DF83C500FA91446ADF83E302C
:10AB900011F065FF002800F083804FF42053D8F8AF
:10ABA0000000ADF83E300FA98DF83C5011F057FF72
:10ABB000034638B1A3681BB15A88B24200D25E8006
:10ABC00001201AE0494A0392494A02920822CDE93B
:10ABD000000248490496042212F0B2FB616808465C
:10ABE00012F042FB7A8B7B8D9A4294BFC0EB02003D
:10ABF000C0EB0300032803D8002015B0BDE8F08F98
:10AC00000846F9F74DFA0546606812F02DFB7A8D7B
:10AC10007B8B05F10C0B9A4294BFC0EB020AC0EB90
:10AC2000030A584611F0DDFE82453CD2606812F0FE
:10AC30001BFB7A8D7B8B9A4294BFC0EB0200C0EB6A
:10AC4000030070B96368987AF8F7DCFF00220023EC
:10AC500011F0A1FE05460028CED001466068F9F744
:10AC600065FA00230093D8F80470102306AA414621
:10AC70004846B847071E13DB227CE068BA4231D051
:10AC800001460FA811F019FF034680B9227C0392F8
:10AC9000194A18490093CDE90132022212F050FB03
:10ACA0000023A3608CE7584611F09BFEC9E7FAB277
:10ACB00006A90AA811F001FF034610B90F4A03972D
:10ACC000E7E70AA90FA811F0CAFE0028E8D100237F
:10ACD0006374042105F10C00F9F7CAFAA06006803C
:10ACE000A3686CE706A915F07CF9EEE76D63030035
:10ACF000565B0300CC040300685B0300875B030022
:10AD0000F0B54FF4702285B00746002311480D4678
:10AD100011F041FE044660B90F4B10490395CDE98F
:10AD2000010300900346012212F00AFB204605B001
:10AD3000F0BD00F10C0609213046F9F71BFA204658
:10AD4000FFF77CFE012187603046F9F791FA057024
:10AD5000ECE700BF80080020FE5B0300CC0403008A
:10AD600010B586B00A4B03930A4B0293041F0023CD
:10AD70000822CDE90032184607490494042212F053
:10AD8000DFFA0648214606B0BDE810400BF04EB889
:10AD900099640300A65B0300CC0403005C07002059
:10ADA00010B586B00B4B03930B4B02930822002384
:10ADB0000446CDE90032049008491846042212F0F6
:10ADC000BFFA14F1FF0F26BF6042C0B20E2006B0DA
:10ADD00010BD00BF5D640300B25B0300CC04030040
:10ADE00070B5538A86B0CDE904131F4B03931F4BF4
:10ADF0000293144600230826CDE900361C49054677
:10AE00000422184612F09CFA20684FF495722946E5
:10AE100012F0F7FD207528B92068294612F068FE67
:10AE200018B92675002006B070BD237AB3B1A3F11E
:10AE30001802534253419B000193638A0093AE680A
:10AE4000238AE26820682946B047002802DB238A6B
:10AE5000834205D0FFF7A4FF2075E3E70223EBE769
:10AE6000002323750120DEE768640300B95B03005B
:10AE7000CC04030070B50D46438B418D8B4202F12B
:10AE8000010228BF0B469A4286B006460FD9CDE98B
:10AE90000332234B02930023CDE9003321490222E0
:10AEA000184612F04DFA0024204606B070BD284620
:10AEB000FFF78AFD022812D0042810D015F02EF9D1
:10AEC000194B1958194BD3F880308B421CD0184BB2
:10AED0001B685A1A18BF4FF0FF32134602E04FF4B6
:10AEE0007022002313480021FFF74CF9044668B98B
:10AEF000114B0393114B02930823CDE90003094939
:10AF0000049503460422CCE70022E6E7FFF796FD0E
:10AF10000121866004F10C00F9F7AAF90570C3E776
:10AF2000D55B0300CC0403000800000020270020AC
:10AF3000602A002080080020C7640300FA5B030039
:10AF400010B5838C164986B0CDE90403154B0393E5
:10AF5000154B029308220023CDE900320446042257
:10AF6000184612F0EDF9BFF35B8F04F1540353E878
:10AF7000001F41F0010143E80012002AF7D1BFF39E
:10AF80005B8F201F12F099F904F17C0007490CF047
:10AF9000E3F9206806B0BDE8104004F02BB800BF0C
:10AFA000CC040300F7620300265C0300C1CA010061
:10AFB00070B503788AB004460E4607AD032B20D83F
:10AFC000DFE803F002191B1D11492846F4F77AFB4C
:10AFD000059563780493A3780393E3780293237928
:10AFE000019363790093A3790A4A1E21304610F039
:10AFF0006BFB0AB070BD0849E7E70849E5E7084977
:10B00000E3E7084A0A21284610F05EFBE0E700BFAC
:10B01000FA1103001C1203000112030008120300BE
:10B0200012120300928403002DE9F04188B0064615
:10B030000D464FF000084FF42053006817688DF854
:10B04000188006A91446ADF81A3011F008FDA0B119
:10B0500042F6010330688DF81C8007A9ADF81E3058
:10B0600011F0FDFC48B123691BB15A88AA4200D2F5
:10B070005D80012008B0BDE8F0816168306811F0A2
:10B08000EEFC034610B100232361F2E71A4A039253
:10B090001A4A02920822CDE90002194904950422B5
:10B0A00012F04EF9E368A0681A786AB1B7F82AC0BE
:10B0B000798B038A8C4594BFC3EB0C03C3EB01036C
:10B0C000934201DA0020D5E704210C30F9F7D0F8DB
:10B0D0002061058023695D800A4B00930194A2687A
:10B0E00000233146384612F03BF90028EADB20699C
:10B0F000003818BF0120BDE704640300565B03005D
:10B10000CC04030021D302002DE9F0431768264B3D
:10B11000D7F8049087B00025144603934FF0080831
:10B12000224B0491CDE900582149029306462B4653
:10B130002846042212F004F9257395223146484628
:10B1400012F05FFC0546207330B93146484612F0D4
:10B15000CDFC28B984F80C80002007B0BDE8F0834E
:10B16000A068798D7A8B038A914294BFC3EB010367
:10B17000C3EB0203012BEFDD02210C30F9F778F865
:10B18000CDE900558046A388A2683146384612F0C2
:10B19000E7F8031E03DAFFF703FE2073DCE7A8F8E5
:10B1A00000300120D9E700BFE4630300565B0300D1
:10B1B000CC0403002DE9F04317681C4BD7F804902A
:10B1C00087B00025144603934FF00808184B0491EC
:10B1D000CDE900581749029306462B46284604221B
:10B1E00012F0AEF8257395223146484612F009FC5C
:10B1F0000546207330B93146484612F077FC28B92D
:10B2000084F80C80002007B0BDE8F083CDE900553C
:10B210003146A388A268384612F0A2F8002803DA63
:10B22000FFF7BEFD2073EDE70120ECE7CA630300E2
:10B23000565B0300CC0403002DE9F04FD2F80080E8
:10B2400087B00546894600685168D8F804B01446AE
:10B2500011F005FC0746002857D12D4B03934FF002
:10B26000080A2C4B2C490293CDE9000A034604221C
:10B27000CDF8109012F064F895222946584612F045
:10B28000C0FB0646207538B1E3681B7803B127750B
:10B29000002007B0BDE8F08F2946584612F026FC82
:10B2A00010B984F814A0F3E7A0682675F8F7F8FE43
:10B2B00002210C30F8F7DCFF184B2061A0F8009059
:10B2C00000930194A26833462946404612F048F89C
:10B2D000002803DAFFF764FD2075D9E72369002B06
:10B2E000D6D0A06811F0C0FFB8F81A30B8F82A20FC
:10B2F0009A4294BFC0EB0200C0EB0300E3681B78E6
:10B30000984294BF00200120C3E70120C1E700BF9D
:10B310008C630300565B0300CC04030079D2020067
:10B320002DE9F04103888AB0CDE90403484B03932B
:10B330000026484B02934FF0080833460422CDE91B
:10B34000006804460F463046434911F0F9FF434870
:10B350000022002308A90AF0DDFC054680B1404B1D
:10B360000394CDE901630096334601223A49184619
:10B3700011F0E6FF6FF00B0630460AB0BDE8F08131
:10B3800014F0CCFE374B089E1A58374B29461A60EA
:10B39000301D2C2214F01DFE3460089C33480995A2
:10B3A000C4E90155C4E90A550022002309A90AF09D
:10B3B000B1FC064640B1236803932D4B0095CDE9BF
:10B3C000015302222B46D1E7099B0146B8221846B9
:10B3D00014F0FFFD274A8260603013F0FAFC099BED
:10B3E000BFF35B8F583353E8002F43E80061002917
:10B3F000F9D1BFF35B8F099B17491C60099D1E4B58
:10B4000005F1580011F048FF03931C4B0494CDE95B
:10B410000550CDE90183009633460422304611F0F1
:10B420008FFFA36A1BB904F10C0013F0D2FCA26ACF
:10B43000C5F8B020E26A05F1B003A36202B9E36285
:10B44000099B17225A855A8304333B6094E700BF57
:10B45000B964030050540300CC0403003C070020EF
:10B460003D5C030008000000602A00205C0700200B
:10B47000625C030014060020A9640300875C0300DB
:10B480001FB5437B072B0DD0144B02930023CDE94E
:10B49000003313490222184611F052FF002005B074
:10B4A0005DF804FB042111F0CAFE034630B90D4AD1
:10B4B0000090CDE901020A490122EDE7543011F074
:10B4C000EBFE10F0010005D1074B0090CDE9010320
:10B4D0000346F0E753F8040CE1E700BFA45C030067
:10B4E000CC040300B25C0300CD5C03002DE9F047FF
:10B4F0000C4686B080460846FFF7A0FAE568D0F80B
:10B5000008902B7804933D4B03933D4B0293002707
:10B510000823CDE900733B493B46064604223846E2
:10B5200011F00EFF08F1580011F0B6FE10F0010303
:10B530000ED1354A33490093CDE901321846012234
:10B5400011F0FEFE6FF01505284606B0BDE8F08745
:10B55000238A5BB92D492E482E4A40F26D1310F014
:10B5600030FD2C4840F26D1110F022FDE3681B788D
:10B57000337137602B78D22B15D1D8F800302146A3
:10B58000186812F037FC054668B1234B1D49009737
:10B59000CDE9017338463B46012211F0D1FE204629
:10B5A000F8F724FDD0E704F10C0011F016FA00239F
:10B5B000B4F810A0C6F8088007461A46214608F1DC
:10B5C0000400FEF721FE05460028BDD010F1690FEA
:10B5D00009D1124B02930023CDE90033094901221E
:10B5E000184611F0ADFE6369A4F810A013FA87F7AE
:10B5F000E760C6F808903560A6E700BF0B6503005A
:10B60000E75C0300CC040300CD5C0300F75C03009F
:10B61000CA170300FB5A03001D5D0300305D0300E1
:10B6200030B5044689B0583011F036FECB681B782F
:10B630000494CDE905030A4B03930A4B02930822B5
:10B640000023CDE900320D4618460749042211F0C7
:10B6500077FE2946204609B0BDE83040FFF746BFD7
:10B6600015650300535D0300CC0403002DE9F04190
:10B67000044688B0886811F0F7FD638B628D9342B1
:10B6800028BF134683420D462ED3194B0393194B03
:10B69000029300270823CDE90510042216490494DB
:10B6A0003846CDE900733B4611F04AFEE565D5F812
:10B6B0000880AF600CF09CFE41462046FFF7B0FFCB
:10B6C000064640B1C5F80880E7650CF003FF304638
:10B6D00008B0BDE8F081618D638B994228BF19469F
:10B6E000284612F002FAF0E76FF07906EFE700BFA4
:10B6F00026650300755D0300CC040300F0B587B038
:10B700001E4B02931E4F039700230826CDE9040128
:10B71000CDE900360C4605461A491846042211F0B8
:10B720000FFE204611F0B8FDC3070CD555F8043CB8
:10B730005BB9154A13490397CDE9016200930422CE
:10B74000184611F0FDFD07B0F0BDAA6D002AFAD130
:10B75000181D11F07FFD04460028F4D00146281F73
:10B76000FFF784FF0028EED055F8043C5A682260A9
:10B770009A685C60002AE6D19C60E4E7905D030073
:10B780008B640300CC040300A65D03002DE9F041A7
:10B7900086B02A4B50F8044CDFF8A4800293071FB0
:10B7A00000230826CDE900360546264904971846A9
:10B7B000CDF80C80042211F0C3FDBFF35B8F05F1BF
:10B7C000540353E8001F21F0040143E80012002A4B
:10B7D000F7D1BFF35B8F74B91B4B1A49CDF80C80BE
:10B7E000CDE90163009423460422204611F0A8FD10
:10B7F00006B0BDE8F081AB6D8BB963687BB1201DED
:10B8000011F028FD064601463846FFF72FFF0028B5
:10B81000EED063683360A368666003B9A66005F183
:10B820005C01384611F099FE0028E1D004F10C01CA
:10B83000384606B0BDE8F04111F08FBEA65B0300AC
:10B840003B650300CC040300CD5D03002DE9F04F00
:10B8500089B00746FFF7F2F8764B0393764B0293D5
:10B8600080464FF0000B0823CDE900B373490497DD
:10B870005B460422584611F063FDD8F81030D8F822
:10B88000005098F80460B8F806A0079359461822AB
:10B890004046D8E9024914F09CFBB87AF8F7B2F9AF
:10B8A0007969804651B17B7AD80705D4D8F82C3015
:10B8B0001B6838469B68984700237B6139464046A1
:10B8C00013F09FFA1EB34FF0000B5D4BDFF874814D
:10B8D00002930827CDE900B758490496CDF80C80AB
:10B8E0005B460422584611F02BFD1CB123680BB1B6
:10B8F000196879B9544B029308210023CDE900312E
:10B90000CDF80C8004224D49184611F019FD09B0FC
:10B91000BDE8F08F45B14D4B0395CDE901B3CDF8AE
:10B9200000B05B460122EEE73046FFF74DF8484B8A
:10B93000CDF80C8004F1040BCDE9041BCDE90173B3
:10B940003E49009506462B460422284611F0F8FC95
:10B950005846FFF71BFF052E5BD80123B34013F0B9
:10B960001408D4D113F0090F04F1580B2ED113F0A1
:10B97000220F4ED0E36D31490095CDE90443354B9C
:10B980000393354B0422CDE9017328462B4611F071
:10B99000D7FC584611F080FCC2070AD42F4B029303
:10B9A0000023CDE9003325490122184611F0C8FCD7
:10B9B000ADE7E36D002BAAD04FF47022002304F111
:10B9C000800009B0BDE8F04F0BF0FEBD23681B49B5
:10B9D0001E68238D0095CDE90443214B0393214B31
:10B9E0002846CDE9017304222B4611F0A9FC5846E4
:10B9F00011F052FCC307D1D5B9F1000F87D01FFA5F
:10BA000088F39A4583D907993046C84708F1010859
:10BA1000F5E7154A1549164840F2CF2310F0D1FA40
:10BA20001448314610F0CDFA0F4840F2CF2110F003
:10BA3000BFFA00BF56650300C5470300CC040300EE
:10BA4000F25D030047650300025E03002C5E030005
:10BA50004B5E0300F2640300815E0300CD5C0300D3
:10BA6000DE6403009A5E0300FB5A0300F28A0300BF
:10BA7000CA170300B15E03002DE9FF410646904658
:10BA80001F460D4671B104220121FFF7F3F9044668
:10BA900058B90D4B0D490090CDE901030122034631
:10BAA00011F04EFC04B0BDE8F08104210C30F8F731
:10BAB000DFFB21460570A0F80180C770304604B056
:10BAC000BDE8F04111F062BDCA5E0300CC04030082
:10BAD0002DE9F04F0B8AD0F800A089B081460D46C1
:10BAE00063B9544A54490093CDE901321846012202
:10BAF00011F026FC002009B0BDE8F08F071F0121DE
:10BB000005F10C00F8F796FB0646284611F0ACFB51
:10BB100006903378DFF824814749CDF80C80002463
:10BB2000CDE904734FF0080B454B0293CDE9004B70
:10BB300023460422204611F003FC9AF80D30072B0F
:10BB40000ED0CDE904A33F4B3B49CDF80C80CDE9A5
:10BB500001B3009423460422204611F0F1FBC9E70B
:10BB600059F8043C5BB9384A3349CDF80C80CDE92B
:10BB700001B200930422184611F0E2FBBAE73278D2
:10BB8000324911F83400904201EBC40316D1298ADE
:10BB9000587893F8029088422DD92D4B02930023B8
:10BBA000CDE90312CDE9003323490122184611F0F3
:10BBB000C7FBB9F1010F9DD1042428E001340C2CFE
:10BBC000DFD10024234B1C49039202932046CDE988
:10BBD00000442346022211F0B3FB31780846FEF7F9
:10BBE000F3FE002886D0052884D006232246384656
:10BBF000FFF742FF7EE75B68294638469847B9F170
:10BC0000010F04467FF476AF00283FF473AF124B68
:10BC1000029300250823CDE9005307492B4604224F
:10BC2000CDE90384284611F08BFB317823462A4660
:10BC3000DDE700BFE75E0300CC0403007F64030080
:10BC4000025F03002F5F0300535F0300F80C030043
:10BC5000925F0300785F0300B15F03002DE9F041BC
:10BC60000E8A043EF6B2022E044694B0084601D075
:10BC7000102E77D104210C30F8F7DCFA0DF12808EA
:10BC800005884788011D3246404610F016FF0028FF
:10BC90006AD04046F8F7B0FB344B0393344B029321
:10BCA00000260823CDE90570CDE9006331490495EC
:10BCB00033460422304611F043FB95B387B3BD42AF
:10BCC0002FD84FF4205309A940468DF82460ADF8D1
:10BCD000263010F0C4FE40BB142200210FA814F03F
:10BCE00078F911212046FFF70BF81190002837D082
:10BCF00001210C30CDE90F48F8F7BAFA0023129071
:10BD00001D4A03703946139328460FAB11F0CAFA47
:10BD1000129B1B78FBB91198F8F768F90A2301E028
:10BD20003D4601232A4610210EE042F601030FA9E9
:10BD300040468DF83C60ADF83E3010F090FE002893
:10BD4000CAD010232A4619462046FFF795FE002048
:10BD500014B0BDE8F0811199204611F017FCF6E708
:10BD60001120F5E70420F3E70E20F1E71264030049
:10BD7000C65F0300CC04030029B001002DE9F043A5
:10BD800003688BB004460E461868012111F074FE5A
:10BD900048B904F1580011F0A3FB002846D1122045
:10BDA0000BB0BDE8F0831022002106A814F011F9B1
:10BDB00021212046FEF7A4FF0890002838D01D4F0F
:10BDC000DFF87480DFF874900694338A012B04D86E
:10BDD0000899204611F0DAFB28E006F10C0010F07B
:10BDE000F4FD00230822CDE900320546CDE90370B9
:10BDF000042218464946CDF8088011F0A1FA012323
:10BE00008DF824300E4A06AB2946284611F04AFA2E
:10BE10009DF82430002BD8D00898F8F7E7F89DF863
:10BE200024302A4620212046FFF726FE0020B7E7CF
:10BE30001120B5E7EF630300F85F0300CC040300B3
:10BE400009B101002DE9F04303688BB004460E46AA
:10BE50001868012111F010FE48B904F1580011F0E2
:10BE60003FFB002846D112200BB0BDE8F083102222
:10BE7000002106A814F0ADF80F212046FEF740FF80
:10BE80000890002838D01D4FDFF87480DFF87490D8
:10BE90000694338A012B04D80899204611F076FBCA
:10BEA00028E006F10C0010F090FD00230822CDE9F7
:10BEB00000320546CDE90370042218464946CDF804
:10BEC000088011F03DFA01238DF824300E4A06ABAC
:10BED0002946284611F0E6F99DF82430002BD8D0E9
:10BEE0000898F8F783F89DF824302A460E2120465A
:10BEF000FFF7C2FD0020B7E71120B5E7D2630300CA
:10BF0000F85F0300CC040300B5B10100F0B51D4695
:10BF1000036885B004460E4618680121174611F0E3
:10BF2000ABFD38B904F1580011F0DAFA48BB122021
:10BF300005B0F0BD65B310220021684614F049F841
:10BF400039462046FEF7DCFE029018B3BDF82830D3
:10BF5000ADF8043001238DF80C300F4A00946B4685
:10BF60002946284611F09EF99DF80C305BB10298E5
:10BF7000F8F73CF89DF80C302A4631462046FFF78A
:10BF80007BFD0020D4E70299204611F0FFFAF8E784
:10BF90000120CDE71120CBE7B5B1010070B5CB682A
:10BFA0000D491D885E880D4B86B0082203930C4B0B
:10BFB00002930023CDE900320446CDE90456184629
:10BFC000042211F0BDF900962B460D220C212046CB
:10BFD000FFF79CFF06B070BDCC040300B8630300FC
:10BFE000B95B030070B5CB680D491E880D4B86B058
:10BFF000002403930C4B02930823CDE9004305462C
:10C00000234620460496042211F09AF90094334600
:10C010000B220A212846FFF779FF06B070BD00BF4A
:10C02000CC040300AB630300565B03002DE9F04131
:10C030000E8A043EF6B2022E044694B0084602D0A0
:10C04000102E40F0898004210C30F8F7F3F80DF140
:10C05000240805884788011D3246404610F02DFD12
:10C0600000287BD04046F8F7C7F93D4B03933D4B82
:10C07000029308220023CDE90570CDE900323A4948
:10C0800004950422184611F05BF985B377B3BD42DD
:10C090002DD86068012111F0EFFC064678BB8DF8C1
:10C0A000200042F6020308A94046ADF8223010F005
:10C0B000D6FC20B342F603030EA940468DF8386043
:10C0C000ADF83A3010F0CBFCC8B1012D03D14FF6DA
:10C0D000FF739F4213D004F1580011F001FA0028B9
:10C0E00014BF0020122014B0BDE8F0813D460123AA
:10C0F0002A4608212046FFF7BFFC0020F3E718225C
:10C1000000210EA813F065FF09212046FEF7F8FD77
:10C110001090F8B101210C30CDE90E48F8F7A8F8DD
:10C120000023119003700A238DF84C300F4A0EAB98
:10C130003946284611F0B6F89DF84C302BB11098CE
:10C14000F7F754FF9DF84C30D2E71099204611F0D4
:10C150001DFAD2E71120C6E70420C4E70E20C2E78B
:10C1600099630300C65F0300CC04030039B20100E9
:10C170002DE9F04788468EB00621044608F10C00F0
:10C18000F8F758F8B0F804A046880588D8F80C905D
:10C190002F4904951FFA8AF3CDE905632D4B0393CC
:10C1A0002D4B029300270823CDE9007304223B4660
:10C1B000384611F0C5F8ADB19EB1B54212D84FF472
:10C1C000205309A908A88DF820708DF82470ADF8C7
:10C1D00022A0ADF8263010F042FC074660B10A23D9
:10C1E00001E0354601232A4606212046FFF744FC9C
:10C1F00000200EB0BDE8F0870146142209A898F887
:10C20000108013F0E6FE07212046FEF779FD0A9024
:10C21000D8B10A238DF83530104A099409AB31465C
:10C220002846CDE90B798DF8348011F03BF89DF864
:10C2300035302BB10A98F7F7D9FE9DF83530D2E7A3
:10C240000A99204611F0A2F9D2E71120D1E700BFE8
:10C25000CC0403007A6303000B6003006DAB0100A4
:10C26000F0B5CB6820491D885E88204B8BB0002735
:10C2700003931F4B02930823CDE900730446CDE9D5
:10C2800004563B460422384611F05AF885B176B17F
:10C29000B5420DD81022394606A813F09AFE0521A2
:10C2A0002046FEF72DFD079058B9112007E03546CE
:10C2B00001232A4604212046FFF7DEFB00200BB0B5
:10C2C000F0BD06AB0B4A06943146284610F0EAFF53
:10C2D000089B23B90798F7F789FE0A23E9E707992E
:10C2E000204611F053F9E9E7CC0403005B63030037
:10C2F0003D60030089AA01002DE9F04FCB68DFF80B
:10C30000B090B3F800B02B4B2B4987B000241FFA34
:10C310008BF64FF008080293CDE9004805460496D5
:10C32000CDF80C9023460422204611F009F8162E71
:10C3300039D903212846FEF7E3FC0746A8B31F4B73
:10C340001D4900944FF0410A0422CDE901832046A3
:10C350002346CDE9039A10F0F3FF022107F10C0008
:10C36000F7F786FF394680F800A04470284611F0A0
:10C370000DF95645124BA5F81AA028BF5646A5F848
:10C380002AB00D490094CDE90183042223462046BA
:10C39000CDE9039610F0D4FF284610F08EFF20461A
:10C3A00007B0BDE8F08F0420FAE70E20F8E700BFE1
:10C3B0004263030067600300CC040300796003005C
:10C3C0008B600300F0B51D4603680E4600398BB044
:10C3D000044618BF01211868174611F04DFB40B9FB
:10C3E00004F1580011F07CF800284AD000200BB06E
:10C3F000F0BD002D47D01822002104A813F0E9FD5C
:10C400008FB1002239462046FEF734FD03460590E1
:10C4100048B91E4A0090CDE901021D49012210F0E1
:10C420008FFF1120E3E723681A4A1B680493002357
:10C43000ADF82230109B0793BDF84430ADF82030A2
:10C4400001238DF82430294604AB28468DF8186066
:10C4500010F028FF9DF8243063B1002FC6D0059856
:10C46000F7F7C4FD9DF824302A4631462046FFF7F1
:10C4700003FBBBE705990029B8D0204611F086F8E8
:10C48000B4E71220B3E70120B1E700BFA1600300C9
:10C49000CC040300E1AD010070B5064686B001F1A1
:10C4A0000C000C4610F091FA0D4B03930D4B0293C8
:10C4B00008220023CDE90032054604900A491846B7
:10C4C000042210F03DFF238A0193E36800931322B6
:10C4D0002B4612213046FFF775FF06B070BD00BF36
:10C4E00025640300565B0300CC040300F0B5074647
:10C4F00087B001F10C000C4610F067FA0D4B039366
:10C500000D4B029300250823CDE900530646049005
:10C510002B4628460949042210F012FF238A019372
:10C52000E36800932A46334629463846FFF74AFF18
:10C5300007B0F0BD71640300565B0300CC04030038
:10C54000F0B585B00F461646FEF79AFFE0B1836A54
:10C5500018461BB150F8B03903B1B03B741C2146EA
:10C5600038B1428D458BAA4228BF2A46A2420ED23C
:10C57000A3B90E4B02930023CDE900330C49039479
:10C580000222184610F0DCFE002005B0F0BD324655
:10C59000394605B0BDE8F040FEF76CBCD3F8B050AA
:10C5A00005B1B03D18460C462B46DAE7BA600300E9
:10C5B000CC04030030B589B002460B4613F0AEFD43
:10C5C000002107912149224C0958224800688842DD
:10C5D00004D02148D0F8800081420DD11F4B029336
:10C5E00008220023CDE90032184604221C49039496
:10C5F00010F0A6FE002213461A4807A909F08AFB8C
:10C60000054678B1184B0394029300240823CDE922
:10C610000043134923460422204610F091FE204691
:10C6200009B030BD079B0E49CDE903430F4B029380
:10C630000823CDE900030422034610F081FE079C85
:10C640001C222946204613F0C4FCE8E7080000003D
:10C65000E6620300602A002020270020D560030046
:10C66000CC0403007C070020176103002C61030049
:10C6700030B587B00D4B03930D4B02930025044654
:10C680000823CDE9005304900A4928462B4604228A
:10C6900010F056FEA06810B1F7F7A8FCA560064898
:10C6A000214607B0BDE8304009F0C0BBD6620300A8
:10C6B0002C610300CC0403007C0700202DE9F04727
:10C6C000884688B004461146404616461F46F7F78E
:10C6D00019FE244B0393244B029300250823CDE934
:10C6E0000660CDE9005321492B4604222846CDE9B6
:10C6F000044710F025FE04F180000AF06BFFE36DA3
:10C700007BB91B4A19490093CDE901321846022230
:10C7100010F016FE204600F099F9002008B0BDE8A0
:10C72000F087144A934204D12068E56510F0E7FED3
:10C73000F3E7D3F804905D60E06DD0F818A0FFF740
:10C7400097FF2068E56510F0DAFEB9F1000FE4D03C
:10C750002068CDF800A00068334642463946C847F5
:10C76000DBE700BF4264030037610300CC04030031
:10C7700055610300642A00207FB50C4B03930C4BDA
:10C780000293002508230C46CDE9005306462B46AC
:10C7900028460849042210F0D3FD228AE1682B467E
:10C7A000304604B0BDE87040FFF788BF5164030015
:10C7B000C91E0300CC0403002DE9F047494BDFF804
:10C7C000288106468AB056F80479CDE908137B7AA9
:10C7D00007933B8804904FF00009CDE905730446A8
:10C7E000424B02934FF0080A4B46CDE9009A0D46A2
:10C7F000CDF80C803E490422484610F0A1FD54F8C3
:10C80000043C6BB93B4A3A49CDF80C80CDE901A212
:10C8100000930422184610F093FD0AB0BDE8F0879B
:10C8200075B1A36D002BF8D01B7CDA07F5D5052375
:10C830004A46114630460AB0BDE8F047FFF73EBF12
:10C84000384602F057FC7B7A012BE6D0A36D002B13
:10C85000E3D01B7CDB07E0D5274B0095CDE901A396
:10C8600028462B462249CDF80C80042210F068FDA2
:10C87000A56DEB68002B33D06A69697C3046FEF702
:10C88000F9FA0446E0B96B7C03931C4B18490090FD
:10C89000CDE901030122034610F052FD0E25184B8D
:10C8A000029300240823CDE9004304222346CDE966
:10C8B00003850F49204610F043FD2B462246B8E77A
:10C8C000D5E90512EB68984718B12046F7F78EFBBB
:10C8D000E4E721463046FEF709FE00289DD0F4E744
:10C8E0000525DCE7148D03002C6303006C61030055
:10C8F000CC040300AC610300DB610300E8610300CA
:10C90000086203002DE9F043838C50F8045CDFF8E3
:10C910002091484987B0CDE904030026464B029395
:10C92000044608273346CDE90067A0F10408CDF896
:10C930000C900422304610F003FD54F8043C6BB90F
:10C940003E4A3C49CDF80C90CDE901720093042297
:10C95000184610F0F5FC07B0BDE8F083384B0393A0
:10C96000384B344900963046CDE9017304223346F2
:10C97000CDF8108010F0E4FC54F8040C04F1AC0184
:10C98000283010F094FD04F15C06002200233046AC
:10C9900009F090FE024680BBA36D2BB101466FF0FB
:10C9A00067034046FFF78AFE002344F8043C04F185
:10C9B0005403BFF35B8F53E8001F21F0010143E8EC
:10C9C0000012002AF7D1BFF35B8FAB6A002BC2D1F4
:10C9D00005F10C0600220023304609F06BFE78B901
:10C9E0006E6886B918482E60294609F01FFA20683B
:10C9F00007B0BDE8F04302F0ABBBF7F7F7FAC4E7C6
:10CA0000F7F7F4FAE6E7AA6833686B60964208BF66
:10CA1000AB6077683FB1B3690093002328681A467A
:10CA20006FF06701B8473046FFF722FED8E700BF36
:10CA300018630300CC040300265C03001E6203009D
:10CA400008630300A65B03003C07002070B50646A0
:10CA50008EB056F8043B06AC05461868FDF786F81C
:10CA60002146FEF7A5FA124B0393124B049402934E
:10CA7000002408231049CDE9004304222346204620
:10CA800010F05EFC3046FFF73DFF68681321FCF7AD
:10CA90008FFA50B1094B0390CDE901430649009448
:10CAA00023460122204610F04BFC0EB070BD00BFA3
:10CAB0003364030049620300CC040300696203008D
:10CAC00030B504468DB054F8803D04AD1868FDF7CC
:10CAD0004DF82946FEF76CFA074B029300231846DF
:10CAE000CDE9003305490395012210F029FC2046C9
:10CAF000FFF7ACFF0DB030BD87620300CC0403002C
:10CB000070B50E4658B92149214A224840F67F7334
:10CB10000FF057FA40F67F711D480FF049FA49B9F6
:10CB20001D491B4A1B484FF478630FF04AFA4FF433
:10CB30007861F1E7FEF7A4FC044628B93046F7F720
:10CB400055FA6FF07F0070BD00F10C0528463146A4
:10CB500012F04CF9A06A38B150F8B04904B1B03CB9
:10CB6000294610F0FAFC20B90020ECE71C466FF0D3
:10CB70000100002CF8D0D4F8B03023B90230F5D041
:10CB800020461C46ECE7B03BF8E700BF584E0300D8
:10CB9000FB5A0300CA1703003932030070B586B090
:10CBA000214B0393214B029300260823CDE9040176
:10CBB0000546CDE900630C4633461D490422304644
:10CBC00010F0BEFB5DB91B491B4A1C4840F694732C
:10CBD0000FF0F7F940F6947117480FF0E9F94CB9E6
:10CBE0001749154A154840F695730FF0EAF940F6D3
:10CBF0009571F1E70BF0FCFB2846FEF741FC28B9E4
:10CC00000BF068FC6FF07F0006B070BD2660836893
:10CC10003BB9C0E9014410F072FC0BF05BFC002052
:10CC2000F2E71C608460F6E7C6620300B3620300AB
:10CC3000CC040300584E0300FB5A0300CA1703003C
:10CC40002861030070B50D4C2378834206460D46DB
:10CC500004D1611C284610F0E4FC58B9237CB3428F
:10CC60000AD10749284610F0DCFC10B1012004EB82
:10CC7000001070BD0020FAE70020FAE7982A002093
:10CC8000A92A002070B50D4C2378834206460D4634
:10CC900004D1611C284610F0C4FC58B9237BB34270
:10CCA0000AD10749284610F0BCFC0028054808BFF7
:10CCB000002070BD2046FCE70020FAE7D01A0020D3
:10CCC000DD1A0020DC1A002070B5144D064640B174
:10CCD00015F8011C2A466C1E10F020FA98B1204667
:10CCE0000CE00F49284610F09CFC40B90C4905F1B6
:10CCF000100010F096FC20B105F10F0070BD681E09
:10CD0000FCE70020FAE7217C04F11102304610F024
:10CD100005FA0028F5D004F11000EFE7992A002069
:10CD20007F2B030010B54A1C0C4638B1097810F06F
:10CD3000F5F908B1204610BD0020FCE70249104675
:10CD400010F06FFCF5E700BF7F2B03002DE9F041E9
:10CD500006460F4690460FF0C5FF3946044630465A
:10CD6000FFF790FF0546B4B3A8B91C481C4A10F061
:10CD700094FC0446F0B102F1140010F08EFCD8B916
:10CD800002F10C0501240C235C43601C394610445D
:10CD900010F07CFC1655012101FA08F105F108009C
:10CDA00010F056FCBDE8F0410E484FF4004200235D
:10CDB0000AF00ABC1546E6E70B490C4A0C4840F25B
:10CDC000C9530FF0FEF80B480FF0FBF8074840F28C
:10CDD000C9510FF0EDF8BDE8F08100BFD81A00206E
:10CDE000D01A0020E81A00209C6503006C6503003F
:10CDF000CA170300AE65030008B504210A4810F005
:10CE000027FC09486FF0020110F031FC064810F0D1
:10CE100044FCC30705D505484FF4A47200230AF06B
:10CE2000D3FB002008BD00BFE01B0020B01B00208A
:10CE300070B50D4686B0064611F8010BFCF72EFEC4
:10CE4000044610B12C89FBF7DDFD0E4B03930E4B0E
:10CE5000029308220023CDE900321846CDE904549C
:10CE60000A49042210F01FFC6B89A34208D0EB682A
:10CE70006C812BB12146304606B0BDE870401847A2
:10CE800006B070BD0B710300CD650300FC04030008
:10CE900070B50246461C88B00546042312F8080BFC
:10CEA0003146F7F7F5FC044660B1114B02930023BD
:10CEB0000390CDE900330F490122184610F0F3FB2F
:10CEC00008B070BD3046F7F759FA6B8906932B8985
:10CED0000849CDE90403084B0393084B0293082348
:10CEE000CDE9004304222346204610F0DCFBE7E7AF
:10CEF000E5650300FC040300A07103000166030064
:10CF00001FB512F09FFB60B1074B02930023039003
:10CF1000CDE9003318460549012210F0C4FB6FF03B
:10CF2000040005B05DF804FB26660300FC04030062
:10CF30001FB510481021F7F7DDFC50B10E4B0293DE
:10CF400000230390CDE900330C490122184610F06C
:10CF5000AAFB0B4B03930B4B029308220023CDE952
:10CF6000003206490422184610F09DFB05B05DF81A
:10CF700004FB00BF181B00203C660300FC040300F8
:10CF8000F171030062660300F0B5064687B00846FB
:10CF90000D46F7F7F3F9144B0393144B0293002457
:10CFA0000823134F1349CDE90460CDE9004304225F
:10CFB0002346204610F077FB3B78B34204D1294644
:10CFC000781C10F02EFB40B93B7BB3420AD10A48D3
:10CFD000294610F026FB18B101240C2303FB047032
:10CFE00007B0F0BD0020FBE7B67103007B660300CD
:10CFF00006340020FC040300133400202DE9F04126
:10D000000E468AB017469846044658B94A4B4B49D3
:10D010000090CDE901030122034610F044FB6FF0BC
:10D02000150539E008A9F7F755FB054658B1444BFB
:10D0300002930023CDE900330394404901221846AE
:10D0400010F031FBEBE707A920460FF04EFB0798E5
:10D0500058B10A2229460EF063FB30B1394B0390D8
:10D06000CDE9015300952B46E7E708A90020FFF71B
:10D070008BFF044670BB7EB13349FFF785FF044642
:10D0800070B9324B2D490090CDE9010301220346CE
:10D0900010F009FB6FF00B0528460AB0BDE8F081DF
:10D0A000002300F8013B08A910F0F0FA04F1080190
:10D0B00004224046B847041E1EDA254B0293002383
:10D0C000CDE900331D4903940122184610F0EBFA14
:10D0D0002546E1E7002EE9D106604660866008A893
:10D0E000F7F74CF91B4B03931B4B02930823CDE935
:10D0F00000630490334618E0164F184B049408263A
:10D1000000240E490293042223462046CDE900461E
:10D11000039710F0C8FA08A8F7F730F9104B0094FD
:10D12000CDE90370CDE90163234604490422184682
:10D1300010F0B9FAB0E700BF072C0300FC040300AD
:10D1400090660300AC6603007F2B0300C7660300F4
:10D15000E966030059700300366703000A6703009D
:10D160001F6703002DE9F0413D4B144682689A4247
:10D1700086B015D1A568C668EDB922792168304618
:10D1800010F057FA024678B9364B0393364B0293A8
:10D190000823CDE9000335490346042210F083FA41
:10D1A000012006B0BDE8F0813149013010F06EFA7F
:10D1B00015701581F4E7E0680028F2D02B888B42C7
:10D1C00018D0EDD204932B4B03932B4B02930822E0
:10D1D0000023CDE9003225490422184610F063FAF5
:10D1E000E068A36801380433E0600038A36018BF2A
:10D1F0000120D6E76A88DFF87C801C49CDF80C80D6
:10D20000CDE904321D4B0293082700231846CDE9CF
:10D210000037042210F047FA256822792946304663
:10D2200010F007FA0246B8B91149304610F001FA79
:10D23000024658B9124B0D49CDF80C80CDE9017367
:10D2400000900346042210F02EFAC9E72946013067
:10D2500010F01CFA23791370A3685B881381BFE771
:10D2600001DB0100777003004C670300FC0403003E
:10D270007F2B03008170030073670300AC6703001A
:10D28000DA67030010B50C3086B0B1B1012110F09F
:10D29000DFF90E4BC4430C4004930D4B03930D4B2D
:10D2A000029308220023CDE9003218460A490422DD
:10D2B00010F0F9F9204606B010BD6FF0010110F032
:10D2C000D6F9064B00F00104E6E700BF148D030019
:10D2D0001072030004680300FC04030001680300EB
:10D2E00030B587B01F4B03931F4B04920293144633
:10D2F00000230822CDE9003205461C4918460422C5
:10D3000010F0D1F9284610F051F948B12846FFF73E
:10D31000DBFC28B1037ADB0702D5012110F026FAE5
:10D32000F4B9287A05F17001FFF72EFE0546B8B171
:10D330000130F7F723F80E4B03930E4B02930823AB
:10D34000CDE900430490094920462346042210F009
:10D35000AAF92846AC6007B0BDE83040FFF798BD99
:10D3600007B030BDAA70030023680300FC0403006B
:10D37000A170030032680300F0B51D4B15468268AA
:10D380009A4287B00F4630D12A792968C06810F0D8
:10D3900050F9064648B303891649CDE90473164B84
:10D3A0000393164B029300240823CDE90043042283
:10D3B0002346204610F077F9D5F8C8302F2B0CD92A
:10D3C0000F4B0C490094CDE901432046234601222E
:10D3D00010F069F9204607B0F0BD05EB8302013378
:10D3E000178131895181C5F8C8300120F3E700BFAA
:10D3F00001DB0100FC040300777103003E680300B9
:10D400006A68030010B51449144686B01022184605
:10D41000A047041E0DDA114B02930023CDE900331F
:10D420000F4903940122184610F03DF9204606B03A
:10D4300010BD0C4B04930C4B03930C4B029308222E
:10D440001023CDE900320649034B0422002010F0DE
:10D450002AF90024EAE700BF281B0020E966030040
:10D46000FC040300BE68030046700300523603004C
:10D47000F0B587B006460C9DAF680C46AFB1124BB5
:10D480000393124B029308220023CDE9003204914A
:10D4900004220F49184610F006F9B4F5807F28BF22
:10D4A0000E24E2B229463046B847AB7DEA68013B1C
:10D4B000DBB2AB752AB123B9284607B0BDE8F0400E
:10D4C000104707B0F0BD00BFE2700300B25B03007D
:10D4D000FC0403002DE9F04188B0CDE906231D4688
:10D4E0000B88059303880493114B0393114B02930C
:10D4F000002407460823CDE90043904623460E4604
:10D5000004220D49204610F0CEF83B88434507D849
:10D510003388AB420AD23580012008B0BDE8F081E3
:10D52000A7F800803388AB42F6D2F4E72046F4E750
:10D53000A9710300CC680300FC0403002DE9F0414D
:10D54000804688B008460F4615461E46F6F716FF79
:10D55000244B0393244B029308220023CDE900328D
:10D560002249049004221846CDE9055610F09BF894
:10D5700039464046FFF708FD0446A8B91C49FFF7A5
:10D5800003FD044658B91B4B18490090CDE901032F
:10D590000122034610F087F808B0BDE8F08100F8DA
:10D5A000018B394610F072F8238983B9638973B906
:10D5B00025816681214611F8010B0FF093FB0028AD
:10D5C000EAD0204608B0BDE8F041FFF761BC334621
:10D5D0002A4604F10A0104F10800FFF77BFF002846
:10D5E000DAD0E7E7C271030008690300FC04030016
:10D5F0007F2B03002C6903002DE9F04389B0994685
:10D60000BDF84030012B07460D46904660D84B448C
:10D61000012B4E465FDCFFF757FB044690B9FFF73E
:10D6200053FB044670B92F4B2F490090CDE90103FD
:10D630000222034610F037F86FF01006304609B0AA
:10D64000BDE8F083CDF814902B8A0493274B039305
:10D65000274B029300250823CDE9005322492B468E
:10D660000422284610F01FF8B9F1000F24D0217AC7
:10D6700098F800202B4621FA03F0C50703D522FABB
:10D6800003F0C0072AD50133032BF4D102F00702BF
:10D690001143217298F80030164A0392164A0292FA
:10D6A000CDE9051308220023CDE900320E49049389
:10D6B000042218460FF0F7FF07F17001601C0FF00D
:10D6C000E5FF3B7A23700121204610F04FF8B5E7C3
:10D6D0006FF00606B2E76FF00C06AFE76FF01206C8
:10D6E000ACE700BF4B690300FC040300E8710300D2
:10D6F00077690300DB7103009069030038B5094BBB
:10D70000154682689A420AD1C468296801342046C5
:10D710000FF087FF18B1696820460FF0B7FF0120AE
:10D7200038BD00BF01DB010008B513468168074A18
:10D73000914209D11A791968C0680FF07AFF18B1BF
:10D740000023036043600381012008BD01DB010069
:10D75000024608B5084901300FF098FF0023137204
:10D760000C32BFF35B8F52E8001F42E80030002804
:10D77000F9D1BFF35B8F08BD7F2B03002DE9F0418A
:10D7800088468AB015461F46044670B9584B594919
:10D790000090CDE90103012203460FF084FF6FF0F2
:10D7A000150630460AB0BDE8F08108A9F6F792FFE9
:10D7B000064658B1504B02930023CDE90033039441
:10D7C0004C49012218460FF06EFFE8E707A92046F2
:10D7D0000EF08BFF079858B10A2231460DF0A0FFDA
:10D7E00030B1464B0390CDE9016300963346E7E73D
:10D7F00008A90020FFF726FA0446A8B9FFF764FA43
:10D80000044658B93E4B3B490090CDE90103012243
:10D8100003460FF048FF6FF00B06C2E7002300F845
:10D82000013B08A90FF032FFB8F1000F5CD0384679
:10D83000022206A9A847071E0CDA324B02930023E6
:10D84000CDE900332B490397012218460FF02BFF37
:10D850003E46A6E79DF8183023722B4B03932B4BC3
:10D86000029300250823CDE90053224904972B4653
:10D87000042228460FF017FF022F1FD0244B1D490A
:10D880000095CDE9015302222B4628460FF00BFFED
:10D89000294620460FF06AFF08A8F6F76FFD1A4BDD
:10D8A00003931C4B029308220023CDE9003204901D
:10D8B0001049042218460FF0F6FE72E79DF8191081
:10D8C00001290BD9144B0391CDE901530949009566
:10D8D0002B463A4628460FF0E6FED9E701F0010153
:10D8E0002046FFF7CFFCD7E72046FFF731FFD3E70D
:10D8F000072C0300FC04030090660300AC660300E1
:10D90000B6690300E966030052700300D86903009A
:10D91000ED690300926A0300416A030070B586B0A6
:10D92000FFF732FB0446B0B1064616F8010B31464C
:10D93000F6F7BCFF054688B1114B02930023039014
:10D94000CDE900330F49012218460FF0ACFE002349
:10D9500023606360A360002006B070BD3046F6F718
:10D960000DFD094B0393094B02930823CDE90053A6
:10D97000049004492B46042228460FF094FEE6E763
:10D98000A96A0300FC0403008F710300C66A030048
:10D990007FB500F1700605463146007A0FF0A2F916
:10D9A00004463146287A7CB1FFF7B8FF50B10A4BE4
:10D9B000029300230390CDE9003308490122184661
:10D9C0000FF071FE04B070BDFFF7DEFA0028F9D049
:10D9D000046044608460F5E7DC6A0300FC04030033
:10D9E00070B586B0104B0393104B029300250823AB
:10D9F000CDE90053164604920D4904462B460422F5
:10DA000028460FF050FE022E09D1207A2B462A46D6
:10DA100004F17001FFF792FD022006B070BD2046B0
:10DA2000FFF7B6FFF8E700BFCA710300F26A030010
:10DA3000FC0403002DE9F0412B4B154682689A4205
:10DA400086B0074603D1C4686389002B34D1012016
:10DA500006B0BDE8F081FAF7D5FFE36800216181E7
:10DA60000BB138469847214B0393214B0293082270
:10DA70000023CDE900321F490494042218460FF018
:10DA800012FEE4E705F17008287A41460FF02AF902
:10DA900068B9194B9C4202D12846FFF779FF174914
:10DAA00030460FF0F3FD002323702381D5E7414674
:10DAB00030460FF0EBFDD0E72389002BCDD0264672
:10DAC000284616F8011B32460FF028FB0028D9D152
:10DAD00020783146FBF7E2FF0028BED0437B072BBE
:10DAE000B9D1FAF78FFFB2E701DB01002170030023
:10DAF000036B0300FC040300640600207F2B03007B
:10DB00002DE9F04786B09846BDF83830D1F80C9032
:10DB100006460F46002B66D108F1FF33012B65D86E
:10DB2000B8F1010F4946157818BF1588FFF7FAF8C4
:10DB30000446E0B91DB9404606B0BDE8F087494645
:10DB4000FFF7F0F8044658B92A4B0090CDE90103DD
:10DB50002949034602220FF0A6FD6FF01000EBE703
:10DB600006F1700101300FF091FD337A2370D9F87E
:10DB7000103063BBB4F808A0258105953B8A049357
:10DB80001E4B03931E4B029308220023CDE9003263
:10DB90001846042218490FF086FD2289B9F80A3088
:10DBA0009A4203D049463846FFF742F9AA4505D0C4
:10DBB000307A002206F17001FFF7C8F8002DBAD1C3
:10DBC0001049601C0FF062FD25702581B3E72A46DD
:10DBD0003946304698470028AEDB01380128C9D9BC
:10DBE0006FF00D00A8E76FF00600A5E76FF00C00DE
:10DBF000A2E700BF146B0300FC0403001C710300C8
:10DC00002E6B03007F2B030010B586B0184B0393D7
:10DC1000184B0492029308220023CDE900321649E2
:10DC20000422044618460FF03EFD6FF0020113482F
:10DC30000FF01DFD11480FF030FDC10704D510484D
:10DC40000022002309F0C0FC20460FF0AFFC60B1B9
:10DC50002046FFF739F840B1037ADB0705D50121EB
:10DC600006B0BDE810400FF081BD06B010BD00BF8A
:10DC70005C71030023680300FC040300E01B002028
:10DC8000B01B002070B586B01F4B02930124002307
:10DC900008201E4D1E4903954FF6FF76CDE9003052
:10DCA00004221846CDE904460FF0FDFC1948214630
:10DCB0000FF0CEFCC30714D4174B184A9A611548CD
:10DCC0000FF0EBFC810716D5154B029308220023B9
:10DCD000CDE900320E490395042218460FF0E3FC0B
:10DCE00007E0104933462246881EFFF7F3FB002861
:10DCF000E5D106B070BD0C484FF4A472002306B005
:10DD0000BDE8704009F060BC496B03004571030039
:10DD1000FC040300E01B0020901B00200100FFFF1B
:10DD2000656B0300AA1B0020B01B00202DE9F04109
:10DD300088B005460E46FEF785FF044610BB284B0B
:10DD40000393284B02930823CDE900032649034699
:10DD500004220FF0A8FC274628463B4622463146BF
:10DD6000F6F7ACFD0546D0B1204B0293002303909B
:10DD7000CDE900331C49012218460FF094FC08B08D
:10DD8000BDE8F081037A8DF81C300C300FF085FC73
:10DD900000F001008DF81D00022707ACDCE73046DB
:10DDA000F6F7ECFADFF83880114B0490082602935E
:10DDB00028462B46CDE900560B49CDF80C800422AD
:10DDC0000FF071FC0B4B08490097CDE903830A4B18
:10DDD0000422CDE90163284623460FF064FCCEE718
:10DDE000FF710300956B0300FC040300AA6B0300A2
:10DDF000D36B0300E86B03005236030010B5104CE0
:10DE0000104920460FF00DFC014638B9601EFFF79F
:10DE100039FA14F8010C2146FFF788FF09490A482E
:10DE20000FF0FFFB014650B90848FFF72BFA084BEB
:10DE3000BDE81040187C03F11101FFF777BF10BD5A
:10DE4000992A00207F2B0300A92A0020A82A00205D
:10DE5000982A002010B5244801210FF0F9FBC307D0
:10DE600040D4022120480FF0F3FB08401FD11F4986
:10DE70001F4A0B881F4CA24216D900B10B801E49C5
:10DE80001E4A1F4840F20A630EF09BF81D480EF030
:10DE900098F81A4840F20A610EF08AF85068034474
:10DEA0009BB208320120E6E7F8D300B10B80164997
:10DEB000164809F051FA4FF4A47200231348F6F7FC
:10DEC000D3FD1349134809F047FA022112480FF015
:10DED000BFFB1248124909F03FFABDE81040114853
:10DEE000FBF77ABF10BD00BFB82A00201E34002007
:10DEF000AC040300C40403004C6C03006C65030015
:10DF0000CA170300BA1D03004BD90200381B0020BA
:10DF100071EB0100B01B0020E01B0020E81A00207C
:10DF2000E3D902003C0600202DE9F04188B01046FC
:10DF3000BDF83850BDF84040A5421A460F460F9B29
:10DF40002FD8DFF86480DCB18BB9184A029208221E
:10DF5000CDE90384CDE900321549042218460FF0BB
:10DF6000A2FB6FF00D04204608B0BDE8F081661BEF
:10DF7000B242A8BF324694B22246591912F001F8B3
:10DF8000CDE905543B8A0A49CDE90383094B029345
:10DF900008220023CDE90032184604220FF083FB4B
:10DFA000E1E76FF00604DEE733710300F36B030073
:10DFB000FC0403001F6C030010B5DFF824C086B01A
:10DFC0004FF42814CDE904C40824029404AC01944D
:10DFD000BDF820400094FFF7A7FF06B010BD00BFBA
:10DFE000180028002DE9F041034698B3008A88BB49
:10DFF0001A49DFF86CE001244FF0140C714528D960
:10E000001849194A194840F286730DF0DAFF18488A
:10E010000DF0D7FF144840F286710DF0C9FFD1E929
:10E020000076BB4204D30CFB0672143A93420ED91D
:10E030003444A2B208311446E0E70CFB05784345AE
:10E040000AD001356219B54292B2F6D1F2E7002545
:10E05000F8E7E4D3BDE8F0811046FBE7AC04030029
:10E06000C4040300456C03006C650300CA17030079
:10E07000BA1D03002DE9F74FBDF8305000919946C5
:10E080004FF6FF73002D08BF1D462B4B1B888342A4
:10E090000746904632D203B0BDE8F08F895801930D
:10E0A00040460EF0DCFC019B90B101340AF1010AFC
:10E0B000A4B2736853452CD9009B31689C42EAD8BE
:10E0C000BC42F2D30BFB0AF28B18B8F1000FE5D17A
:10E0D000B9F1000F0BD1013DADB218460E9A0D9B60
:10E0E00021469847002DD6D00028DED1D3E7DA6844
:10E0F0009145DAD1EFE74FF0000ADAE70F4E01243D
:10E100004FF0140B06E0C6D273682344BB42F2D230
:10E110009CB208360A4B9E42F5D90A490A4A0B4876
:10E1200040F64E030DF04DFF09480DF04AFF06483A
:10E1300040F64E010DF03CFF1E340020AC040300FD
:10E14000C4040300456C03006C650300CA17030098
:10E15000BA1D030070B50025EAB0182229460CA8A4
:10E16000CDE90755CDE9095511F033FF4FF41053B0
:10E17000ADF82C30324E8023ADF82E304FF4806352
:10E18000CDE90D36102268AB07A90BA80CF0A8F852
:10E19000044630B12B4B0390CDE9015300952B463B
:10E1A00012E001464FF4AC7212A811F012FF689908
:10E1B000324612A811F043FA054660B1224B039093
:10E1C000CDE90143009423462049012218460FF06F
:10E1D0006AFA6AB070BD1E4A12AB4FF6FF71012099
:10E1E0000FF0A8FB1B490BAB102212A811F03EFA4E
:10E1F000044668980CF032F814B1174B0394CBE73F
:10E20000144B03F110020134197812F8010D03F8D0
:10E21000010B082C1170F6D1104B0493104B039393
:10E22000104B0A49CDE90143102300930422094B06
:10E2300000200FF038FA21460B480FF009FAC8E722
:10E240000002C003746C03009D6C0300FC04030017
:10E25000C7D60200181B0020BB6C0300C568030072
:10E260002A72030052360300E01B00202DE9FF4113
:10E270000E461A490546A1F130001746984609F0A6
:10E2800005FA17480FF009FA010705D4FFF762FFF6
:10E29000FFF7B4FDFEF74CFE2846FEF715FD68B10A
:10E2A000037ADA070AD500F10C0420460FF0F5F9DD
:10E2B000C30703D4022120460FF0CAF910230293AA
:10E2C000084B0193BDF8283000933A464346314647
:10E2D0002846FFF729FE04B0BDE8F081681B002046
:10E2E000E01B0020181B002030B52B4887B00FF032
:10E2F000D4F9C0F3C00080F0010508B9FFF72AFF88
:10E3000025480FF0CAF9034623480FF0C6F9DC068A
:10E310003FD58106C0F3401408D5002D39D0FFF752
:10E320006DFD07B0BDE83040FEF702BE20211A485F
:10E330000FF08EF919491022881811F052FE184A70
:10E340000346A0B90392174A02920822CDE90002BF
:10E35000154904220FF0A7F9144809F03BF90E48BB
:10E360006FF0010107B0BDE830400FF080B9104BED
:10E370000D49CDE903230F4B029308221023CDE969
:10E3800000322046054B04220FF08DF9FFF77AFC8E
:10E39000C5E707B030BD00BFE01B0020181B002000
:10E3A00051710300D16C0300FC040300B01B00207A
:10E3B000EB6C03005236030008B5102103480FF040
:10E3C00047F9FFF791FF002008BD00BFE01B0020C8
:10E3D0002DE9F047BEB01F465E4B03935E4B469C53
:10E3E000029300250823CDE90053284688461646A7
:10E3F0005A49049404222B460FF055F9584906AAAD
:10E4000020460EF04EF970B9564B54490090CDE9B4
:10E410000103012203460FF046F96FF01504204670
:10E420003EB0BDE8F087DDF8189007A948460EF029
:10E430005CF9B9F1000F0DD14B4B4849CDF8009074
:10E44000CDE9019301224B4648460FF02CF96FF0BD
:10E4500015053AE0079870B90DF1200A00255146DC
:10E4600048468DF82C50F6F735F90446A8B13F4BD5
:10E47000CDF80C9007E00A2229460DF051F900284A
:10E48000EAD03B4B0390CDE90153344900952B462C
:10E49000012228460FF007F9D9E7CDF828A0B8F1F6
:10E4A000000F54D00DF13808C02241463846B0471D
:10E4B000051E0CDA2F4B29490395CDE90143009441
:10E4C0002346012220460FF0EEF82C46A7E7AD08C0
:10E4D000CDF830800D95284FDFF880904546DFF865
:10E4E0009C8026460D9B9E4205F104051BD30AAB7A
:10E4F000234A4FF6FF7101200FF01CFA0A989DF88D
:10E500002C50F5F73BFF1C4B03931E4B0293082244
:10E510000023CDE90450CDE9003210490422184609
:10E520000FF0C1F87BE735F8023C059335F8043C61
:10E53000CDF80880CDE9037308210023CDE900312F
:10E540000422494618460FF0AEF80136CAE7CDE975
:10E550000C00CCE792700300F66C0300FC0403008F
:10E56000026D0300096D0300072C03009066030091
:10E57000AC660300E96603008A700300156D0300B2
:10E5800065D101003E6D03002DE9F043BBB00023CF
:10E5900007918DF8200039932C4A04460E4607ABAC
:10E5A0004FF6FF7101200FF0C5F9399DA5B1AD00FF
:10E5B00009AA20462B463146F6F78EF9044668B183
:10E5C000234B02930023CDE900330390012221491C
:10E5D00018460FF068F81DE02A46EAE73046F5F7DE
:10E5E000CDFE1D4F1D4B049008260293CDE9004639
:10E5F000184903972346042220460FF054F8E5B14A
:10E60000DFF85C80DFF84C9007AD399B9C4205F148
:10E61000040502D33BB0BDE8F083EB880593AB88DB
:10E62000CDE903730023CDE9016800930422494634
:10E6300018460FF038F80134E7E70A4B0397CDE9A5
:10E64000016300952B460422C1E700BF79D3010086
:10E65000636D0300FC04030080710300816D0300FF
:10E66000986D0300BE6D03002DE9F34100F17008C1
:10E67000CDE9001204460F46007A414616460EF0D8
:10E6800031FB0F4A05466B464FF6FF7101200FF034
:10E6900051F91DB1207A4146FFF776FF207A3946BD
:10E6A000FEF7D0FA40B1314601300EF0EFFF1DB158
:10E6B000207A4146FFF73AFB02B0BDE8F08100BF87
:10E6C000FDD6010007B500230193FFF78BFC411C29
:10E6D00089B20846034A01AB0FF02CF9019803B048
:10E6E0005DF804FB11D602002DE9F0410C468AB01A
:10E6F0001646804670B97749774A784840F6AD5358
:10E700000DF05FFC76480DF05CFC40F6AD517248B0
:10E710000DF04EFC61B973496F4A704840F6AE5334
:10E720000DF04FFC6E480DF04CFC40F6AE51EEE79C
:10E73000437B072B40F0CA8000238DF824302068EB
:10E7400042F6030309A9ADF826300EF088F9054614
:10E75000002845D167684FB9634B64490097CDE9FC
:10E76000017301223B460EF09EFFAFE000900123B3
:10E7700008AA2146B84700280CDA5D4B5B49009592
:10E78000CDE90340CDE9015301222B4628460EF086
:10E790008AFF9BE001280BD0564B0390CDE9015333
:10E7A000524900952B46012228460EF07CFF8DE051
:10E7B0009DF8203013F0300F00F088802046FFF7DE
:10E7C00081FF044660B94749434A444840F6CC5368
:10E7D0000DF0F7FB48480DF0F4FB40F6CC5196E7FE
:10E7E000002320688DF8243009A942F60213ADF801
:10E7F00026300EF034F988B12046FFF763FF044657
:10E8000060B93849344A354840F6D2530DF0D9FB47
:10E8100039480DF0D6FB40F6D25178E7002542F694
:10E82000021720688DF8185006A9ADF81A700EF07E
:10E8300016F908BB002320688DF8243009A942F698
:10E840000213ADF826300EF00AF9054600283DD136
:10E850006768002F80D00090022309AA2146404615
:10E86000B847002889DB022896D1BDF824301E4223
:10E8700014BF012000202AE020688DF81C5042F6C9
:10E88000030307A9ADF81E300EF0E9F80028D1D037
:10E8900020688DF820504FF4205308A9ADF822309D
:10E8A0000EF0DDF80028C5D020688DF8245042F61F
:10E8B000010309A9ADF826300EF0D1F80028B9D02F
:10E8C0002046FFF7FFFE04460028AAD100200AB028
:10E8D000BDE8F081584E03006C650300CA170300C1
:10E8E000CE6D0300E36D0300E86D0300FC0403003C
:10E8F000FC6D0300226E03003B6E03002DE9F04720
:10E90000154686B089469422696880460FF079F8EA
:10E91000064690B13E4B03933E4B029308220023E0
:10E92000CDE900323C49042218460EF0BCFE4FF0FF
:10E93000FF35284606B0BDE8F087696802224046E8
:10E94000FFF7D2FE034668B9314A0392334A029276
:10E950000822CDE90002304904220EF0A4FE6FF037
:10E960001505E6E74FF470200021AF8AFDF722FE7F
:10E9700002370446E8B12A4B47611D214174C66045
:10E98000436085613A464046FDF7DAFDDFF880A036
:10E99000074688B9234B02930823CDE900031E499B
:10E9A000CDF80CA0034604220EF07DFE2046FDF7B4
:10E9B0005FFE6FF00B05BCE70123324631460EF0D7
:10E9C0001BFEA98A07F10C000231F5F751FC20F873
:10E9D000029BAA8A296911F0D4FA134B02930823E7
:10E9E000CDE900630C49CDF80CA033460422304633
:10E9F000CDE904890EF057FEA76021464046FEF798
:10EA0000CDF80546002894D02046FDF731FE90E76A
:10EA1000F3700300516E0300FC0403006B6E0300EF
:10EA200071D401009A6E0300C56E030030B505462F
:10EA30008BB00C4671B94649464A474840F65243A6
:10EA40000DF0BFFA45480DF0BCFA40F6524141487E
:10EA50000DF0AEFA4B6873B90B6863B940493D4A93
:10EA60003D4840F653430DF0ACFA3C480DF0A9FA8E
:10EA700040F65341EBE73B480EF00FFE420761D5ED
:10EA800015B16B7B072B60D160680590FFF7AAFA80
:10EA90002268ADF818003AB305A9029132490191F4
:10EAA0000121002300914FF6FF710593FFF7E2FA71
:10EAB000059B1BB96FF001000BB030BD6360059B77
:10EAC000186800238DF8103004A942F60303ADF84E
:10EAD00012300DF0C4FF70B90598C3689B799B068E
:10EAE00005D46FF01500E7E70028E8D1E2E70EF063
:10EAF000D2FEADF81800BDF818003DB10123014663
:10EB0000A37522462846FFF7F9FED5E76FF07F038D
:10EB100007930223ADF8203042F60213ADF812300D
:10EB200005ABA5750293114B01930123009304AA31
:10EB30002B464FF6FF7109948DF81050FFF79AFAA3
:10EB40000798B9E76FF00A00B6E76FF07F00B3E708
:10EB5000DF6E03006C650300CA170300E66E030056
:10EB6000FC6E03000C04002017D60200ADEE01007D
:10EB7000F0B500F1300689B00446A0F12007304618
:10EB80000EF08BFD8307C0F340050ED52249234AC2
:10EB9000234840F259530DF014FA22480DF011FAAF
:10EBA0001E4840F259510DF003FA34F8063C059323
:10EBB00034F8083C04931C4B03931C4B029308232A
:10EBC000CDE900531A492B46042228460EF06BFD6E
:10EBD00054F8083C07936FF0010130460EF047FDF2
:10EBE000144B44F81C3C144B44F8183C07AB44F855
:10EBF000103C042324F8085C24F8065C24F80C3C40
:10EC000039462846FFF712FF18B9022130460EF0A8
:10EC10001FFD09B0F0BD00BF196F03006C65030054
:10EC2000CA1703004A6F03006C710300496B0300AD
:10EC3000FC040300940D030009DC01002DE9F04100
:10EC40004E4B1568174682689A4288B0044630D108
:10EC5000C66833894FF00008721C53B331782846D8
:10EC60000EF05CFA28B34FF49572214628460EF058
:10EC7000C8FE10B303280CD1414B42490394CDE99F
:10EC80000183CDF800804346022240460EF00BFD82
:10EC90000FE0052828460CBF4FF003084FF002088C
:10ECA000FAF7B0FE804508D93B79434501D287F891
:10ECB0000480012008B0BDE8F08131462046FEF70F
:10ECC000B7F8314B9E42F4D1287A05F17001FEF776
:10ECD0005BF9044650B92D4B03932D4B0293082347
:10ECE000CDE90003274903460422CFE7038913B97E
:10ECF0004389002BDDD0601CF5F740FB6389069348
:10ED000023892049CDE90403204B0393214B02932F
:10ED1000002608230422CDE90063304633460EF076
:10ED2000C2FC2846FAF788F81B4A238922F82030CB
:10ED300002EB8003618959801849194C182303FBA1
:10ED4000001300B202EB800200EB40005C601A612D
:10ED5000144C9C60042201EBC00128469A82FFF704
:10ED600065FE0028A5D0104B06490096CDE9016349
:10ED70000122334630460EF096FC9AE701DB010093
:10ED8000656F0300FC04030064060020B9700300F3
:10ED9000796F03000869030002340020802A0020F4
:10EDA000940D0300E1D201008E6F03002DE9F043C2
:10EDB000144687B0884694226168DFF8D8900646EA
:10EDC0000EF01FFE074688B1334B02930822002342
:10EDD000CDE9003218463149CDF80C9004220EF0EE
:10EDE00062FC4FF0FF3007B0BDE8F083616801229C
:10EDF0003046FFF779FC034668B9294A0292082297
:10EE0000CDE900022549CDF80C9004220EF04BFC10
:10EE10006FF01500E7E7A2891B2102323046FDF7AB
:10EE20008FFB054670B91F4B02930823CDE9000301
:10EE30001A49CDF80C90034604220EF034FC6FF012
:10EE40000B00D0E7184B02930823CDE9007304228E
:10EE50003B463846CDE904681049CDF80C900EF0D9
:10EE600022FCA18905F10C000231F5F701FA20F826
:10EE7000028BA289A16811F084F8D4E90412284613
:10EE800001230EF0B9FB2946304607B0BDE8F04338
:10EE9000FDF736BED6700300516E0300FC0403007C
:10EEA0006B6E0300AB6F0300C56E03002DE9F043EA
:10EEB000494B144682689A4287B0074604D001271E
:10EEC000384607B0BDE8F083C668444B9E4211D077
:10EED0003289A3899A4206F10101F0D13078FAF71C
:10EEE000DDFD05460028EAD0437B072B26D0F9F745
:10EEF00089FDE4E73A4DDFF8EC904FF00008494611
:10EF000028460EF08EFB78B915F8010C0722294629
:10EF1000FAF70AFE78B9236915F8010C1A6929462F
:10EF200053881288FEF70AFB0C35B8F1000FCFD1D9
:10EF30004FF00108E3E7F9F765FDF5E7736923B1E1
:10EF40003946984708B92846D1E7394694222846D9
:10EF50000EF057FD074670B1234B0393234B0293EA
:10EF600008220023CDE900322149049504221846E5
:10EF70000EF099FBE7E7A389022B14D1338913F034
:10EF8000020604D12846F9F73DFDA66097E72269FD
:10EF9000A1882846FFF7B2FC0646A8B92269937DEE
:10EFA00001339375EEE7012B04D02846F9F72AFDCB
:10EFB000A76084E7338913F00106E3D02269A188B2
:10EFC0002846FFF7F3FE06462846F9F71BFD002EFC
:10EFD000A660FFF675AF72E701DB01006406002052
:10EFE000073400207F2B030001710300D86F03005A
:10EFF000FC04030070B592B0274B0393274B029398
:10F00000044600230822CDE9003225490490042259
:10F01000184604F170050EF046FB0123207A079490
:10F0200029468DF820300DF05DFE98B1227A82B32A
:10F0300006AE042130460CF0D1FF009624210DEBE2
:10F040000100184A2B46F5F7FFFA09AA164910469F
:10F05000F3F762FA4FF6FF71144A07AB01200EF086
:10F0600069FC2046FAF7CEFC9DF8201088420ED2AB
:10F070002046FAF77BFC50B10D4B0293002303901E
:10F08000CDE900330649022218460EF00CFB12B0FF
:10F0900070BD0092D2E700BFC470030012480300A5
:10F0A000FC040300056D0300D1E301003DEC010009
:10F0B000F56F0300F8B50E4B1B6805460E46174664
:10F0C000A3B11C6804B1043C53F8043C1BB13A469C
:10F0D0003146284698474CB1234664681B681CB1EA
:10F0E000043C002BF3D1F7E7002BF0D1F8BD00BFB3
:10F0F000BC2A002030B589B0114B0393114B029309
:10F10000002508230446CDE900530F4904902B46FF
:10F11000042228460EF0C7FA01204FF6FF710B4A71
:10F120008DF81C0006AB06940EF004FC2946204620
:10F130000EF0A2FC08B9FEF7A5FD09B030BD00BF76
:10F140006070030012480300FC0403003DEC010062
:10F1500070B588B0224B0393224B02930822002300
:10F160000446CDE9003220490490042218460EF0EE
:10F170009AFA04F170061D4A23464FF6FF710120EA
:10F180000EF0D8FB207A31460EF0F1FB207A3146A2
:10F190000DF0A8FD50B1237A8DF81C30144A069664
:10F1A00006AB4FF6FF7101200EF0C4FB2046FDF7C1
:10F1B0008BFD054688B1207A31460DF093FD28B9C4
:10F1C000284608B0BDE87040FEF7C2BA3146681C58
:10F1D00008B0BDE870400EF059BA08B070BD00BF6D
:10F1E0003170030012480300FC04030035DA01000B
:10F1F00029D7010008B5054B014618460EF07CFCE6
:10F20000043B002814BF1846002008BDEC1B00205A
:10F2100010B50C4A11680C4ABFF35B8F00F5B87348
:10F2200053E8004F944204D143E8001CBCF1000FA6
:10F23000F6D1BFF35B8FBFF35B8FD0F87001BFF3E4
:10F240005B8F10BDC0290020E81B002008B5FFF728
:10F25000DFFF0346C8B1D0E9001221B9002A0CBF74
:10F260000320022010E032B1836813B9094B1B78E8
:10F2700033B9042008E00749087828B19B6833B9FE
:10F28000003A18BF0122500008BD0320FCE701200E
:10F29000FAE700BF9C35002030B5002385B0044656
:10F2A0001A46EC300D46FAF7AFFF88B1693009D144
:10F2B0000C4B02930023CDE900330B490122184681
:10F2C0000EF069FC284605B0BDE83040F4F78EBE6C
:10F2D0004FF47022002304F5A07005B0BDE8304063
:10F2E00008F072B9305D03004C05030070B5038867
:10F2F00086B0CDE90403144B0393144B029300240E
:10F300000823CDE900430546234620460E46042245
:10F310000F490EF040FC0F4BD3F8EC0030B90E4A09
:10F32000C3F8F020EC33336006B070BD0B4B0849D6
:10F330000395CDE9014320460094234601220EF0B7
:10F340002AFC6FF00B00EFE77B79030050540300B9
:10F350004C050300E81B0020980E030052720300C6
:10F360001FB506210DF06BFF044658B9074B08493D
:10F370000090CDE90103012203460EF00CFC20466B
:10F3800004B010BDA0F1EC04F9E700BF77720300F0
:10F390004C05030030B585B00A4B03930A4B02932A
:10F3A00000240823CDE900430546234604222046D5
:10F3B00006490EF0F0FB28460E210EF0FCFB20461D
:10F3C00005B030BD5C790300C91E03004C05030085
:10F3D00030B5051D85B00446082128460EF0EBFB2C
:10F3E0000B4904F15700F8F7C3FE70B10821284615
:10F3F0000EF0C0FB074B029300231846CDE9003303
:10F40000054901220EF0C7FB082005B030BD00BF42
:10F4100051050200927203004C05030070B50546C9
:10F4200086B0EC22002105F1270610F0D2FD102154
:10F43000304604F0F9FF0446E0B910213046F4F7F5
:10F4400061FF0D4B03930D4B029308230422CDE97A
:10F4500000430B490490234620460EF09CFB0521F7
:10F4600028460EF0A8FBF8F773FE064B18602046FE
:10F4700006B070BD0824FAE789790300AB72030077
:10F480004C050300C42A00202DE9FF41204B0393C3
:10F49000204B0293082600230746CDE90036184684
:10F4A0000C4604221C490EF076FB0D21381D0EF08F
:10F4B00023FB38B3D7F8EC30E568197A03F170080C
:10F4C0004246022001F0ACFE044688B94046F4F7FB
:10F4D00055FF124B0390CDE9014320460E4900949D
:10F4E000234601220EF057FB304604B0BDE8F08100
:10F4F0002B462A3405F1100253F8041B44F8041B70
:10F500009342F9D1384609210EF055FB0020ECE773
:10F5100007790300C91E03004C0503003C74030077
:10F520002DE9F0430E468BB00446FFF771FE774B92
:10F53000F6680393764B029308210023CDE900314E
:10F5400004227449054618460EF025FB04F13702E3
:10F550003346114606F1100053F8046B41F8046B72
:10F560008342F9D1237A052B00F2C280DFE803F051
:10F5700017232303C09706AB67490093096804F17A
:10F58000270304F1570002F085FA88BB0A21201DE9
:10F590000EF011FBAB680699D4F8EC0098472046B2
:10F5A0000D210EF008FB201D10210EF004FB20465B
:10F5B0000EF02EFB1DE094F8DC10D4F8D83006AF26
:10F5C000CB405549009703F00103096843F08003DD
:10F5D00004F1570002F020F8054668B14F4B029342
:10F5E0000023CDE900334B49012218460EF0D3FA2F
:10F5F00008200BB0BDE8F08304F117061021304657
:10F60000F4F780FEDFF81891464B424904904FF022
:10F6100008080422029328462B46CDE90058CDF86D
:10F620000C900EF0B8FA10213846F4F76BFE3E4B02
:10F6300038490095CDE90390CDE90183042228469D
:10F640002B460EF0A8FA10223946304610F0C9FCBD
:10F6500008B10420CDE7032120460EF0ACFA0EF0ED
:10F66000D7FA0028C5D194F8DC300133DBB2142B73
:10F6700084F8DC3009D10D2120460EF09CFA1021CF
:10F68000201D0EF098FA0020B3E7102104F12700A6
:10F6900004F0CAFE003818BF0120C000A9E71021FD
:10F6A00004F1270004F0C0FE0028A1D165B3EB6887
:10F6B00053B31E4BE27A1B88ADF81830A37CD207F7
:10F6C00003F0010312D4002B14BF012303238DF890
:10F6D00019300023C4E93833201D0C210EF06BFAD9
:10F6E000EB68D4F8EC0006A99847CCE75B00EEE79E
:10F6F00003930F4B02930023CDE900330549012208
:10F7000018460EF048FA73E7022072E7F478030017
:10F71000C91E03004C050300C42A0020B772030071
:10F72000DF780300D0720300DC720300F0080300EE
:10F73000E77203002DE9F04790B004460CAD1022AB
:10F740000021284610F045FC237A052B3AD8DFE843
:10F7500003F0060303063929D4F8D8300C93D4F803
:10F76000EC3004F1470204F1C707CDE9017204F15E
:10F77000370803F17E0204F12709009277334A46E5
:10F78000414604F1970001F0BFFF824648B3534B56
:10F7900002930023CDE900335149012218460EF0AF
:10F7A000FAF91AE0D4F8E430002BD8D02E4603F151
:10F7B000100718685968324603C20833BB42164620
:10F7C000F7D1CCE70393474B02930023CDE90033F5
:10F7D0004349012218460EF0DEF9082010B0BDE8BA
:10F7E000F087D4F8EC3003F177027E3308AE019352
:10F7F00004F111030292009303962B4642464946B8
:10F80000384602F05FF830B1374BCDF800A0CDE9B3
:10F8100001A35346C0E7237A052B0ED1D4F8E0109C
:10F8200011B30B46AC4601F1100E186859686246D8
:10F8300003C2083373459446F7D1D4F8EC3003F192
:10F840007E0277330DF1100A019304F10A0302924C
:10F850000093CDF80CA02B464A464146384602F0AC
:10F8600031F830B1214B93E71022284610F0B1FB5C
:10F87000E3E71022514604F1B70010F0B2FB034653
:10F8800050BB1B4A03921B4A02920822CDE9000298
:10F89000134904220EF07FF90D2120460EF099F94C
:10F8A0000746002899D010210C30F4F7E1FC3246CD
:10F8B0000346164603CEAE4218605960324603F145
:10F8C0000803F6D139462046FFF7E6FC201D01214A
:10F8D0000EF071F9002081E70B207FE7037303002E
:10F8E0004C050300E7720300187303003B73030029
:10F8F000CD790300C91E03007FB51E4BCD6803936D
:10F900001D4B0293044600230822CDE9003218461D
:10F910001A4904220EF03FF9D4F8EC30DB78012BC1
:10F9200018D1261D102130460EF024F92B4604F183
:10F93000B70205F1100153F8040B42F8040B8B4297
:10F94000F9D1072130460EF0D7F830B10921304601
:10F950000EF031F9002004B070BD0A2130460EF0DF
:10F96000CBF80028F2D1204604B0BDE87040FFF784
:10F97000E1BE00BF4C790300C91E03004C05030023
:10F980007FB5047A022C054623D844B190F8DC30C8
:10F99000D0F8D840DC4004F0010444F08004032196
:10F9A00028460EF016F9064608B310210C30F4F77D
:10F9B0005FFC009015482346006805F1270205F119
:10F9C000570101F029FE0446B0B13046F4F70EFBB2
:10F9D0000DE0032C4FF000030CD00D4A0D490394A9
:10F9E000CDE901320093012218460EF0D4F8082028
:10F9F00004B070BD1C46D2E731462846FFF74CFCE8
:10FA0000281D21460EF0B6F82046F1E7C42A002052
:10FA1000E77203004C0503007FB5234BCD680393C9
:10FA2000224B0293044600230822CDE900321846F7
:10FA300004221F49261D0EF0AEF80B2130460EF0B1
:10FA400099F82B4604F1170205F1100153F8040B45
:10FA500042F8040B8B42F9D1237A012B0AD0022BF6
:10FA600015D1042120460EF0A6F804B0BDE8704080
:10FA7000FFF786BF0A2130460EF03EF80028F0D08E
:10FA8000304600210EF097F8002004B070BD0393BB
:10FA9000084B029300231846CDE9003304490122A4
:10FAA0000EF079F80820F0E7CB780300C91E0300B8
:10FAB0004C050300E7720300F0B587B00446FFF77A
:10FAC000A7FB251D06460E2128460EF015F890B915
:10FAD000524B2022196804F1570010F082FA0346B5
:10FAE00048B94F4A4F490090CDE9010202220EF079
:10FAF00052F8082033E00C2120460EF06AF8074641
:10FB00000028F6D040210C30F4F7B2FB434B1B68C1
:10FB10000246014603F1200053F804CB41F804CB20
:10FB20008342F9D1203203F1200153F8040B42F84B
:10FB3000040B8B42F9D139462046FFF7ADFB237AFF
:10FB4000052B5CD8DFE803F0033B0D035B58042171
:10FB500020460EF030F8FFF713FF00283ED007B024
:10FB6000F0BD2046D4F8EC70FFF752FB4FF0FF33A6
:10FB70000646042105A8059304F056FC0028B8D1D8
:10FB8000059B294AB3FBF2F102FB11330593C4F83C
:10FB9000D83084F8DC0056B1336843B10B212846D5
:10FBA0000EF009F83368D4F8D81038469847032186
:10FBB00020460EF000F80E210DF0FDFF0EE020466D
:10FBC00003210DF0F8FF0E210DF0F5FF28460A2164
:10FBD0000DF0F1FF7368D4F8EC0098472846072130
:10FBE0000DF0E9FF0820FFF705FBA0B9204607B09C
:10FBF000BDE8F040FFF7ECBB04212046DCE70393AF
:10FC00000A4B02930023CDE900330649012218462E
:10FC10000DF0C1FF6DE70020A1E700BFC42A00205E
:10FC20005F7303004C05030040420F00E7720300BE
:10FC30007FB50C460546FFF7EBFA364BE4680393B5
:10FC4000354B029308220023CDE9003233490422C8
:10FC5000184605F157060DF09EFF2346324604F183
:10FC6000200153F8040B42F8040B8B42F9D105F143
:10FC7000770203F1200153F8040B42F8040B8B4286
:10FC8000F9D13046F8F7A2F930B3254B029300239F
:10FC90001846CDE90033214903220DF07CFF0E21E7
:10FCA000281D0DF088FFD5F8EC40D4F8A43033B906
:10FCB000207A04F1700101F0B9F8C4F8A400D4F876
:10FCC000A430C3B1DA8902F02402A2B15B7B9B07A6
:10FCD00011D4032004B070BD3046F8F783F9034611
:10FCE00048B9104A0090CDE901020C4902220DF0FA
:10FCF00052FF0B20EEE70C4B1C682CB9281D062187
:10FD00000DF059FF2046E5E7284604B0BDE87040F5
:10FD1000FFF7D2BE3D790300C91E03004C05030066
:10FD20007A7303009B730300C42A002030B5838CD0
:10FD30001B4987B0CDE904031A4B03931A4B029376
:10FD400008220023CDE900320446042218460DF0B3
:10FD500022FFA4F1EC05154904F1540007F0FCFA68
:10FD600028460DF08EFFBFF35B8F114A04F1840328
:10FD700053E8001F43E800200028F9D1BFF35B8F50
:10FD8000BFF35B8F88344FF0FF3354E8002F44E813
:10FD900000310029F9D1BFF35B8F07B030BD00BF40
:10FDA0004C05030080780300265C0300010C020070
:10FDB000E81B002038B5174B1B78054623B301F02C
:10FDC0000F042846FFF742FA134A03280CBF04F039
:10FDD0000B0444F0040405F5BA731278BFF35B8F8B
:10FDE00053E8001F013103D143E800200028F7D178
:10FDF000BFF35B8FBFF35B8FD5F87431BFF35B8FBD
:10FE00002BB144F0010038BD01F00704D9E704F03C
:10FE1000FE00F8E79C350020290700202DE9F04777
:10FE20000D468AB0D0F8EC70DFF868820446FFF720
:10FE3000EFF9ED6898496B7909932B790893EB7882
:10FE40000793AB7806936B7805932B780493934BC9
:10FE500002934FF008090023CDE900391846CDF888
:10FE60000C8004220DF097FEEB78102B03D00620B7
:10FE70000AB0BDE8F087D7F8A430D3B907F1700A0B
:10FE8000387A514600F0D2FF0646C7F8A40080B980
:10FE90005046F4F773FA824B7F490096CDE9038010
:10FEA000CDE901930422334630460DF074FE08205C
:10FEB000DEE7261D0F2130460DF01EFE28B9204634
:10FEC000FFF7ACFA08B1C0B2D2E7012363722B6826
:10FED000C4F80A30AB88E38102232374A978204652
:10FEE000FFF768FFE0742046FFF7B0F91023607455
:10FEF00023752B7903F0030363756B7903F001031A
:10FF0000A375E37C1A070CD5AB781B0709D505212F
:10FF100030460DF050FE637D03F00203637500234D
:10FF2000A375052130460DF0E7FD002843D05D4B59
:10FF30001B78A374E37C980606D5AB78990603D5A5
:10FF4000142130460DF037FEE37CDA0735D5AB7867
:10FF5000DB0732D50D2130460DF02DFEA37D84F850
:10FF6000E830637D84F8E930032130460DF023FE4C
:10FF7000237BE17C2D7803EA0102100704D5E27AA5
:10FF8000A07C0243D2071CD4042D1CD80B4313F0D1
:10FF9000040307D02046FFF759F9434B05EB8505CD
:10FFA0002B441B5C2372D7F8A41020460DF0ADFD46
:10FFB00058B903205CE73D4BBAE700236375A3758E
:10FFC000CCE70523EEE70023ECE7D4F8EC309B7A8E
:10FFD000032B50D03ED8013B012B3FF668AF0521E3
:10FFE00030460DF089FD0028E3D00C2120460DF0AD
:10FFF000E2FDA37D0993637D0893237D0793E37C52
:020000022000DC
:100000000693A37C0593637C2349CDE90383284BA6
:10001000029300250823CDE9005304222B462846ED
:100020000DF0B9FD022120460DF0D3FD0646002853
:100030003FF43DAF06210C30F4F71AF9D4F8113033
:100040000360B4F81530838031462046FFF724F969
:1000500028460DE7042B7FF42AAF237D627B934271
:1000600028BF1346102B7FF402AF052130460DF058
:1000700043FD00289DD0237A002B9AD005213046DD
:100080000DF03AFD0028AAD1237A013B012BA6D816
:100090008FE700BFBB7803004C050300B773030074
:1000A000387403009E350020FA7903009D35002046
:1000B000567403002DE9FF41C678012E044605D091
:1000C0006FF01504204604B0BDE8F081624B039345
:1000D000624B029308250023CDE90035184660499C
:1000E00004220DF058FD2046FFF73AF90546002896
:1000F00000F0AB80071D042138460DF0FDFC002800
:1001000040F0A680032138460DF0F6FC10B16FF0E8
:100110000F04D7E7314638460DF0EEFC0028F6D143
:100120002846FFF775F8D5F8EC309B7A032B064686
:1001300042D032D8013B012B48D90F21201D0DF0B0
:10014000DBFC0028BCD1D4F8A43083B904F17006DC
:10015000217A3246202000F011FFC4F8A40030B903
:10016000217A3246042000F009FFC4F8A400D4F834
:10017000A430002BA4D0DA8912F0240FA0D0A17AE9
:10018000022923D9587BC0079AD503291ED092068D
:1001900096D51B7B102B93D118E0042BCDD128468C
:1001A000FFF754F8032804D1002EC6D0F368002BC3
:1001B000C3D02C4B1B7807E02846FFF747F80328ED
:1001C00004D1002EB9D0F368002BB6D0D4F8A430F7
:1001D0003BB12846FFF722F9044670B16FF068047E
:1001E00070E7207A04F1700100F020FEC4F8A4004A
:1001F0000028EED16FF00B0464E70B2128460DF0C8
:10020000E8FC06460028E9D001210C30F4F730F86C
:10021000092180462846FFF7CDFD234688F80000D7
:100220002246314605F1EC00F9F7EEFF044618B11D
:100230003046F3F7DBFE45E738460F210DF0BBFCF7
:10024000012128460DF0B7FC3CE76FF07F0439E749
:100250006FF0040436E700BF92790300C91E030063
:100260004C0503009C3500202DE9F04186B0504B31
:10027000D0F8EC4003934F4B029308220023CDE9C2
:1002800000320646049118460D4604224A490DF0F4
:1002900082FCD4F8A43006F10408002B36D1474A7A
:1002A00045490093CDE90132184602220DF073FC56
:1002B0000725434B5F5DD4F8A4304BB11B7B002B6B
:1002C0005DD1D4F8A40000F0EDFF0023C4F8A43001
:1002D000022140460DF010FC40B9072F96BF394B64
:1002E0001F21D95D3A462046F9F700FB032140461D
:1002F0000DF002FC68B3344B1B6853B31D6805B1A5
:100300000C3D53F8083C002B42D144E08DBB0D213D
:1003100040460DF0F1FB074620B1D4F8A40008B127
:1003200001F006F9284B1B689BB11D6805B10C3D17
:1003300053F80C3C13B13946204698474DB12B4633
:10034000ED681B681DB10C3D002BF4D1F7E7002BC5
:10035000F1D130460DF095FC637B072B25D1627AF5
:10036000A37A9A4221D0204606B0BDE8F041FFF7BB
:10037000A1BE013DEDB20E2D9BD909279BE70221BD
:1003800040460DF0B9FB00289BD1A1E70C3D23B1FD
:10039000394620469847002DDBD02B46ED685B6838
:1003A000002DF3D1002BF3D1D3E706B0BDE8F081E7
:1003B000E5790300607503004C05030074750300C4
:1003C0006578030054780300B8290020F0B5031DB8
:1003D00085B006460F46184602210DF08DFB0446F7
:1003E00020B1B6F8E840B4FA84F464090321184651
:1003F0000DF082FBB0B139463046FFF735FFF4B15E
:100400001C4B029300231C491846CDE900330222FD
:100410000DF0C1FBD6F8EC000521F8F7C9FD00206E
:1004200005B0F0BD012118460DF066FB0028E2D1B1
:100430000F2118460DF060FB0028DCD1DFE7052115
:1004400030460DF0C6FB054688B101210C30F3F7AC
:100450000FFF234607702246294606F1EC00F9F704
:10046000D3FE0028DBD02846F3F7C0FDD7E76FF0B6
:100470006800D5E79E7503004C0503001FB5294BA6
:100480000393294B029308220023CDE9003204464E
:100490002649184604220DF07EFB254B1C6025489A
:1004A0004FF0FF324FF0FF3305F0D0FD58B1224935
:1004B000224A234841F23B330BF083FD41F23B31AA
:1004C0001E480BF075FD1F4807F098F9194805F014
:1004D00009FF48B11849194A19484FF49A530BF0CB
:1004E00070FD4FF49A51EBE78CB1BFF35B8F164C64
:1004F00054F80439BFF35B8F5B0611D52046FFF734
:10050000DBFA014660B12046FFF760FF08E00F4BC1
:1005100006490094CDE90143022223460DF03BFB3E
:1005200004B010BDBB790300C91E03004C050300D5
:10053000C42A00209406002039750300D7740300F4
:10054000CA170300A8060020EC1B0020F675030064
:10055000F0B587B02A4B03932A4B02930827002358
:10056000CDE90037284904900446042218460DF0CE
:1005700012FB3846FEF73EFE0546E0B1061D394641
:1005800030460DF0F7FABCB307210DF0F3FA23461D
:1005900005F1970204F1200153F8040B42F8040B13
:1005A0008B42F9D10A2130460DF0A6FA70B109212B
:1005B00030460DF000FB0720FEF71CFE0446E8B1B4
:1005C000FEF706FF0146C8B1204612E01021304672
:1005D0000DF092FA09210028EAD130460DF08CFA8C
:1005E0000028E8D02846FFF7A5F801460028E2D009
:1005F0002846FFF7EBFEDEE70B21F9E707B0F0BD79
:10060000A8790300C54703004C0503002DE9F04716
:100610000B8A86B006460D4663B9494A494900939C
:10062000CDE90132184601220DF0B5FA002006B0DE
:10063000BDE8F087012105F10C00F3F7FBFD2B8AE3
:10064000059303780493404B03934FF0000A3F4B0C
:100650003C4902934FF008098046CDE900A9504675
:1006600053460422A6F1EC07E83E0DF094FA04216B
:1006700030460DF041FA98F80010044660B1344B52
:1006800003913049CDF800A0CDE901A302225346E1
:1006900050460DF080FAC9E70E2908D92D4B039179
:1006A000CDE901032749009003460222F1E7DFF874
:1006B000A8A05AF831306BB9284A0391CDE901322C
:1006C0002049009302220DF066FA07213846FFF711
:1006D0007DFEABE738460DF0BEFA98F800200346E1
:1006E00080B903921E4A17490090CDE90102022207
:1006F0000DF051FA032130460DF0FEF9002895D097
:100700004946E3E70AEBC2012B8A097999420DD0E9
:10071000CDE90332134B0B490094CDE9014301228B
:10072000234620460DF037FA0A21CFE729465AF82A
:10073000323038469847014600283FF477AFC5E786
:100740000F7603004C0503006F7903002A7603003F
:100750004E7603007F760300C00E0300A1760300EF
:10076000BB760300925F03002DE9F041CE68D0F81C
:10077000EC708AB005463046F3F700FE7A4B0393DF
:100780007A4B029300240823CDE9004304902346CA
:100790007749042220460DF0FEF995F8E93023F060
:1007A000020385F8E930337807F1700823B3B37991
:1007B00003F0C003C02B1FD03046F3F7DFFD6D4BB5
:1007C0006B4903900122CDE9014320462346009462
:1007D0000DF0E1F94046F3F7D1FD674B0390CDE909
:1007E0000143204662490094234601220DF0D3F9CB
:1007F0000A200AB0BDE8F0810722314640460FF0DA
:10080000F0FB68B1387A314600F0B0FC044638B1EC
:10081000014628460DF079F9F0B1204600F042FD7E
:100820000D21281D0DF068F9002800F08C80397A20
:100830004246022000F0F4FC044678B94046F3F743
:100840009DFD4E4B0390CDE9014349490094234659
:10085000012220460DF09FF90820CAE7FB78002B03
:100860003CD107F17E031878012826D19A7902F04D
:10087000C002402A21D1D3F80120C4F83A20B3F8AD
:100880000530E38797F87030BBB197F8763003F006
:10089000C003C02B11D03A49099407AACDE90786B5
:1008A000F8F77EFA3368C4F80130B388A4F805304D
:1008B000B379E3713846F8F7D1FF95F8E96016F09F
:1008C00002060ED02F49304A304841F228030BF07F
:1008D00078FB41F228012C480BF06AFB07F1770303
:1008E000C1E731462046F6F7DFFB014668B92046EE
:1008F000F6F7DAFB20B32649234A244841F24C0399
:100900000BF05FFB41F24C01E5E703780493214BC8
:100910000393214B02930823CDE900631449334626
:10092000042230460DF037F91C4B11490096CDE9F1
:1009300001633046334602220DF02DF9032058E7BB
:100940002046F6F7C3FB95F8E9305B0703D50A218B
:1009500028460DF030F9B5F8E81009B1002048E755
:100960002846FFF781FCF9E729790300D6760300D2
:100970004C050300E67603002E6703003C74030079
:10098000C9DC0200FA760300D7740300CA1703001B
:100990007D77030016790300157703004277030083
:1009A0002DE9FF410E460446D0F8EC80FEF730FCFE
:1009B000F668144933780393134B02930023CDE96F
:1009C0000033054601221846271D0DF0E4F80A21E0
:1009D00038460DF040F940B175B920463178FFF73F
:1009E00043FC002004B0BDE8F0810B2138460DF037
:1009F00032F90028F0D1F0E72B69002BEDD040460A
:100A00009847EAE74C0503009F7703002DE9F04380
:100A10004F4BD0F800908BB0CDE9081399F80B300C
:100A20000793B9F800300490CDE90593494B03933F
:100A3000494B0293044600260823CDE90063304663
:100A40008846334645490422A4F1E8050DF0A3F891
:100A500001212846A4F1EC070DF0FDF800285CD038
:100A6000B8F1000F19D0032128460DF045F80028F1
:100A700053D04046F5F70CF90138C0B208289CBFA6
:100A8000374B1E5C022128460DF095F8314638465A
:100A90000BB0BDE8F043FFF7E7BB99F80B30002B34
:100AA0003BD0032128460DF027F828B938460BB073
:100AB000BDE8F0430DF0E5B8052128460DF01CF81F
:100AC000B8B114F8043C1E0707D514F8033C180706
:100AD00003D5112128460DF06EF814F8043C23F0DC
:100AE000080304F8043C14F8033C23F0080304F85A
:100AF000033C14F8033CD90712D5062138460DF003
:100B00005AF8284602210DF056F82068D0F8A45073
:100B100075B134F8041C0029B9D00BB0BDE8F083DE
:100B20009A0701D50821E9E75B07EAD50A21E5E73D
:100B30007030F3F723FC0B4B0390CDE901530749C9
:100B400000952B46012228460DF025F8E5E700BF69
:100B5000148D0300A5780300C17703004C05030042
:100B60005C7803000378030070B5054686B055F83D
:100B7000EC392049D3F8A460838CCDE904031E4BE3
:100B800003931E4B029308220023CDE90032044652
:100B9000042218460CF0FFFF04F15400E83C06F074
:100BA00019FD032120460CF0A7FFA8B10821284613
:100BB000FFF75AFB3EB1F38913B1737B9B0702D554
:100BC000304600F06FFB4FF4BC720021284606B09F
:100BD000BDE870400FF0FDB9012120460CF08CFFFC
:100BE0000028E3D10F2120460CF086FF0028DDD13C
:100BF000E0E700BF4C05030091780300265C03008A
:100C000030B5A0F5A075A0F59E74BFF35B8F236887
:100C1000BFF35B8FBFF35B8F2A68BFF35B8F87B037
:100C2000CDE903320A4B029300231846CDE9003385
:100C3000012208490CF0AFFF28460821FFF714FBFA
:100C40000421204607B0BDE830400CF0B4BF00BF1F
:100C5000187803004C0503002DE9FF410446FEF718
:100C60007FFB0546002800F08C80071D03213846D5
:100C70000CF042FF002800F08480D4F8A40008B1F2
:100C800000F010FB04F17008207A414600F0CEF825
:100C90000646C4F8A400A0B94046F3F76FFB3C4BEE
:100CA0000390CDE9016330463A490096334601226C
:100CB0000CF071FF0821284604B0BDE8F041FFF7B1
:100CC00085BB0E2138460CF017FF28B1D4F8A420BC
:100CD000537B43F0020353732B7A032B11D823B1B8
:100CE000052138460CF008FFA0B9D4F8A420537BA6
:100CF00023F020035373D4F8A420537B23F0010383
:100D00000DE0053B012BF0D8D4F8A420537B43F031
:100D100020035373D4F8A420537B43F0010353738F
:100D20002B7D697BD4F8A4208B4228BF0B4613731C
:100D3000052138460CF0E0FED4F8A4305A7B18B3F5
:100D400042F010025A730D2138460CF0D5FEC0B1A6
:100D5000D4F8A400202100F04BFAD4F8A43005F117
:100D600047021A33573552F8041B43F8041BAA42B2
:100D7000F9D1D4F8A420002313615361D4F8A4203E
:100D8000138304B0BDE8F08122F010025A73F8E733
:100D90003C7403004C05030010B50D4B0D4986B0A3
:100DA00001221A700C4B04930C4B03930C4B0293CF
:100DB00000240823CDE900430422234620460CF0FA
:100DC000EAFE0848F7F758F9204606B010BD00BF04
:100DD0009C3500204C0503004E400300747803004E
:100DE00047780300B006002008B558B90B490C48F5
:100DF0000C4A40F206230BF0E4F80A4840F20621C0
:100E00000BF0D6F8437B5B0607D40121F6F71EF9F9
:100E1000BDE80840044806F081B908BD4A7A0300DD
:100E2000CA1703001A7A0300B80600202DE9F04320
:100E3000074687B00C4649B930493148314A6323E7
:100E40000BF0BFF82F4863210BF0B2F80846F3F718
:100E500095FADFF8B4902D4B029308220023DFF8B7
:100E6000B08004904D46CDE9003218462949CDF8AE
:100E70000C8004220CF0C3FF15F8013BBB4205D1E6
:100E80000722214628460FF0ACF800B32249234838
:100E900007220FF0A6F80646E8B905F8017C23689A
:100EA0002B60A388AB80A379AB712046F3F766FA79
:100EB0001B4B02930823CDE90490CDE9006315494B
:100EC000CDF80C803346042230460CF098FF0E48D3
:100ED00007B0BDE8F0832046F3F750FA114B0293B8
:100EE00000240823CDE90380CDE9004320460949C9
:100EF000234604220CF083FF2046E9E75E7A0300D4
:100F0000CA1703001A7A0300C82A002052360300C9
:100F1000F87C0300140503007F2B0300C92A00207E
:100F2000727A0300887A03000B4610B51146044616
:100F300063B9094909480A4ABD230BF042F8084839
:100F4000BD210BF035F8BDE8104018470548C289AF
:100F50002242F8D110BD00BFA97A0300CA170300CE
:100F60001A7A0300C82A002008B50349002202208B
:100F7000FFF7DAFF002008BDE90D02002DE9F0417E
:100F8000074686B0884616464AB9194919481A4A8A
:100F9000CA230BF016F81848CA210BF009F81046BE
:100FA000F3F7ECF9154B0393154B164C0293002500
:100FB0000823CDE90470CDE9005304222B462846CE
:100FC00011490CF01CFFE38920463B4010F8012B2F
:100FD00008D0424504D1072231460FF002F828B16B
:100FE000284600E0184606B0BDE8F0812046FAE742
:100FF0005E7A0300CA1703001A7A0300EB7C030031
:10100000BD7A0300C82A0020140503002DE9F0472B
:10101000804686B00C4649B948494948494AF323B5
:101020000AF0CFFF4748F3210AF0C2FF0846F3F762
:10103000A5F90025444B454F04904FF00809029351
:10104000CDE900592B4642490397042228460CF06B
:10105000D6FE2378012B43D1A37903F0C003402BA4
:101060003ED13C4EF289B24692071AF83A3B04F15F
:10107000010020D598451ED1062251460EF0B1FF41
:101080000546B8B95046F3F75FF90446701CF3F70C
:1010900075F9314B2E490397CDE90440CDE9019311
:1010A00000952B46042228460CF0A9FE294806B0DC
:1010B000BDE8F0870025F389327803F002038DB193
:1010C0002046F3F75BF9254B029308220023CDE974
:1010D0000370CDE900321E49042218460CF08FFE41
:1010E0000020E4E7002BEBD09045E9D104F10109A1
:1010F0001B484946F3F7D8F901250028DBD0194DE4
:101100002846F3F721F98046A5F13900F3F736F9BF
:10111000154B029308210023CDE90031CDE904806D
:101120000B490397184604220CF069FED4F80130ED
:10113000C6F83A30B4F80530AB80B7E75E7A030002
:10114000CA1703001A7A030052360300C97C030051
:1011500014050300C82A0020CC7A0300FB7A0300A0
:10116000F22A0020022B0020E57A0300F0B50746A2
:1011700087B00D4659B917491748184A4FF492736A
:101180000AF01FFF15484FF492710AF011FF08464C
:10119000F3F7F4F8124B0393124B02930024082345
:1011A000114E0490CDE90043104923460422204605
:1011B0000CF025FE3378BB420AD107222946701C69
:1011C0000EF00FFFA0420CBF3046204607B0F0BD26
:1011D0002046FBE75E7A0300CA1703001A7A030071
:1011E000B77C030052360300C82A00201405030010
:1011F00008B558B907490848084A4FF49A730AF0E5
:10120000E0FE06484FF49A710AF0D2FEC3891943F2
:10121000C18108BD4A7A0300CA1703001A7A030085
:10122000F0B5064687B00F4615464AB91749184823
:10123000184ADC230AF0C5FE1648DC210AF0B8FE85
:101240001046F3F79BF8144B0393144B02930822B8
:101250000023CDE90032CDE904601149184604228B
:101260000CF0CDFD2A4639463046FFF787FE04468E
:1012700040B929463846FFF7D9FD044610B131463A
:10128000FFF7B6FF204607B0F0BD00BF5E7A03004F
:10129000CA1703001A7A0300DA7C0300BD7A030040
:1012A0001405030030B5044687B058B918491948E9
:1012B000194A4FF4A2730AF084FE17484FF4A27142
:1012C0000AF076FE451C2846F3F758F8E3891349DF
:1012D000CDE90403124B0393124B0293082200231F
:1012E000CDE90032184604220CF089FD237A590713
:1012F00002D52046F5F7E2FF29462078F3F78EFB6A
:1013000040220021204607B0BDE830400EF061BE0B
:101310004A7A0300CA1703001A7A0300140503006F
:10132000A97C03000D7B03002DE9F041144696B023
:10133000054670B9704B71490090CDE90103012257
:1013400003460CF05CFD6FF01506304616B0BDE8A4
:10135000F081342209A91846A047041E0BDA684B15
:1013600002930023CDE90033039464490122184617
:101370000CF045FDE7E722D0342109A8F2F7C2FFBF
:10138000604B02934FF0000808235F4F5B490397BF
:10139000CDE90450CDE900830422434640460CF0D9
:1013A0002EFD07A92846F3F795F9064648B1574B95
:1013B0000395CDE90183CDF800804346D5E7544835
:1013C000DEE706A928460BF090F9069858B10A22E4
:1013D00031460AF0A5F930B14E4B0390CDE90163D7
:1013E00000963346C1E74CBB07AA21463F20FFF7D2
:1013F000C5FDA0B1402221460EF0EBFD07A8F2F793
:10140000BDFF454B0293CDE903700823CDE90043AE
:1014100023463A49042218460CF0F1FC95E707A848
:10142000F2F7ACFF3D4B0390CDE901433349009403
:101430002346022220460CF0E2FC86E707A90020A2
:10144000FFF7F4FC054680B907A8F2F797FF344B85
:101450000390CDE90153294900952B4601222846E6
:101460000CF0CDFC6FF00B066FE7342C10D034235A
:10147000CDE903432B4B029300231846CDE90033FB
:101480001E4901220CF0BBFC2846FFF70BFF5AE770
:1014900009AB00F10C020DF1540C1C4603CC644561
:1014A00010605160234602F10802F6D120681060F6
:1014B0006C7BE10714D514F0300411D107A8F2F7C2
:1014C0005DFF194B0390CDE901430C49009423467D
:1014D000022220460CF093FC6B7B23F001036B731C
:1014E00007A8F2F74BFF114B029308220023CDE926
:1014F0000370CDE900328CE7072C030014050300CC
:10150000297B0300487B0300927C03009066030064
:10151000227B0300AC6603005B7B0300737B03004C
:10152000967B0300B57B0300D37B0300387C03006C
:1015300030B5024687B058B91A491B481B4A40F2D9
:1015400079130AF03EFD194840F279110AF030FD96
:10155000451C342312F80C0B2946F3F751FA0446C4
:1015600068B1134B029300230390CDE90033114976
:10157000012218460CF043FC204607B030BD284637
:10158000F2F7FCFE0C4B03930C4B02930823CDE9BE
:101590000043049007492346042220460CF02FFC08
:1015A000EAE700BF4A7A0300CA1703001A7A030069
:1015B0005E7C0300140503009B7C03007B7C03001E
:1015C000884210B500EB020311D98C18A04211D249
:1015D0000D490E4A0E4840F2B3230AF0F2FC0D48C2
:1015E0000AF0EFFC094840F2B3210AF0E1FCEFD029
:1015F0009942ECE7013A114411F8012900F8012B56
:101600008342F9D110BD00BF2A450300F84403000E
:10161000CA170300814503002DE9F04F9DB08A46AB
:10162000202117469846DDF89890314E8346F2F710
:1016300069FE002408252F4B2F49049004222046E0
:10164000CDE900450293039623460CF0E8FB2021E8
:101650005046F2F757FE294B274900940422CDE962
:101660000360CDE90153204623460CF0D8FB10213E
:101670003846F2F747FE224B1F490094CDE9040893
:10168000CDE9015320462346042203960CF0C7FB04
:10169000202259460BA8FFF793FF2022514613A89A
:1016A000FFF78EFF1022394607A88DF86C80FFF7F0
:1016B00087FF4B4641220BA907A800F08BFA04468E
:1016C00090B948460CF0BCFB10214846F2F71AFED0
:1016D0000C4B09490094CDE90360CDE90153042284
:1016E000234620460CF09BFB20461DB0BDE8F08F42
:1016F000007E0300197D0300E4040300227D030043
:101700002B7D03003B7D03002DE9F04FA1B01D466A
:10171000624BDDF8ACB090460446894612AA03F14C
:10172000300718685968164603C60833BB4232466C
:10173000F7D118681B793060337120212046F2F709
:10174000E1FD4FF0000A564F564B574904900826CA
:101750000422029350465346CDE900A603970CF0AD
:101760005EFB10214846F2F7CDFD504A4E49CDF8B8
:1017700000A05346CDE90370CDE901625046042232
:101780000CF04DFB10214046F2F7BCFD484A46499B
:10179000CDF800A05346CDE90370CDE90162504673
:1017A00004220CF03CFB214620220AA8FFF708FF88
:1017B000404806AB20220AA900F00CFA0446002893
:1017C00068D1102106A8F2F79DFD3B4B36490094E5
:1017D000CDE90370CDE901632046234604220CF0D5
:1017E0001EFB102249460DF14D00FFF7E9FE1022C5
:1017F00041460DF15D00FFF7E3FE2946062211F890
:10180000013B8DF86D300DF16E00FFF7D9FE2A997E
:10181000062211F8013B8DF874300DF17500FFF7C9
:10182000CFFE5B46352212A906A800F0D3F9044684
:1018300080BB10215846F2F765FD204B1A490094F1
:101840000422CDE90370CDE90163204623460CF064
:10185000E6FA58460CF0F4FA01238DF848303522A8
:101860002C9B12A906A800F0B5F9044690B91021E6
:101870002C98F2F747FD124B0B490094CDE9037009
:10188000CDE901632046234604220CF0C8FA2C98C7
:101890000CF0D6FA204621B0BDE8F08FF208030024
:1018A000F37D0300467D0300E40403004F7D030045
:1018B000597D0300E37D0300637D03006C7D03001D
:1018C0007B7D03002DE9F04F9FB088461021DDE9B4
:1018D00029B9174682460793F2F714FD0026634D97
:1018E000634B64490490082404223046CDE9006427
:1018F0000293039533460CF092FA10214046F2F71A
:1019000001FD5D4A5B4900963346CDE90350CDE9C0
:101910000142304604220CF082FA10213846F2F7D8
:10192000F1FC564A534900963346CDE90350CDE9C0
:101930000142304604220CF072FA10210798F2F7A7
:10194000E1FC4F4A4B4900963346CDE90350CDE9BF
:101950000142304604220CF062FA03212898F2F783
:10196000D1FC484A434900963346CDE90350CDE9BE
:101970000142304604220CF052FA07215846F2F791
:10198000C1FC414A3B4900963346CDE90350CDE9BD
:101990000142304604220CF042FA07214846F2F791
:1019A000B1FC3A4A334900963346CDE90350CDE9BC
:1019B0000142304604220CF032FA102241460DA8B2
:1019C000FFF7FEFD1022394611A8FFF7F9FD079930
:1019D000102215A8FFF7F4FD2899032219A8FFF794
:1019E000EFFD5946DBF8010011F8013B8DF8673037
:1019F0001A908B88ADF86C3006221AA8FFF7E0FD2C
:101A00004946062211F8013B8DF86E30D9F80130B5
:101A1000CDF86F300DF16F008B88ADF87330FFF7A4
:101A2000CFFD1022514609A8FFF7CAFD2B9B41228A
:101A30000DA909A800F0CEF8064690B910212B9800
:101A4000F2F760FC124B0B490096CDE90350CDE94B
:101A500001433046334604220CF0E1F92B980CF098
:101A6000EFF930461FB0BDE8F08F00BFD67D030010
:101A7000467D0300E40403004F7D0300597D03000D
:101A8000CC2B0300867D0300947D03009E7D030024
:101A90003B7D03002DE9F04789469EB02021174683
:101AA00098468246F2F72EFC0024414E414B4249B3
:101AB0000490082504222046CDE9004502930396B0
:101AC00023460CF0ACF920214846F2F71BFC3B4BB7
:101AD000394900940422CDE90360CDE90153204641
:101AE00023460CF09CF910213846F2F70BFC344BDE
:101AF000314900940422CDE90360CDE90153204629
:101B000023460CF08CF910214046F2F7FBFB2D4BDD
:101B100029490094CDE90360CDE9015320462346CD
:101B200004220CF07CF9202251460AA8FFF748FD58
:101B30002022494612A8FFF743FD102241461AA869
:101B4000FFF73EFD1022394606A8FFF739FD06AB28
:101B500050220AA9184600F03DF8044620BB102187
:101B600006A8F2F7CFFB184B13490094CDE90360A8
:101B7000CDE901530422234620460CF050F9099B7D
:101B8000124A1BBAB3FBF2F102FB1133269A0A493F
:101B90001360CDE903630E4B0094CDE90153042299
:101BA000234620460CF03BF920461EB0BDE8F087E6
:101BB000C97D0300197D0300E4040300227D0300B6
:101BC000A87D0300B17D03003B7D030040420F0070
:101BD000BA7D03002DE9F0418EB004460D4616464D
:101BE0000021182208A81F460EF0F3F94FF41053F5
:101BF000ADF81C30DFF870808023ADF81E304FF454
:101C00004063CDE90938214605AB102207A808F04A
:101C100067FB044678B1154B02930023CDE90033EE
:101C200003901846124901220CF018F96FF00400D5
:101C30000EB0BDE8F08106AB029310232A46CDE931
:101C400000734146334605980DF047FD054605985B
:101C500008F004FB2843EBD0064B0395CDE9014384
:101C600000942346DDE700BF0002C003177E030097
:101C7000E4040300337E030010B5094C0A4491428A
:101C800000D110BD11F8013B584003090001E35C8D
:101C9000C0B2434018091B01205CDBB25840EEE79C
:101CA0004C7E030037B50C460A490B4A411A4023C3
:101CB000009349110546234608480CF0DFF8011E41
:101CC00005DA2846234603B0BDE83040184703B084
:101CD00030BD00BF1C2B0020E5DE0200D801030050
:101CE000C9B2012908B509D908490948094A7E231A
:101CF0000AF067F907487E210AF05AF903690C22B5
:101D000001FB0233986C00F0070008BD997E0300C8
:101D1000CA1703005C7E030070B5C9B201290369CC
:101D20000BD918491848194A40F2D7130AF049F953
:101D3000164840F2D7110AF03BF9EFF31185402421
:101D400084F31288BFF36F8F0C2606FB0134A46C5A
:101D500014F0C00408D0A24206D085F31188BFF366
:101D60006F8F4FF0FF3070BD71430B4401229A64B6
:101D700085F31188BFF36F8F43680B445B68984706
:101D80000020F0E7997E0300CA1703005C7E030081
:101D900070B50D460649411A0446491105484022CE
:101DA000FFF7BAFF2B4601462046BDE870401847B2
:101DB0001C2B0020D80103000022F8B501210546A4
:101DC0001046F1F77DFB104802F0E8FC0446B8B974
:101DD0000CF0E6FD2F690D4938460AF0BAF9031EEA
:101DE00009DB0126BE642D69084905F120000AF0CF
:101DF000B0F9031E02DA1C462046F8BD6E65FBE70B
:101E00006FF00404F8E700BFC91F0200380F030099
:101E10007FB50BAB05930393064B02930822002377
:101E2000CDE9003218460422F0F766F807B05DF8F5
:101E300004FB00BFBD7E03007FB500220123CDE976
:101E4000022304ABCDE90433094ACDF800D06B4638
:101E5000CDF804D00CF03FF8002805DB4FF48042A9
:101E60000023684604F034FD07B05DF804FB00BFB2
:101E7000F1DE020010B5064C23782BB94FF4A570A3
:101E80000CF038FF01232370BDE810400CF085BD35
:101E90009F35002010B5EFF31184402383F312889F
:101EA000BFF36F8F074A136823F00201DB0711604D
:101EB00002D4012002F052FC84F31188BFF36F8F2B
:101EC00010BD00BF742B0020F0B51B4A0C2141430C
:101ED0000A440023D2E9106787B005461364EFF384
:101EE0001180402484F31288BFF36F8F946C04F048
:101EF000C00444F00204946480F31188BFF36F8F30
:101F00000E4A0A441846926804920D4A03920D4AFA
:101F100002920822CDE900320B490422FFF778FF34
:101F20003EB10A483A462946334607B0BDE8F0407C
:101F3000184707B0F0BD00BF1C2B0020440F030062
:101F4000D37E0300BD7E03005C050300D8010300BF
:101F500010B4EFF31182402383F31288BFF36F8F25
:101F60001748016841F002040460C80707D482F3EF
:101F70001188BFF36F8F012010BC02F0C5BB4FF07A
:101F80008041D1F80C04D1F80C14C907EFD5EFF358
:101F9000118083F31288BFF36F8F0A498B6C03F0B3
:101FA000C00343F002038B6480F31188BFF36F8F8B
:101FB00082F31188BFF36F8F002010BCFFF784BF3E
:101FC000742B00201C2B0020012808B506D0032804
:101FD00008D098B90F4B9B6C5B0719D1BDE808403E
:101FE000FFF772BF0C490D4A0D4840F2FE2309F07D
:101FF000E8FF40F2FE21094809F0DAFF0649074AE6
:1020000007484FF4427309F0DCFF4FF44271F2E7E6
:1020100008BD00BF1C2B0020F28A03005C7E030079
:10202000CA1703002DE9F0414449BFF35B8F064610
:10203000012251E8003F41E800200028F9D1BFF318
:102040005B8FA3B93E493F484B60CB608A60EFF796
:102050002DF800280BDA3C493C4A3D4840F2AA23BF
:1020600009F0AFFF40F2AA21384809F0A1FF76B38A
:10207000731E012B58D8012E07D14FF08043D3F89F
:102080001C3403F00303012B21D00CF03DFF054667
:10209000F8B9304B1B78E3B14FF080430222C3F80C
:1020A00008230746DFF8B0804FF08044D4F81824A6
:1020B000D4F81834D20315D503F00303012B01D053
:1020C000012E0FD155B387F31188BFF36F8FBDE891
:1020D000F081EFF31187402383F31288BFF36F8FF2
:1020E0000125DFE7ADB138460AF01AFCD4F81835FF
:1020F000002BDBD1D4F80421002AD7D0C4F8043156
:10210000D4F804310123C4F81835C8F88031A3602D
:10211000CCE70021212006F0C1FBE7E74FF0804328
:102120000222C3F80423D2E70C49084A08484FF4B6
:102130002F7309F046FF4FF42F7195E7182B0020FD
:10214000082B00203C2B0020CE1E03005C7E0300E9
:10215000CA1703004238002000E100E0F28A0300C1
:1021600008B507480CF0CAFD38B10648F1F710FD74
:102170000448EEF773FD002008BD6FF01200FBE786
:1021800038020300892102000A2838B5074D0446A9
:1021900004D1AB680D21DB6928469847AB6803483A
:1021A000DB69E1B29847204638BD00BF3802030022
:1021B000EFF31182402383F31288BFF36F8F0A4B32
:1021C000D3F8001161B10021D3F80805C3F800115C
:1021D000D3F80031C0B282F31188BFF36F8F70471C
:1021E0006FF00A00F7E700BF00D00040F0B50346EB
:1021F00010469C7893F803C0EFF31182402585F3D5
:102200001288BFF36F8F1F7893F801E0E41B04EA94
:102210000C04A04288BFA0B23E180CEA06063D4658
:102220001E7082F31188BFF36F8F0A188A4216D18D
:1022300077450CD1EFF31182402181F31288BFF36F
:102240006F8F1978597082F31188BFF36F8F1B79E4
:10225000241AA34222BF064B01221A60F0BD5E1968
:102260000135767901F8016B05EA0C05DEE700BF60
:1022700000D000402DE9F0472D4D0069A8420E46E0
:1022800014460BD02B492C482C4A40F2031309F07A
:1022900098FE2A4840F2031109F08AFEDB4313F04E
:1022A000010504D03030FFF7A1FFBDE8F0879AB3F5
:1022B000EFF31188402383F31288BFF36F8F0D2053
:1022C000F1F7F0F807460D20F1F7D8F888F31188F8
:1022D000BFF36F8FDFF868A0DFF86880CAF800519D
:1022E000DAF800314FF400590123CAF800302546CE
:1022F000C8F88091DAF8003183B1FFF759FF031E67
:10230000C8F88091F6DB013DADB27355002DF1D1D7
:1023100017B10D20F1F7A4F82046C6E7EFF31180BE
:10232000402383F31288BFF36F8F0AF0F9FAE1E7D5
:10233000782B0020407F0300CA1703000E7F0300A4
:1023400000D0004000E100E02DE9F041194B0769A1
:102350009F420D46144605D107F1450864B9204651
:10236000BDE8F08114491548154AE52309F029FE16
:102370001348E52109F01CFE4FF0FF334FF0FF3208
:10238000384604F0A5FA224629464046FFF72EFFBC
:102390000646384604F018FA3EB94FF0FF324FF0C7
:1023A000FF33084804F094FAE6E7A41BA4B23544CE
:1023B000D4E700BF782B0020407F0300CA1703003A
:1023C0000E7F0300902B002038B5214B04699C42FE
:1023D0000BD020492048214A40F2471309F0F1FD73
:1023E0001E4840F2471109F0E3FD01221146204644
:1023F0000CF015FD0122002104F118000CF00FFD76
:1024000040F20743A4F848304FF0706323630C2375
:1024100084F834300025124B84F84550A4F8465017
:10242000D3F8042522F00102C3F804250121C3F8E2
:102430000051D3F80021C3F804132A4619600D2077
:10244000F1F73EF80D20F1F70BF8284638BD00BF34
:10245000782B0020407F0300CA1703000E7F030083
:1024600000D0004010B5FFF7A3FE002820DB174B7B
:1024700093F8322093F8314093F83310141B31EA6B
:102480000404C0B20DD193F8472093F8464093F866
:102490004810141B31EA04040BD10D4B01225A6081
:1024A0000EE09C180132114084F8350083F8321098
:1024B00010BD9C180132114084F84A0083F847107F
:1024C0000448BDE8104004F07FB900BF782B00201D
:1024D00000D00040902B0020024B0B6001231360C2
:1024E000704700BFCC2B0020004870475C0F0300F2
:1024F00070B50D4686B0194628461C4616460BF0A8
:1025000090FD034668B90B4A0090CDE90102CDE980
:102510000354094901220BF095FD6FF0150006B038
:1025200070BD24B12246294630460DF02AFD002018
:10253000F5E700BF707F03006C05030010B50122B2
:1025400011460748074C0CF06AFC02F0A7F90CF0A2
:10255000CDFB20600CF0C6FB6060002010BD00BF0A
:10256000D42B0020CC2B0020F0B58DB00E461546A4
:102570000CF0B8FB2946074630460BF052FD0346E7
:1025800088B3B6FBF7F307FB136323B9B5FBF7F486
:1025900007FB145484B1244B02930023CDE9036557
:1025A000CDE900332149012218460BF04BFD6FF0B5
:1025B000150420460DB0F0BDAF42FAD84FF0FF33FE
:1025C0004FF0FF321A4804F083F90CF0FCF908AB25
:1025D000014688B9102218460DF0FBFCCDE90965CB
:1025E0000BF0FBFC1BE0134A10490090CDE90102FF
:1025F000CDE903650122D8E71022214618460DF0E7
:10260000E8FC01228DF82C200B4ACDE906200B486E
:10261000CDE9096502F062F906A802F065F9044601
:10262000034804F0D1F8C4E78D7F03006C05030074
:10263000D42B0020707F0300DBDF0200645E01000A
:1026400038B5037B04460BB10CF0C9F90125A3682A
:10265000032B06D8124AD2F80034DB07FBD5002042
:1026600038BD23686068196803F058F8636804335C
:102670006360236804332360A368043BA360237B67
:102680000135002BE3D0284602F00CFA0028DED0FA
:10269000034AD2F80034D907FBD50120E0E700BF98
:1026A00000E0014070B50D468CB0194628461C4626
:1026B00016460BF0B6FC034670B9234A2349009036
:1026C000CDE90354CDE9010201220BF0BBFC6FF010
:1026D000150420460CB070BD45EA04039B070AD0E0
:1026E0001B4B02930023CDE90354CDE90033174976
:1026F00001221846E9E7002CEBD04FF0FF334FF0F2
:10270000FF32144804F0E4F80CF05DF90346CDE91B
:10271000086508A80A948BB101238DF82C300E4B64
:10272000CDE9063041F64C5002F0D8F806A802F088
:10273000DBF80446074804F047F8CAE78DF82C3068
:10274000FFF77EFFF5E700BF707F03006C05030015
:10275000AC7F0300D42B00204126020010B5036992
:1027600061B92049204A21484F2309F02AFC20481A
:1027700009F027FC4F211C4809F01AFC486850B9A1
:102780001C49194A1948502309F01BFC1A4809F042
:1027900018FC5021EFE75868F8B1884219D19C68BD
:1027A00008685860A14200D19860002008602AB1F2
:1027B0005A680A609A68596002B99960002010E06E
:1027C000814206D10868206098688142EDD19C6002
:1027D000EBE7044600680028F2D1002AE8D16FF048
:1027E000150010BD00570300EE7F0300CA17030059
:1027F0002A800300398003004B80030008B502687B
:10280000530904D14FF0FF33D340DB070BD4074902
:102810000748084A4FF4747309F0D3FB05484FF496
:10282000747109F0C5FB4FF0A04008BD958003000E
:10283000CA1703006280030070B54468207C01F071
:102840001F0545EA4015A06886B000286DD0B2F596
:10285000001F04D1294602F03DFE002049E001A8F6
:102860000026B2F5800F0196466031D1B3F1007FAA
:1028700014BF052304238DF804300023CDE904039D
:102880000393E368CB40D90735D4B2F1A07F32D1AE
:1028900068460095FFF7B2FF05F5E07350F8233066
:1028A000DB0728D4A0686A46294602F0B3FC16303C
:1028B00019D0CDF808D0A06803AA294602F060FB21
:1028C000002816DBA0680122294602F083FDC4E738
:1028D000B3F1C06F05D0B3F1007F14BF0123022311
:1028E000C9E70323C7E7A068694602F053FD002843
:1028F000DFDA06B070BDA0686A46294602F08AFC9D
:102900000028D8D19DF80010A06802F027FD00280B
:10291000D1D007490748084A40F2E51309F051FBB6
:10292000054840F2E51109F043FB6FF08500E0E750
:1029300039750300CA170300B8800300430970B556
:1029400007D1124B596821B101250C68104E854002
:1029500001B970BD8A682A4010D04B6863B90D492F
:102960000D4A0E48742309F02CFB0D4809F029FB91
:102970000948742109F01CFB304698471CB12368B4
:1029800021461C46E4E72346FAE700BFEC2B002073
:10299000F8010300E4800300EE7F0300CA17030080
:1029A0004B8003002DE9F043476840F206363B7C3C
:1029B000D00687B001F01F0502EA060645EA431576
:1029C00054BFC2F340130323B6F5837F14468DF83A
:1029D000033044D00DD8062E16D005D8A6B1022E4D
:1029E0003FD06FF0150037E0B6F5807FF9D10126B2
:1029F0000AE040F20222964235D0B6F5407F34D04C
:102A0000B6F5007FEDD102260123220303FA01F17E
:102A10002DD57B68C3F80815B86870BB03A803956B
:102A2000FFF7ECFE84F4803300EB8500C3F3004332
:102A3000C4F34044D0F8002744EA43049DF803302F
:102A400022F4E16244EA830422F0070244EA062306
:102A50001343C0F80037002007B0BDE8F083072615
:102A6000D2E70426D0E70526CEE70326CCE76303AA
:102A700044BF7B68C3F80C15CEE70DF1020229466E
:102A800002F0C8FB14F4403F804617D1B8682946CD
:102A900002F04CFCB8F1000FDDD19DF80210B868CF
:102AA00002F05CFC0028D6D01E491F481F4AF423C0
:102AB00009F087FA1D48F42109F07AFA4FF000096D
:102AC00001ABCDE90199CDE90439CDF80C90B86896
:102AD00003AA294602F054FA4845BCDB14F400333B
:102AE00014D084F480349DF803308DF80E30C4F394
:102AF00000448DF80C608DF80D40B8684B4603AA71
:102B0000294602F0EFFA0028C4DAA4E7CDE904333D
:102B10000DF103030393B86803AA294602F030FAC3
:102B2000F1E700BF39750300CA170300B88003003E
:102B300038B54568A86890B102F0DEFB014670B96F
:102B4000A86802F099FB044658B902460649A868ED
:102B500002F048FB224605210620F0F7B1FC0020D8
:102B600038BD6FF00400FBE73D29020008B502689C
:102B7000530904D14FF0FF33D340DB070BD407498F
:102B80000748084A4FF4747309F01BFA05484FF4DC
:102B9000747109F00DFA4FF0A04008BD9580030054
:102BA000CA170300628003002DE9F04FDFF854B12B
:102BB00085B01546824600EB810840F2FF19D045EA
:102BC00003D1002005B0BDE8F08FDAF800305A04D8
:102BD000C3F3C321C3F3080400F18E804A4A1B0EDD
:102BE000575C4C4508BF4FF0FF34192B00F287802B
:102BF000DFE803F00D141A1D20261D858585853517
:102C00006185858585858585858564797C7FC5F821
:102C10000C45631C5CD10AF1040AD0E7C5F81445E1
:102C2000661CF8D000265CE0C5F80845F1E7C5F859
:102C30001045F5E7601CC5F80845ECD0002604E017
:102C4000611CC5F80C45E6D0012603A80394FFF7E4
:102C50008DFF012101FA04F3C0F80C3508E0C5F836
:102C60000845002FDCD1631CD5D00026314606274D
:102C7000DAF80030019303F40040002818BF002167
:102C800003A8009118BF01260394FFF76FFF019B73
:102C9000009900EB8400C3F3412CD0F800473B02BD
:102CA00043EA8C030B4304EA0B04234343EA460341
:102CB000C0F80037AFE7C5F80C45D2E7C5F8604566
:102CC000621CDAF80030A6D0C3F30043002BBBD05F
:102CD00003A80394FFF74AFF012606FA04F3C0F89D
:102CE00008353146C4E7C5F86445E9E7C5F86845E5
:102CF000E6E7C5F86C45E3E76FF0150062E76FF0B3
:102D000085005FE7F0F8FCFFFE8003007FB50BABAA
:102D100005930393054B02930023CDE90033012271
:102D20001846EFF7E9F807B05DF804FB06810300E9
:102D30002DE9FF410546002201210220F0F7C0FBEA
:102D40000220F0F78DFB6C680121E0680BF0BAFA05
:102D50006B681A682369C2F82435637D217D0B43B3
:102D6000C2F86C352C692068A0B16B683B491E68BD
:102D7000002208300CF099F92368DD632068384997
:102D8000002268300CF091F92368C3F89C50354B51
:102D9000C6F804336F68D7E9004313F0010343D04A
:102DA000D5F8108004F10C0108F11C0204F59070B4
:102DB0000BF064FE061E0DDA2B4B02930023CDE9C7
:102DC00000332A4901221846FFF7A0FF304604B01D
:102DD000BDE8F08198F81C0001F0F4FF0823C4F866
:102DE00000353B6AC4F844350023C4F84835012354
:102DF000A360D4F85831002BFBD00023C4F8003571
:102E00006B68596811F004040CD1D86821460BF0A6
:102E100059FA6B6821461D68D8680BF053FA0823ED
:102E2000C5F800350026D1E70822C4F800253A6A23
:102E3000C4F84425C4F848350123A360D4F82031F0
:102E4000002BFBD00023C4F82031D4F8203101231B
:102E5000E3604FF48073C4F80433CAE7FBE3020075
:102E600051E8020014020A0006810300DC05030099
:102E70002DE9F8430446456888460CF045F8636838
:102E8000A8B92E4A127892B11F684FF04009642603
:102E900060680BF007FA00283ED101200BF0B1FD6D
:102EA000013EF5D10021212005F0F8FCEFE7216972
:102EB0001F684FF04009EFF3118689F31288BFF3C2
:102EC0006F8F60680BF0EEF908B30B6853B1D3F85D
:102ED000A4203AB1D3F8B420002A03DAD7F84C255D
:102EE000C3F8B4206B685B0744BF4FF48003C7F896
:102EF00004332B6A83F80080296A012220460BF0F4
:102F000042FA86F31188BFF36F8FBDE8F88386F32A
:102F10001188BFF36F8FCEE7EFF311810E4689F36F
:102F20001288BFF36F8F60680BF0BCF90028D9D10D
:102F300081F31188BFF36F8FB4E700BF42380020E0
:102F40002DE9F04F9946D0F804A00369DAF8004063
:102F50001D6885B0064602939AF8083088461746E1
:102F600073B15C495C4A5D4840F21A7309F029F874
:102F70005B4809F026F8584840F21A7109F018F831
:102F800095F86130002B40F0A28095F8623003F094
:102F9000FF01002B40F09B80B9F1FF3F6FD0B9F1EA
:102FA000040F6CDDDFF83CE14F4A4FF400404FF076
:102FB000050C99FBFCFCCCFB00E100237046E9F713
:102FC00047F84FF0000BC5E915B0C5E91087C5E912
:102FD00012BBE965C5F850B0DAF80420520755D5A0
:102FE000EFF311824021039281F31288BFF36F8FB8
:102FF000022130460BF0B6F9039A82F31188BFF331
:103000006F8FDAF80420530740D595F86060002EE2
:103010003CD0BE4228BF3E46DAF81C10324640463D
:103020000CF0AFFFBF1B2DD195F86020921BD2B2E0
:1030300085F86020DAF81C0081190CF0B0FF029BC3
:10304000BFF35B8F03F1180B5BE8003F43F0040311
:103050004BE80032002AF7D1BFF35B8F44F307340B
:10306000002C08DB6309214904F01F0401224033CE
:10307000A24041F82320002005B0BDE8F08F0020D9
:1030800001469EE7B9F1FF3F12D1B0440023C4F8D6
:103090003485C4F83875C4F81031D4F81021C4F858
:1030A0004C31D4F84C31012385F861302360E2E7DC
:1030B000C4F808B1D4F80831D5E91623002000215E
:1030C000CDE9000105F1080006F058FADDE76FF0E0
:1030D0000F00D1E7F28A030025810300CA1703001D
:1030E000598103003F420F0040420F0000E100E021
:1030F000F7B5064605691C46EFF31187402383F3B5
:103100001288BFF36F8F2B68D3F8A4C0BCF1000FF7
:1031100007D087F31188BFF36F8F6FF00F0003B0F4
:10312000F0BDC3F8A4202B68C3F8A01001F06043E1
:10313000B3F1005F2B6814D1C3F8A8102B68C3F853
:10314000AC20294630460BF037F987F31188BFF3DE
:103150006F8F73681B7D012B01D1631C06D100208A
:10316000DDE7C3F8B0C00BF07EF8EAE70B480C4A85
:103170002D6824EAE4744FF4004600210023C4FBC8
:103180000601E8F765FF683502460B46002000217E
:10319000CDE90001284606F0F1F9E0E73F420F00D3
:1031A00040420F0070B40E49D1E90034D01AC31860
:1031B00044F10004C2F30E06C1E90034A6F58053C1
:1031C000B3F5C04F09D2074B1B685A0CDB039C199F
:1031D000054B42F10005C3E9004570BC06F004B898
:1031E000401E0020042C0020481E0020E0B1BFF348
:1031F0005B8F0E4B53E8001F41F0020143E80012C1
:10320000002AF7D1BFF35B8F094A4FF40033C2F8AD
:103210000433084ABFF35B8F1268BFF35B8F9207DA
:1032200044BF054AC2F80031704700BF002C00209F
:1032300000100140F82B002000E100E00C4BBFF330
:103240005B8F53E8000F20F0020243E800210029C1
:10325000F7D1BFF35B8F074B4FF40032C3F808235D
:10326000BFF35F8FBFF36F8FC0F34000704700BFA5
:10327000002C00200010014030B5144B1868410CA0
:10328000C003BFF35F8F124BD3F8043547F6FF72CC
:1032900093420AD10F4AD2E90045844275EB0102FC
:1032A00009D3C01841F1000130BD181841F10001E7
:1032B000B3F5006FF8D2074BD3E90023904271EBCE
:1032C0000303F1D210F50040ECE700BF042C00200E
:1032D00000100140481E00202DE9F743334CD4F87C
:1032E0000433D90319D540230022990810290CD1A1
:1032F000D4F84031002B3BD00023C4F84031D4F83F
:1033000040314FF480324423EFE70433502BECD1AB
:103310001AB1274A136801331360D4F804339A03AF
:1033200023D5BFF35B8F234B53E8002F22F002011C
:1033300043E800100028F7D1BFF35B8F930702D456
:10334000D4F844318BB10025C4F84451D4F8443149
:10335000FFF792FFEFF3108272B6174BD3E90667BF
:10336000B042B94106D282F3108803B0BDE8F083C1
:103370004423BAE74FF0FF384FF0FF39C3E906891D
:10338000D3E904101D614FF40033C4F84833C4F886
:103390004451D4F8443182F310880029E5D00090DC
:1033A00032463B4601208847DFE700BF001001405E
:1033B000042C0020F82B0020201E00202DE9F74FC0
:1033C0000D461F46044601929DF83080FFF736FFF8
:1033D0000090FFF751FFA04271EB05034CD2201A79
:1033E00044F2010365EB0101984271F1000146D2FC
:1033F000324BD3E906239D4208BF944255D0304B4F
:103400004FF4003E4FF00009C3F848E3C4F30E0C3C
:10341000C3F84491D3F84421032062466FF0020AB6
:1034200043F6FD7BC2F30E01002908BF0122C2F35F
:103430000E01C3F84415C3F844E3D3F80465AAEBBE
:1034400006011144C1F30E0159452ED9D3F8442188
:1034500062B1D3F80465A6EB0C02C2F30E02B2F51A
:10346000804F22D9C3F84491D3F84421B8F1000F1A
:1034700005D182190130D5E7B8F1000F08D06FF0FF
:1034800015040098FFF7B2FE204603B0BDE8F08FA8
:103490000C4BBFF35B8F53E8001F41F0020143E880
:1034A0000012002AF7D1BFF35B8F044B019AC3E9E6
:1034B0000645C3E904270024E3E700BF201E0020DF
:1034C00000100140F82B00207FB5284C284BC4F891
:1034D0000833C4F84833274B274A00254FF0FF3004
:1034E0004FF0FF314FF48036C4F80855C3E90201AC
:1034F000C4F80463C3E906014FF40033C4F804338D
:103500000121C2F8803111202A46EFF7D9FF11209E
:10351000EFF7A6FF0123A3602360184B03221A6074
:103520000021174A00952B4643F6FF70FFF746FF30
:103530000220FEF777FD134A13491368134823F05E
:103540000103136047F6FF73C4F844630DF10F02E3
:10355000C4F840350BF092FA002804DB9DF80F0008
:1035600001F030FC284604B070BD00BF00100140DF
:1035700001000F00201E002000E100E0002C0020D0
:10358000A5310200FC2B0020081001404011014031
:10359000421C13B5034643F6FF7020D08342A8BFF8
:1035A0000346012B1C46B8BF0124FFF765FE0E4BF6
:1035B000D3E90021801AB0F5804F43F6FF7310D293
:1035C0002044984228BF184680184FF00003074A4D
:1035D000009341F10001FFF7F1FE02B010BD044677
:1035E000E3E71846F0E700BF401E0020A5310200C7
:1035F00008B5FFF741FE024B1B68C01A08BD00BFAB
:10360000401E002002460B46014802F01FBD00BFCD
:10361000F0070020014802F065BE00BFF00700205F
:103620001FB500230D4C01930A220293CDF80B30F5
:103630000091014601A80CF0F6FC094909484FF435
:10364000AC73224608F0BDFC0748009A01A908F0B7
:10365000B8FC4FF4AC71204608F0AAFC908103003E
:10366000F28A0300CA170300C981030010B503469C
:103670000A46114881680C6864B91049104A11481B
:103680005D2308F09EFC104808F09BFC0C485D216F
:1036900008F08EFC1946A04768B10C490C4A09484D
:1036A0004FF4357308F08DFC0A4808F08AFC08488E
:1036B0004FF43571ECE710BD1802030025820300BA
:1036C000F1810300CA170300458203003975030026
:1036D000908103006B82030070B58CB03B4B039369
:1036E0003B4B0293002408230422CDE90043064605
:1036F000234620460D4637490BF0C8F8364937486F
:1037000003F0E4FB07A8DDF749FD354B0393354B88
:103710003049CDE9014314230093032207AB20462F
:103720000BF0B4F830480BF0E9FA034660B92F4AC1
:1037300028490090CDE9010201220BF0A7F86FF0B3
:10374000120420460CB070BD294B059305A8DDF787
:103750004FFD68B1274B0390CDE901430094234608
:1037600020461C4901220BF091F86FF01504E8E7A0
:103770004FF0FF304FF0FF31FFF744FF04460028C1
:10378000DFD11D491D48DDF7CBFC044610B1FFF722
:1037900041FFD6E741F64C5306A80693E8F780FEB2
:1037A00020B1FFF737FF6FF08504CAE7012304A8B3
:1037B0008DF81030E8F76CFE0028F2D1FFF72AFFF1
:1037C00033690F481D60F1F73FFABAE7A08503009F
:1037D000A58203003C050300ADE802000C2C00208C
:1037E000AE8203009B7D030018020300D582030014
:1037F0006D360200F5820300501E0020AD3A020033
:10380000513902002DE9F0413B488AB0DDF706FC52
:103810000546002869D1DDF7D3FC0126DDF7DCFC85
:10382000E8F730FCE8F730FCE8F730FCE8F730FC6C
:1038300007AA022128468DF81C60DDF723FC041E30
:1038400052DB082707AA07212846ADF81C70DDF7D0
:1038500019FC041E48DB4FF04513079307AA40F2FA
:10386000032303212846ADF82030DDF70BFC041EAE
:103870003ADB07AA042128468DF81C60DDF702FC1C
:10388000041E31DB1F2307AA06212846ADF81C3091
:10389000DDF7F8FB041E27DB184B0393184B19497F
:1038A000059440F22A78CDE90173CDF81080009597
:1038B0002B46042228460AF0E9FF444519DD124B45
:1038C00010490095CDE90153CDE903842B463246DA
:1038D00028460AF0DBFF85F31188BFF36F8F0423BE
:1038E000184602DF6FF00B04254628460AB0BDE8F3
:1038F000F0812C46F8E700BF21360200D685030090
:10390000198303003C0503004083030008B50A49FE
:103910000A480BF0E9FA00280CDA0949094A0A4872
:103920002F2308F04EFB094808F04BFB05482F21D8
:1039300008F03EFB08BD00BF0C2C002080250020B5
:10394000F28A030063830300CA1703008C83030019
:10395000094B93F84A30042B02D1810709D47047F0
:10396000022B02D1020704D47047082B03D183062F
:1039700001D5FFF7CBBF7047AF3500202DE9F041EF
:1039800086B000240D46414EDFF80481414903967C
:1039900008272346CDE90047CDF8088004222046B9
:1039A0000AF074FF2B8A7BB93B4A3A490396CDE96A
:1039B00001720093042218460AF068FF6FF01504A4
:1039C000204606B0BDE8F08105F10C0008F0F5FFD7
:1039D00001282BD002284CD1304B2E492046CDE96E
:1039E0000283CDE90047234604220AF04FFF4FF03F
:1039F000FF304FF0FF31FFF705FE044640B9E8689D
:103A0000E8F7A5FC0446FFF705FE6CB3FFF77EFF61
:103A1000234B029308220023CDE90032CDE9036451
:103A20001C49042218460AF031FFC9E71D4B194909
:103A30002046CDE90283CDE90047234604220AF05F
:103A400025FF4FF0FF304FF0FF31FFF7DBFD04465D
:103A50000028DDD1E86800F07FF90446FFF7DAFDC1
:103A6000002CD5D1FFF752FF2846F0F7BFFA00240B
:103A7000CEE70D4B07490094CDE90360CDE9017312
:103A80000422234620460AF001FF97E7C68503007B
:103A9000C91E03003C050300AF830300BB85030080
:103AA000DC830300B0850300C483030070B5984C29
:103AB00094F84A3088B0002B38D094F84A50042D3E
:103AC00040F0CA80227861783E2A01F1020340D09A
:103AD000FF2A54D04A2B68D94A22CDE903328D4BB4
:103AE00002930023CDE9003318468B4901220AF0E6
:103AF000CDFE6FF00B0300250393884B0293CDE9B5
:103B0000005585492B46012228460AF0BFFE85F361
:103B10001188BFF36F8F0423184602DF002384F857
:103B20004A3008B0BDE87040FFF7F0BE4FF0FF30FC
:103B30004FF0FF31FFF766FD48B904F14A01204616
:103B400000F048FC0546FFF765FD002DB5D008B034
:103B500070BDA278022A24D04A2BBDD80025704B14
:103B60000393CDE904216F4B029308210023CDE993
:103B700000310422684918460AF088FE2DE0A0783A
:103B800000F0FD00802803D04A2BA5D8002502E0D4
:103B90004A2BA1D80125624B0393CDE90421624B46
:103BA000E2E74A2B98D80125D9E70E2A5C4B2AD1A7
:103BB0000791A278069262790592B4F803205649DB
:103BC000CDE90332594B029308260023CDE9003694
:103BD0002A4618460AF05AFE0025207800220023C3
:103BE0002946F1F73FF8064658BB4D4B0393EDB11C
:103BF0004F4B029348490823CDE9000304220346B2
:103C00000AF044FE8AE70F2AC0D1A2780592A28862
:103C10004149CDE90332474B029308200023CDE907
:103C200000302A4618460AF031FED5E7424B02938F
:103C30000823CDE900532B46374904220AF026FE1B
:103C400085E762780232324906F10C0008F0D1FEB5
:103C50003A4B31461B6835E0022D36D10022002355
:103C60000820F0F7A5FF054618B9354B0393354BEF
:103C7000DDE762882388161D4A2EC3F30B01C3F3C8
:103C800001304FEA933303D94A23CDE9036326E792
:103C9000CDE906322A4B03932B4B029308220023D3
:103CA000CDE90032CDE90410042218461A490AF081
:103CB000EDFD1749324605F10C0008F09AFE1F4B46
:103CC0001B6829462148984728E7082D16D100226D
:103CD00000232020F0F76CFF6288064638B91C4BA1
:103CE0000393184B0090CDE901530346A4E7043237
:103CF0004A2AA8D94A23CDE90323F0E6154B0293BB
:103D00000023CDE90033044903950122184677E7E3
:103D1000AF350020E98303003C05030073850300F1
:103D2000198603000A840300998403002F8403008A
:103D3000B38403006E840300C8840300082C0020B1
:103D400005860300E6840300038503005802030090
:103D5000ED8503003A850300F7B5804D2B780646C4
:103D6000002B40F0328304238DF807307C4B04880D
:103D70001F68B7B10DF106030DF10702691CB847C2
:103D800001280ED09DF80630002B40F05B819DF895
:103D90000730AB700E2201236A70EB70AC80A87103
:103DA00059E1B4F5105F4FEA94230AD2002B4ED0AC
:103DB000013B072B08D8DFE803F00907367A07072D
:103DC00007C13F2B00F00782012055E0304640F24A
:103DD000064230F9033B93420FD040F21D4293421A
:103DE0001ED0012040F206439C4200F02B8140F29D
:103DF0001D439C4200F026813EE0E8F7B5FB42F20D
:103E000064039C4240F2B68242F285039C4233D85E
:103E100042F267039C4200F2C18242F26603E8E785
:103E2000E8F7A4FBEBE7304640F6634230F9033B8A
:103E3000934230D00DDC40F6034293421FD040F64F
:103E40002D4293421ED040F60142934212D00120EF
:103E5000F8E040F67B42934220D040F67C42934209
:103E6000F5D19DF807303F4902338DF80730E8F768
:103E700097FA01E0E8F786FA0128E8D087E7DDF74E
:103E80008DFAF9E79DF80730364903338DF807308E
:103E9000E8F77DFAF0E7E8F77CFAEDE79DF8073000
:103EA000304904338DF80730E8F778FAE4E73388CF
:103EB000A3F58053013B082BC9D801A252F823F087
:103EC000E53E0200F73E02000B3F02004F3E0200BB
:103ED0004F3E02004F3E02004F3E02004F3E0200A6
:103EE0002B3F02009DF807301E4808338DF807303D
:103EF000E8F7F1FAC0E79DF807301A4840338DF82B
:103F000007300AF0D5FC002041E79DF80730083360
:103F10008DF80730134B00221A605A60EB7A23F0B9
:103F2000600343F06003EB72EDE79DF807300D4846
:103F300006338DF80730E8F7D0FA9DE7304642F2B5
:103F40004E0130F8033B1AB28A4242F264016BDC44
:103F5000B2F5005F08DC8C425EE000BFFA3500205D
:103F60001C2C002001360020A3F50053013B4D2BF3
:103F70004FD8DFE813F0600075007E004E00870028
:103F80008A008D00960099009C004E004E004E0065
:103F90004E004E004E004E004E004E004E009F0060
:103FA000A800AB00B4004E00BD00C600CF004E001C
:103FB0004E004E004E004E00DF00E800F1004E00C3
:103FC0004E00F400F700FA00FD004E004E0006011E
:103FD00009010C0115011E0121014E004E004E0089
:103FE0004E004E004E004E004E004E004E004E0061
:103FF0004E004E004E004E004E004E004E004E0051
:104000004E004E004E004E004E0024014E004E0069
:104010002D0142F264039C423FF419AF40F2BA8191
:1040200042F285030120F1E642F27C039A4292D1EA
:10403000E8F798FA01E0E8F752FA42F264039C428A
:104040007FF4DDAE0F236B700423AB700123E870A7
:104050002B71A5F8054001232B70002003B0F0BDA3
:104060009DF80730CC4803338DF80730E8F73CFA69
:10407000E3E79DF80730C84808338DF80730E8F7C4
:1040800035FADAE7E8F734FAD7E7E8F733FAD4E7AE
:104090009DF80730C04801338DF80730E8F72CFA57
:1040A000CBE7E8F72BFAC8E7E8F72AFAC5E7E8F71D
:1040B00029FAC2E79DF80730B74907338DF8073072
:1040C000E8F722FAB9E7E8F721FAB6E79DF80730F2
:1040D000B14910338DF80730E8F71AFAADE79DF8CB
:1040E0000730AD4808338DF80730E8F713FAA4E736
:1040F0009DF80730A84902338DF80730E8F70CFA2D
:104100009BE79DF80730A44902338DF80730E8F7A4
:1041100007FA92E79DF8073008338DF807308F23B0
:10412000EB71C023EB7242F264039C4240F01C81AD
:10413000002087E79DF80730974902338DF8073054
:10414000E8F7F2F979E79DF80730934804338DF8E2
:104150000730E8F7EBF970E7E8F7EAF96DE7E8F719
:10416000E9F96AE7E8F7E8F967E7E8F7E7F964E704
:104170009DF80730884801338DF80730E8F7E0F9FB
:104180005BE7E8F7DFF958E7E8F7DEF955E79DF870
:104190000730814808338DF80730E8F7D7F94CE746
:1041A0009DF807307C4904338DF80730E8F7D0F9E3
:1041B00043E7E8F7CFF940E7E8F7CEF93DE79DF8A8
:1041C0000730754802338DF80730E8F7C7F934E750
:1041D000E8F7C6F931E730464FF6165230F8033BA0
:1041E00093425BD84FF60152934206D803F2FF3256
:1041F00092B20A2A34D901205FE0A3F57D43023B45
:10420000142BF8D801A252F823F000BF2D4302006E
:1042100033430200394302003F430200F7410200EA
:10422000F7410200F741020045430200F741020056
:10423000F74102004B430200F7410200F741020040
:10424000F7410200F7410200F7410200F741020086
:10425000F741020051430200F741020063430200AC
:10426000A3F57C43013B0A2BC5D801A252F823F0E9
:10427000AB420200C7420200F7410200F7410200D0
:10428000F741020015430200F7410200F741020026
:10429000F1420200034302001B4302004FF61D528D
:1042A0009342A8D1E8F715F907E09DF807303A489E
:1042B0000C338DF80730E8F775F824F008034FF653
:1042C0000252934296E59DF8073040338DF807304F
:1042D000314B00201880EB7923F0230343F02303B4
:1042E000EB712B7A23F0070343F007032B72E4E70B
:1042F0009DF80730284817338DF80730E8F76FF836
:10430000DBE79DF80730244820338DF80730E8F7C5
:104310008AF8D2E7E8F761F8CFE79DF807301E4842
:1043200001338DF80730E8F79BF8C6E7E8F7AEF8F9
:10433000C3E7E8F7ADF8C0E7E8F7ACF8BDE7E8F7A2
:10434000AFF8BAE7E8F7AEF8B7E7E8F7AFF8B4E7E1
:104350009DF80730104904338DF80730E8F7A8F8C6
:10436000ABE7E8F7B4F8A8E703D942F285030020E9
:104370004CE5002042F219039C421AD842F20C0389
:104380009C427FF62FADA4F500530D3B9BB241F24A
:10439000412208E00120EDE701360020A4F5015399
:1043A000283B0B4A9BB222FA03F3DB077FF564AD8F
:1043B00048E642F232039C423FF444AEA4F5015376
:1043C000033B012B3FF658AD3CE64FF0FF3045E68E
:1043D0002F80402038B5094C23780D461BB9BDE825
:1043E0003840E7F7BFBFA278611C02320BF0C9FD6D
:1043F0000020042320702B7038BD00BFFA35002048
:104400007FB50BAA05920392064A02920820102259
:10441000CDE9002004220020EDF76EFD07B05DF825
:1044200004FB00BF5236030070B506460C460F4D24
:1044300028460AF063FCA8B1A2B2AB681B6863B956
:104440000B490C4A0C485D2307F0BBFD0B4807F0F5
:10445000B8FD08485D2107F0ABFD31462846BDE8B0
:10446000704018476FF0120070BD00BF18020300C3
:1044700025820300F1810300CA170300458203006F
:104480002DE9F04F1F4FDFF880B0DFF880A0204B00
:1044900087B04FF010084FF008090E461446054645
:1044A000049339460346CDE90089CDF80CB0CDF828
:1044B00008A004220020FFF7A3FF164BCDF80080D0
:1044C000CDE903B339463346CDE9019A04220020F1
:1044D000FFF796FF2246314628460323E7F72AFBDB
:1044E0000D4BCDF80080CDE903B3CDE9019A234609
:1044F000042239460020FFF783FF002007B0BDE803
:10450000F08F00BF340503005E86030052360300BF
:10451000977303004B8603005586030002484FF44F
:10452000007105F05BBB00BF423600201FB50023C1
:104530000D4C01930A220293CDF80B3000910146F5
:1045400001A80BF070FD0949094840F241132246C9
:1045500007F037FD0748009A01A907F032FD40F245
:104560004111204607F024FD7A860300F28A0300F9
:10457000CA170300A786030037B53223ADF804300D
:10458000154A00230125192168468DF80630ADF83B
:1045900000508DF80230E7F7ABF90446C8B909F0CE
:1045A000AFFC80B2E6F7BEFD0C482946EAF777FF7C
:1045B000044670B901462A460820EEF781FF2A46D4
:1045C00021460B20EEF77CFF2A4621462846EEF7CF
:1045D00077FF204603B030BD2D450200202C00207F
:1045E00008B54FF0FF304FF0FF31FFF70BF848B13F
:1045F00007490848084ADA2307F0E3FC0648DA21AD
:1046000007F0D6FCEBF73EF8BDE80840FFF702B82C
:10461000BE860300CA1703007A86030008B50A495C
:104620000A480AF061FC00280CDA0949094A0A48DC
:104630002F2307F0C6FC094807F0C3FC05482F21CB
:1046400007F0B6FC08BD00BF502C002080250020DC
:10465000F28A030063830300CA1703008C830300FC
:1046600037B50D4D0D49002400946FF009034FF448
:104670008062284602F000FE094928460AF04AFCFA
:104680000849094802F022FC224604211920EEF7CD
:1046900017FF204603B030BD8025002000490020D0
:1046A000CB860300E1450200502C00207FB50BAB08
:1046B00005930393054B02930023CDE900330222B7
:1046C0001846EDF719FC07B05DF804FBDF86030020
:1046D0001FB528B9094B1B6805B05DF804EB1847F6
:1046E000074B029300230390CDE9003305490222D2
:1046F0001846FFF7DBFF05B05DF804FB602C0020D7
:10470000DF860300BC05030010B538B101280BD1CA
:10471000BDE810400B490020E6F72CBC0A4BBDE871
:1047200010401B68012018470849094A09484C23D2
:1047300007F047FC084807F044FC05484C2107F007
:1047400037FC00BFD1460200602C0020F28A030033
:10475000FB860300CA1703003887030008B598B129
:10476000012804D1BDE808400020E6F71FBC074936
:10477000074A08485F2307F024FC074807F021FC9C
:1047800003485F2107F014FC08BD00BFF28A030054
:10479000FB860300CA17030038870300014B18602B
:1047A00000207047602C002038B5304C237E8342B7
:1047B0000D4609D02E492F4A2F48602307F001FCEF
:1047C00060212C4807F0F4FBBFF35B8F236CBFF331
:1047D0005B8F2BBB09293DD8DFE801F0053C3C3C51
:1047E0003C24241F3C22236AD3E90020904701285F
:1047F00008D0224B984203D00223E06384F834307F
:104800001F480EE042F210732363032384F8343010
:104810001C4B84F82900A363F2E7144801F0D4FF8D
:10482000002038BD002384F82930207E164B15491E
:104830002363EAF775FE04460028F1D00D4A1349B8
:104840000D48582307F0BDFB2146114807F0B9FB7E
:104850005821B6E7074A0F490748932307F0B1FBF1
:1048600029460D4807F0ADFB9321AAE7642C0020F0
:104870009287030058870300CA1703001F6466026B
:10488000982C0020882C0020FF3F420FB4870300A3
:10489000BD870300F28A0300E08703001FB50B4BBE
:1048A00003930B4B029300240823CDE900430949ED
:1048B0002346042220460AF076F8074801222146C2
:1048C00004B0BDE810400AF0AABA00BF6E88030029
:1048D000C91E030074050300642C0020014BD8613D
:1048E000704700BF642C0020F0B5604C6049E3695C
:1048F00087B0082204935F4B03935F4B029300231E
:10490000CDE900320746042218460AF04CF84FF071
:10491000FF304FF0FF31FEF775FE054648B15749AD
:10492000574A5848BF2307F04CFBBF21544807F0B3
:104930003FFB04F118015448E6F7E8FE0646FEF78F
:1049400069FE002E0EDA514B49490396CDE9015319
:10495000284600952B4601220AF025F86FF00B003F
:1049600007B0F0BD40F201132385E36984F82450B9
:104970006433E36242F2107323636FF073032762C0
:10498000E36304F14006BFF35B8F56E8003F46E85F
:104990000052002AF9D1BFF35B8FA3683BB13C49B9
:1049A000374A3848D52307F00CFBD521BEE74FF036
:1049B000FF304FF0FF31FEF725FE38B12F49304A66
:1049C0003048D82307F0FDFAD821AFE7207E04F164
:1049D0002401EAF7A5FD054658B1294A2D49294881
:1049E000DA2307F0EEFA29462B4807F0EAFADA2133
:1049F0009CE7FEF70FFE294A0023204601F068FFDE
:104A0000002814DA264B1A490095CDE901530122FA
:104A10002B46284609F0C7FFBFF35B8F012356E8FA
:104A2000002F46E800310029F9D1BFF35B8F4FF02A
:104A3000FF304FF0FF31FEF7E5FD38B10F49104A66
:104A40001048E52307F0BDFAE5216FE7207EEAF77D
:104A500049FDFEF7DFFDBFF35B8F236CBFF35B8F78
:104A600013B1024801F0AEFFE06B79E7642C00203F
:104A7000740503005B880300F8870300BE8603000B
:104A800058870300CA170300A947020009880300DA
:104A90002F880300B4870300BD870300447B0B000D
:104AA000E94D0300074B01221A64D3F84035B3FBEC
:104AB000F0F01844044BDB69984234BF0020012019
:104AC000704700BF00800040642C00204FF070430E
:104AD00093F8E02F062A09D1D3F8E83FC3F3031374
:104AE000033B042B02D8024AD05C70470020704779
:104AF000A1880300024AD2F80034002BFBD0704793
:104B000000E0014010B509F06BFF40B14FF0805359
:104B10008E4AD3F82433C3F30423C2F84035FFF799
:104B2000D5FF10B18A4B8B4A5A6709F059FF48B13B
:104B30004FF080534FF08042D3F84432C3F34233F6
:104B4000C2F83C35FFF7C2FF30B1834AD2F8FC30DF
:104B500023F08073C2F8FC3009F042FF40B14FF0FF
:104B600080430022C3F80C21C3F81021C3F8382574
:104B7000FFF7ACFF20B14FF080430322C3F8A0251C
:104B8000FFF7A4FF60B1754B0522C3F81026012280
:104B9000C3F888260022C3F818263F22C3F814263B
:104BA0004FF08053D3F83021511C09BF4FF07043B0
:104BB000D3F8343193F8E02FD3F8E83F08BFC3F3BC
:104BC0000313062A4DD1033B042B03D8644AD35C5C
:104BD000002B46D04FF08052624BD2F80414C3F839
:104BE0002015D2F80814C3F82415D2F80C14C3F811
:104BF0002815D2F81014C3F82C15D2F81414C3F8E1
:104C00003015D2F81814C3F83415D2F81C14C3F8B0
:104C10004015D2F82014C3F84415D2F82414C3F870
:104C20004815D2F82814C3F84C15D2F82C14C3F840
:104C30005015D2F83014C3F85415D2F83414C3F810
:104C40006015D2F83814C3F86415D2F83C14C3F8D0
:104C50006815D2F84014C3F86C15D2F84424C3F890
:104C6000702509F0BDFE48B14FF080534FF08042EF
:104C7000D3F8583203F04F03C2F8E43E09F0B0FE17
:104C800048B14FF08043D3F80024D20744BF6FF0FF
:104C90000102C3F800244FF08053D3F83021062AD4
:104CA00026D1D3F83431033B042B02D82E4AD35CEF
:104CB00063B12E4AD2F83C3743F48063C2F83C37E4
:104CC0004FF08053D3F83031062B11D14FF0805381
:104CD000D3F83431033B042B02D8254AD35C3BB1D3
:104CE0004FF01023D3F808224FF08043C3F8582523
:104CF0004FF01023D3F80022002A03DBD3F804324C
:104D0000002B22DA1B4901234FF01020C1F8043593
:104D10001524FFF7EFFEC0F80042FFF7EBFEC0F8E6
:104D20000442FFF7E7FE0023C1F80435FFF7E2FE77
:104D3000BFF34F8F0849104BCA6802F4E062134377
:104D4000CB60BFF34F8F00BFFDE710BD00300140C7
:104D500000C007400DF0ADBA00ED00E0005000408B
:104D60009C88030000C000409788030000100040AA
:104D70009288030000E001400400FA05014B18602E
:104D8000704700BFA82C002010B50A4B18681446C5
:104D900048B9094909480A4A3B2307F012F908486B
:104DA0003B2107F005F909F02EFE0028A4BF207072
:104DB000002010BDA82C0020E2880300CA170300C1
:104DC000A6880300024A01238340C2F804357047D5
:104DD00000F001404FF08053D3F83021511C09BF3F
:104DE0004FF07043D3F8343193F8E02FD3F8E83F15
:104DF00008BFC3F30313062A05D1033B042B04D8D1
:104E0000034AD05C7047002070470120704700BF04
:104E1000D489030008B502680146104609F044FE33
:104E200058B90F490F4A10484FF4747307F0C9F886
:104E30004FF474710B4807F0BBF802F01F035209DE
:104E40000B6009D00949074A074840F2D93307F0F7
:104E5000B8F840F2D931EDE74FF0A04008BD00BFEF
:104E60009580030062800300CA170300F28A0300E2
:104E7000072808B50BD908490848094A40F2A73362
:104E800007F09FF8064840F2A73107F091F880003C
:104E900000F5807008BD00BF2D890300CA1703000C
:104EA000F888030010B5CBB200EB43039A8AD10512
:104EB0001BD5C2F3432122F4F8529A8200F1520426
:104EC00000F1120232F8023F13F4807F03D0C3F3E3
:104ED0004323994209D09442F4D100EBC10300224C
:104EE0005A60583009F0ADFD00B910BD05490648BB
:104EF000064A4FF4DB7307F064F804484FF4DB71A3
:104F000007F056F839750300CA1703003789030004
:104F100073B5CEB200EB46060546B38ADB070C46F6
:104F200028D509F0A0FE2146284609F0C7FD48B162
:104F3000B28A2B68520B03EB82030022C3F81025C0
:104F4000C3F81025284621460025FFF7ABFFB582A0
:104F500001A80194FFF75EFF019B00EB8300074B64
:104F6000D0F80027134043F00203C0F8003728466A
:104F700002B070BD6FF01500FAE700BFF0F8FCFF5B
:104F8000F0B50D4685B01646044658B95249534807
:104F9000534A40F23A4307F014F8514840F23A417C
:104FA00007F006F81768CFB109F096FD00BBCDE910
:104FB00000008DF80E008DF80F003B460DF10F023A
:104FC0000DF10E01284609F0B1FDEAB204EB4202F0
:104FD000938A23F0020343F001039382736853B36F
:104FE000294620461A785F6809F06FFD18B1CFB1E5
:104FF0006FF0150022E0E9B204EB41018B8A23F443
:10500000604323F020038B8267B1032AF0D87368D2
:1050100058682368077803EB87038AB9C3F810251B
:10502000C3F81025E9B204EB41018B8A23F01C037D
:1050300043EA82038B82B3684BBB002005B0F0BD0E
:10504000D3F8100520F00300C3F81005206800EB2A
:105050008700D0F8103523F4473323F44073C0F8A9
:1050600010352B02D0F810C503F4F85343EA02437D
:1050700043EA0C03C0F8103504EB4703A3F85C5077
:105080008B8A43EA473343F020038B82CAE7D3E994
:10509000006729462046FFF705FF002ECDD0636844
:1050A0009E4206D004F1580009F0ADFC002804DA55
:1050B000C4E7A3689F42F5D1002004EBC003C3E915
:1050C0000167EDB204EB4505C0B2AB8A43EA402369
:1050D00043F48073AB82B0E7B4890300CA170300BE
:1050E00037890300F0B50C4685B01E46054658B911
:1050F00039493A483A4A40F2444306F062FF384898
:1051000040F2444106F054FF12B309F0DEFC20B92E
:105110002146284609F0D2FC08BBE7B205EB470759
:10512000BB8A13F01C0F02D05378012B17D0012338
:105130008DF80F300023CDE900230DF10F01931CF2
:105140002046013209F0F2FCBB8A43F00303BB8224
:10515000002E3FD02146284609F0B7FC18B96FF061
:10516000150005B0F0BD37782B6803EB87030022EC
:10517000C3F81025C3F81025E2B205EB42024FEA4E
:10518000870C938A23F4604323F020039382707882
:1051900000B32968B67861440004D1F8103523F4CF
:1051A000981323F4F853C1F81035230200F440306B
:1051B00003F4F85303433005D1F8105500F4801080
:1051C00003432B43C1F81035938A43EA473343F036
:1051D000200393820020C4E7B4890300CA170300A8
:1051E0003789030008B558B907490848084A40F20A
:1051F0004D4306F0E6FE064840F24D4106F0D8FE6B
:10520000C0E9031208BD00BFB4890300CA17030038
:105210003789030010B503460C4658B91249134AA2
:10522000134840F2564306F0CCFE40F256410F4878
:1052300006F0BEFE4AB90F490C4A0D484FF44573BB
:1052400006F0BFFE4FF44571F1E709F037FC38B1C5
:10525000E4B203EB440300209B8A5B0B137010BD88
:105260006FF01500FBE700BFB48903003789030026
:10527000CA170300BF890300F8B5054658B91B4992
:105280001B481C4A40F2644306F09BFE194840F25A
:10529000644106F08DFE90F86C4024BB402221460C
:1052A00014300AF096FE2E682746E0B2FFF7E0FDC4
:1052B000A0F580739B081F2B08BF375004F1010431
:1052C00008BF3358082CF0D10024C6F87C4146F3BF
:1052D0000730D6F87C31EEF7C3F8012385F86C303F
:1052E000AB652046F8BD6FF07700FBE7B48903009B
:1052F000CA1703003789030008B558B90849094897
:10530000094A40F26B4306F05CFE074840F26B41ED
:1053100006F04EFE90F86C00003818BF012008BD62
:10532000B4890300CA1703003789030008B558B9C8
:1053300007490848084A40F2794306F042FE064809
:1053400040F2794106F034FEBDE80840FFF7E0BDC9
:10535000B4890300CA1703003789030008B558B998
:1053600008490948094A4FF4906306F02AFE0748A5
:105370004FF4906106F01CFEBDE80840044809F0B7
:1053800060BB00BFB4890300CA170300378903005C
:10539000EC06002010B50C4658B90A490A480B4AD9
:1053A00040F2874306F00DFE084840F2874106F0C0
:1053B000FFFD074809F027FB0028A4BF207000204C
:1053C00010BD00BFB4890300CA170300378903006A
:1053D000EC0600202DE9F3410D461646044658B967
:1053E0003749384A384840F2045306F0EAFD40F2A3
:1053F0000451344806F0DCFDCBB200EB43039A8A3B
:1054000012F01C0F09D131492E4A2F4840F21143A6
:1054100006F0D7FD40F21141EBE709F04FFB27689A
:10542000F0B12946204609F050FB8046C0B9550B23
:105430002846FFF71DFD47F800803B58236803EB23
:105440008503D3F8102542F00102C3F8102526B1D8
:1054500022680123AB40C2F8043302B0BDE8F081FA
:10546000D7F80423002AA4BF4FF00042C7F8042352
:105470004EB91749134A144840F22B4306F0A1FDD8
:1054800040F22B41B5E79B8AC3F38203042B12D071
:10549000052B12D001A80195FFF7BCFC019BD0F8A9
:1054A0001015D94001F001010231284602B0BDE8D3
:1054B000F04109F088BB0321F7E70221F5E700BFBF
:1054C000B489030037890300CA17030093890300D6
:1054D000C989030008B558B907490848084A40F285
:1054E0000B5306F06EFD064840F20B5106F060FDCE
:1054F000BDE8084009F0B7BBB4890300CA17030030
:10550000378903002DE9F04F074685B058B9614946
:105510006148624A4FF4C76306F053FD5F484FF499
:10552000C76106F045FD8046082258F8049BD9F86B
:105530000413C9B241F00041484609F067FB051E5B
:1055400016DA0023012102A8029309F04BFB4FF069
:10555000010A029A92B94FF00041484609F056FB01
:10556000012102A809F03EFB0028F2D125F00045F8
:105570000124002D78D105B0BDE8F08F92FAA2F495
:10558000B4FA84F407EB4403E0089E8A039402AB68
:10559000B2081B5C019204F0070102AA0AFA01F1A9
:1055A00023EA0103135403A8FFF734FC039B019A79
:1055B00003F5E073C6F3820B50F8233052075E46C2
:1055C000C3F3014332D53246214640465FFA83FB9E
:1055D00009F08FFA03A80394FFF71CFC039B03F563
:1055E000E07350F82330C3F301439B4507D10021FA
:1055F000204609F0E8FA5946204609F0E4FA03A8E3
:105600000394FFF707FC039B0AFA03F3C0F8203565
:105610000446FFF7DFFB00289BD0D4F82035D4F8F0
:105620002035D4F82035D4F8203592E7022B0DD15F
:105630000321204609F0C7FA0BF00503012BDED148
:1056400032462146404609F054FAD8E70221204666
:10565000019309F0B8FABBF1030FF1D0019B032BC2
:10566000CDD1BBF1020FEAE795FAA5F3B3FA83F3C4
:1056700004FA03F225EA020503F5A27207EB4303DD
:1056800059F82220B3F85C10C2F30142404609F0F9
:1056900030FA6EE7B4890300CA17030037890300A4
:1056A000044AD2F80034DB07FBD50160BFF35F8FFB
:1056B000704700BF00E0014008B54FF080531A6901
:1056C00059694A43904208D21A69B0FBF2F302FBCF
:1056D000130363B16FF00C0016E00C490C480D4A3F
:1056E000D12306F06EFC0B48D12106F061FC0A4B79
:1056F0000222C3F80425C3F80805D3F80024D20712
:10570000FBD50020C3F8040508BD00BF448A030090
:10571000CA170300D989030000E00140F8B50D461F
:105720000121044609F0C4FA58B91249124A134833
:1057300040F27F1306F045FC40F27F110E4806F060
:1057400037FC14F0030709D00D490B4A0B484FF4FE
:10575000C07306F036FC4FF4C071EFE7094E012329
:10576000C6F8043529462046FFF79AFFC6F80475A7
:10577000F8BD00BF5E8A0300D9890300CA17030081
:10578000788A030000E0014038B5436905463BB91B
:105790000024EA68537843F001035370604238BD37
:1057A000984704460028F3D000F1FF03FE2B0ED9E2
:1057B000094A0A490A482E2306F003FC29680948C9
:1057C000224606F0FEFB04482E2106F0F1FBEB68B2
:1057D00044421C70DDE700BFA18A0300DC8A03009D
:1057E000CA170300F48A03001FB50446ECF7F4FA65
:1057F000064B029300231846CDE9003304490122E9
:1058000009F087FA204609F094FA00BF198B0300CB
:10581000C40503002DE9F041044686B00E46EFF3BF
:105820001188402383F31288BFF36F8F042898BF39
:105830002B4B2C4A98BF53F82030976888BF2A4BCF
:10584000127C2A4903900025CDE90432284B0293AB
:10585000CDE900552B460122284609F05AFA6EB1CF
:10586000F369C3F308034BB1224B20490095CDE9FE
:10587000015301222B46284609F04BFA2FB1384636
:1058800009F04BFB08B1037803B91B481B4B02938B
:105890000023CDE90370CDE90033184613490122F6
:1058A00009F037FA31462046FFF79EFF042C0CD151
:1058B0001349144A1448872306F083FB134806F063
:1058C00080FB1048872106F073FB88F31188BFF333
:1058D0006F8F384606B0BDE8F041EDF769BD00BFF7
:1058E000E80F0300AC2C0020288B0300C405030044
:1058F000368B03005E8B03000E3603007F8B0300A4
:10590000B98B0300978B0300CA170300D68B0300E3
:1059100038B50A4B53F82040013053F82050A542C7
:1059200000D838BD606830B1037FDB0701D4FFF7D2
:105930002BFF0834F3E723689847FAE7FC0F0300CE
:1059400070B5384B384C394D012286B003201A709F
:10595000FFF7DEFFEDF74AF80420FFF7D9FFAC426E
:10596000264628D93249334A3348442306F029FBD6
:10597000324806F026FB44212E4806F019FB54F865
:105980000C3C059354F8103C049354F8143C0393D6
:1059900054F8183C029354F81C3C019354F8203CF2
:1059A000009354E90A2354E90C0101F0D1FF54F8A3
:1059B000303C5E65D3E7AE4204F13004DFD302F041
:1059C00017FD194C1E4EAC421FD91949194A1A48E5
:1059D000682306F0F6FA194806F0F3FA6821CBE7D7
:1059E000D4E90A23B3F1FF3F08BFB2F1FF3F05D06E
:1059F00052EA0301206803D102F094FF3034E2E759
:105A00003146183003F0B6FAF8E7E9D302F062FD48
:105A1000EAF7F6FD0B4A137B23F00103137306B07C
:105A200070BD00BF42380020D0030300D003030044
:105A3000768C0300558C0300CA170300BA1D0300BF
:105A4000A1EF0200A026002070B5002386B001223D
:105A5000CDE90423134E144D01930F22CDE90232F8
:105A60001249142303FB005506EBC01604464FF4FD
:105A7000C07000FB04110E4B00954FF4A07230462D
:105A800001F066FF737B0B4AEE6023F0040373732F
:105A90004FF4046304FB033313442C746B6006B0AF
:105AA00070BD00BF20260020AC2C002080550020B7
:105AB000A55F0200404D00207FB50020FFF728FFC2
:105AC000344B83F30888344C636943F40073636197
:105AD000E02384F822302023E377002323766376C3
:105AE000A37684F82030626A42F4E022626284F88D
:105AF0002330EDF7D9FBEDF78BFD4FF0FF33A362B9
:105B0000E362EDF7F7FEEDF7A7FDECF727F9234881
:105B100001F0F4FF224B234A93420ED92249234A33
:105B20002348CC2306F04DFA224806F04AFA1F48D3
:105B3000CC2106F03DFA2033EEE7FCD30120FFF73D
:105B4000E7FE0220FFF7E4FE02F06EFD1A4B1B4C4D
:105B50005C611B4B0593002501231A4900954FF406
:105B60000062CDE90353CDE90155174B204601F002
:105B7000EFFE637B064623F004032046637302F0C6
:105B800051F92846FFF760FF0F4A31462046EDF7EE
:105B900021FD00BF8055002000ED00E0C02700205F
:105BA000D801030098020300C48A0300558C030047
:105BB000CA170300BA1D0300AC2C0020A026002049
:105BC000A38C0300005700204159020038B50D4C4A
:105BD0000D4DAC4213D90D490D4A0E48252306F050
:105BE000F0F90D4806F0EDF90948252106F0E0F935
:105BF000D4E90112204609F0A4F81834E9E7F7D3F4
:105C0000002038BD9C070020B4070020158D03003C
:105C1000AB8C0300CA170300BA1D0300F8B5054694
:105C20000E4600F11404EFF31187402383F312882A
:105C3000BFF36F8F204603F043F968B91B4A1C4934
:105C40001C48882306F0BDF921461B4806F0B9F927
:105C50008821164806F0ACF9204603F055F928468D
:105C60003146EAF70BFD05F10C0009F0A7F928B160
:105C700039462046BDE8F84002F060BB204603F0FC
:105C80002DF968B9094A0D490A484FF49A7306F08C
:105C900098F921460A4806F094F94FF49A71D8E72A
:105CA00087F31188BFF36F8FF8BD00BF881A030018
:105CB000E11A0300CA170300F61A0300B51A03001D
:105CC000CC1A030038B50D4C0D4D0020AC4213D951
:105CD0000C490D4A0D48952306F073F90C4806F05F
:105CE00070F90948952106F063F9204609F033F868
:105CF000002802DB2034E9E7F7D338BD3C07002059
:105D00009C070020538D03002E8D0300CA1703004B
:105D1000BA1D03002DE9F74305460F4691461C4680
:105D200000F10806EFF31188402383F31288BFF3D4
:105D30006F8F304603F0C4F860B9324A32493348B5
:105D4000882306F03EF93146314806F03AF98821B9
:105D50002C4826E0304603F0D7F82B691BB33B6094
:105D60001C68EB692C610133EB6114B96A699342D9
:105D70001FD0EB68E41A09D4D5E905235A43A2429F
:105D800004D9B4FBF3F203FB124494B12149224A33
:105D90001E48EA2306F015F9204806F012F91E48BD
:105DA000EA2106F005F959EA040214D13B606FF0CC
:105DB0000B04304603F092F8F0B9124A1849134820
:105DC0004FF49A7306F0FDF83146164806F0F9F8DC
:105DD0004FF49A71BCE7CDE900942A46414630461B
:105DE00002F002F9044618B90F4B9B681B693B602F
:105DF000204603B0BDE8F08388F31188BFF36F8FAE
:105E0000F6E700BF881A0300E11A0300CA1703006F
:105E1000F61A0300708D03002E8D0300EC8D030035
:105E2000B51A0300CC1A0300AC2C00202DE9F8436E
:105E3000C368CB1A05460E4623D4D0E90512514358
:105E400099421ED9B3FBF2F102FB1133CBB900F139
:105E50000807EFF31189402484F31288BFF36F8F92
:105E6000384603F02DF8D8B9414A424942488823C0
:105E700006F0A7F83946414806F0A3F888213C48C7
:105E80000CE03F493F4A3C484FF4897306F099F8CB
:105E90003D4806F096F83B484FF4897106F088F8C3
:105EA000384603F031F8D5F81080B8F1000F40D132
:105EB000EFF3118384F31288BFF36F8F83F311889C
:105EC000BFF36F8F5BB93149314A2B48A42306F0E9
:105ED00078F8304806F075F8A4212D48DEE72C68E4
:105EE000A54226D02CB3A3683BB92B49284A2248A7
:105EF0008D2306F066F88D21EFE7D4E900321360B8
:105F00005A60637BC4F8088023F002036373C4E91A
:105F1000008804F1180003F009F92046C4F87C80D9
:105F2000266101F07FFF49463846BDE8F84302F09C
:105F300005BA2B693360EB692E61013BEB61384692
:105F400002F0CCFF68B90A4A14490B484FF49A731F
:105F500006F037F83946124806F033F84FF49A71D4
:105F60008DE789F31188BFF36F8FBDE8F88300BF19
:105F7000881A0300E11A0300CA170300F61A030087
:105F8000F28A03002E8D0300078E0300548E030057
:105F9000298E0300128D03006C8E0300B51A0300D6
:105FA000CC1A030008B50D4B9B6893F90E30002BFB
:105FB00009DB4024EFF3118384F31288BFF36F8F62
:105FC00006F0A1FCF6E706490648074A1C2305F03F
:105FD000F8FF05481C2105F0EBFF00BFAC2C0020AA
:105FE000A48E0300CA170300838E030030B58368B4
:105FF00093F90E208A4289B005460C461DD0597B84
:1060000011F01F0F14BF6E217921CDE904310C4B23
:1060100003930C4B0293CDE9064200230822CDE9FD
:10602000003218460849042208F0AFFEA86821464D
:1060300009B0BDE8304002F0ABB8002009B030BD77
:106040009E900300CC8E0300C40503002DE9F04FA1
:10605000044689B092469946EFF3058565B18E49AD
:106060008E4A8F486F2305F0ACFF8E4805F0A9FFDC
:106070008A486F2105F09CFFEFF3118B402383F3D7
:106080001288BFF36F8F884802F01AFF60B9874A01
:1060900087498348882305F094FF8349854805F0A4
:1060A00090FF88218148E5E77F48834F02F02CFF6D
:1060B000E3689BB1A268B9688A423BD05AEA0903F7
:1060C00040D1794802F00AFF30B38BF31188BFF357
:1060D0006F8F6FF00F0009B0BDE8F08FBA6892F9CA
:1060E0000E20B968A16001332261E360CDE9063278
:1060F0000594BB680493714B0393714B0293082181
:106100000023CDE9003118466E49042208F03DFE17
:10611000654802F0E3FE78B9644A6B4960484FF481
:106120009A7305F04EFF6049684805F04AFF4FF446
:106130009A71B7E72269D4E78BF31188BFF36F8FA9
:106140000020C8E791F90E6092F90E30DFF86C81FB
:106150005C4904949E42A8BF1E466FF07E039E4297
:10616000B8BF1E465A4B02930823CDE90053CDF821
:106170000C802B460422284608F007FEA36893F9FA
:106180000E30B34204DD31462046FFF72FFF0546AF
:10619000CDE900A922465946434801F025FF0026D3
:1061A0004C4B484902934FF0080A04228146CDE93E
:1061B000044033463046CDE9006ACDF80C8008F043
:1061C000E4FDBB683F490096B145CDE90383424BEE
:1061D00014BF79226E22CDE90542CDE901A3042244
:1061E0003346304608F0D1FDB9F1000FA8D0059430
:1061F000BB6834490096CDE90383384B0422CDE9CE
:1062000001A33046334608F0C0FDEFF31187402369
:1062100083F31288BFF36F8F234802F051FE0028EA
:106220003FF435AF204802F06FFEA3683BB323680C
:1062300026699C420AD04BB193F90E309E42A8BF0A
:106240001E466FF07E039E42B8BF1E46244B02934B
:1062500008220023CDE900321A491846CDE903840B
:10626000042208F092FD31462046FFF7BFFE30B110
:106270000D48394602F062F86FF00A002BE7002D56
:10628000F6D1094802F02AFE00283FF445AF87F313
:106290001188BFF36F8FEFE7238F0300018F030097
:1062A000CA170300358F0300CC2C0020881A030086
:1062B000E11A0300F61A0300AC2C0020B090030092
:1062C0005A8F0300C4050300B51A0300CC1A03005B
:1062D000898F0300AB8F0300CF8F0300ED8F030086
:1062E00008900300F0B5054689B0EFF3058363B16C
:1062F0006649674A6748D72305F063FE664805F09C
:1063000060FED721624805F053FE8268002A00F043
:10631000B680624989688A4240F0B480C2683AB95E
:106320005F495B4A5B48EF2305F04BFEEF21E9E74D
:10633000CDE904025B4A02925B4E5C490396082257
:10634000CDE900321846042208F01FFDEB68012B4E
:1063500004D9013BEB60002009B0F0BDEFF31187D9
:10636000402484F31288BFF36F8F514802F0A8FDD8
:1063700060B9504A50494748882305F022FE4C49ED
:106380004E4805F01EFE88214A48BCE7484802F006
:10639000BBFD29692846FFF729FEEFF3118384F33B
:1063A0001288BFF36F8F83F31188BFF36F8F5BB9D0
:1063B0004349444A3748A42305F003FE424805F008
:1063C00000FEA4213F489EE72C68A5421FD100246F
:1063D0003E4BAC60CDE905433D4B0293CDE90365EF
:1063E00008230026CDE900633049334604223046B5
:1063F00008F0CBFC5CB394F90E302B612046E667C5
:1064000001F010FD2A48394601F098FFA3E7002C5F
:10641000DDD0A3683BB92F492A4A1E488D2305F0D9
:10642000D0FD8D21CEE7D4E9003213605A60627B43
:10643000002322F00202C4E90033A360627304F176
:10644000180002F073FEAC6094F90E30C2E71848F1
:10645000EC6002F043FD68B9164A1F490D484FF43D
:106460009A7305F0AEFD12491C4805F0AAFD4FF4E1
:106470009A7189E787F31188BFF36F8F6BE76FF02D
:10648000150069E74FF0FF3066E700BF238F030078
:10649000018F0300CA170300358F0300AC2C0020C6
:1064A0002C9003004390030088900300C405030070
:1064B000CC2C0020881A0300E11A0300F61A03000E
:1064C000548E0300298E0300128D030018FCFFFF79
:1064D0005F9003006C8E0300B51A0300CC1A030012
:1064E00008B583684BB90B490B480C4A8D2305F05E
:1064F00068FD0A488D2105F05BFDD0E9003213608C
:106500005A60427B0023C0E9003322F0020242734A
:10651000836008BD6C8E0300CA170300298E030038
:106520002DE9F04704469DF820800F4691469A4693
:1065300000F10805EFF31186402383F31288BFF3BF
:106540006F8F284602F0BCFC60B9514A514952484D
:10655000882305F036FD2946504805F032FD882194
:106560004B481DE0284602F0CFFCB8F1000F00D0E8
:106570006768EFF31183402282F31288BFF36F8FB5
:1065800083F31188BFF36F8F63B94549454A424889
:10659000A42305F016FD444805F013FD4148A4214D
:1065A00005F006FD234653F80C8F984519D0B8F135
:1065B000000F16D04046FFF793FF08F1180002F0D5
:1065C000B5FD0023C8F87C30C8F81090404601F0B3
:1065D00029FC3146284601F0B1FE00242046BDE8E2
:1065E000F087BAF1000F14D0082003F089F90028D1
:1065F00046D00122C0F804900260016801F0030156
:106600005FB922680A430260626820606AB960600C
:106610000BE0C9F800A04846EFE73A68032A24D8FF
:1066200001606168D9B9C4E9000004F114000421D3
:1066300003F012F804460028CBD1284602F04EFCA5
:1066400008BB134A194914484FF49A7305F0B9FC72
:106650002946174805F0B5FC4FF49A7180E70A689F
:1066600002F0030202430A60D1E722F003020A4368
:1066700002603A6802F0030240EA02033B60D4E79A
:106680006FF00B04D9E786F31188BFF36F8FA5E78E
:10669000881A0300E11A0300CA170300F61A030060
:1066A000548E0300298E0300128D0300B51A0300D7
:1066B000CC1A03002DE9F743064690461F4600F129
:1066C0000805EFF31189402383F31288BFF36F8F1E
:1066D000284602F0F5FB68B9244A25492548882355
:1066E00005F06FFC2946244805F06BFC88211F4803
:1066F00005F05EFC284602F007FC3468F4B123681C
:10670000726823F0030394422046336008BF73602D
:10671000012108F052FB0446284602F0DFFBE8B9ED
:10672000124A164913484FF49A7305F04AFC294659
:10673000134805F046FC4FF49A71D8E758EA07036E
:10674000EAD0CDE9008706F10C024946284601F05F
:106750004BFC38B90B4B9B681C6903E089F311882B
:10676000BFF36F8F204603B0BDE8F083881A0300A3
:10677000E11A0300CA170300F61A0300B51A030052
:10678000CC1A0300AC2C002008B583684BB90B4928
:106790000B480C4A8D2305F014FC0A488D2105F0A6
:1067A00007FCD0E9003213605A60427B0023C0E945
:1067B000003322F002024273836008BD6C8E030036
:1067C000CA170300298E030070B50446EFF3118643
:1067D000402585F31288BFF36F8F334802F070FBBA
:1067E00060B9324A32493348882305F0EAFB2E4922
:1067F000314805F0E6FB88212C4818E02A4802F0D1
:1068000083FBEFF3118385F31288BFF36F8F83F35C
:106810001188BFF36F8F63B92849294A2548A423FB
:1068200005F0CFFB274805F0CCFB2548A42105F057
:10683000BFFB2568AC4212D08DB12846FFF7A4FFFC
:1068400005F1180002F072FC0023EB67284601F006
:10685000E9FA31461448BDE8704001F06FBDD4E953
:1068600002329A4218BF0133A360022104F11000E2
:1068700002F0F2FE0028ECD10B4802F02FFB68B9C1
:106880000A4A11490B484FF49A7305F09AFB0649DE
:106890000E4805F096FB4FF49A71ADE786F3118828
:1068A000BFF36F8F70BD00BFD02C0020881A03008B
:1068B000E11A0300CA170300F61A0300548E0300FE
:1068C000298E0300128D0300B51A0300CC1A0300B1
:1068D000F7B5044616461D46EFF305837BB152EA31
:1068E00005030CD02D492E4A2E48882305F069FB5C
:1068F0002D4805F066FB2A48882105F059FBEFF387
:106900001187402383F31288BFF36F8F274802F06B
:10691000D7FA60B9264A27492248882305F051FB57
:106920002249254805F04DFB88212148E5E71F480D
:1069300002F0EAFAA368D3B1013B1C48A36002F05D
:10694000CDFA68B91A4A1D4916484FF49A7305F0F2
:1069500038FB16491A4805F034FB4FF49A71E4E706
:1069600087F31188BFF36F8F002003B0F0BD56EAA4
:1069700005030BD10D4802F0B1FA0028E2D087F3ED
:106980001188BFF36F8F6FF00F00EEE7CDE9006560
:1069900022463946054801F027FBE6E7E49003006C
:1069A000C4900300CA170300128D0300D02C0020EE
:1069B000881A0300E11A0300F61A0300B51A03004F
:1069C000CC1A03002DE9F0470446EFF31188402765
:1069D00087F31288BFF36F8F354802F071FA0646CD
:1069E00060B9344A34493548882305F0EAFA304919
:1069F000334805F0E6FA88212E481CE02C4802F0C6
:106A000083FA4FF000096FF00A0AEFF3118387F35E
:106A10001288BFF36F8F83F31188BFF36F8F63B951
:106A20002849294A2548A42305F0CBFA274805F030
:106A3000C8FA2548A42105F0BBFA2568AC420ED05F
:106A40006DB12846FFF7A0FE05F1180002F06EFBBD
:106A5000C5F87CA0284601F0E5F9B146D5E700234A
:106A6000A360022104F1100002F0F6FDA0B9B9F113
:106A7000000F11D10E4802F031FA98B90D4A1449AD
:106A80000E484FF49A7305F09CFA0949114805F035
:106A900098FA4FF49A71AFE741460548BDE8F047D0
:106AA00001F04CBC88F31188BFF36F8FBDE8F0870D
:106AB000D02C0020881A0300E11A0300CA17030033
:106AC000F61A0300548E0300298E0300128D030072
:106AD000B51A0300CC1A030007B5074B009307490A
:106AE00007484FF0FF334FF4006200F0C5FB002071
:106AF00003B05DF804FB00BF14100300405F0020EA
:106B0000202700202DE9F043764E774F85B00446CC
:106B1000EFF31188402383F31288BFF36F8F304661
:106B200002F0CEF968B9714A71497248882305F0BC
:106B300048FA6C49704805F044FA88216B4805F022
:106B400037FA304602F0E0F9D4F88450F5B9022162
:106B500004F19C0008F073F9002840D004F194057A
:106B600000220121284602F063F80028F8D1002312
:106B700002934FF0FF324FF0FF33CDE9002341463F
:106B800004F18C02304602F0B1F8C1E7D4F8882055
:106B90002B68C4F88430954208BFC4F88830D4F814
:106BA0009C3043F00203C4F89C30EB68D5F80490A5
:106BB00023F0040343F00103EB60304602F08EF94A
:106BC000F8B94A4A4D494B484FF49A7305F0F9F920
:106BD00044494B4805F0F5F94FF49A71AEE7D4F803
:106BE0009C30DD06C3D5C4F89C003E4802F076F91F
:106BF0000028E6D088F31188BFF36F8F05B0BDE899
:106C0000F08388F31188BFF36F8FB9F1000F0AD1B9
:106C10003C4938483C4A4FF4387305F0D2F93A48B9
:106C20004FF438718BE72846C847EFF311884023AB
:106C300083F31288BFF36F8F304602F041F90028CA
:106C40003FF471AF304602F05FF9EB68D90623F0EC
:106C5000010231D4EA60EB689A0716D5386823F050
:106C60000203EB6088B10368002170B1426895426D
:106C700030D1036841BB7A683B60824200D17B60BF
:106C8000002340F8083BFFF79FFDD4F89C3023F029
:106C90000203C4F89C303046C3F3002502F01EF90D
:106CA00000288ED088F31188BFF36F8F002D7FF4FA
:106CB0002FAF01F0C1FC2BE723F01103EB6005F1CE
:106CC0001000FFF781FDC6E70B607B68834208BFB9
:106CD0007960D5E723B11A68014618461346C4E720
:106CE0001A46F9E7DC2C0020D42C0020881A030077
:106CF000E11A0300CA170300F61A0300B51A0300CD
:106D0000CC1A03007C9103003A91030070B5C3686C
:106D1000C3F340069B0705460C460DD50122002112
:106D200004F1080008F07BF800232360054B656040
:106D30005A681AB9C3E90044304670BD14605C60FB
:106D4000FAE700BFD42C0020F8B5C3689A070446C0
:106D50000F46C3F340063BD45B0727D40B680BB93F
:106D600083680B60E368DD0723D5A3685BB9294915
:106D700029482A4A40F2571305F023F9274840F2E0
:106D8000571105F015F93B6002263D68002D3ED0F5
:106D9000234B9A68D5F880309A420CD0D5F89C30B5
:106DA000D807C3F3800216D46FF0120600233B60AD
:106DB00027E00126E9E708F0A7F8D5F89C3000287D
:106DC000EED1D907C3F3C002EED552B15B0708D4A8
:106DD0006FF00F06EAE7002AFAD1C3F3C003002BD5
:106DE000F6D100232360D5F8883063B9C5E9214482
:106DF000284608F03FF8E36843F00403E3603B688B
:106E0000A3603046F8BD1C60C5F88840F0E76FF01D
:106E10001506CBE75B910300CA1703003A91030004
:106E2000AC2C002073B50446EFF31185402383F3A7
:106E30001288BFF36F8F1E4802F042F868B91D4AEE
:106E40001D491E48882305F0BCF819491C4805F067
:106E5000B8F88821174805F0ABF8154802F054F847
:106E600000230321201F0193A4F1100607F0E7FF80
:106E700028B1A369019301A93046FFF765FF0C48CB
:106E800002F02CF868B90B4A0E490C484FF49A737B
:106E900005F097F806490C4805F093F84FF49A71FD
:106EA000D8E785F31188BFF36F8F02B070BD00BFC4
:106EB000DC2C0020881A0300E11A0300CA17030023
:106EC000F61A0300B51A0300CC1A030038B50D46B4
:106ED000044648B90C490D4A0D489C2305F071F849
:106EE0009C210A4805F064F839B90A49074A08485C
:106EF0009D2305F066F89D21F3E71022002109F09B
:106F000068F8656038BD00BF119203003A91030034
:106F1000CA1703007C910300F8B5C36803F00503AA
:106F2000002B06460C4614BF0127002729D0856890
:106F30005DB91D491D481E4A40F2C11305F041F8D4
:106F40001B4840F2C11105F033F80122002104F181
:106F5000100007F064FF17492046FFF7B7FFE3680A
:106F600043F01003E360F3685B0712D533682360D6
:106F70006BB9D5F8883033B9C5E92144284607F004
:106F800079FF3846F8BD1C60C5F88840F6E73460E4
:106F9000F4E7D5F884302360D5F88830C5F884400C
:106FA000002BEBD1F0E700BF61910300CA1703008B
:106FB0003A91030055EE020038B50446EFF311850F
:106FC000402383F31288BFF36F8F184801F078FFD6
:106FD00068B9174A17491848882304F0F2FF134983
:106FE000164804F0EEFF8821114804F0E1FF0F4835
:106FF00001F08AFFE4680D4804F01F0401F06EFF01
:1070000068B90B4A0E490C484FF49A7304F0D9FF43
:1070100006490C4804F0D5FF4FF49A71E4E785F374
:107020001188BFF36F8F204638BD00BFDC2C0020D5
:10703000881A0300E11A0300CA170300F61A0300B6
:10704000B51A0300CC1A030037B50C46019059B9A4
:107050002849294A294840F27D1304F0B2FF40F242
:107060007D11254804F0A4FF4B684BB92449224AFE
:1070700022484FF4BF7304F0A4FF4FF4BF71F0E750
:10708000EFF31185402383F31288BFF36F8F1D4800
:1070900001F016FF60B91C4A1C491848882304F007
:1070A00090FF18491A4804F08CFF88211648D9E748
:1070B000144801F029FF204601A9FFF745FE0446C8
:1070C000104801F00BFF68B90F4A12490B484FF402
:1070D0009A7304F076FF0B490F4804F072FF4FF4E7
:1070E0009A71E3E785F31188BFF36F8F204603B0F1
:1070F00030BD00BF119203003A910300CA1703008C
:1071000076910300DC2C0020881A0300E11A0300AA
:10711000F61A0300B51A0300CC1A03000146014811
:1071200007F0E2BE2027002070B50C46054658B98E
:107130003849394A394840F2CD1304F042FF40F251
:10714000CD11354804F034FFC368DB0509D5344957
:10715000314A32484FF4E77304F033FF4FF4E771DC
:10716000EFE707F0D1FE48B12E492B4A2B4840F2F9
:10717000CF1304F026FF40F2CF11E2E74CB92A49C1
:10718000254A26484FF4E87304F01BFF4FF4E871DA
:10719000D7E7EFF31186402383F31288BFF36F8F95
:1071A000224801F08DFE60B9214A22491B488823FC
:1071B00004F007FF1D49204804F003FF88211C4804
:1071C000C0E71A4801F0A0FE28462146FFF7A4FEBA
:1071D0000546164801F082FE68B9154A17490F485E
:1071E0004FF49A7304F0EDFE1049154804F0E9FEDF
:1071F0004FF49A71E3E786F31188BFF36F8F3DB1C7
:107200004FF0FF324FF0FF3304F11000FFF760FB47
:10721000284670BD119203003A910300CA1703007B
:10722000939103008C4D0300C2910300DC2C0020DD
:10723000881A0300E11A0300F61A0300B51A0300C6
:10724000CC1A030008B558B908490948094A40F260
:10725000053304F0B6FE074840F2053104F0A8FEFD
:10726000A022002108F0B5FE08BD00BF6191030017
:10727000CA1703003A910300F0B589B004460E9D89
:1072800058B92F492F4A304840F2323304F099FE62
:1072900040F232312B4804F08BFE49B92B49294A80
:1072A000294840F2333304F08CFE40F23331F1E7E9
:1072B000D0F89C0010F0010009D02549214A22484D
:1072C0004FF44D7304F07DFE4FF44D71E2E7C4E9D5
:1072D000210004F18C00C4E9230004F19400C4E906
:1072E000250055B32879002840F2011008BF01207D
:1072F000C4F89C0000204FF0FF364FF0FF37CDE977
:107300000330CDE90100CDE90667124B0094204619
:1073100000F0AEFB55B1296811B1204607F0FAFD27
:107320006B791BB1237B43F001032373204601F0EB
:10733000F9FAC4F8804009B0F0BD0120D8E700BFD9
:10734000124F03003A910300CA1703000A92030088
:10735000D6910300056B020038B50D46044658B9B6
:107360000F49104A104840F2DB3304F02AFE40F285
:10737000DB310C4804F01CFE49B90C49094A0A48A3
:107380004FF4777304F01DFE4FF47771F1E730226C
:10739000002108F01EFE4FF480736560E36038BD85
:1073A000109203003A910300CA1703007C91030076
:1073B000F7B50C46019016461D4658B93349344A74
:1073C000344840F2564304F0FCFD40F25641304848
:1073D00004F0EEFD49B930492D4A2E4840F257439A
:1073E00004F0EFFD40F25741F1E7EFF3118740233E
:1073F00083F31288BFF36F8F284801F061FD60B9F5
:10740000274A28492348882304F0DBFD23492648DE
:1074100004F0D7FD88212248DAE7204801F074FD06
:10742000E36813F01E0F27D155EA060216D1204655
:1074300001A9FFF789FC0446184801F04FFDE8B99F
:10744000174A1A4913484FF49A7304F0BAFD1349C6
:10745000174804F0B6FD4FF49A71DCE743F00803D7
:10746000E360019BA36204F11000124932462B46EF
:1074700001F080FD0124DFE70024DDE787F31188B8
:10748000BFF36F8F204603B0F0BD00BF61910300D2
:107490003A910300CA17030010920300DC2C00206D
:1074A000881A0300E11A0300F61A0300B51A030054
:1074B000CC1A0300256E020001460148FFF778BF91
:1074C00020270020F7B50C46019016461D4658B9F6
:1074D0003249334A334840F2794304F072FD40F2B6
:1074E00079412F4804F064FD49B92F492C4A2D48B1
:1074F00040F27A4304F065FD40F27A41F1E7EFF3A0
:107500001187402383F31288BFF36F8F274801F060
:10751000D7FC60B9264A27492248882304F051FD48
:107520002249254804F04DFD88212148DAE71F480B
:1075300001F0EAFC204607F08EFC55EA060316D15E
:10754000204601A9FFF700FC0446184801F0C6FCDC
:10755000E0B9174A194913484FF49A7304F031FD02
:107560001249174804F02DFD4FF49A71DDE7E368E6
:10757000144943F00803E360019BA36204F1100087
:1075800032462B4601F0F6FC0124DEE787F3118832
:10759000BFF36F8F204603B0F0BD00BF61910300C1
:1075A0003A910300CA17030010920300DC2C00205C
:1075B000881A0300E11A0300F61A0300B51A030043
:1075C000CC1A0300256E020001460148FFF77ABF7E
:1075D0002027002038B5044658B923492348244AB7
:1075E00040F29B4304F0EDFC214840F29B4104F043
:1075F000DFFCEFF31185402383F31288BFF36F8F15
:107600001C4801F05DFC60B91B4A1C4917488823DF
:1076100004F0D7FC17491A4804F0D3FC8821164817
:10762000E5E7144801F070FC204607F014FC204602
:1076300007F027FC04460F4801F050FC68B90E4AD9
:1076400010490A484FF49A7304F0BBFC09490E48EC
:1076500004F0B7FC4FF49A71E1E785F31188BFF3AA
:107660006F8F204638BD00BF10920300CA17030079
:107670003A910300DC2C0020881A0300E11A030071
:10768000F61A0300B51A0300CC1A0300F8B50D462C
:10769000044658B93E493F4A3F4840F2AC4304F0E3
:1076A00090FC40F2AC413B4804F082FC49B93B49B4
:1076B000384A394840F2AD4304F083FC40F2AD4112
:1076C000F1E707F021FC48B13549324A324840F22F
:1076D000AE4304F076FC40F2AE41E4E7EFF31186EE
:1076E000402383F31288BFF36F8F2E4801F0E8FB2D
:1076F00060B92D4A2D492848882304F062FC2949A5
:107700002B4804F05EFC88212748CDE7254801F08E
:10771000FBFBE36803F01F03002B14BF01270027C6
:1077200017D1204801F0DAFB68B91F4A21491A48ED
:107730004FF49A7304F045FC1A491F4804F041FCC9
:107740004FF49A71E0E786F31188BFF36F8F3846E4
:10775000F8BD204607F07FFB204607F092FB20464D
:107760002946FFF7D3FA04460E4801F0B7FB00287C
:10777000DBD086F31188BFF36F8F002CE7D04FF07A
:10778000FF324FF0FF3305F10800FFF7A1F8DEE705
:10779000109203003A910300CA170300C29103003C
:1077A0008C4D0300DC2C0020881A0300E11A030032
:1077B000F61A0300B51A0300CC1A030008B5836853
:1077C0004BB90B490B480C4A8D2304F0FAFB0A48CD
:1077D0008D2104F0EDFBD0E9003213605A60427B4A
:1077E0000023C0E9003322F002024273836008BD27
:1077F0006C8E0300CA170300298E03002DE9F8439D
:107800000546EFF31188402787F31288BFF36F8F87
:107810003B4801F055FB60B93A4A3B493B48882355
:1078200004F0CFFB36493A4804F0CBFB88213548B9
:1078300018E0334801F068FBEFF3118387F31288F7
:10784000BFF36F8F83F31188BFF36F8F63B9314933
:10785000314A2E48A42304F0B4FB304804F0B1FBB5
:107860002D48A42104F0A4FB2C68A54234D09CB37D
:107870002046FFF7A3FF04F1180001F057FC002693
:10788000B146C4F87C90204600F0CCFA0136EFF304
:10789000118387F31288BFF36F8F83F31188BFF3CF
:1078A0006F8F002BD3D02C68A54210D07CB120461E
:1078B000FFF784FF04F1180001F038FCE1E788F3DA
:1078C0001188BFF36F8F00263046BDE8F8830C485F
:1078D000414600F033FDF7E7094801F0FFFA0028C0
:1078E000EDD1084A0E4909484FF49A7304F069FB38
:1078F00003490C4804F065FB4FF49A7197E700BF09
:10790000E02C0020881A0300E11A0300CA170300C4
:10791000F61A0300548E0300298E0300128D030013
:10792000B51A0300CC1A03007FB50BAB0593039384
:10793000064B029308220023CDE9003218460422A8
:10794000EAF7DAFA07B05DF804FB00BF25920300FE
:107950002DE9F04F8BB00446179D0F2D0E461F46A4
:107960005CD13A4B9F425DD1A573D51D25F007052B
:107970007F351899217304F1580325F03F05C4E9B8
:107980001633042100233F2DC4E90633A36061733D
:10799000E37306F1400BA5F1400A05D883F3118883
:1079A000BFF36F8F084602DF294B0393294B0293E5
:1079B00006EB05094FF0000808230422CDE9065B19
:1079C000CDE90083244943464046CDE908A9CDE9E5
:1079D0000464FFF7A9FF49462046EBF70BF9C51DE4
:1079E000169B25F00705E566C4E919BA0293159BB5
:1079F0000193A9EB0505149B00932A463B463146AB
:107A00002046EBF7B5FD154BC4F854809B6803B1D5
:107A10001B6F236728460BB0BDE8F08F05F11003FC
:107A20001E2BA1D90E4A0F490F4840F2452304F0FE
:107A3000C8FA0E4829466FF00F030E2204F0C1FA6F
:107A4000074840F2452104F0B3FA00BFA55F0200E9
:107A50006F93030025920300C4050300AC2C0020A3
:107A60007692030099920300CA170300199303004A
:107A7000F0B587B0DDE912760446EFF3058575B100
:107A800019491A4A1A4840F2D62304F09AFA1948BA
:107A900004F097FA154840F2D62104F089FA0595CA
:107AA000109D04950F9D03950E9D02950D9D0195CA
:107AB0000C9D0095FFF74CFFB6F1FF3F08BFB7F1F3
:107AC000FF3F05D056EA070305D1204600F02AFF04
:107AD000204607B0F0BD3A46334604F11800064987
:107AE00001F048FAF4E700BF238F03007692030009
:107AF000CA1703004A930300A1EF020040F20113EA
:107B000010B583810023C0E91933044601F0F2FE69
:107B1000014B9C6010BD00BFAC2C002038B590F923
:107B20000D20437B002A014611DA03F07F034373E3
:107B30001B4B984209D11B491B481C4A562304F091
:107B400040FA1A48562104F033FA07F0E8F9184DC4
:107B50002A46AB6852F8184F944200D004B9EC683A
:107B60008B4214D05BB91349134A0F48DA2304F04F
:107B700028FA124804F025FA0F48DA21E3E75A7B85
:107B8000D20604D1DA897F2A01D9A2692AB1A34297
:107B900002D0204601F008F923466B6138BD00BFD2
:107BA00020260020A4930300CA1703008293030039
:107BB000AC2C0020F1930300C5930300128D030049
:107BC00008B583684BB9094909480A4A8D2304F06E
:107BD000F8F908488D2104F0EBF907F0A0F9437B90
:107BE00023F0020343730023836008BD6C8E0300FF
:107BF000CA170300298E030070B590F90D20437B4E
:107C0000002A50DBD9064ED163F07F034373274B24
:107C1000984209D126492748274A4F2304F0D1F931
:107C200025484F2104F0C4F9244C2246E16952F85A
:107C3000183F934207D1C0E900210860E06111E0DC
:107C40009942F8D01B68002BF5D090F90E5093F9AB
:107C50000E60B542F4D0AE42F2DD5968C0E90031A1
:107C600008605860A569954200D005B9E568A36829
:107C70005BB91349134A0F48DA2304F0A2F91248FA
:107C800004F09FF90F48DA21CCE75A7BD20604D1E1
:107C9000DA897F2A01D9AA6932B1AB4202D02846DB
:107CA00001F082F8656170BD6361FCE72026002069
:107CB000A4930300CA17030082930300AC2C002096
:107CC000F1930300C5930300128D030008B5124A17
:107CD000936880B1597B11F0090F0CD10F49104AFC
:107CE0001048D22304F06DF90F4804F06AF90C48EB
:107CF000D22104F05DF96FF00A01D9670B4998674A
:107D00004B6843F080534B60002383F31188BFF32B
:107D10006F8F9368D86F08BDAC2C0020429403008D
:107D200018940300CA170300AB94030000ED00E0B1
:107D300070B590F90D20437B324C002A014610DAD1
:107D400003F07F03A042437309D12F492F4A3048E3
:107D5000562304F036F956212C4804F029F907F08F
:107D6000DEF84B7BA14263F07F034B7307D12649BA
:107D7000264A27484F2304F024F94F21ECE7254CED
:107D80002246E06952F8183F934207D1C1E900202A
:107D90000160E16111E09842F8D01B68002BF5D03A
:107DA00091F90E5093F90E60B542F4D0AE42F2DD77
:107DB0005868C1E9003001605960A569A36895421F
:107DC00000D005B9E5688B4214D05BB91249134A5B
:107DD0000F48DA2304F0F5F8114804F0F2F80F48E0
:107DE000DA21BAE75A7BD20604D1DA897F2A01D98F
:107DF000AA692AB1AB4202D0284600F0D5FF2B4633
:107E0000636170BD20260020A493030082930300C9
:107E1000CA170300AC2C0020F1930300C5930300A4
:107E2000128D030038B50446EFF31185402383F328
:107E30001288BFF36F8F174801F042F868B9164AED
:107E400016491748882304F0BCF81249154804F075
:107E5000B8F88821104804F0ABF80E4801F054F847
:107E60002046FFF7C9FE0B4801F038F868B90A4A06
:107E70000D490B484FF49A7304F0A3F805490B48D9
:107E800004F09FF84FF49A71E4E785F31188BFF38B
:107E90006F8F38BDE42C0020881A0300E11A03001C
:107EA000CA170300F61A0300B51A0300CC1A030020
:107EB00038B50446EFF31185402383F31288BFF3EE
:107EC0006F8F184800F0FCFF68B9174A1749184827
:107ED000882304F076F81349164804F072F88821D4
:107EE000114804F065F80F4801F00EF8A36813B1CB
:107EF0002046FFF765FE0B4800F0F0FF68B90A4A1C
:107F00000D490B484FF49A7304F05BF805490B4890
:107F100004F057F84FF49A71E2E785F31188BFF344
:107F20006F8F38BDE42C0020881A0300E11A03008B
:107F3000CA170300F61A0300B51A0300CC1A03008F
:107F400038B50446EFF31185402383F31288BFF35D
:107F50006F8F1E4800F0B4FF68B91D4A1D491E48C6
:107F6000882304F02EF819491C4804F02AF88821C7
:107F7000174804F01DF8154800F0C6FF637B13F0A6
:107F8000280F0BD1A36813B12046FFF719FE637BBE
:107F900023F0040363732046FFF72EFE0B4800F026
:107FA0009DFF68B90A4A0E490B484FF49A7304F0D2
:107FB00008F806490B4804F004F84FF49A71D7E723
:107FC00085F31188BFF36F8F38BD00BFE42C00200C
:107FD000881A0300E11A0300CA170300F61A030007
:107FE000B51A0300CC1A03002DE9F047DFF8D4A03E
:107FF000354D364B1746A842DAF808201A60DDE9FD
:10800000089804460E460BD131493248324A40F2B4
:10801000722303F0D6FF304840F2722103F0C8FF0C
:10802000EFF31183402383F31288BFF36F8F284649
:1080300000F046FF60B9294A29492648882303F001
:10804000C0FF2946274803F0BCFF88212348E5E705
:10805000284600F059FFDAF808503946284606F05D
:1080600077FFB8F1FF3F08BFB9F1FF3F06D01E49C7
:108070004A46434605F1180000F07CFF204600F018
:108080002DFF68B91949154A12484FF4B77303F028
:1080900098FF2146164803F094FF4FF4B771D5E7D7
:1080A000094800F01BFF40B910490C4A09484FF439
:1080B000B77303F086FF0449ECE73046BDE8F047AC
:1080C000FFF704BEAC2C0020E42C0020E82C00209C
:1080D000D3940300CA17030082930300881A030095
:1080E000E11A0300F61A0300A1EF0200B51A03001B
:1080F000CC1A030070B50546EFF31186402383F3D5
:108100001288BFF36F8F1B4800F0DAFE68B91A4A75
:108110001A491B48882303F054FF1649194803F0F5
:1081200050FF8821144803F043FF124800F0ECFE92
:108130002C68A54215D014B12046FFF741FD0D482B
:1081400000F0CCFE78B90C4A0F490D484FF49A73F1
:1081500003F037FF07490D4803F033FF4FF49A71DE
:10816000E0E70024EBE786F31188BFF36F8F20462A
:1081700070BD00BFE42C0020881A0300E11A030040
:10818000CA170300F61A0300B51A0300CC1A03003D
:108190002DE9F04104460D46EFF31187402383F3A8
:1081A0001288BFF36F8F584800F08AFE60B9574AB3
:1081B00057495848882303F004FF5349564803F0B1
:1081C00000FF8821514818E04F4800F09DFE637B76
:1081D00003F01F02002A0CBF012600265DD103F028
:1081E0007F0363734D4B9C4209D14D4949484D4A29
:1081F000562303F0E6FE4B48562103F0D9FE2046F5
:1082000006F08DFEDFF82081637B424663F07F033A
:108210006DB2A573637352F8183F93423AD1D8F800
:108220001C10C4E900210C60C8F81C400FE0994202
:10823000F7D01B68002BF4D093F90E008542F6D0DE
:10824000A842F4DD5968C4E900310C605C60D8F8DC
:108250001840944200D00CB9D8F80C40D8F8083037
:108260009C4202D0204600F09FFDC8F814402648EA
:1082700000F034FE00283FD1244A2C4925484FF411
:108280009A7303F09EFE2049294803F09AFE4FF4AA
:108290009A7197E7D8F81C10CCE79B072AD5A168FC
:1082A00041B924491B48244A8D2303F08AFE224801
:1082B0008D21A2E720466DB206F031FEA5730B6852
:1082C000994209D14B68C4E900131C604C60CEE7A9
:1082D0004A689342F6D01B68002BF3D093F90E2026
:1082E0009542F5D0AA42F3DD5A68C4E90032146021
:1082F0005C60BCE7A573BAE787F31188BFF36F8FA3
:108300003046BDE8F08100BFE42C0020881A03004D
:10831000E11A0300CA170300F61A03002026002002
:10832000A493030082930300AC2C0020B51A030031
:10833000CC1A03006C8E0300298E030070B504462E
:108340000D46F9B9EFF30586E6B91A4B5A699B68F1
:108350009A4217D000F0C2FD78B9174A1749184859
:108360004FF4B77303F02DFE2146164803F029FEA3
:108370004FF4B771104803F01BFE3046BDE8704063
:10838000FFF7A4BC204600F0A9FD68B90A4A0B49D2
:108390000B484FF49A7303F014FE2146094803F08A
:1083A00010FE4FF49A71E5E785F31188BFF36F8FE4
:1083B00070BD00BFAC2C0020881A0300B51A030062
:1083C000CA170300CC1A0300034648B9EFF305822D
:1083D00032B9064A51699268914201D0FFF776BCE2
:1083E00083F31188BFF36F8F704700BFAC2C002060
:1083F00010B5EFF31184402383F31288BFF36F8F1E
:10840000284800F05DFD60B9274A2849284888239C
:1084100003F0D7FD2349274803F0D3FD88212248E4
:1084200012E0204800F070FDEFF3058373B122499C
:10843000224A1F4840F2063303F0C3FD204803F0F0
:10844000C0FD40F206311D4803F0B2FD1D4B9A6895
:10845000D37B012B0CD11C49184A154840F2073335
:1084600003F0AFFD164803F0ACFD40F20731EAE738
:10847000013BD3730B4800F031FD68B90A4A134938
:108480000B484FF49A7303F09CFD0649104803F023
:1084900098FD4FF49A71C2E784F31188BFF36F8F90
:1084A00010BD00BFE42C0020881A0300E11A03006D
:1084B000CA170300F61A0300238F030082930300F8
:1084C000128D0300AC2C00200C950300B51A03009C
:1084D000CC1A030070B586B0EFF31186402383F306
:1084E0001288BFF36F8F414800F0EAFC60B9404A40
:1084F00040494148882303F064FD3C493F4803F06C
:1085000060FD88213A4813E03D4D384800F0FCFCFE
:10851000AB68DA7B72B93B493B4A374840F21233C9
:1085200003F04FFD394803F04CFD40F2123136485C
:1085300003F03EFDEFF3058161B13549324A2E4823
:1085400040F2133303F03DFD304803F03AFD40F2B2
:108550001331ECE70132DA732A4652F8184F94428D
:1085600000D004B9EC685A7BD10604D1DA897F2A9D
:1085700001D9A2692AB1A34202D0204600F014FC1E
:1085800023461A486B6100F0A9FC68B9184A2149D2
:1085900019484FF49A7303F014FD14491E4803F070
:1085A00010FD4FF49A71ADE786F31188BFF36F8F1A
:1085B000AB681A49DA7BCDE90432194B0393194BA6
:1085C000029308220023CDE900321846042206F067
:1085D000AEFCEFF31180402383F31288BFF36F8F5B
:1085E00006B0BDE87040FFF7EFBE00BFE42C0020EE
:1085F000881A0300E11A0300CA170300F61A0300E1
:10860000AC2C00203D95030082930300128D0300E3
:10861000238F0300B51A0300CC1A0300C40503001E
:108620000C9603006E950300024B03F11802C3E998
:1086300006227047AC2C002070B5EFF3058373B1B0
:1086400039493A4A3A4840F23E4303F0BAFC3948C5
:1086500003F0B7FC354840F23E4103F0A9FCEFF3CC
:108660001186402383F31288BFF36F8F324800F0E6
:1086700027FC60B9314A32492D48882303F0A1FC18
:108680002D49304803F09DFC88212C48E5E72E4C0D
:10869000294800F039FCA168E0690B68814214BFE9
:1086A0001A46002249680B605960A368E1692AB93B
:1086B000264AC3E900210B60E3610CE093F90E0048
:1086C00092F90E50A84225D0854223DD5168C3E9B6
:1086D00000210B605360A5691C4B9D4200D005B979
:1086E000E568A3689D4202D0284600F05DFB124871
:1086F000656100F0F3FB88B9104A15490C484FF446
:10870000B77303F05EFC0C49124803F05AFC4FF4B7
:10871000B771BAE78A42CBD01268C8E73046BDE8E5
:108720007040FFF7D3BA00BF238F0300829303008A
:10873000CA170300128D0300E42C0020881A0300DE
:10874000E11A0300F61A0300AC2C0020C42C002010
:10875000B51A0300CC1A03002DE9F041044686B097
:108760000F46EFF3058575B13C493D4A3D4840F25F
:10877000564303F026FC3C4803F023FC384840F203
:10878000564103F015FC394E0590B3680493384BFD
:108790000393384B02930823CDE9005336492B4607
:1087A0000422284606F0C3FB57EA040305D1FFF76D
:1087B00043FF002006B0BDE8F081EFF311884023AD
:1087C00083F31288BFF36F8F2C4800F079FB60B9F8
:1087D0002B4A2C492348882303F0F3FB27492A48D6
:1087E00003F0EFFB88212648CBE7244800F08CFB00
:1087F000264BB0681860FFF791F9B068244922460B
:108800003B46183000F0B6FBB268537B43F00403DC
:1088100004465373194800F061FB68B9184A1D49B2
:1088200010484FF4B77303F0CCFB14491A4803F017
:10883000C8FB4FF4B771D6E74046FFF747FAB36875
:10884000D3E90A23B3F1004F08BFAA42B1D106F021
:10885000E0FB201A20EAE070ACE700BF238F0300A2
:1088600082930300CA170300128D0300AC2C002072
:10887000FF9503008D950300C4050300E42C002040
:10888000881A0300E11A0300F61A0300E82C0020FE
:10889000A1EF0200B51A0300CC1A030070B504461C
:1088A0000E46EFF3058575B11A491B4A1B484FF474
:1088B000906303F086FB1A4803F083FB16484FF4DD
:1088C000906103F075FBFFF747FFB6F1FF3F08BF6C
:1088D000B4F1FF3F0246204616D047F6FF704FF432
:1088E0007A7403462946C2FB0431B3F5004F71F197
:1088F00000020AD36FF400429A4243F6FF728A41A3
:1089000005D3D80B40EA414070BD2846FCE76FF024
:108910000040F9E7238F030082930300CA17030086
:10892000128D030038B50446EFF31185402383F31D
:108930001288BFF36F8F204800F0C2FA68B91F4A4F
:108940001F492048882303F03CFB1B491E4803F0C5
:1089500038FB8821194803F02BFB174800F0D4FAA4
:10896000637B5B0710D504F1180000F0DFFB637B2D
:1089700023F0040320466373FFF73EF929460E48AF
:10898000BDE83840FFF7DABC0B4800F0A7FA68B939
:108990000A4A0E490B484FF49A7303F012FB06493A
:1089A0000B4803F00EFB4FF49A71D3E785F311885F
:1089B000BFF36F8F38BD00BFE42C0020881A03007E
:1089C000E11A0300CA170300F61A0300B51A0300E0
:1089D000CC1A0300014B9868704700BFAC2C0020F4
:1089E0002DE9F8430446077BEFF31185402383F319
:1089F0001288BFF36F8F7D4800F062FA68B97C4A35
:108A00007C497D48882303F0DCFA78497B4803F0F1
:108A1000D8FA8821764803F0CBFA744800F074FA4B
:108A2000637B190717D5714800F058FA68B9704A86
:108A3000734971484FF49A7303F0C3FA6B49714854
:108A400003F0BFFA4FF49A71E4E785F31188BFF39E
:108A50006F8FBDE8F883D90943F0080240F08380A6
:108A60006273A36813B12046FFF7AAF804F1180057
:108A700000F05CFBA66D04F15808B04511D04FF032
:108A8000000976B13046FFF79BF806F1180000F0B8
:108A90004DFBC6F87C903046FFF7AEF8A66DB045AA
:108AA000EFD1DFF86481D8F808309C4270D1EFF341
:108AB0000589B9F1000918BF4FF00109D8F818600D
:108AC000524A964200D00EB9D8F80C60B34202D098
:108AD000304600F069F92046C8F8146003F009FF39
:108AE000B9F1000F02D04A48FFF708F8D8F808306B
:108AF0009C4260D1EFF30586002E5CD1237BDA0720
:108B00001FD53A4800F0EAF9002890D085F3118883
:108B1000BFF36F8F86F31188BFF36F8F042318465E
:108B200002DFEFF31185402383F31288BFF36F8FC9
:108B30002E4800F0C5F900283FF461AF2B4800F043
:108B4000E3F92A4800F0CAF928BB294A2C492A48E7
:108B50004FF4B77303F035FA24492A4803F031FA89
:108B60004FF4B77156E703F07F0343F008036373D4
:108B7000284B9C4208D12849284A1F48562303F015
:108B800020FA5621254846E7204606F0C8F968E74E
:108B90004FF0000992E72846FFF798F820491F4A4E
:108BA00015484FF4DD7303F00CFA1E4803F009FA80
:108BB0004FF4DD71E6E70D4800F090F900283FF42E
:108BC00036AF85F31188BFF36F8FFB077FF541AF99
:108BD000124A1549084840F2555303F0F2F921466C
:108BE000124803F0EEF940F25551CBE7E42C002097
:108BF000881A0300E11A0300CA170300F61A0300DB
:108C0000B51A0300CC1A0300AC2C0020C42C0020A1
:108C1000C027002020260020A49303008293030095
:108C2000A9950300B4950300D6950300E1950300D0
:108C30002DE9F843064688461746EFF3118940238D
:108C400083F31288BFF36F8F214800F039F905468E
:108C500068B9204A20492148882303F0B2F91C4909
:108C60001F4803F0AEF988211A4803F0A1F918480B
:108C700000F04AF93468A6421FD004B32046C4F875
:108C80007C802761FEF79CFF04F1180000F04EFA8B
:108C90002046FEF7B1FF0E4800F020F988B90D4AD2
:108CA00010490E484FF49A7303F08BF908490E48A7
:108CB00003F087F94FF49A71D6E70025EBE72546D4
:108CC000E9E789F31188BFF36F8F2846BDE8F88381
:108CD000E42C0020881A0300E11A0300CA170300DD
:108CE000F61A0300B51A0300CC1A0300D3B5DDE968
:108CF0000667089CCDE90067FFF776F91CB1034BC6
:108D00009B681B69236002B0D0BD00BFAC2C002063
:108D100008B568B10F4B98420AD303F1180290428C
:108D200006D2C01A1822B0FBF2F302FB13034BB1B8
:108D300009490A480A4A382303F043F90848382108
:108D400003F036F9074BC0105843074B01221A5461
:108D500008BD00BF4028002043960300CA17030047
:108D60001B960300ABAAAAAA43380020C3897F2B15
:108D700012D80A4B1B6863B1094B90F90E201B688F
:108D80009A4209DB437BDB0606D1064BC31A18BFA8
:108D9000012303F0010070470023FAE7F0060020EA
:108DA000EC2C00202026002070B50E4B0E4C1E7CB3
:108DB00006EB460304EBC3040546204600F0B6F973
:108DC0000A4B002228469A55FFF7D0FF48B1084BBE
:108DD00008491A68013A2046D317BDE8704000F0F0
:108DE000C9B870BDAC2C00204028002043380020BA
:108DF000F0060020118D020038B5EFF311854023F5
:108E000083F31288BFF36F8F234800F059F868B9D5
:108E1000224A23492348882303F0D3F81E492248D5
:108E200003F0CFF888211D4803F0C2F81A4800F07B
:108E30006BF81E4B1E4A9C681068A04213D1FFF7C6
:108E4000B3FF154800F04AF808BB144A1949154801
:108E50004FF49A7303F0B5F80F49174803F0B1F8CF
:108E60004FF49A71DFE700211B7C1160134AD35C39
:108E7000002BE6D02046FFF779FF0028E1D0637B86
:108E8000DB0602D12046FEF753FF2046D7E785F3E5
:108E90001188BFF36F8F38BDE42C0020881A0300BF
:108EA000E11A0300CA170300F61A0300AC2C0020D5
:108EB000E82C0020B51A0300CC1A03004338002028
:108EC000006838B1044B1B7C00F00300C01A18BFC7
:108ED0000120704701207047AC2C0020002302685D
:108EE0000360EFF30581074B19B19968497BC90706
:108EF00006D4197C98680843831A58425841704731
:108F000001207047AC2C0020024B1A7C9B68134355
:108F100003607047AC2C0020024B1868984208BFD1
:108F200000207047F4060020034B1B680BB9FAF7CA
:108F30005FBB0020704700BFF02C002030B570B13F
:108F40000B4B5B6898420AD0036843B1D3E9042114
:108F5000D0E90445121941EB0501C3E90421D0E928
:108F6000003213605A600023C0E9003330BD00BFF7
:108F7000F4060020B3F1FF3F08BFB2F1FF3F2DE937
:108F8000F84F04469B4615461F4600F0B280D0F8C5
:108F90000090B9F1000F0CD05749584A58486F2338
:108FA00003F00FF8574803F00CF854486F2102F013
:108FB000FFFF8160EFF31188402383F31288BFF332
:108FC0006F8F5148FFF77CFF824660B94F4A504986
:108FD0004B48882302F0F5FF4B494E4802F0F1FF61
:108FE00088214A48E3E74848FFF78EFFBBF1000FAE
:108FF000494A1FDBFFF798FF474A0135D2E90017BE
:109000004BF1000B2D184BEBE073C4E904536D18C2
:10901000064643EB0707FFF77FFFDFF800E1DEF8C6
:1090200004900346EBB9C4E900E9C9F80040CEF862
:10903000044028E0D2E900126FF001035B1A4FF000
:10904000FF3161EB02025B1B62EB0B02012B72F141
:109050000001BCBF01234A46C4E904324FF0000AB4
:10906000D9E7D3E9041CD4E904208A4270EB0C0B45
:109070002EDA891A5A686CEB0000C3E90410C4E9BF
:10908000003214605C60FFF747FF84420ED1244B2E
:109090001B685BB9BAF1000F02D1FFF745FF064626
:1090A000304605F09FFF0021FAF772FA1648FFF7E5
:1090B00015FFB0B9154A1B4911484FF49A7302F0D5
:1090C00080FF1149184802F07CFF4FF49A7188E73D
:1090D000521A60EB0C009945C4E90420A3D01B6828
:1090E000A0E788F31188BFF36F8F28463946BDE8A3
:1090F000F88F00252F46F8E71A980300F69703002B
:10910000CA170300128D0300F42C0020881A0300F4
:10911000E11A0300F61A030058280020F406002084
:10912000F02C0020B51A0300CC1A030070B50446D9
:10913000EFF31186402383F31288BFF36F8F234828
:10914000FFF7BEFE68B9224A22492348882302F06D
:1091500038FF1E49214802F034FF88211C4802F0E4
:1091600027FF1A48FFF7D0FE236833B3FFF7D4FE7A
:1091700005462046FFF7E2FE00224FF00043A542DD
:10918000C4E9042306D1FFF7CFFE05F02BFF002131
:10919000FAF7FEF900240D48FFF7A0FE80B90C4A4B
:1091A0000F490D484FF49A7302F00BFF07490D4821
:1091B00002F007FF4FF49A71D0E76FF01504EAE769
:1091C00086F31188BFF36F8F204670BDF42C00200A
:1091D000881A0300E11A0300CA170300F61A0300F5
:1091E000B51A0300CC1A03002DE9F0470446EFF34B
:1091F0001188402383F31288BFF36F8F4448FFF731
:109200005FFE68B9434A44494448882302F0D9FEC6
:109210003F49434802F0D5FE88213E4802F0C8FE8F
:10922000DFF800913A48DFF800A1FFF76DFEC9F8BA
:109230000040FFF771FE002604460027D9F80030F1
:10924000DAE900C0D91754B1D4E90452AB4271EB4A
:10925000020E20DAED1A62EB0102C4E9045213EBAC
:109260000C034FF0000440EB01012046CAE9003135
:10927000C9F8004005F0B6FE2146FAF789F92448FE
:10928000FFF72CFEB0B188F31188BFF36F8FBDE8F4
:10929000F047FFF7B1BD15EB0C0340EBE570CAE9F1
:1092A0000030C4E904672046FFF748FE1848FFF77E
:1092B00015FE68B9174A1D4918484FF49A7302F011
:1092C00080FE13491A4802F07CFE4FF49A71A4E71D
:1092D00088F31188BFF36F8FA36820469847EFF398
:1092E0001188402383F31288BFF36F8F0848FFF77C
:1092F000E7FD002886D00648FFF706FED9F80030C3
:109300005B1BC9F80030FFF707FE044696E700BF75
:10931000F42C0020881A0300E11A0300CA17030086
:10932000F61A0300F02C002058280020B51A03007C
:10933000CC1A030070B5EFF31186402383F3128833
:10934000BFF36F8F1A48FFF7BBFD68B9194A1A4976
:109350001A48882302F035FE1549194802F031FEFB
:109360008821144802F024FE1148FFF7CDFDFFF7D5
:10937000DBFD144AD2E90045041945EBE0750C48C1
:10938000FFF7ACFD68B90B4A0F490C484FF49A73CC
:1093900002F017FE06490D4802F013FE4FF49A71D1
:1093A000DFE786F31188BFF36F8F2046294670BD33
:1093B000F42C0020881A0300E11A0300CA170300E6
:1093C000F61A030058280020B51A0300CC1A03002F
:1093D000F8B50546EFF31187402383F31288BFF3F6
:1093E0006F8F5E48FFF76CFD68B95D4A5D495E4866
:1093F000882302F0E6FD59495C4802F0E2FD88212D
:10940000574802F0D5FD5548FFF77EFD2B68B3B1F4
:109410005248FFF763FD68B9514A554952484FF425
:109420009A7302F0CEFD4D49524802F0CAFD4FF446
:109430009A71E5E787F31188BFF36F8FF8BDD5E91F
:109440000A46611C46F10002022972F1000236D37D
:10945000012C76F10002BCBF01241E46013C46F1FE
:10946000FF3605F0DAFD013041F10001001946EB4D
:109470000101012871F1000135DB05F0CEFD01305D
:1094800041F100016FF00203001946EB0101834234
:109490006FF000438B412BDB05F0BFFD013041F144
:1094A00000016FF00102001946EB0103121A4FF0A0
:1094B000FF3161EB030330492846FFF75BFD2B6B5F
:1094C00001332B632B6ABBB93C46284650F8185F22
:1094D000854200D06DBB2148FFF700FD00289BD0DE
:1094E00084F31188A8E76FF001024FF0FF33E2E741
:1094F00000224FF00043DEE71848FFF7EFFC00289A
:109500008AD087F31188BFF36F8F2B6A284698475C
:10951000EFF31184402383F31288BFF36F8F0F485A
:10952000FFF7CEFC00283FF460AF0C48FFF7ECFCDF
:10953000CBE72846FEF7BCFC00230848EB67FFF7A3
:10954000CDFC00283FF468AF84F31188BFF36F8F20
:109550002846BDE8F840FEF765BC00BFF82C0020A7
:10956000881A0300E11A0300CA170300F61A030061
:10957000B51A0300CC1A0300D19302002DE9F84379
:10958000064614461D4691469846EFF31187402340
:1095900083F31288BFF36F8F2748FFF791FC68B9F8
:1095A000264A27492748882302F00BFD22492648EE
:1095B00002F007FD8821214802F0FAFC1E48FFF75F
:1095C000A3FCB5F1FF3F08BFB4F1FF3F11D11A482A
:1095D000FFF784FC50BB194A1C491A484FF49A7390
:1095E00002F0EFFC14491A4802F0EBFC4FF49A71B8
:1095F000E1E7002D0ADB012C75F100032246BCBF18
:109600000122002512F1FF3945F1FF383046FFF7FE
:109610008DFDDDE90823C6E90A23002333634A46AA
:10962000434630460B49FFF7A5FCD0E787F3118886
:10963000BFF36F8FBDE8F883F82C0020881A030071
:10964000E11A0300CA170300F61A0300B51A030053
:10965000CC1A0300D1930200F8B505460E46EFF38D
:109660001187402383F31288BFF36F8F1F48FFF7E2
:1096700027FC68B91E4A1F491F48882302F0A1FC35
:109680001A491E4802F09DFC8821194802F090FCFE
:109690001648FFF739FC2C68A5421CD0D4E90032EB
:1096A00013605A600023C4E900333146204605F0B8
:1096B00024FD0E48FFF712FC78B90D4A10490E48F8
:1096C0004FF49A7302F07DFC08490E4802F079FCD1
:1096D0004FF49A71D9E70024EBE787F31188BFF3C1
:1096E0006F8F201E18BF0120F8BD00BFFC2C00208A
:1096F000881A0300E11A0300CA170300F61A0300D0
:10970000B51A0300CC1A030070B504460D46EFF3FA
:109710001186402383F31288BFF36F8F2148FFF730
:10972000CFFB68B9204A21492148882302F049FC2F
:109730001C49204802F045FC88211B4802F038FCF7
:109740001848FFF7E1FB2068E56001218442A16031
:1097500011D11448FFF7C2FBE8B9134A164914485F
:109760004FF49A7302F02DFC0E49144802F029FCC4
:109770004FF49A71E1E7D0E9003213605A60002398
:10978000C0E9003305F0B9FC314604460548FEF750
:10979000D5FD204670BD86F31188BFF36F8F00247E
:1097A000F7E700BFFC2C0020881A0300E11A030031
:1097B000CA170300F61A0300B51A0300CC1A0300F7
:1097C0002DE9F84F4F1E0F4206460D469A460BD024
:1097D0002F49304A3048172302F0F3FB2F4802F09C
:1097E000F0FB17212B481CE0141D4DD241F0040B57
:1097F00000F11408EFF31189402383F31288BFF3BB
:109800006F8F4046FFF75CFB68B9254A254922481F
:10981000882302F0D6FB4146234802F0D2FB882180
:109820001F4802F0C5FB4046FFF76EFB2246594633
:109830003046D04704464046FFF750FB68B9184A07
:109840001A4915484FF49A7302F0BBFB4146184879
:1098500002F0B7FB4FF49A71E2E789F31188BFF386
:109860006F8F8CB144F8046B7DB13C420DD0094A36
:1098700010490948342302F0A4FB21460E482A4629
:1098800002F09FFB3421ADE700242046BDE8F88FAD
:10989000A19903007D990300CA170300BC99030036
:1098A000881A0300E11A0300F61A0300B51A030030
:1098B000CC1A0300D99903000B9A03002DE9F0415B
:1098C00005460E46174605F01FFB28B9074B9B6857
:1098D0001C6F14B9BDE8F081054C3B463246294661
:1098E0002046BDE8F041FFF76BBF00BFAC2C002065
:1098F0009C070020014B0367704700BF9C070020B6
:109900000146024A0020FFF7D9BF00BF27BF02006F
:1099100001680E4A9142034615D1C169A2F1102295
:10992000A2F1EF1291420ED18268012A0BD8C268CF
:1099300012B101698A4206D0586928B19B691B1A85
:109940005842584170470120704700BF55AA00FF98
:1099500070B50D4B9E68A6B13046FFF7D9FF04469F
:1099600078B9F3686BB935690DB9204670BD2846E2
:10997000FFF7CEFF28B9EB68B34202D12E462D691E
:10998000F2E70124F1E700BF002D00202DE9F041AE
:10999000444B454C1B68054620468846984718B1FD
:1099A00000242046BDE8F081A4F1140754F8144CBB
:1099B000FB68DCB1BC68CCB1002D66D0B8F1000FFB
:1099C00065D008FB05F6B6FBF5F5A84561D1311D5C
:1099D0005FD8B20711D026F0030204321C4603E020
:1099E0006168914257D2A469002CF9D12F4B2E48BF
:1099F0001B6898470028D4D0D2E73246EEE7891A90
:109A0000232904F120051CD80123A360D4E90523F0
:109A1000AAB19361A3690BB162695A610023C4E9D9
:109A200005333B69DB0703D5FFF792FF002835D1EB
:109A30003246002128462C4606F0CBFAD6E7FB60DA
:109A4000E8E702F1200C04EB0C032039C3E9011014
:109A5000DC6017482169196144F80C00A0F110205E
:109A6000A0F1EF10D86101B1CB6061695961A069C3
:109A7000986141B18B61996901B14B610121C4E9E0
:109A800001212361CAE7FB60F5E72C46AEE74446B7
:109A9000ACE70446AAE7A0680028B0D0012001F096
:109AA000E5FD00BF0C070020142D00200807002052
:109AB00055AA00FF70B5464B464C1B68054620462C
:109AC0009847002840F08280002D43D054F8143C81
:109AD000A4F11406002B3DD0B268002A3AD09D4272
:109AE00003D3726813449D4202D3012001F0BEFDEE
:109AF000A5F120042046FFF70BFF0028F5D155F80B
:109B0000183C012BF1D155F8143C45F8180C3BB327
:109B10009A682ABB55F81C2C02F120015A680A44A5
:109B20005A6055E905321A6155F8145C2B6903B186
:109B3000DD6020220021204606F04BFA286910B192
:109B40008368002B2ED033699B0703D5FFF700FFF6
:109B50000028CAD1204B1F481B68BDE87040184739
:109B600055F8100C00282AD0836843BB426863680C
:109B700013442033636003692361D4E905239AB950
:109B8000CBB9436963618269A261B3B19C61A36986
:109B900003B15C61236903B1DC602022002106F07F
:109BA00018FAD0E72C46E1E79361A369002BE8D0CF
:109BB00062695A61E5E7F360F7E7F460E7E7F368A5
:109BC00045F8083C03B15C61F460BCE770BD00BFC0
:109BD0000C070020142D00200807002038B528228B
:109BE0000C4605460021154806F0F3F9144B1548BC
:109BF0001B6898471449154800F038F8232C1CD9E5
:109C000015F003031FBF043CE418C3F10403ED186F
:109C100022460021284606F0DCF9084B0C499D60DD
:109C2000C3E90054203C6C609A6811609A68DA605D
:109C3000A1F11021A1F1EF11D16138BD002D00205B
:109C400014070020142D0020B59A02008D990200FF
:109C500055AA00FF014B1B68184700BF00070020F2
:109C6000014B1B68184700BFFC060020024B186020
:109C7000024B00201960704700070020FC060020FE
:109C800010B50A46044619B1024B00211B689847DB
:109C900010BD00BF04070020F8B50D4E0D4C0E4D51
:109CA00033680E48984767782B680C4898473368A4
:109CB0000B489847022F08D12478E31F5C425C418F
:109CC0002B68074898472046F8BD0024F8E700BFF6
:109CD0000C070020282D002008070020DC070020AA
:109CE000C80700200E4B0340B3F1607F06D1B1F5E9
:109CF000885F14BF6FF0860000207047B3F1707F5B
:109D00000BD101F4E043B3F5005F06D111F4E06F2D
:109D10000CBF6FF08600002070476FF08600704720
:109D20000000C07F8A4270B506460D4600F0ED8007
:109D3000784922F4FF7323F001038B4213D022F001
:109D4000FF0001F5885188420DD0734C22F47F71D9
:109D500021F00301A14206D07049884203D001F5E9
:109D600074518B422CD16E4B25F0FF0199420FD1DB
:109D700015F0FF000BD06B4B40F00070984240F0A4
:109D8000C68082EA0500FF288CBF0020012070BD3C
:109D9000654B9942ECD0A3F588539942E8D025F45D
:109DA000FF7323F00103B3F1062FE1D05B4881423A
:109DB000DED05E498B42DBD0A1F584418B42D7D007
:109DC00005F0FE43B3F1A06F13D102F0FE43B3F1EF
:109DD000A06F40F0888082EA050333F47E1340F0E0
:109DE00082802E047FD5C5F30540C2F30542904220
:109DF000CAE74F498D420BD14E4B9A4200F0858005
:109E00004D4B22F47E10984214BF00200120BEE783
:109E1000B3F1407F67D102F0FE43B3F1407F62D1DE
:109E200082EA050030F47E145DD131462846FFF702
:109E300059FF00286BD1414B12F47C1103EA020355
:109E400018D0B3F1607FC2F305413DD13C48D3B295
:109E500043F0007383423BD003F17E43043B112B5C
:109E600001D83848C45C15F47C1FC5F3054331D1D3
:109E70008C42C9E7B3F1607F0DD13148D3B243F0D2
:109E8000007383421ED003F17E43043B112BDDD8C7
:109E90002D49C95CDAE7B3F1707FE4D106F4E04301
:109EA000B3F5005F03D1C6F302230121994006F404
:109EB000E043B3F5005FD6D1C6F30226012000FAD5
:109EC00006F4D0E71021C1E7B3F1707FCBD1EEE704
:109ED0001024C8E712F47C1F01D1A34215D02C0432
:109EE00001D58B4250E725F0004323F47F03B3F103
:109EF000106F0CD102F0FE43B3F1106F07D113487D
:109F0000104040F01060A8427EE701203FE70020AB
:109F10003DE700BF0002000600040006000900063D
:109F200000030006FF0000020013000600460006C2
:109F30000093C0040013C004000140050000C07F6E
:109F400003000002339A0300339A03000000FFF677
:109F50002DE9F843884617461C4600F013FC0546D9
:109F600088BBD8F80060B6F8009009F4E043B3F578
:109F7000804FB36808BF27F0010737EA03031AD1FF
:109F80000CB3274B24F0FF029A421FD114F0FF03B9
:109F900004D0244A43F00073934236D0F16822463D
:109FA0004846FFF7BFFE074668B931692246484672
:109FB000FFF7B8FE90BB6FF084050023C8F80030AF
:109FC000304600F013FC2846BDE8F883164B9A4251
:109FD000DCD0A3F588539A42D8D024F4FF7323F041
:109FE0000103B3F1062FD1D010498A42CED0104AD6
:109FF0009342CBD0A2F584429342C7D004F0FE43F3
:10A00000B3F1407F04D12304C8D56FF08605D4E7AF
:10A01000B3F1A06FF7D0034B9C42BEE73D46D2E7B9
:10A0200000030006FF0000020013000600090006FE
:10A030000046000670B5114B05461B6810480E46D9
:10A040009847044618B16FF08F04204670BD6B69C5
:10A0500033602B7F012B04BF02232B77094B18BFE2
:10A0600030601B68064818BF6FF0960498470028B8
:10A07000EBD0002CE7D06FF09604E6E70C07002049
:10A08000B40700200807002038B500F0FE43B3F104
:10A09000407F04460D4602D06FF0860038BDFFF7C2
:10A0A00021FE0028FAD114F47C1F12D0C4F305431A
:10A0B000032B137022D9284A2240B2F1607F3DD190
:10A0C000264AE4B244F0007494422BD1102BE5D917
:10A0D000E2E7214B2340B3F1607F15D11F49E3B282
:10A0E00043F000738B4202D110231370D6E703F1C3
:10A0F0007E43043B112B04D9002313706FF08500BD
:10A10000CCE71749CB5CD3E7B3F1707FF4D101F40E
:10A11000E043B3F5005FEFD1C1F3022101238B408F
:10A12000DBB2C5E704F17E44043C112CB4D80D4ADF
:10A13000125D9342B0D8142BB0D9DFE7B2F1707F33
:10A14000AAD105F4E042B2F5005FA5D1C5F302251E
:10A150000122AA40EDE700BF0000C07F030000021B
:10A16000339A0300339A03002DE9F341002313606F
:10A170004768D0F8148004460E463846114605F06C
:10A18000A9FB054688B9384605F0A6FB054660B927
:10A19000FFB277B9B8F1000F05D1A36823F003131C
:10A1A00023F47F4363B16FF08605284602B0BDE813
:10A1B000F0816069012105F067FB0028EDD1F2E72D
:10A1C00062884FF6F8739A4227D8154B15481B68DA
:10A1D0002779984710B16FF08F05E6E707B901A816
:10A1E000314600F087FA104B05461B680D4898472A
:10A1F00010B1002DD9D1EEE7002DD6D10FCCD6F875
:10A2000000C066460FC694E8070086E80700002FE6
:10A21000CBD1019BCCF81430C7E76FF08505C4E7BC
:10A220000C070020B40700200807002010B50446E2
:10A2300060B1074B07481B689847204605F0D3F8E4
:10A24000054B04481B68BDE81040184710BD00BF0F
:10A250000C070020B40700200807002037B504468B
:10A26000C0B101A900F08EFA044698B9194B1A48FA
:10A270001B681A4D9847F0B90198037F032B11D141
:10A2800005F013FB2B6804461348984728B10CB916
:10A290006FF08F04204603B030BD002C08BF6FF074
:10A2A0008704F7E7022B12D1032303770379FF2BEF
:10A2B00008BF6FF08404019805F0F7FA2B680028B6
:10A2C00018BF0446044898470028E3D0DFE76FF042
:10A2D0009604F0E70C070020B407002008070020D0
:10A2E0002DE9F0411F4688B01646002203880796E4
:10A2F000CDE90422054688463A60002E62D0B6F1C8
:10A30000005F80F09E8023F0FF03B3F5E24F02D0A0
:10A31000B3F5824F22D1284604F046FF04460028B8
:10A3200040F08380EB686BB16A885AB12B8803F4E4
:10A330004F41B1F5824F05D1DBB2222B37D02DD85A
:10A34000122B39D0424608EB0601002312F8010B0C
:10A35000914243EA0003F9D1002B33D005AA04A9A6
:10A360002846FFF701FF0446A0B9049B9B6A63B32C
:10A37000049B5A88069206AA029203F128020192CF
:10A380009A6A00925B6A32464146284605F0D6FA40
:10A39000044678B30498FFF749FF46E0273BDBB259
:10A3A0001B2BCFD8284921FA03F3DB07CAD5073284
:10A3B000B6EBD20FC6D205E040F209239A42F6D19D
:10A3C000402EBFD86FF086042FE06B681B0A07D1C0
:10A3D0000799049804F0C7FF04460028C8D0D9E7BD
:10A3E00007AB32464146284605F080FA044600286D
:10A3F000EED0CFE70499069B4A88D2B94B80069AE3
:10A4000004984FF6F8739A4218D82B8813B1028833
:10A410009A4210D16B8813B142889A420BD13946C7
:10A42000FFF708FE04460028B4D1204608B0BDE876
:10A43000F0819A42E3D06FF08604ABE76FF08504B9
:10A44000A8E76FF08504F0E70102000C38B5044678
:10A450000D46FFF721FC30B12A4621460348BDE8EE
:10A46000384005F01DBB6FF0880038BD2C2D002052
:10A4700070B51D4E1D4C33681D4898472378590709
:10A4800044BF23F00403237023789A0705D500F016
:10A4900017F9237823F002032370164D14482B6814
:10A4A0009847336814489847637813B1134805F008
:10A4B000F9FA00234FF4A87110486370FFF7E0FB2E
:10A4C0002B680D4898473368094898472378DB077D
:10A4D00005D505F00AFA237823F0010323702B68D1
:10A4E0000348BDE8704018470C070020282D0020C5
:10A4F000C807002008070020DC0700202C2D0020C2
:10A500002DE9F041FFF7C8FB18B100242046BDE853
:10A51000F081364F36483B689847044620B16FF0CB
:10A520008F04FFF7A5FFF1E7324D2B78D80706D44B
:10A5300005F0D9F92B7843F0010304462B702E4E19
:10A540002B483368984710B1002CE8D0E9E7002C7D
:10A55000E7D13B682648984704460028DFD12B788E
:10A56000990706D400F0A4F82B7843F002030446C0
:10A570002B7033681E4898470028E5D1002CD0D1B5
:10A580003B681B4898470028C9D13368184895F89C
:10A59000008098470028C2D13B6818489847044675
:10A5A0000028BCD16B7843B918F0010F05D01448CE
:10A5B00005F074FA022304466B7033680F4898471D
:10A5C0000028C1D1002CACD13B680948984700282D
:10A5D000A5D12B7806485A075CBF43F004032B70C3
:10A5E00033689847002890D099E700BF0C070020F7
:10A5F000C8070020282D002008070020DC070020C5
:10A600002C2D002038B5074C074B20461B68984777
:10A61000064B93F88055064B20461B689847284602
:10A6200038BD00BFC80700200C0700207C2E00208A
:10A630000807002000F140421F2A38B504460D46A5
:10A640000CD81A4B2C2101FB02331A7F022A02D1AB
:10A650005A69824218D06FF08B001FE0012105F08B
:10A6600013F9E0B1114A00201346117F022902D1EB
:10A670005169A14205D00130202802F12C02F4D109
:10A68000E9E72C2202FB00331A7F022A0AD11A6A58
:10A69000511C07D001321A6200202B6038BD6FF0C8
:10A6A0008700FBE76FF09600F8E700BF7C2E0020E4
:10A6B000024B012283F88025002070477C2E002069
:10A6C0002DE9F0410A4C002526464FF001080327EA
:10A6D000C4F8208027772046013504F084FE202D21
:10A6E00004F12C04F4D1002386F88035BDE8F08114
:10A6F0007C2E0020F8B506460F46FFF783FF0028A2
:10A7000035D01E4B002422461D46197FF9B13CB9B5
:10A71000022905D1196A19B91979002918BF1C46EF
:10A720000132202A03F12C03EFD114B96FF08C0011
:10A730000BE0237F022B04D1236A5A1C1CBF013378
:10A740002362204604F04FFE10B100240DE01C46A9
:10A75000237F7BB90123237736B1094B651BAD10ED
:10A760005D4305F18045356000203C60F8BD6FF029
:10A770008800EAE76FF09600E7E700BF7C2E002034
:10A78000A38B2EBA002370B50B6004460D46FFF76D
:10A7900039FF08B3124B13481B689847064618B197
:10A7A0006FF08F04204670BD20462946FFF742FF18
:10A7B00010F18C0F0C4B044607D01B6809489847D2
:10A7C0000028EFD0002CEDD1EAE72E601B68054889
:10A7D00098476FF08704E5E76FF08804E2E700BF71
:10A7E0000C070020B40700200807002010B50B4B11
:10A7F00004461B680A48984718B16FF08F0420463A
:10A8000010BD204605F051F8064B04461B6804486D
:10A8100098470028F3D0002CF1D1EEE70C07002078
:10A82000B40700200807002070B40A4E4568DCB267
:10A8300044F00074B4424FEA152503D035B970BC1A
:10A8400000F0E2B86FF0850070BC70476FF08600D2
:10A85000FAE700BF05000002F7B5089E0D4FF5B2FC
:10A86000044645F000754868BD424FEA10200AD002
:10A8700060B9009604F1080000F092F808B91C23B2
:10A88000236003B0F0BD6FF08500FAE76FF086003B
:10A89000F7E700BF05000002F7B5089E0D4FF5B2BF
:10A8A000044645F000754868BD424FEA10200AD0C2
:10A8B00060B9009604F1080005F0F4F908B91C230A
:10A8C000236003B0F0BD6FF08500FAE76FF08600FB
:10A8D000F7E700BF050000022DE9F0414FF6FF74D5
:10A8E0009C4228BF1C460D461FFA84F816461AB330
:10A8F00011B30BB3124F384604F000FA18B96FF0D9
:10A900009200BDE8F081BB681B6863B90D490E4A2F
:10A910000E485D2301F055FB0D4801F052FB0A483B
:10A920005D2101F045FB42463146384698470028F4
:10A93000E5D1E4002C60E4E76FF08600E1E700BFBA
:10A940001802030025820300F1810300CA170300E7
:10A95000458203007FB50024C0F848410F4C0094A5
:10A96000054605F041F8044698B903AB102205F5F9
:10A970009C7601930092334605F59471284605F0C4
:10A9800046F8044628B9304605F0BAF8204604B027
:10A9900070BD284605F047F8F8E700BF00444004C2
:10A9A0002DE9F0411E46069B1746154A23F47E13F7
:10A9B000934204460D461BD10B88B3F5105F17D1A7
:10A9C000A6F11002102A17D80E4BD340DB0713D57F
:10A9D0004FF4A672002105F0FCFA022384F84C31F2
:10A9E0003A46334629462046BDE8F041FFF7B2BF5C
:10A9F0006FF08500BDE8F0816FF08600FAE700BFD8
:10AA00000002C003010101002DE9F04323F47E168A
:10AA1000124BDDF82C909E42DDE9077CDDE909E868
:10AA200015D10388B3F5105F11D1A2F11004102CD9
:10AA300011D80B4D25FA04F4E3070CD5CDE90989AB
:10AA4000CDE907CE3B46BDE8F04305F002B96FF013
:10AA50008500BDE8F0836FF08600FAE70002C003CE
:10AA60000101010073B50C4611461A462388069E63
:10AA7000B3F5105F054619D1A2F11004102C12D8BD
:10AA80000C4BE340DB070ED50B4B9E420ED100244E
:10AA90000094234600F03AF985F81C41C5F8186186
:10AAA000204602B070BD6FF08600FAE76FF08500B7
:10AAB000F7E700BF01010100004440042DE9F04127
:10AAC00016461F46D0F818210E4B9A420546884676
:10AAD00011D1314600F03AF9069B984204460DD850
:10AAE000334628464246394600F03EF9079B00208F
:10AAF0001C60BDE8F0816FF08500FAE76FF0890017
:10AB0000F7E700BF0044400430B58BB0044618227C
:10AB10000D4604A8002105F05CFA4FF41053ADF87F
:10AB20000C3020464FF48073ADF80E30059304F0DE
:10AB30007AFF4FF494720021204605F04AFA0B4B3D
:10AB400000932A46202303A9204604F04DFF50B964
:10AB500005F1200304F59474303553F8042B44F8C0
:10AB6000042BAB42F9D10BB030BD00BF0044400410
:10AB700010B5164B8EB01B68044600F59E709847C2
:10AB80003022002102A805F024FA02A92046FFF78E
:10AB9000BBFF034660B9302302AA01A904F084FF79
:10ABA000034628B9019BB3F5C07F04D26FF093032D
:10ABB00018460EB010BD02A9204605F005F903465F
:10ABC0000028F5D10122C4F83821F1E7140700204C
:10ABD000F0B5284B00F59E768FB004461B683046D2
:10ABE0000F461546984718B16FF083000FB0F0BDBF
:10ABF000D4F83831002B36D0B5F5803F36D842F244
:10AC00001072934215D9302302AA01A904F04CFF17
:10AC10000028EBD1019BFF2B02D86FF09300E5E7F2
:10AC200002A9204605F0D0F80028DFD10123C4F89E
:10AC300038312B463A460021204605F070F80028AE
:10AC4000D4D10146204605F0BFF80028CED1D4F873
:10AC500038310133C4F83831074B30461B68984708
:10AC60000028C3D0C0E76FF08800BFE76FF0860010
:10AC7000BCE700BF0C0700200807002010B5044601
:10AC800004F0D1FE064B04F59E701B6898474FF404
:10AC9000A8720021204605F09CF9002010BD00BFDD
:10ACA0001007002070B5184E049C4588B34202D0AE
:10ACB0006FF0850070BDEE1DB2EBD60F4FEAD603E4
:10ACC00002D06FF08600F5E7079A934218D8089AE9
:10ACD0001360008847F212129042E9D1059A5B0096
:10ACE00001339342EDD12378042BEAD1B5F5807F6F
:10ACF000DED10698621C00F067F90028DAD0E0E7A0
:10AD00006FF08900D6E700BF00000209F8B5069F82
:10AD100004461D4661B11646AFB9D5F7E1FB0023E5
:10AD200084F8116184F8103184F8127184F81331B9
:10AD300045B11022294604F1F00005F022F9012363
:10AD400084F81331F8BDD5F75FFDE8E751B190F80D
:10AD5000103190F812210B4402F001029B1A23F0EB
:10AD60000F007047084670472DE9F04F044687B042
:10AD700090F8120194F810910090002B55D0924653
:10AD800000F00108C9F110021E4608EB0203B342AD
:10AD900004F5807700F2C4800D46002A40F0B380AD
:10ADA000009B002B6AD194F8133104F1F009C846D6
:10ADB000002B40F0C18094F81131224639464846B4
:10ADC000D5F73AFA0F2E40F2CE80A6F1100323F009
:10ADD0000F031033019305EB030BD04694F813C116
:10ADE000102341464A463846BCF1000F20D0D5F723
:10ADF0003DFF10224946284605F0C3F8103594F867
:10AE00001131224639464846D5F716FA5D4508F114
:10AE10001008E3D116F00F0621D184F81061C8465E
:10AE200010224146584605F0ACF807B0BDE8F08F57
:10AE3000102205F0A6F810224946284605F0A1F890
:10AE4000103594F81131224639464846D5F7F4F9C1
:10AE5000AB4508F11008C1D116F00F06DDD0019BFB
:10AE60009A4451463846324605F08BF8009B84F8E8
:10AE70001061002B7DD00DF10808D1E794F8113155
:10AE80002246394602A8D5F76DFB94F81331002B02
:10AE90005BD1B8F1000F0CBF4FF010094FF0110952
:10AEA0004E4529D304F1F00801E04E4524D3514624
:10AEB00010223846924405F064F8102202A9284670
:10AEC00005F05FF894F811312246394602A8D5F70B
:10AED00049FB94F81331103E1035002BE5D002A940
:10AEE000084642461023D5F7C1FE10223946404697
:10AEF00005F047F84E45DAD22EBB84F81061AB4618
:10AF00000DF108088CE7514607EB0900924405F063
:10AF100038F8009B103E4E44002B3FF444AFADE7A1
:10AF200007EB09005146324605F02BF8B14484F88E
:10AF3000109107B0BDE8F08F10234A4639463846D5
:10AF4000D5F794FE37E7AB468BE702A904F1F00989
:10AF50004A4608461023D5F789FE4846102239464E
:10AF600005F00FF895E7002EEDD184F81061AB469F
:10AF700056E704F1F00952E700B589B0014668468A
:10AF800000F03CF809B05DF804FB00BF00B591B0DB
:10AF90000146684600F06AF911B05DF804FB00BF95
:10AFA00030B599B00546684600F028F86946044671
:10AFB00008A800F053FA08A90443284600F08AF9CB
:10AFC000204619B030BD00BF70B598B00546684640
:10AFD000164600F013F83146044608A800F046F97A
:10AFE00008A96A460443084600F082F908A9044308
:10AFF000284600F06DF9204618B070BD70B50B689A
:10B00000124E1BBAC3614B681BBA83618B681BBAB3
:10B010004361CB681BBA03610B691BBAC3604B6900
:10B020001BBA83608B691BBA4360CB691BBA32467B
:10B03000036001460446D5F709FC31460546024641
:10B040002046D5F723FC681E70BD00BF201003000A
:10B050002DE9F04188B00C46064602F12001684611
:10B0600006F120079046D5F7EBFE6A46694668462A
:10B07000D5F708FE69463846D5F7E2FE3A46394626
:10B08000384604F12005D5F7FDFD6A466946684655
:10B09000D5F7F8FD41462846D5F7D2FE6A46414627
:10B0A0003046D5F7B5FE2A4629466846D5F7EAFD6B
:10B0B0002A4669466846D5F7E5FD124A694668465C
:10B0C000D5F7E0FD69462046D5F7BAFE324621465F
:10B0D0002046D5F715FE324621462046D5F710FE0C
:10B0E000224631462846D5F70BFE6A4629462846B1
:10B0F000D5F78EFE3A4629462846D5F701FE08B018
:10B10000BDE8F08100110300F0B599B004460D468A
:10B110000A4601466846D5F7F3FD69466846D5F705
:10B120008FFE6A46214608A805F1200604F1200793
:10B13000D5F76EFE6A4629466846D5F769FE32465F
:10B14000394610A8D5F79EFD324639463046D5F728
:10B15000D7FD31462846D5F773FE6A4608A9204632
:10B16000D5F790FD224629462846D5F7C9FD6A46FF
:10B1700008A96846D5F7C4FD6A4639463846D5F76A
:10B1800047FE2A4608A96846D5F7BAFD6A46314601
:10B190003046D5F73DFE3A4631463046D5F7B0FD4C
:10B1A00010A96846D5F74CFE224669462046D5F7D9
:10B1B000A7FD08A922460846D5F7A2FD10A908AAAE
:10B1C0000846D5F725FE3A4610A93846D5F798FD2A
:10B1D00019B0F0BD2DE9F04188B00C460546904607
:10B1E0000A4601466846D5F78BFD69466846D5F79D
:10B1F00027FE6A462946284604F12006D5F708FEB0
:10B2000005F120076A4621466846D5F701FE324619
:10B2100039463046D5F774FD31462046D5F710FE45
:10B220002A4621462046D5F76BFD6A462146204630
:10B23000D5F766FD6A4629464046D5F761FD424688
:10B2400039463846D5F7E4FD224629466846D5F703
:10B2500057FD6A4631463046D5F7DAFD3A46314663
:10B260003046D5F74DFD08B0BDE8F08170B500F16E
:10B27000200690B00D46044600F014F905F12001B7
:10B28000304600F00FF9214608A8D5F7D9FD08A9E6
:10B2900008460D4AD5F7F6FC08A922460846D5F718
:10B2A000B7FD08A9094A0846D5F7ECFC31466846BF
:10B2B000D5F7C6FD202269460DEB0200D5F7B4FC98
:10B2C000013810B070BD00BF00110300E010030092
:10B2D00000F002B938B504460D4600F0FDF805F15E
:10B2E000200104F12000BDE8384000F0F5B800BFAF
:10B2F0002DE9F0471346B8B0544A894680461946AE
:10B3000010A8D5F7A3FA5249024610A8D5F7BEFAFD
:10B31000179E4E4900EAD6760746C6F1010210A8EC
:10B32000D5F7B4FA179B4A466FEA030A28A918A86A
:10B33000FFF78EFE4FEADA7A20A9CAF10102084629
:10B3400000F092F8C7F10107FE246A4618A928A860
:10B35000FFF740FF631138AA02EB830304F01F02DA
:10B3600053F8A03CD340554603F0010A8AEA05058C
:10B370002A4628A918A8D5F7E5FA2A4630A920A810
:10B38000D5F7E0FA013C28A918A8FFF7BDFE631C19
:10B39000DBD1CAF1010220A908A800F065F886EA0D
:10B3A0000A066A4618A928A8FFF714FF28A93246FA
:10B3B00018A8D5F7C7FA324630A920A8D5F7C2FA9F
:10B3C00008A96A460846D5F723FD08A9084600F0F3
:10B3D0009DF808A908F1200409F120020846D5F7D4
:10B3E00017FD20A908AA2046D5F712FD08AA18A91A
:10B3F0006846D5F70DFD69466846D5F721FD18AAC0
:10B40000694608A8D5F704FD21466846D5F718FD1A
:10B4100008AA69461046D5F773FC0E4A08A9684683
:10B42000D5F76EFC20462021D5F712FC08A902466C
:10B4300044426846D5F786FA4046074A6946D5F73A
:10B44000E7FC3C43204638B0BDE8F08760100300BD
:10B4500080100300E0100300401003000A46014979
:10B46000FFF746BFA010030070B588B004460D4634
:10B47000164600212022684604F0ABFD0023294631
:10B4800020222046009304F07CFD2A466946684647
:10B49000D5F736FC324669462046D5F753FA08B050
:10B4A00070BD00BF0B681BBAC3614B681BBA8361D8
:10B4B0008B681BBA4361CB681BBA03610B691BBA6B
:10B4C000C3604B691BBA83608B691BBA4360CB694D
:10B4D0001BBA0360704700BFCB691BBA03608B695E
:10B4E0001BBA43604B691BBA83600B691BBAC3600C
:10B4F000CB681BBA03618B681BBA43614B681BBAEC
:10B5000083610B681BBAC361704700BF70B598B008
:10B510000D46064610A8D5F793FC2A4610A96846A2
:10B52000D5F776FC694610A8D5F78AFC10A908461D
:10B53000D5F786FC6A4610A908A8D5F769FC08A9C2
:10B5400010A8D5F77DFC10A90846D5F779FC10A9FD
:10B550000846D5F775FC10A90846D5F771FC10A967
:10B5600008AA0846D5F754FC10A90846D5F768FC88
:10B5700010A90846D5F764FC10A96A4608A8D5F7B3
:10B5800047FC052408A910A8D5F75AFC10A90846BD
:10B59000D5F756FC013C10A9F5D108AA0846D5F705
:10B5A00037FC052410A90846D5F74AFC10A908461F
:10B5B000D5F746FC013CF5D110A908AA0846D5F7F5
:10B5C00027FC10A908A8D5F73BFC08A90846D5F721
:10B5D00037FC08A96A466846D5F71AFC1024694664
:10B5E00010A8D5F72DFC10A90846D5F729FC013C79
:10B5F00010A9F5D12A460846D5F70AFC402410A91F
:10B600000846D5F71DFC10A90846D5F719FC013CE2
:10B61000F5D110A96A460846D5F7FAFB102410A9FF
:10B620000846D5F70DFC10A90846D5F709FC013CE2
:10B63000F5D110A96A460846D5F7EAFB102410A9EF
:10B640000846D5F7FDFB10A90846D5F7F9FB013CE4
:10B65000F5D110A908AA0846D5F7DAFB2A4610A9A1
:10B660003046D5F7D5FB18B070BD00BF08B5054B07
:10B67000044613B10021AFF3008000F013FB204615
:10B68000E8F776FA00000000F8B50E4B1D68AB78BD
:10B690009B07064612D56F6816F8014B29462CB950
:10B6A0000A20B847002805DB204609E02046B847B5
:10B6B0000028F1DAAB7843F00403AB704FF0FF30B1
:10B6C000F8BD00BF3C0B03000CB430B589B0054693
:10B6D0000C461C22002101A804F07BFC02238DF8FB
:10B6E00006300E4B0293059523462CB1B4F1004F62
:10B6F00028BF4FF00043013B1D440DAA0C9906954D
:10B7000001A8009200F072F814B1059B00221A7093
:10B7100009B0BDE8304002B0704700BF0D01030022
:10B72000242AF0B5044601D8012A40D104F0F6FCE1
:10B730002D4B16221A5001B10C600020F0BD2F468F
:10B740003D4615F8010B2028F9D0A0F10906042E7A
:10B750000346F4D92B282CD02D282CD101267B7818
:10B76000BD1C302B2DD1287840F02000782824D122
:10B7700032F0100021D16B782C46102202350020C7
:10B78000392B82BF03F1FF3343F02003263B303BCC
:10B790009A421AD9A0FB02040CB9C01801D346F092
:10B7A00002062F462C4617F8013B3D46E8E70746C0
:10B7B000C6E70026D3E70026D3E7002A08BF082201
:10B7C000DDE7002A08BF0A22D9E701B10C60F207C1
:10B7D00048BF4042B307B1D504F0A0FC024B22227F
:10B7E0001A504FF0FF30A9E70C0000002DE9F04F90
:10B7F0008DB043680293837815469A07804640F1DE
:10B800000D8100240E78002E00F00A81252E0BD029
:10B810004B1C03930134029B414630469847002855
:10B82000C0F2F6800399EDE74E788B1C252E03932A
:10B83000F0D00027B946BB46BBF11F0F38D8A6F1A0
:10B840002003102B0AD8DFE803F02A090930090980
:10B85000092109090928092D09091F00A6F130034A
:10B86000092B33D92A2E37D11BF0400F55F8043B52
:10B8700040F08280002BA7BF4BF0200B9946C3F10C
:10B8800000094BF0280B01E04BF0010B039B13F870
:10B89000016B0393002ECFD130E04BF0020B4BF045
:10B8A000040BF3E74BF0080BF0E74BF0100BEDE760
:10B8B000BBF17F0F19D8A6F13003092BD2D81BF0AA
:10B8C000400F03D00A2101FB0737DFE70A2101FB04
:10B8D00009394BF0200BD9E72E2E06D11BF0400F73
:10B8E00040F09E804BF0400BD0E76C2E31D02BD82F
:10B8F000682E36D06A2E3CD04C2E3AD0002F46F01F
:10B900002003B8BF2BF04002A3F16501BCBF1FFAB2
:10B9100082FB0027022901D9612B2FD1073525F0A1
:10B920000705DFF8ACA2083507271BF0080F66D023
:10B930000AEB070B56465E4563D1A4EB0A0A06EBF9
:10B940000A02A9EB07096FE1742E9FD07A2E9DD0D1
:10B95000D4E71BF0800F18BF4BF4007B4BF0800B3B
:10B9600094E71BF4807F18BF4BF4007B4BF4807B83
:10B970008CE74BF4207B89E71F4687E7A6F163013C
:10B98000122900F2F080DFE811F013004F00EE0002
:10B99000EE00EE00EE004F00EE00EE00EE00EE00D6
:10B9A000EE00FE00E900EE00EE001B00EE00AF002E
:10B9B00055F8043B8DF8183001270DF1180AB4E74B
:10B9C00055F804AB834BBAF1000F08BF9A461BF041
:10B9D000400F14BF39464FF0FF31504604F033FB9F
:10B9E0000746A2E7029B41462020984700280FDB2C
:10B9F000013EB742F6D34C44A41BB14698E74E46ED
:10BA0000F7E716F8010B029B41469847002892DAA7
:10BA100098F8023043F0040388F802304FF0FF3406
:10BA200020460DB0BDE8F08F1BF0800F34D01BF422
:10BA3000007F2CD0073525F00705AA4669685AF81B
:10BA4000080B2BF010050029ADB237DA404261EB4C
:10BA5000410145F480650DF1180B0A235A4604F0A4
:10BA6000FEFAA0EB0B0301936B0662D5019B25F058
:10BA700001019F4289B240F3A180002E00F099801D
:10BA800015F0100240F09C80BB460D4623E0AA460C
:10BA90005AF8040BC117D4E7AA461BF4807F5AF862
:10BAA000041B01D10846F5E71BF4007F15BF48B21F
:10BAB00008B241F3C01141F3C031C2E750EA0103BB
:10BAC000C9D11BF0400FC6D0002FC4D12BF01102FA
:10BAD00095B2BB46019740F2064115EA01021CBF30
:10BAE0000BF1010B00222CE02BF010021FFA82FB5D
:10BAF0000A231BF0800C49D01BF400711DBF0735D1
:10BB000025F00705AA46AA461ABF5AF8080B696825
:10BB10005AF8040B50EA010545D12BF016051BF02D
:10BB2000400FADB242D0002F40D12BF0170295B29A
:10BB3000019715F0100248D0019B002E42D103F16D
:10BB4000010B29075AD4EB0706D5D9456FDD0199BA
:10BB5000A9EB0B035F18CB465B4649E04BF0100B9B
:10BB600010237826C5E7782B04D1C6F1780343F07B
:10BB70001003BEE7029B4146252098470028FFF6A8
:10BB800047AF023447E608230026B2E7AA461BF473
:10BB900080715AF8040BBDD01BF400711ABFC0B2FB
:10BBA000614680B2B6E72BF0060295B20DF1180B94
:10BBB00054E725F01105ADB2BB468CE70D46B8E75A
:10BBC0003B460D4603F1020BBBE7DDF804B082E70C
:10BBD000609A0300227B0300CDE904324146029BB8
:10BBE000202098470028FFF613AF049B059A0133E5
:10BBF0009945F1DCA4EB0B01CC189B460AB3029BE0
:10BC00004146302098470028FFF602AF8EB9013434
:10BC10002744019B391B994224DC1D465DBB019AD8
:10BC2000A9EB0B09224455461446914435E0019F87
:10BC300092E7023441463046029B98470028E7DAF3
:10BC4000E6E640F206410D42E2D015F0020F14BFC5
:10BC50002B20202015F4806F04F10104414618BF09
:10BC60002D20E9E7029B414630209847002804F147
:10BC70000104CEDACCE606AB013D4146585D029B9D
:10BC800098470028CADAC3E6029B4146202098471D
:10BC9000002804F10104FFF6BBAEA9EB0403002B5E
:10BCA000F2DCBFE538B5074D074C641BA41024B97E
:10BCB000064B0BB1AFF3008038BD013C55F8243082
:10BCC0009847F4E7000000000000000000000000BA
:10BCD00070477FB50BAB059303930A9B0293002338
:10BCE000CDE900331846E6F707F907B05DF804FB25
:10BCF00000EBC100408840087047F8B50346FFF7E5
:10BD0000F7FFB0FA80F0C0F11F0003EB800CCA000F
:10BD1000DCF81060171D0C4606328DB256B90121B1
:10BD200001FA00F0D9680143D960CCF81040DD5326
:10BD30009D52F8BDF1000431585AD85303EBC000AE
:10BD40009E52C5805D52F4E710B500EBC104E38854
:10BD5000994202F104010AD1012303FA02F2C368F5
:10BD600023EA0203C360002340F8213010BDA288FB
:10BD700040F8213000EBC20100EBC300CB80828091
:10BD8000F4E708B50346FFF7B3FFB0FA80F2C2F15B
:10BD90001F021846BDE80840FFF7D6BF2DE9F8435B
:10BDA000B1FA81F5C5F11F0900EB89080346D8F8FF
:10BDB00010200E46C2B10327D8F81040184621467D
:10BDC000FFF796FFB04206D34A461846FFF7BCFF7E
:10BDD0002046BDE8F88303EBC404013FE088C8F8BF
:10BDE000100001D08242E7D1C5F120024FF0FF34AC
:10BDF0009440DA681440EBD094FAA4F2B2FA82F2DA
:10BE0000111D53F821402146DFE738B50346FFF7FF
:10BE10006FFF0D46044611461846FFF769FF03EB16
:10BE2000C5050444600068801846FFF761FF0144BF
:10BE300023F8314038BD38B50346FFF759FF0C46AB
:10BE4000A51A511A03EBC40405444800608003EBB3
:10BE5000C2006C00448023F8321018461146FFF7E8
:10BE600047FF014423F8315038BD38B50546FFF788
:10BE70003FFF0C46014405EBC1035B88DA070AD497
:10BE80002846FFF77EFF21462846FFF731FF22189C
:10BE90002846FFF7BAFF35F83410611A05EBC103E5
:10BEA0005B88DB070CD42846FFF76BFF35F83410AE
:10BEB0002246611A2846FFF7A8FF35F83430E41A05
:10BEC00021462846BDE83840FFF717BF70B5056822
:10BED00009B9002070BD01F007030B33CC0804EB57
:10BEE000D304AB689C4228BF1C4621462846FFF776
:10BEF00055FF06460028ECD001462846FFF7F8FE1D
:10BF0000A04207D932192846FFF795FF1146284667
:10BF1000FFF7F3FE05EBC6021046538843F001031A
:10BF200053800430D6E71146FFF7D0BF2DE9F04724
:10BF300006460D46174698462BB398F8004093F8EE
:10BF40000190DB78A40004EB430498F802301C4411
:10BF500044444FF0000ACA4509D3D8F8042008F138
:10BF6000080339463046AC46BDE8F047604714F850
:10BF7000013B48F823402046E3F7ACFB0130044482
:10BF80000AF1010AE7E76FF01500BDE8F08700202D
:10BF9000704700F063BA0FB407B504A951F8040B59
:10BFA000019100F05BFA03B05DF804EB04B0704758
:10BFB000002383F31188BFF36F8F0423184602DF39
:10BFC00070470FB407B504A951F8040B0191FFF7AE
:10BFD000E0FF03B05DF804EB04B07047F0B56423F4
:10BFE0000546042600200A2769B9F0BD9A42B2FB33
:10BFF000F3F40CD2012B0AD048B903FB1422D2B2BD
:10C000000A24B3FBF4F3013EF0D12E70EDE7303497
:10C0100005F8014BB2FBF3F4013903FB14220130A4
:10C02000B3FBF7F3C9B2C0B2D2B2DBB2DCE7A0F126
:10C030003003DBB2092B02D80B7000207047A0F14F
:10C040006103052B02D85738C3B2F5E7A0F14103CD
:10C05000052B01D83738F7E76FF015007047F7B5B3
:10C06000054601F0010000EB51069E424FEA5107E0
:10C0700003D90026304603B0F0BD58B128780DF141
:10C080000701FFF7D4FF0028F3DB9DF8073002F823
:10C09000013B013501351744BA42EBD015F8010CCC
:10C0A0000DF10701FFF7C3FF0028E2DB9DF8074011
:10C0B0002401E4B2147015F8020BFFF7B8FF002852
:10C0C000D7DB9DF807301C4402F8014BE4E7838B73
:10C0D00013F0070305D10368002B0CBF00200320D9
:10C0E0007047022B05D1C08BB0FA80F04009800068
:10C0F0007047012B05D10368002B0CBF00200520E1
:10C1000070470020704710B50C4600B111B96FF0B0
:10C11000150010BD081D00F02FF80028F9D1A36804
:10C12000032BF6D9F3E72DE9F0410D4607461946F2
:10C13000281D90461E46E5F751F8044638B13346AF
:10C14000424629463846A446BDE8F0416047BDE86E
:10C15000F08138B50C46054658B151B10B6843B172
:10C160004B6833B12022002103F033FF2C61002003
:10C1700038BD6FF01500FBE7034640B1426802F09E
:10C180000302022A06D0032A04D0012A05D06FF048
:10C19000150070471A68002AF9D00020986070478F
:10C1A000704770B4C6680468806A0D0C06FB0544CD
:10C1B00014FA81F184682468A44670BC60472DE9B4
:10C1C000F0431C46C36A1D686D4289B00646884626
:10C1D000174605F020051CB9204609B0BDE8F083DC
:10C1E000AC42A14628BFA9464B466A464146304666
:10C1F000FFF7D7FF0028F0D16B46484502D1241A3B
:10C200008044E8E713F8012BBA4201D10130F4E78A
:10C210000120E2E70B6803F580330B60008A1A0CFB
:10C22000B0EB134F04BFA3EB02430B60704710B594
:10C23000014604460722FF20F5F71EFDE07110BD00
:10C240007FB50BAB059303930A9B0293099B019364
:10C25000002300931846E5F74FFE07B05DF804FB96
:10C260000368012B81BFC91801F1FF315B421940FE
:10C27000084670472DE9F0410C4605460821C06A82
:10C28000FFF7EEFF072207462146FF206688B4F835
:10C290000480F5F7F1FCE379834208D1E86846446D
:10C2A000C01BB04294BF00200120BDE8F0810020F7
:10C2B000FBE738B505460C46FFF7DCFFA0B1A088C8
:10C2C00098B922884FF6FF739A420DD1E86A082187
:10C2D000FFF7C6FF6288EB689B1AB3FBF0F202FB24
:10C2E0001030B0FA80F0400938BD0020FCE7F7B507
:10C2F00004460D46C06A0821FFF7B2FF29680746C9
:10C3000008232046FFF74DFF0646002836D12B684C
:10C310003B442B60E26899B2D21B91422ED11A0C99
:10C3200003BF228A02F1FF3203EB0241A3F5803101
:10C33000296008236A462046FFF733FFE8B9E36A1D
:10C340005A796B4613F8011B8A420CD10130082838
:10C35000F8D1636805E02B68BDF802201B0C1B04B4
:10C3600013442B600AE069462046FFF7A2FF00282D
:10C37000F1D129462046E4F78FFF0646304603B048
:10C38000F0BD2DE9F043074689B090461C461BB925
:10C39000002009B0BDE8F083FD683B68080C05FB90
:10C3A000003313FA81F6FB6A1D686D4225400CD0FC
:10C3B000B86A83683146D3F804902B46C8470028F2
:10C3C000E7D1641BE4D02E44A84422464146684687
:10C3D00003F0D7FDFD6A2A686979121B0DEB040092
:10C3E00003F0F7FDB86A2B688268314654686A46E4
:10C3F000A047CEE710B50A46082341680446FFF778
:10C40000C0FF08210246E06AFFF72AFF63681B1A93
:10C410006360104610BD00231A46E5F7ADBA13B5A8
:10C4200000240094E5F782FB02B010BD00207047A5
:10C4300002F011BA0346BFF35B8F53E8000F421CB2
:10C4400043E800210029F8D1BFF35B8F704708B59E
:10C4500000210846E5F7D8FB002008BD1FB50023E2
:10C46000CDE90201CDE900331A4619461846E5F731
:10C4700043FD05B05DF804FB70470020704743683A
:10C48000DA7143681960436801225A71FFF7F4BFFB
:10C4900070B50E4615461946044618B9BDE87040F9
:10C4A000E5F7D0BC33B1C2F34A231030120D184463
:10C4B00003F067FDC4E900562046BDE87040E5F78B
:10C4C000D9BC7FB50BAB059303930A9B0293002362
:10C4D000CDE9003302221846E5F70EFD07B05DF8FE
:10C4E00004FBF8B506460D4614461F4604B9F8BDD0
:10C4F000214628463A46B047241A0544F6E707B5D0
:10C50000D1E900328DF80700526801210DF10700D2
:10C510009847002003B05DF804FB0A2838B50446AC
:10C520000D4602D10D20FFF7EAFF29462046FFF70E
:10C53000E6FF002038BD2DE9F043054687B00846E8
:10C540000E8891F80090D1F808800C461746E5F760
:10C5500049FD011EC6F38216C9F3C2091EDB484617
:10C56000E5F7BCFC03462146608851F8102B019684
:10C57000C2F34A22002A01EB0204C0F30B1008BFE9
:10C5800000210022CDE90407CDE9021400924146C2
:10C590002846E5F753FD07B0BDE8F0830023E2E746
:10C5A00043681B685B680020996170472DE9F04182
:10C5B00043681B685A68012111771D68D5E9013667
:10C5C000D3E900482F681CB96B681C60BDE8F08196
:10C5D000214630464246B847241A0644F3E770B570
:10C5E00043681D686B6898690C46E5F7A1FB214616
:10C5F00003460F222868BDE870401847704770B5A1
:10C600004C680368A34201D2012070BD8A682244AD
:10C61000934201D30020F8E7D1E903254E69B542E2
:10C6200003D36FF00B038B61F4E71B1B42F835302B
:10C630004368086902EBC00253600B6901330B6168
:10C64000E2E737B50C46C0B201A91546E5F7D4FEBE
:10C6500000280CDB019850B121462A46E5F7F2FE8E
:10C6600004460198FFF7CAFF204603B030BD6FF0C3
:10C670001504F9E70020E5F731BF00221146E5F780
:10C68000FBBE7FB50BAB059303930A9B0293099BFB
:10C690000193002300931846E5F72EFC07B05DF8E0
:10C6A00004FB034610B508460AB10021116053B1DE
:10C6B000D0B1411E11F8010F80B113F8014BA04217
:10C6C00001D13D28F6D100200EE0013313600AE0CD
:10C6D0003D2808D0B0FA80F0400905E018782F28EE
:10C6E000F6D1002AF1D1012010BD10B509B1002307
:10C6F0000B6058B103461A781C4601332AB13D2A13
:10C7000003D02F2AF7D101B10B60201A10BD0830D9
:10C71000704710B5134614460A4681880068FFF733
:10C720007EFEA042A8BF204610BD2DE9F04F97B075
:10C73000044601929A46894600297CD0DAB1BAFAB9
:10C740008AF67609258F0135ADB2A84604F1080BAB
:10C750006F1EBFB2B7F5004F26D04A2303AA394651
:10C760005846FFF75CFE002807DA10F1020F08BFF9
:10C77000B8463D46ECE70126E4E700F158030DEB2F
:10C780000300002300F84C3C03A94846E2F790FF61
:10C790000028EED126B339465846FFF73CFE002864
:10C7A00005DA17B0BDE8F08FBEB30020F9E705F554
:10C7B0007F513F3189B25846FFF72DFE0028F0DB4C
:10C7C000238FBB42F1D12246013B22F8383F4FF480
:10C7D000004102235846E5F7CFF800EAE070E0E7B1
:10C7E000B846B8F5404F29D0238F434504F10805DA
:10C7F00015D308F58041019A534689B22846E5F7DA
:10C80000BBF80028CDDB002ECFD04846E2F762FF10
:10C810004A46034641462846DDE70126E1E722462F
:10C82000022322F8388F4FF400412846E5F7A4F898
:10C830000028DEDAB5E76FF01500B2E76FF00B0005
:10C84000AFE72DE9F0418768FB6804460D461646C0
:10C850009847BB682BB1324629462046BDE8F041D7
:10C8600018476FF05700BDE8F0817FB50BAB05931B
:10C8700003930A9B029308220023CDE90032184655
:10C880000422E5F739FB07B05DF804FB03F0A1BB18
:10C8900003F077BB7FB50BAB059303930A9B029321
:10C8A0000023CDE9003301221846E5F725FB07B048
:10C8B0005DF804FB01460068E6F736B908B5E6F70F
:10C8C00095F9BDE80840E6F7B5B97FB50BAB059320
:10C8D00003930A9B02930023CDE9003301221846FB
:10C8E000E5F70AFB07B05DF804FB00210120E6F73D
:10C8F0001BB96FF08500704761B662B680F311888E
:10C90000BFF36F8F704772B6002383F31188BFF3B4
:10C910006F8FBFF34F8F30BF62B6BFF36F8F70471B
:10C9200072B6002383F31188BFF36F8FBFF34F8F6D
:10C9300020BF80F31188BFF36F8F62B67047202845
:10C9400009D9B0F1004F08D80138B0FA80F0C0F131
:10C950001F0040007047082070473E2070477FB599
:10C960000BAB059303930A9B0293099B019300234E
:10C9700000931846E5F7C0FA07B05DF804FB08B568
:10C98000D1E904319847002008BD08B5E7F7F8F869
:10C99000002008BD7047C16A8968E7F783B903685A
:10C9A0000B6043684B6083688B60704710B50C4622
:10C9B0000121E7F701FC047010BD10B503681C7875
:10C9C0000121E7F719FC204610BD10B503681C884B
:10C9D0000221E7F711FC204610BD02688068101A9A
:10C9E00070478388C2888168D21A03685B1AD01A9C
:10C9F000704738B50D4614461146E7F739FC224614
:10CA00002946BDE8384003F0BCBA10B50C460121F8
:10CA1000E7F72EFC047010BD7FB50BAB05930393B5
:10CA20000A9B029308220023CDE900321846042213
:10CA3000E5F762FA07B05DF804FB7FB50BA8059037
:10CA400003900A980290099801900898009000209D
:10CA5000E5F752FA07B05DF804FB0020704710B507
:10CA60000C46017822788A428AB00FD06946E8F7EE
:10CA700007F805A92046E8F703F810220DF1150183
:10CA80000DF1010003F0ADFA0AB010BD012A06D085
:10CA9000022A07D072B940886388C01AF4E7406858
:10CAA0006368FAE71022611C01300AB0BDE810404B
:10CAB00003F097BA6FF01500E6E7042A0AD0102AAF
:10CAC0000DD0022A4FF0000315D103700B8843806C
:10CAD00001207047012303700B684360F8E70223CD
:10CAE00000F8013B01F1100351F8042B40F8042B2E
:10CAF0009942F9D1ECE718467047012310B5062199
:10CB0000044600F8013BF7F78FFC18B9A37963F0EE
:10CB10003F03A37110BD0B6803608B8883808B7902
:10CB20008371037823F00203037070470078C0F329
:10CB30004000704738B50446807AE7F763F86169CA
:10CB4000054649B1637ADB0704D4C36A1B682046F3
:10CB50009B6898470023636121462846BDE838401A
:10CB600002F04FB97FB50BAB059303930A9B029379
:10CB700008220023CDE9003218460422E5F7BCF96B
:10CB800007B05DF804FB438A23B9C068B0FA80F0AF
:10CB90004009704700207047D0F8A43083B15A7B19
:10CBA000D1070DD5D2060DD51B7B102B14BF032347
:10CBB00004234372807A98428CBF00200120704782
:10CBC0000223F6E70323F4E70F2807D80D280BD834
:10CBD000052808BF032018BF02207047132803D080
:10CBE0001A2808BF0120F6E70120704710B5034658
:10CBF000BFF35B8F53E8000F40EA010243E80024D3
:10CC0000002CF7D1BFF35B8F10BD7FB50BAB059345
:10CC100003930A9B0293099B0193002300931846F8
:10CC2000E5F76AF907B05DF804FBBFF35B8F50E8E6
:10CC3000003F0B4040E80032002AF8D1BFF35B8F81
:10CC40007047C0F307231070000E5370D07000239C
:10CC5000C1F30720090E9370137150719371D17154
:10CC6000704710B5EAF7BEFE6FF4807104461030CD
:10CC7000FFF7DBFF2046BDE8104000F0C2B9C368F3
:10CC8000DB78012B01D1FFF7ECBF7047C368DB787D
:10CC9000012B01D1FFF7E5BF70470020704710B5A9
:10CCA00003884288934219D8052B17D9B2F5486FEB
:10CCB00014D88388B3F5FA7F10D2C088A0F10A0196
:10CCC00089B240F67644A14208D801339BB253435F
:10CCD000B3EB800F34BF0120002010BD0020FCE723
:10CCE0000020704708B5F4F741FA18B1C089003840
:10CCF00018BF012008BD70B506460D464FF0FF3045
:10CD00004FF0FF31E8F778FF044668B103210C309B
:10CD1000E7F7AEFA0680857021460022BDE8704034
:10CD200040F20640E9F79EBB6FF0680070BDC36833
:10CD3000187808B1E8F7C0BA1846E9F773BD38B5F6
:10CD40004FF0FF3105464FF0FF30E8F755FF04463E
:10CD500068B102210C30E7F78BFA2B88038021465B
:10CD60000022BDE8384042F21600E9F77BBB6FF0C5
:10CD7000680038BDF8B507460E464FF0FF304FF05B
:10CD8000FF311546E8F738FF044678B106210C302C
:10CD9000E7F76EFA3B8803804680858021460022B3
:10CDA000BDE8F84042F22200E9F75CBB6FF0680092
:10CDB000F8BD2DE9F047814688464FF0FF304FF02F
:10CDC000FF319DF820A017461E46E8F715FF0546DF
:10CDD000A0B107210C30E7F74BFAB9F80030038017
:10CDE00080F80280C7700671A0F805A029460022CD
:10CDF000BDE8F04742F23200E9F734BB6FF068005B
:10CE0000BDE8F08708B5072203F0EBF8B0FA80F030
:10CE1000400908BD0B6803608B8883808B79837120
:10CE20007047BFF35B8F0068BFF35B8F70477FB5C0
:10CE30000BAB059303930A9B0293099B0193002379
:10CE400000931846E5F758F807B05DF804FB037A3D
:10CE50005B07024605D501462A3211F8010BE9F7B6
:10CE600037BF704710B400F11003BFF35B8F53E876
:10CE7000002F22F4005143E80014002CF7D1BFF337
:10CE80005B8F930403D510BC012100F0B8B810BC2F
:10CE9000704700F1100208B503461046FFF7C1FFC6
:10CEA000C10511D5BFF35B8F52E8000F40F400506D
:10CEB00042E800010029F7D1BFF35B8F184600213B
:10CEC000BDE8084000F09BB808BD18B111B1084694
:10CED000E9F786BF6FF01500704713B5044680B1BF
:10CEE00006216846F7F7A0FA48B99DF8053069466B
:10CEF00003F03F0320468DF80530FFF7E6FF02B050
:10CF000010BD6FF01500FAE7003818BF0120704718
:10CF1000037AD90704D523F001030372EAF7D6B8E0
:10CF2000990704D523F002030372EAF7C7B97047E3
:10CF300000207047034610F4004F0CBF0720062066
:10CF4000DA0348BF00F005009B0348BF00F0FB0078
:10CF50007047BFF35B8F0068BFF35B8F70477FB58F
:10CF60000BAB059303930A9B02930023CDE9003397
:10CF70001846E4F7C1FF07B05DF804FB012303FA8C
:10CF800001F15AB1BFF35B8F50E8003F0B4340E81B
:10CF90000032002AF8D1BFF35B8F7047C943BFF35B
:10CFA0005B8F50E8003F0B4040E80032002AF2D08F
:10CFB000F7E770B5064686B00D464FF0FF304FF0EC
:10CFC000FF31E8F719FE0446B0B10C3095B10121EC
:10CFD000FFF71BFD06F1100203A920460095082368
:10CFE000E8F7F8FD0022214642F20A00E9F73AFA92
:10CFF00006B070BD2946EBE76FF06800F8E7FFF771
:10D00000D8BF1830FAF7E6BA0368D90444BF43F42E
:10D010008063036003689A0444BF43F400630360C1
:10D0200070477FB50BAB059303930A9B0293099B53
:10D030000193002300931846E4F75EFF07B05DF804
:10D0400004FB00230B60436813B9C0E9001170476B
:10D05000196041607047D0F8B400003818BF012053
:10D06000704710B50346BFF35B8F53E8000F40EAEB
:10D07000010243E80024002CF7D1BFF35B8F10BD01
:10D080007FB50BAB059303930A9B0293099B019316
:10D09000002300931846E4F72FFF07B05DF804FB68
:10D0A0002438EBF731B9036800220BB918467047F2
:10D0B0008B4210D10B6842B942680360914200D1A3
:10D0C000436000230B60012070471360436899425E
:10D0D00008BF4260F5E71A461B68E6E710B504464C
:10D0E000006918B1E6F782FF0023236110BD10B577
:10D0F0000446D0F8A40028B9207A04F17001F4F7AE
:10D1000035F838B1E278C3892AB913F0210F14BF7A
:10D110000120002010BD13F0240FF8E738B5037A82
:10D120008B420446154615D100F1700107222846AE
:10D1300002F057FF80B1E378072243B904F17E0182
:10D14000284602F04EFFB0FA80F0400938BD04F1E5
:10D150007701F5E70020F9E70120F7E7F8B5074682
:10D160000D464FF0FF304FF0FF31E8F745FD064622
:10D17000D0B10E210C30E7F77BF80E2204460021D7
:10D1800002F027FF3B8823802B8863806B88A38075
:10D19000AB88E380EB88238131460022BDE8F8406C
:10D1A00042F21300E9F75EB96FF06800F8BD7FB591
:10D1B0000BA8059003900A9802900998019008988E
:10D1C00000900020E4F798FE07B05DF804FB38B546
:10D1D000436B0D46BBB1184650F8084904B1083CF2
:10D1E00053F8043C9B680BB1294698475CB1204634
:10D1F000A468436824B19B68083C002BF4D1F6E78F
:10D200009B68002BF0D138BD406B30B1838B8B42D3
:10D21000A0F1080001D08068F7E7704738B50D46E7
:10D220000521FFF7F1FF00231A462946ECF7ECFF32
:10D23000044610B12846E6F7D9FE204638BD406BBB
:10D2400030B183898B42A0F1080001D08068F7E7F4
:10D25000704770470346006828B1596802681A6031
:10D26000884208BF5A6070470346002003B97047E0
:10D270001A8A5B681044F9E710B5D4682378023144
:10D2800013B92170012010BD8B42FBD0038A023BF1
:10D29000038200201061F6E7BFF35B8F0068BFF3E5
:10D2A0005B8F70471FB5CDE90123002300931A4619
:10D2B000F0F7E0FE05B05DF804FB70B40568AA6AFB
:10D2C00052B3136803B1B03BA2F1B004002211467F
:10D2D00000E0B03B844207D0668D648BB14238BF1A
:10D2E0003146A24238BF22461C462BB1D3F8B0309B
:10D2F000002BEED18442EFD1438D408B8B4201D87D
:10D3000090420BD9824238BF02469942286838BF02
:10D31000194670BCF1F7CEBE1146EDE770BC704700
:10D32000D0680378043113B90170012070478B4233
:10D33000FBD091680B8A0020043B0B821061704780
:10D340007FB50BAB059303930A9B0293099B019353
:10D35000002300931846E4F7CFFD07B05DF804FB07
:10D360002DE9F04F044685B0104690469946FFF7E8
:10D370007BFF638B628D934228BF134683428B46AB
:10D3800040F29380636803934046E6F789FE4FF0CE
:10D39000000A06464046FFF767FF628B638D06F181
:10D3A0000C079A4294BFC0EB0205C0EB0305384658
:10D3B000FFF717FB854217D24046FFF755FF628BF8
:10D3C000638D9A4294BFC0EB0205C0EB03058DBB91
:10D3D00098F80A00E6F716FC00220023FFF7DBFAB4
:10D3E000064630B9574636E03846FFF7FAFA0546A2
:10D3F000EDE701464046E6F799FE4046FFF734FF69
:10D40000628D638B06F10C079A4294BFC0EB020554
:10D41000C0EB03053846FFF7E4FA85421FD24046C9
:10D42000FFF722FF628D638B9A4294BFC0EB020527
:10D43000C0EB0305F168328ACDF80090DBF8047088
:10D4400003980A44ABB25946B847071E0CDABAF142
:10D45000000F18BF5746384605B0BDE8F08F384674
:10D46000FFF7BFFA0546E5E70E9BB3B9394606F16B
:10D470000C00E6F7FDFE4046FFF7F6FE638D628B7B
:10D48000934228BF1346B9448342BA441FFA89F92C
:10D49000A8D9AF423FF47EAFA4E70F9A0E9B39465E
:10D4A000304698470028E1D19CE70027D3E703687E
:10D4B000002203B970478B420FD10B683AB942681A
:10D4C0000360914200D1436000230B6070471360FA
:10D4D0004368994208BF4260F6E71A461B68E8E7CE
:10D4E000BFF35B8F50E8003F43F0080240E80021A3
:10D4F0000029F7D1BFF35B8FC3F3C00070472DE95C
:10D50000F041846A074634B354F8B06906B1B03EBE
:10D5100000231D4607F1040801E034461646E26D7B
:10D5200092B905B983B94046FFF794FE054650B15C
:10D5300001462046EEF79AF868B17B682B60BB681D
:10D540007D6003B9BD6023462EB1D6F8B020002A15
:10D55000E3D0B03AE1E7BDE8F08170B504460E468D
:10D56000002200230846F9F7A5F8054658B1014600
:10D570002046EEF755F8044618B12946304601F02A
:10D5800040FC204670BD6FF00104FAE738B5044650
:10D590000D46EDF7ABFF30B1294604F16000BDE860
:10D5A000384001F023BC38BDF0F754BC012070476F
:10D5B00008B5EDF765FF98B1836A8BB1BFF35B8F58
:10D5C000B03B03F1580252E8000F20F0080042E897
:10D5D00000010029F7D1BFF35B8FD3F8B030ECE73F
:10D5E00008BD08B50421FFF72AFE20B15430FFF72B
:10D5F00053FEC0F3C00008BD70B51C460E4615466C
:10D60000EDF71CFAC0E903650123C380047570BD02
:10D61000106000207047106091800020704700204B
:10D62000704708B5072202F0DCFCB0FA80F0400930
:10D6300008BD10B503789342044607D10130FFF7C7
:10D64000F0FF002814BF2046002010BD0020FCE79A
:10D6500010B50346BFF35B8F53E8000F40EA0102A9
:10D6600043E80024002CF7D1BFF35B8F10BD10B549
:10D670000346BFF35B8F53E8000F00EA010243E863
:10D680000024002CF7D1BFF35B8F10BD0B68036043
:10D690008B8883808B7983717047BFF35B8F0068C1
:10D6A000BFF35B8F70477FB50BA8059003900A9876
:10D6B000029009980190089800900020E4F71CFC63
:10D6C00007B05DF804FBF0B507683D7889B0064601
:10D6D0001446E5B97B88B3F5245F04D011D8A3F5CF
:10D6E0002053032B13D8ADF80A1002220DF10A01C2
:10D6F0002046EFF705FC70B16FF01502C4F85C210D
:10D7000006E003F55643FF339BB2042B1DD90125D8
:10D71000284609B0F0BD7B88ADF80A3002220DF131
:10D720000A012046EFF7ECFB0028E5D1009003AAA0
:10D73000776813233146B847021EDFDB03A9204672
:10D74000EFF7DEFB0028E2D0D6E7ADF80A100222A0
:10D750000DF10A012046EFF7D3FB0028CCD17B88DE
:10D76000ADF80A3002220DF10A01E8E710B50446CF
:10D77000EFF788FD38B121460122BDE8104011F8CD
:10D78000010BEFF7E3BA10BDF0B587B01F460446B2
:10D790000D461646FFF7A4FA022302930DF1160375
:10D7A0000193BDF83030ADF81600009332463B4689
:10D7B00029462046F0F7B8FB07B0F0BD2DE9FF4140
:10D7C0001F460D4616460446E8F71AFC8046E1F768
:10D7D00081FFBDF82830009380B2CDE901803B463F
:10D7E000324629462046F0F79FFB04B0BDE8F081A1
:10D7F000F0B587B01F46002304460D4616468DF847
:10D800001430EFF761FA10B1037A8DF81430012368
:10D81000029305AB0193BDF83030009332463B468E
:10D8200029462046F0F780FB07B0F0BD70B5CC6804
:10D8300086B02678BDF8285066B96488ADF81640E1
:10D84000022402940DF11604CDE90054F0F76CFBAC
:10D8500006B070BD102602960134F5E7F0B50C460F
:10D8600087B0C968054616461F46EFF75BFA00B158
:10D870000089ADF81600022302930DF116030193FF
:10D88000BDF83030009332463B4621462846F0F73B
:10D890004BFB07B0F0BD13B5044610B9002002B031
:10D8A00010BD00238DF80430006842F6030301A97F
:10D8B000ADF80630FFF7D3F80028EFD1E368988879
:10D8C0000028ECD12046F0F78DFB013080B2E6E76E
:10D8D0002DE9F041CC688AB0064698460846A379FF
:10D8E0008DF814300D461746FFF7D5FFADF815003B
:10D8F0002468237893B96388ADF817300523029321
:10D9000005AB0193BDF8403000933A4643462946A3
:10D910003046F0F709FB0AB0BDE8F081631C0DF159
:10D920001702113453F8041B42F8041BA342F9D127
:10D930001323E4E71FB5CDE90123002300931A4622
:10D94000F0F798FB05B05DF804FBF0F7CDBC38B5F7
:10D95000044659B100F170052946007AF0F714FE2B
:10D96000207A2946BDE83840F0F7E0B938BDF8B56F
:10D9700006460F46EFF786F9394604463046FFF76C
:10D98000B1F968B364B304F108056FF001012846EA
:10D99000FFF76DFEC20703D539463046F0F7F4FDB8
:10D9A0006FF002012846FFF762FE830703D5394670
:10D9B0003046F0F7BBF92846FFF76FFE80B92346E3
:10D9C00003F8010BC4F80100C3F80300BFF35B8F39
:10D9D00055E8003F45E80002002AF9D1BFF35B8F0C
:10D9E000F8BD10B50446A0F1170110F8180CFFF7A8
:10D9F000BEFF14F80C0CA4F10B01BDE81040FFF7BA
:10DA0000B6BF38B54C8AD3070546C4F30E0404D517
:10DA100014F0950F2AD04B6843B3900704D514F443
:10DA2000957F25D08B681BB3144014F4DE7F0DD096
:10DA3000EB7A2BB92846FFF75AFBD8B9052038BD39
:10DA400014F0300F04D114F4C07F07D10020F6E7A2
:10DA50002846EBF7D7FF0228F5D8EFE7D5F8A43032
:10DA6000002BEBD05B7BDB06E8D5EFE70220E6E797
:10DA70000320E4E70F20E2E72DE9F0410546884660
:10DA8000EFF722F90446E0B1037ADB0719D500F17C
:10DA90000C073846FFF701FE10F0010611D1B8F16E
:10DAA000000F0FD06FF002013846FFF7E0FD10F0D5
:10DAB000020F284609D0FFF77BFD01212046FFF722
:10DAC00055FE01263046BDE8F081FFF76FFD0028C6
:10DAD000F8D02846FFF785FD0028F3D06FF002014B
:10DAE0003846FFF7C4FD2846E5E770470120704738
:10DAF0000120704707207047BFF35B8F0068BFF3BA
:10DB00005B8F084100F00100704738B50A460346B4
:10DB100009B9012038BDC88910F0240FF9D0197D4A
:10DB20005D7B147BA94228BF29468C4201D9002085
:10DB3000F0E7840608D4507B197AC0070BD4187A12
:10DB4000003818BF0120E5E70521181DFFF7D4FFB5
:10DB50000028F0D1EBE70029E9D00521181DFFF7D7
:10DB6000CBFF18B9197A01390129E0D9527BD207C4
:10DB7000CFD4E4E701238B40DB43BFF35B8F50E856
:10DB8000002F1A4040E800210029F8D1BFF35B8F35
:10DB90007047072070477FB50BAB059303930A9B33
:10DBA0000293099B0193002300931846E4F7A4F91C
:10DBB00007B05DF804FB01238B40BFF35B8F50E897
:10DBC000002F1A4340E800210029F8D1BFF35B8FF2
:10DBD000704770B5051D0E4628460421FFF78CFFDF
:10DBE00068B10022002100230846ECF7CBFA044676
:10DBF00040B904212846FFF7DEFF204670BD4FF4F0
:10DC00007022EFE701210C30E6F732FB0670F4E7F3
:10DC100038B504210446FFF7DCFF054698B1102112
:10DC20000C30E6F725FB04F1270304F1370253F823
:10DC3000041B40F8041B9342F9D120462946F1F712
:10DC40002BFB002038BD0820FCE707207047072089
:10DC500070470720704730B5012303FA01F1CA432A
:10DC6000BFF35B8F50E8003F03EA020440E8004541
:10DC7000002DF7D1BFF35B8F194214BF01200020A4
:10DC800030BD38B50446031D0025BFF35B8F53E854
:10DC9000002F43E800510029F9D1BFF35B8F04F551
:10DCA000A070F9F797FC2572BFF35B8F54E8003F33
:10DCB00044E80052002AF9D1BFF35B8F20460121CE
:10DCC000BDE83840FFF777BF70B500F17006054634
:10DCD0000C4607220968304602F083F9B8B9636838
:10DCE0001A682A679A88A5F874209B7985F8763097
:10DCF000D5F8A4305BB1A268934208D0626811687D
:10DD0000C3F801109188A3F805109279DA7170BDFB
:10DD10002DE9F84FDDF82C80BDF828900446924696
:10DD20001F46F1F71DFB054600285AD0061DB9F124
:10DD3000000F27D15AEA070324D103213046FFF709
:10DD4000DBFED0B301213046FFF7D6FEA8B32C7D11
:10DD50006B7B9C4228BF1C46224605F1470140468A
:10DD600002F00FF90F2C06D8C4F11002002108EBC5
:10DD7000040002F02EF930460121FFF71CFF0120BC
:10DD8000BDE8F88FD4F8A430F3B904F1700B217A10
:10DD90005A462020F3F7F2F8C4F8A40030B9217AEB
:10DDA0005A460120F3F7EAF8C4F8A400B9F1000FCD
:10DDB0000AD15AEA070704D006E0D4F8A430002BB1
:10DDC000E3D0D4F8A41071B90F213046FFF794FEC8
:10DDD00020B1022206212046EBF788FD2846FFF7F6
:10DDE00050FF0020CCE7CB899B06EDD50C7B1A3188
:10DDF0002246B4E76FF085007047E9F73BB97FB57D
:10DE00000BAB059303930A9B0293099B0193002399
:10DE100000931846E4F770F807B05DF804FB7FB58F
:10DE20000BAB059303930A9B029308220023CDE9D1
:10DE3000003218460422E4F75FF807B05DF804FBEF
:10DE400010B5431E00F11002073013F8011F12F83D
:10DE5000014D1C7083421170F7D110BD7FB50BAB23
:10DE6000059303930A9B02930023CDE9003301221B
:10DE70001846E4F741F807B05DF804FBF8B5069FD3
:10DE80000469C9B2EFF31186402585F31288BFF308
:10DE90006F8F0C2569430C44A56C05F0070CBCF191
:10DEA000010F0BD1A76486F31188BFF36F8FC4E90C
:10DEB000102343685B5898470020F8BD05F0C00563
:10DEC000AF4286F31188BFF36F8F0CBF6FF07700FE
:10DED0004FF0FF30F1E713B580240094FFF7CEFF39
:10DEE00002B010BD0069CBB200EB43100021104717
:10DEF0001046F8F769BC00F04FBD8022F3F70CBF65
:10DF00004FF4AF607047F7B51C4616460023826891
:10DF10002360A36053690D4601AA69469847019B97
:10DF20005A1E01921BB96FF0150003B0F0BD0098A6
:10DF3000A26847682168676085B9B31AD0F800C045
:10DF4000634528BF63461A4403FB07112160A260A2
:10DF500002689A4206D808300090E0E76B1AB3FBDB
:10DF6000F7F3EBE70020E0E713460022FFF7CBBF13
:10DF70002DE9F047836886B05B698846914601A920
:10DF800002AA98470024A2462546029BAB4202D82B
:10DF900006B0BDE8F087019F07EBC50700267B6848
:10DFA00004933A68B2420AEB060302D801359A4656
:10DFB000EBE703940593494603A8C0470028E7D040
:10DFC000049B01361C44ECE710B50C4600F084FEBF
:10DFD0000023C4E90003184610BD70B5044600F0E4
:10DFE00081FE237B05460BB100F0F9FC002660683A
:10DFF000F7F762FBA3685B1BA36063682B44636055
:10E00000237B01363BB9A368002BF0D1A068003810
:10E0100018BF012070BD3046F6F744FD0028F2D04D
:10E02000F4E738B505460C4600F056FE002D07DB38
:10E03000A84205D9401B84428CBF0020012038BD76
:10E040000020FCE77FB50BAB059303930A9B02937B
:10E050000023CDE9003301221846E3F74DFF07B056
:10E060005DF804FB43685B68D3F810350B60002053
:10E07000704743685B6802EA010021EA0201C3F8C5
:10E080000805C3F80C150020704743685B68002042
:10E09000C3F80815704743685B680020C3F80C1587
:10E0A000704743685A68D2F8043521EA03000B40F0
:10E0B000C2F80805C2F80C3500207047F7F722BAFD
:10E0C00030B543681360057A446804EBC504A34285
:10E0D00002D36FF0010030BD5C798C4201D008336F
:10E0E000F0E70020F7E743681B68D3F88004C3F823
:10E0F0008004704703691A6813680BB152681847A7
:10E10000704730B587B004460D461422002101A89F
:10E1100001F05FFF04230DEB030120468DF804306E
:10E120000295FFF7E7FF07B030BD70B586B006690E
:10E1300004460D461422002101A801F04AFF0223E3
:10E140008DF8043033681B6C029333689B6C01A913
:10E150002046CDE90335FFF7CDFF06B070BD30B5E1
:10E1600003691C6843681B68EFF31185402080F346
:10E170001288BFF36F8F206CA8B1E06CB0B9C4E90E
:10E180001312042AC3F83415C3F8382582BFD3F814
:10E19000002242F02002C3F80022002085F31188FB
:10E1A000BFF36F8F30BD6FF00C00F7E76FF00F001B
:10E1B000F4E70369186820B101601B6800205A6009
:10E1C00070476FF08500704710B5426800691368AA
:10E1D000006860B9D3F8104164B1526A12780A70CD
:10E1E000C3F81001D3F8102101221A6010BD6FF09E
:10E1F0008500FBE74FF0FF30F8E770B503691D6855
:10E2000043680E461C6805F1080000F05AFFEFF362
:10E210001182402383F31288BFF36F8FEB6C53B1ED
:10E22000D4F8003223F02003C4F800320023C4F8ED
:10E230004C31D4F84C31002385F8613001230EB104
:10E2400085F86230636082F31188BFF36F8F00201E
:10E2500070BD03691B681B6C13B10121FFF7CDBFB3
:10E260006FF00D00704710B503691968D1F8A4204C
:10E27000D1F8B040121B13D0082A28BF08224068EA
:10E28000C1F8AC2019688069C1F8A8001B68D3F8F0
:10E29000A010D3F8B030194401F073FE012010BD76
:10E2A0001046FCE702680346D2F8580140B95B68A3
:10E2B000DB0706D4D2F82001003818BF01207047D0
:10E2C0000120704713B501AA0446FFF7F9FE0028A4
:10E2D00005DB019B226819791868F4F765FC02B028
:10E2E00010BD10B402694468936923EA0101916189
:10E2F00011F0030108D143681B68C3F80015E068FA
:10E3000010BC0121FFF7DEBF10BC704770B5036978
:10E3100045681E6886B004461422002101A801F059
:10E3200058FE05238DF80430002386F861306B68B1
:10E330005B070ED5EFF31185402383F31288BFF3FB
:10E340006F8F02212046FFF7CCFF85F31188BFF3C2
:10E350006F8F01A92046FFF7CDFE06B070BD6FF0AC
:10E360008500704710B5026993691943916113F0F4
:10E37000030107D143681C68D868FFF7A3FF08238F
:10E38000C4F8003510BD10B543681C68C4F84415C6
:10E39000C4F848250022C4F82021D4F82011C4F87C
:10E3A00058215B68D4F858215B0702D50121FFF79B
:10E3B000D9FF0123A36010BD10B543681B684FF45B
:10E3C0008002C3F8042304464068FFF76BFF0B6824
:10E3D00018B9012283F8B82010BD002283F8B820B4
:10E3E0000B684FF0FF32C3F8B4200B682046D3E926
:10E3F0002A12BDE81040FFF7C6BF37B5426B53681D
:10E4000012691B681068D3F808217AB10022C3F89A
:10E410000821D3F808314265D0E9162300240025ED
:10E42000CDE900450830FBF7A9F806E0426D01325E
:10E43000042A4265F0D101225A6003B030BD2DE9B3
:10E44000F04F436807691D68D7F80080D5F804636A
:10E45000D5F8083189B00446DBB1720719D500221E
:10E46000C5F808214168D5F808310369D1F8009052
:10E4700019684A651868D0E916234FF0000A4FF072
:10E48000000BCDE900AB0830FBF778F80423C9F89E
:10E490000833D5F8243163B3B3052AD50021C5F874
:10E4A0002411D5F824316368D3F800A0DAF88094F9
:10E4B000142203A801F08DFD062319F0010F8DF839
:10E4C0000C3040F0418119F0020F40F03F8119F00B
:10E4D000040F40F03D8109F008038DF8103003A9C6
:10E4E0002046CAF88094FFF705FE00212046FFF77A
:10E4F00084FED5F81031002B59D0F00657D54FF0D7
:10E50000000BC5F810B1D5F81031C5F810B1D5F829
:10E5100010312369D3F800906368D3F800A009F1A3
:10E52000080000F0CEFD99F86010D9F84830DAF80C
:10E530003C2589F860B0C91A1144594502DD2046CE
:10E54000FFF7F3FDD9F840102046FFF7DAFDD9F8C0
:10E550004C30C9F84030D9F85030C9F84430002365
:10E56000C9E91333C9F8483099F86130FBB1EFF3CA
:10E570001182402383F31288BFF36F8FD9F84030A4
:10E58000002B00F0E780DAF84C3133B90121CAF8EA
:10E590000010CAF84431DAF84431DAF8003223F0D6
:10E5A0002003CAF8003282F31188BFF36F8F310362
:10E5B0001FD5D5F84C31E3B1D5F81011C9B9C5F85C
:10E5C0004C11142203A8D5F84C3101F002FD0323AD
:10E5D0008DF80C3023691A68D2E9163213431FBF35
:10E5E00063681B680422C3F8042303A92046FFF7CD
:10E5F00081FDB2032AD5D5F844313BB3D5F810A13B
:10E60000BAF1000F22D1C5F844A1D5F844312369ED
:10E61000D4F804B0D3F80090D9F8401021B12046C6
:10E62000FFF76FFDC9F840A099F86230002B00F0A9
:10E630009580002389F8623063681B680022C3F864
:10E6400008212046D3F80831FFF760FEF00519D500
:10E65000D5F82031B3B163681B68EFF31182402114
:10E6600081F31288BFF36F8FD3F8201131B10021ED
:10E67000C3F82011D3F820110121D96082F3118849
:10E68000BFF36F8F71023DD5D5F85831002B39D0CB
:10E6900063682569D3F80090EFF3118A402282F372
:10E6A0001288BFF36F8F2A685B68D2F8B410002914
:10E6B000ACBFD2F8B460D9F84C655A0707D54FF40F
:10E6C0008003C9F8083301212046FFF70AFE8AF3C8
:10E6D0001188BFF36F8F2B68D3F8A02092B193F805
:10E6E000B81000295ED0EFF31186402383F312881F
:10E6F000BFF36F8F29462046FFF75EFE86F3118831
:10E70000BFF36F8F1837BFF35B8F57E8003F23F0DD
:10E71000040247E800210029F7D1BFF35B8F5B07B4
:10E720007DD5D8F844102046FFF7FFFC2046D8F8E6
:10E730004010FFF7E6FC00232046C8E9103309B07B
:10E74000BDE8F04FFFF7E2BD0123C6E60223C4E6B1
:10E750000423C2E60123CAF8043024E7DBF80430BE
:10E760005B077FF569AF62681368D269C3F8342527
:10E770000522C3F838250122DA62D3F81021002AD5
:10E78000FBD00021C3F81011D3F81021D3F84C218D
:10E790002AB1C3F84C11D3F84C21D3F83C2589F8A1
:10E7A000602049E7D3F8A8108A4210D0D3F8AC1003
:10E7B000D3F8B020B14232442FD1C3F8B020204664
:10E7C000FFF751FD00288ED12B68D3F8B060286880
:10E7D000683000F076FC1422002103A801F0F9FB58
:10E7E0002B68D3F8A030CDE904362B68D3F8A430D9
:10E7F0009E421CBF01238DF80C304FF48003C9F8F2
:10E8000008332A680023C2F8A0302A6803A9C2F896
:10E81000A4302046FFF76EFC74E71646D7E709B030
:10E82000BDE8F08F38B54268036915681A68D2F8F8
:10E83000A01051B1002482F8B8401868683000F088
:10E8400040FC0123EB60204638BD6FF00D00FBE774
:10E85000406BFFF7E7BF08B5F4F70EFD08BD10B534
:10E860004FF0FF304FF0FF31F4F7CCFE044628B9EB
:10E87000D2F784FC044618B1F4F7CCFE204610BD54
:10E88000F4F7C8FE2046E6F7DFF9F7E77FB50BA8F7
:10E89000059003900A9802900998019008980090BA
:10E8A0000020E3F729FB07B05DF804FBF5F7FEB89D
:10E8B00010B531220446002101F08BFB2023237088
:10E8C0008023A3706FF03F0363710423A372282396
:10E8D000A3730223E3730423A3756FF00803637625
:10E8E0000323A3766FF00F03E3767E232377302391
:10E8F00084F820306FF03F0384F82130792384F8C6
:10E9000022306FF0010384F82330012384F824308F
:10E91000802384F82630042384F82730402384F8A9
:10E920002D3010BD08B5F5F7F9FD002008BD08B57C
:10E93000FBF7E6FD48B1002383F31188BFF36F8F27
:10E940000423184602DF6FF0040008BD684620F07B
:10E9500007018D4601B5DBF7EBFEBDE801408546BA
:10E960007047684620F007018D4601B5DAF792FE40
:10E97000BDE8014085467047684620F007018D4696
:10E9800001B5DAF77BFEBDE801408546704708B562
:10E99000E0F7C7FC002008BD70470020F5F7B4BEC3
:10E9A0007047DCF701B97FB50BAB059303930A9B66
:10E9B0000293099B0193002300931846E3F79CFA06
:10E9C00007B05DF804FB08B5DCF7EAFF30B1EFF300
:10E9D00005800338032894BF0020012008BD70473C
:10E9E0004FF08053D3F83001421C04BF4FF0704306
:10E9F00093F8E00F831F58425841704703460020A8
:10EA0000184700F077B910B502461168B1B1BFF3ED
:10EA10005B8FB1FA81F3C3F11F000123834021EA28
:10EA2000030352E8004F8C4204D142E8003CBCF1A1
:10EA3000000FF6D1BFF35B8FE7D110BD6FF00B0075
:10EA4000FBE710B50368CB40DB0714D401238B40F0
:10EA50000268BFF35B8F43EA020150E8004F944223
:10EA600004D140E8001CBCF1000FF6D1BFF35B8F6E
:10EA7000EED1002010BD6FF01500FBE770B50C461D
:10EA80000021054608461646F6F77EF900280ADBFF
:10EA90003378DB0003F1804303F5F8330020C3F83B
:10EAA0001055C3F8144570BD430903BF4FF0FF3341
:10EAB00023FA00F000F0010000207047C9B200EB1B
:10EAC0004100808AC0F340107047C9B200EB41009A
:10EAD000808AC0F34000704708B50A460346FFF736
:10EAE000F4FF18B111461846FFF7E8FF00F00100E7
:10EAF00008BD70B5CBB20833164630F81330DA05CE
:10EB000004460D4609D5C3F3432300EBC302314647
:10EB100050F83330526828469847A3682BB1E26812
:10EB200031462846BDE87040184770BD2DE9F341D5
:10EB3000019001A8DDE908580C4617461E46F6F775
:10EB400069F9019B391E18BF012100EB8300231EC8
:10EB500018BF0123002E43EA410314BF0C210021FA
:10EB6000002D43EA010314BF4FF4E0610021B8F126
:10EB7000000F43EA0103D0F8002714BF4FF44031DF
:10EB800000210B4322EA030304B124780FB13F783C
:10EB90007F001C430EB13678B6003C438DB1297816
:10EBA00009023443B8F1000F03D098F800804FEA0F
:10EBB0000848214341EA0801C0F8001702B0BDE847
:10EBC000F0812946EDE71FB50DF10F0301930023F6
:10EBD0008DF80F1000931A461946FFF7A7FF05B0EE
:10EBE0005DF804FB70B511F001040CD04FF0A046A5
:10EBF000D6F820550560C6F82055F6F7EBF808B1B1
:10EC0000D6F8203505B90024204670BD2DE9F0471F
:10EC1000002504468846D7B22E464FF00109AA4681
:10EC2000BD420CD1D4F87C3133B10023C4F87C311F
:10EC3000D4F87C3146F000463046BDE8F0872846DF
:10EC4000F6F716F9A0F580739B0809FA03F318EAA2
:10EC5000030F05D022581AB144F800A022581E43D1
:10EC60000135EDB2DCE708B502460B46FFF726FF9B
:10EC7000C0B119461046FFF728FF98B9DBB202EB86
:10EC800043031068998A0123490B8B40C0F808336D
:10EC9000136803EB8103D3F8102522F00302C3F8B5
:10ECA000102508BD18460021BDE80840FFF78BBFBE
:10ECB000034608464FF080510A6949694A43934226
:10ECC00008D340B1A3F11023B3F5047F2CBF00207B
:10ECD00001207047012070474FF080531A6958692E
:10ECE000504370474FF08053186970474FF080537E
:10ECF0005869704708B1E5F7E5BA704740B1C36895
:10ED0000587810F001001EBF1878B0FA80F0400962
:10ED100070477FB50BAB059303930A9B02930023C7
:10ED2000CDE9003301221846E3F7E6F807B05DF8B5
:10ED300004FBEFF31183402383F31288BFF36F8F3B
:10ED4000FEE710B400F10C04C0E903440024446160
:10ED500010BCE1F7D9BC8169C26842EA010313F033
:10ED600003030FD103614369013B03FB0122002B25
:10ED700001DA002070470169116081690261013B7D
:10ED8000521AF4E76FF0150070477FB50BAB05938F
:10ED900003930A9B029308220023CDE90032184610
:10EDA0000422E3F7A9F807B05DF804FB034600204E
:10EDB000C3E90200C3E90033704710B5044630B11F
:10EDC0000268930703D0446809B100F0D9F92046DE
:10EDD00010BD0023C0E90033836000F10C03C0E9DB
:10EDE000033300F11403C0E90533704707B501236D
:10EDF000009300230A461946F7F792FB03B05DF82B
:10EE000004FB07B500230A4600931946F7F788FB71
:10EE100003B05DF804FB00680021FFF7CEBF5AB1D4
:10EE20008A4209D300F11003C0E90212C0E90000D0
:10EE3000C0E90433002070476FF015007047026886
:10EE400001238B4022EA0303036022FA01F000F061
:10EE500001007047704710B5032104460C30FFF7DE
:10EE6000EEFF30B104F11000FAF760F9B0FA80F06B
:10EE7000400910BD20B1002211468C30F9F7D8BEF0
:10EE8000704770B5C368C3F340069B07044616D4A9
:10EE9000856802210C30FFF7D2FF80B1D5F88420BD
:10EEA0006AB194421DD122689EB9D5F88830C5F860
:10EEB00084209C4201D1C5F8882000232360E368A8
:10EEC00013F01F001EBF43F00203E36040F0020096
:10EED00070BD3260D5F88820944208BFC5F88860BC
:10EEE000EBE716461268DBE710B5F8F7ADF8041E3D
:10EEF00008DDEFF31180402383F31288BFF36F8F97
:10EF0000F9F762FA204610BDEFF30580003818BF0C
:10EF1000012070476FF05700704700207047D0E91C
:10EF2000003213605A600023C0E9003370477FB598
:10EF30000BAB059303930A9B029308220023CDE9B0
:10EF4000003218460422E2F7D7FF07B05DF804FB51
:10EF500038B504460D46F8F7E1FD637B43F0020344
:10EF60006373E5B1A5602B689D4209D16B68C4E964
:10EF700000531C606C6012E06A689A42F6D01B680D
:10EF8000002BF3D094F90E2093F90E108A42F3D09F
:10EF90009142F1DD5A68C4E9003214605C6038BD0A
:10EFA00001211838F8F7CCBF10B50446F8F780FFF8
:10EFB00004F11800BDE81040FAF7B8B838B5046895
:10EFC0000546AC424FF0000000D138BD002CFCD00B
:10EFD0002046FFF7E9FF2046F8F724FF2C680120C0
:10EFE000A542F1E708B50246F9F796FF70B1D0E9FE
:10EFF00004319B1A61EBE272B3F1004F72F1000130
:10F0000004DA002AACBF1846002008BD6FF00040AB
:10F01000FBE708B5FAF78EF908BDFAF78BB9B3F13B
:10F02000FF3F08BFB2F1FF3F70B506461D461446CC
:10F0300014D01A4316D0002B08DBFAF77BF9041919
:10F0400041EB0501C6E90041304670BD6FF0010398
:10F050001C1B4FF0FF3363EB0501F3E74FF0FF3468
:10F060002146EFE70024FBE7B3F1FF3F08BFB2F111
:10F07000FF3FF8B5074616461C4610D054EA020377
:10F0800011D0FAF757F9B0420A46A14103460AD215
:10F09000F31A64EB0204C7E900343846F8BD4FF0B8
:10F0A000FF331C46F7E70023FBE70023C0E9081203
:10F0B00000F11802C0E90622C0E90033036343638C
:10F0C000704710B50446FAF731F8A8B9636A0BB176
:10F0D0002046984704F11800F9F70CF860B1F8F7EA
:10F0E000A1FEEFF31180402383F31288BFF36F8FEB
:10F0F000BDE81040F9F768B910BD2DE9F04184680A
:10F1000005460E46D4B16378012B22D114F8533C46
:10F110009A0711D5A4F160073846FFF745FF082E7E
:10F120000CBF6FF003030023E36114F8533CDB06CC
:10F1300002D13846F8F776FE00232370EB68C3F35C
:10F1400086321643002066F39433A860EB60BDE876
:10F15000F081022BF0D12378002BEDD054F8048CF1
:10F16000B8F1000FE8D004F11400F9F7DFFFA4F1C3
:10F1700014070023E36239464046F7F765FFDBE7F3
:10F1800020B1011F50F8040CF6F748BD704700206D
:10F190007047704710B5044608B1FAF771FD204674
:10F1A000BDE81040FAF75CBD0346C068E0B158887E
:10F1B000D0B11B8803F44F42B2F5824F09D1DBB2C4
:10F1C000272B2AD008D8172B0FD0222B34D0122B64
:10F1D00016D06FF085007047302B2FD0413B012BAC
:10F1E000F7D8FF2839D100207047C028FBD0E1288C
:10F1F000F9D0B0F5807F0CBF00206FF0860070471B
:10F2000020F02003C02BEED020F08003B3F5807FE8
:10F21000E9D040F209239842EDE7E928E3D0EF284E
:10F22000E1D040F21B139842DDD040F2991398428E
:10F23000D9D040F23B23EEE7E928F1E720F02003A4
:10F24000C02BD0D020F04003B3F5807FCBD0B0F5F9
:10F25000C07FC8D0B0F5007FCDE7B0F5E07FCAE74A
:10F260003AB1002918BF0023D21A2121184400F016
:10F27000B0BE70472DE9F04F89B09B4600238DF852
:10F280001B30159BDDF85080002B91460B460D4638
:10F290000CBF4FF400624FF4806207A9DDE912A7AA
:10F2A000FAF756FE0446D0B9079E0DF11B023188CD
:10F2B0002846FAF7E9FE044688B99DF81B30BB42A0
:10F2C0001FD8CDE90338CDE901BACDF80090D6E9D1
:10F2D00009122B463046FBF7A7FA044608B1C8F8D6
:10F2E0000070D8F800303A4621465046FFF7B8FF84
:10F2F0000798FBF77BFA002C18BF204609B0BDE841
:10F30000F08F6FF08904EAE741F2062398421AD899
:10F31000B0F5905F09D241F2010398420CD0B0F5EC
:10F32000885F09D06FF085007047A0F5905080B2DB
:10F330006923C340DB07F5D511F0070F0CBF002090
:10F340006FF086007047B0F5105FEBD121F04003FD
:10F35000802B06D0B1F5807F0CBF00206FF08600B7
:10F3600070470020704770B5446A05460E463CB9A8
:10F370000120FAF76FFC686228B1AE62204670BDCA
:10F380006FF08A00FBE76FF08C00F8E7F8B51E46D7
:10F390000F4603881546C2B103F4E043B3F5805F1E
:10F3A00002D0B3F5005F10D1089BE9001960008816
:10F3B000FFF7AAFF044630B92A463946304600F026
:10F3C000E0FD079B1D602046F8BD6FF08504FAE75D
:10F3D00010B50446406A10B1A16AFFF7DBFE0020B9
:10F3E000C4E9090010BD38B50546FFF7F1FF2B7FD2
:10F3F000012B04460ED0023B012B0ED82B6A012BA9
:10F4000018BF6FF096042C220021284600F0E1FD81
:10F41000204638BD2B6A002BF2E76FF09604F2E726
:10F4200070B50488049E154604F4E042B2F5805F8E
:10F4300019D0B2F5005F16D024F4405044F2010216
:10F44000904210D004F44F42B2F5824F0BD0B2F587
:10F45000884F08D0B2F58E4F05D0803C24F0FF04D1
:10F46000B4F5485F0ED1B5420FD818462A4600F0D1
:10F4700088FD721B0021284400F0ABFD059B002095
:10F480001D6070BD6FF08500FBE76FF08900F8E745
:10F490007FB50E461D461446BAB100232B600122EB
:10F4A00003A9FAF755FD70B9CDE900450398334635
:10F4B000D0E9091200F06BFA04460398FBF796F9BD
:10F4C000002C18BF204604B070BD6FF08900FAE729
:10F4D00070B50488049E154604F4E042B2F5804FEE
:10F4E00022D124F4405044F2010290420DD004F4A1
:10F4F0004F44B4F5824F08D0B4F5844F05D0B4F52D
:10F50000884F02D0B4F58E4F0ED1B5420FD81846B1
:10F510002A4600F036FD721B0021284400F059FDF8
:10F52000059B00201D6070BD6FF08500FBE76FF04C
:10F530008900F8E7F0B50F4685B01E4615460AB3B8
:10F54000002333601A4603A9FAF702FD044638B9CE
:10F55000039803885B0406D4FBF748F96FF0860430
:10F56000204605B0F0BDCDE900563B46D0E9091272
:10F5700000F018FA04460398FBF738F9002C08BF8E
:10F580000446EDE76FF08904EAE710B50368044626
:10F5900053B100F070FA00232360A38823F4FF73B3
:10F5A00023F00103A38010BD1846FCE72DE9FF41BD
:10F5B0000C46016898460023054617460393A9BBED
:10F5C0004FF4A872083000F004FDB8F1000F204697
:10F5D0003B4614BF4FF480624FF4006203A9FAF770
:10F5E000B7FC044620BB039E2A1D31883846FAF733
:10F5F0004BFD0446E0B96B7968F300036B7100972B
:10F60000D6E9092331462846B8F1000F0BD0FBF7A5
:10F6100023F9044660B90398FBF7E8F8044620464E
:10F6200004B0BDE8F081FBF737F9F2E76FF088042A
:10F630002846FFF7AAFF0398FBF7D8F8EFE7012366
:10F64000FFF7B4BF38B50468054664B112B90024A9
:10F65000204638BD00F0FAF904460028F7D02846C5
:10F66000FFF793FFF4E76FF08804F1E72DE9F0412D
:10F670001746026805460E46984682B14279D2077F
:10F680000DD502795AB1BA4216D800F0E8F904460D
:10F6900038B9A6B92846BDE8F041FFF776BF6FF04C
:10F6A00088040023C8F800702B7146B92846FFF77C
:10F6B0006CFF2046BDE8F0816FF08904F1E7214638
:10F6C000D8F800303A463046FFF7CAFD2846FFF723
:10F6D0005CFF002C08BF0446EBE71FB50124039430
:10F6E000089C0294079C0194069C0094FFF7C2FDBD
:10F6F00004B010BD2DE9F04788B005469A460023B6
:10F70000079325F0004323F47F03B3F1106FDDE985
:10F710001096DDF84880084617461CD12B464FF45A
:10F72000804207A9FAF714FC0446B0B9CDE9036892
:10F73000CDE901A907980097D0E909122B4600F0FE
:10F74000A2F9044648B90798FBF750F8044620464A
:10F7500008B0BDE8F0876FF0860431464846FAF7F6
:10F7600075FE0798C8F80060FBF740F8EFE703461E
:10F7700008461B8803F4E043B3F5805F114602D0CE
:10F78000B3F5005F01D1FAF761BE6FF085007047F5
:10F790007FB5002203880A60CDE90122428806462F
:10F7A0000D46002A69D0028802F4E042B2F5804F8B
:10F7B00063D023F0FF03B3F5E24F02D0B3F5824FDD
:10F7C00004D13046FFF7F0FC0446D8B902AA01A9DB
:10F7D0003046FAF7C9FC0446002843D1019B9B6AD6
:10F7E0009BB10199304601F12803D1E9091200F0DB
:10F7F00087F80446002839D101982946FAF71AFCFF
:10F80000044678BB204604B070BD73681B0A22D141
:10F810003088718800F4E043B3F5805F15D0B3F50C
:10F82000005F12D020F0FF03B3F5E24F22D1C0B247
:10F8300042280ED10831C908039103990198FFF7B6
:10F8400092FD04460028CCD00CE0FFF75DFD044695
:10F8500040B90731EFE703A9304600F04CF8044601
:10F860000028EAD00198FAF7E1FCCBE70198FFF70E
:10F87000AFFDF7E76FF08504F4E76FF08604C1E7AA
:10F880001C22002100F0A5BB03466FF04042084651
:10F89000591E914207D338B103F1404393428CBFC4
:10F8A00000200120704701207047034668B1017FA6
:10F8B0008A1E012A0BD80329026A03D1012A01D129
:10F8C000FFF791BD1AB1013A1A62002070476FF03C
:10F8D0009600704700207047C0B2002814BF6FF038
:10F8E00085000020704700207047704700221A6092
:10F8F0006FF08600704700230B606FF08600704742
:10F900002DE9F04147683F0A04460D4616469846E1
:10F9100011D107887F0407D4434632462946204642
:10F92000BDE8F041FFF723BF00F0DCF810F1860FCF
:10F93000F2D0BDE8F0816FF08600FAE72DE9F04FD4
:10F94000476885B03F0ADDE90E9ADDF840B004460D
:10F950000D461646984615D1CDE901ABCDF800907D
:10F9600000F0B2F810F1860F0ED143463246294618
:10F970002046CDE90FABCDF8389005B0BDE8F04F8B
:10F98000FFF704BD6FF0860005B0BDE8F08F10B43E
:10F990004468240A02D110BCFFF742BD6FF0860014
:10F9A00010BC70472DE9F34747683F0ADDE90A9A22
:10F9B00004460D461646984611D1CDE9009A00F04E
:10F9C00075F810F1860F0CD1434632462946204681
:10F9D000CDE90A9A02B0BDE8F047FFF779BD6FF0B4
:10F9E000860002B0BDE8F08713B504464868000AF7
:10F9F0000AD10498009004F10800FBF733F808B925
:10FA00001C23236002B010BD6FF08600FAE710B42B
:10FA100004681C2C03D110BC0830FBF74FB86FF002
:10FA2000860010BC704738B503681C2B0CD100F160
:10FA30000804204600F05DF94FF490710546204619
:10FA4000FAF71EF9284638BD0025FBE703681C2B92
:10FA500002D1083000F028B96FF08600704710B46A
:10FA600004681C2C03D110BC083000F026B96FF0DC
:10FA7000860010BC704703681C2B02D1083000F0D0
:10FA800028B90020704710B44468240A02D110BC81
:10FA900000F037B96FF0860010BC7047FBF768B80C
:10FAA000FBF796B8FBF7EAB8FAF716BF10B404886C
:10FAB00004F44F44B4F5824F02D110BC00F0A9B950
:10FAC0006FF0850010BC704710B4048804F44F44F4
:10FAD000B4F5824F02D110BC00F0CBB96FF08500B5
:10FAE00010BC704710B4048824F0FF04B4F5E24F52
:10FAF00002D110BC00F010BA6FF0850010BC704746
:10FB0000024612F8103BDB0903EBC303C3EB0313FC
:10FB100012F8011D83EA4103904213704FEA132348
:10FB2000F6D170472DE9FF4705468846144622B3B3
:10FB3000D0F8486100F5947786B9A0444FF01009D9
:10FB40000DF10C0A102CA8EB040237D823463946D5
:10FB5000384600F051F9C5F848410EE0C6F11009E9
:10FB60004A450FD8B91913460846424600F044F9F1
:10FB7000D5F848312344C5F848310026304604B052
:10FB8000BDE8F087B9F1000F08D0B91942464B46DD
:10FB9000084600F031F9103EC844344403AB10224B
:10FBA000019300923B4639462846FFF730FF064650
:10FBB0000028C2D02846FFF736FFDFE7102339467A
:10FBC000384600F019F9CDE9009A3B461022394633
:10FBD0002846FFF71CFF06460028EBD1103CB1E792
:10FBE0002DE9F0439846D0F84831102B174685B0E0
:10FBF0000446894600F59C7200F594751CD129468F
:10FC0000284600F0F9F803AB1022019300922B462E
:10FC100029462046FFF7FBFE064630B93A462946FC
:10FC2000484600F0AEF9C8F800702046FFF7FBFE2A
:10FC3000304605B0BDE8F083C618104696F8283166
:10FC400083F0800386F82831FFF75AFF102302461D
:10FC5000D5E7F0B5D5B004460E46174600214FF45F
:10FC6000A67201A81D4600F0B4F921463B46324673
:10FC700001A8FAF76FFE044680B95A9A294601A8EE
:10FC8000FFF750FF044648B9DDE95C235B9901A802
:10FC9000FFF7A6FF0446204655B0F0BD01A8FFF7C8
:10FCA000C2FEF8E7FAF77CBE90F84C31022B01D186
:10FCB000FFF738BF6FF08800704710B490F84C41E0
:10FCC000022C02D110BCFFF78BBF6FF0880010BC74
:10FCD000704710B590F84C31022B044607D1FFF75E
:10FCE000A2FE4FF4A8720021204600F072F9002015
:10FCF00010BD08B54FF49072002100F06AF90020A1
:10FD000008BD10B4048804F44F44B4F5824F02D106
:10FD100010BCFAF7C7BF6FF0850010BC70472DE923
:10FD2000F04F89B005460E461C4602EB030800F56D
:10FD3000947A0DF110090F2CA8EB040704D81CBB12
:10FD4000002009B0BDE8F08FD5F82831002E03F16E
:10FD5000010303AA4FF0100BC5F82831514614BF18
:10FD60004B463B460192CDF800B05A462846FFF775
:10FD70004EFE0028E5D12EB15B4632464946384654
:10FD800000F03AF8103CD6E7D5F828310133C5F831
:10FD90002831102203AB019300920DEB020305F50D
:10FDA00094712846FFF733FE0028CAD136B12346A6
:10FDB000324604A9384600F01FF8C1E7224604A9DC
:10FDC000384600F0DEF8BBE710B58CB030236A4649
:10FDD0000446FFF7A4FF18B969462046FAF794FED7
:10FDE0000CB010BD03460144002013F8012B8B42D8
:10FDF00040EA0200F9D1704730B50B4411F8014BCD
:10FE000012F8015B994284EA050400F8014BF5D130
:10FE100030BDF8B5054614466F882D8805F4E04CD2
:10FE2000BCF5804F1846DDE9063606D19A421DD84A
:10FE300000F0A7F834600020F8BD47F21212954296
:10FE400002D06FF08500F7E7640001349C420DD8C2
:10FE50000423B7F5807F34600370F2D10130FBF7E3
:10FE60009FF80028E7D06FF08600E5E76FF0890083
:10FE7000E2E72DE9F0411F460388DDF820800E46B9
:10FE800044F212118B42154642882ED047F21211CD
:10FE90008B423BD102B9EA00B2F5807F36D1202DEA
:10FEA00003D06FF08600BDE8F08129463046FFF7A9
:10FEB00099FF0028F5D03046FBF75EF80028F0D116
:10FEC000D8F8004034F48074EBD1069B9D4220D8D2
:10FED0002A463146384600F054F8079B1D604FF41F
:10FEE0008073C8F800302046DDE71AB9EB07D8D593
:10FEF0006A08D200B2F5807F08D1412DD1D1337884
:10FF0000042BCED1701CFBF741F8D7E76FF08500CA
:10FF1000C9E76FF08900C6E7F8B50D464788018844
:10FF20001E4647F21213FC1D99424FEAD40402D038
:10FF30006FF08500F8BD944215D821462846FAF79F
:10FF400085FA0028F6D121462846FFF74BFF002806
:10FF5000F3D0B7F5807FEBD12846FBF70DF80028EA
:10FF6000EBD13460E6E76FF08900E3E77047F6F71E
:10FF7000B9B94FF0FF324FF0FF33F6F767B8FEF72D
:10FF800015BF0A44914200F1FF3300D1704710B50C
:10FF900011F8014B03F8014F9142F9D110BD88428D
:10FFA00010B501EB020402D98442234607D8431E50
:10FFB000A14208D011F8012B03F8012FF8E7024401
:10FFC00001468A4200D110BD13F8014D02F8014DDF
:10FFD000F7E702440346934200D1704703F8011B40
:10FFE000F9E710B501390244904201D1002005E043
:10FFF000037811F8014FA34201D0181B10BD013046
:020000023000CC
:10000000F2E710B56AB10139841810F8012B11F824
:10001000013F9A4203D1A04201D0002AF5D1D01A63
:1000200010BD1046FCE710B50139044632B111F895
:10003000013F00F8013B013A002BF7D10021FFF707
:10004000C8FF204610BD10B5024601448A4213463F
:1000500003D01C780132002CF8D1181A10BDF0B56D
:10006000C3F137070446FFB203F01F031046082B05
:10007000E6B233D0102B3ED06508A40844EA817460
:1000800045EAC1752D194FEA910242EB5102290947
:1000900041EA02716D1842EB1212290A41EA02612B
:1000A0006D1842EB1222290C41EA02416D1842EB15
:1000B0001242AD1842F10002EC0844EA4274D10841
:1000C00004EB8402A6EB4205EDB2092D0CD90134F4
:1000D000A5F10A0541F10001EDB212E0E40844EA9D
:1000E000417406F00705C908303554EA010200F8EA
:1000F000015BBCD1F0BD240944EA017406F00F0590
:100100000909092D84BFED19EDB2EDE7D1E90432FB
:1001100093421EBF5A1C0A6118707047014800685C
:080120007047000014290020C3
:0801280088F5FD7F01000000D5
:10013000AD42010000000000E942010000000000A3
:1001400000000000D8010300CD5B020000000000A9
:10015000C55C02000000000000000000F801030080
:1001600079450200000000008FE902000000000055
:100170000000000018020300000000003802030025
:100180006121020000000000C934020000000000EC
:100190004FC4020000000000A93B01000000000065
:1001A0000000000058020300614602000000000049
:1001B000D96A02000000000000000000780203007D
:1001C0002D4A01000000000025E9020000000000A7
:0801D0002FE90200000000000D
:1001D800E57E0300440F0300140403002C070020ED
:1001E8001C2B0020B91D02000000000000000000C8
:1001F800F0800300640F0300F003030032070020BF
:10020800EC2B0020312B0200000000000000000051
:10021800607F030000000000D00303002E070020C9
:10022800782B0020C9230200000000000000000015
:1002380072810300780F03003004030034070020A4
:10024800C8060020312D02005FE302000000000014
:100258002E86030000000000DC0F03003607002094
:10026800082C0020053802000000000000000000F3
:10027800CA7F030000000000D803030030070020F5
:10028800000000003D250200000000000000000002
:10029800A3E90200FDE9020000000000EBC802002B
:1002A800380203003FE4020000000000EBC802002F
:1002B80000000000EBC8020000000000EBC80200CC
:1002C80024050020BDE0020000000000EBC8020089
:1002D80000000000EBC8020000000000EBC80200AC
:1002E80000000000EBC8020000000000EBC802009C
:1002F80000000000EBC80200782B002065240200F3
:1003080000000000EBC8020000000000EBC802007B
:1003180000000000EBC8020000000000D932020013
:1003280000000000EBC8020000000000EBC802005B
:1003380000000000EBC8020000000000EBC802004B
:1003480000000000EBC8020000000000EBC802003B
:1003580000000000EBC80200000000001D4602007B
:1003680000000000EBC8020000000000EBC802001B
:1003780000000000EBC8020000000000EBC802000B
:1003880000000000EBC8020000000000EBC80200FB
:1003980000000000EBC8020000000000EBC80200EB
:1003A80000000000EBC8020000000000EBC80200DB
:1003B80000000000EBC8020000000000EBC80200CB
:0803C80000000000EBC8020078
:0803D00049230200752202001E
:1003D800F1240200A526020069250200E924020092
:0803E800C9DF0200D924020064
:1003F000A529020065E0020073E002008BE0020024
:1004000097E00200A3E00200392802005D27020005
:0404100000000000E8
:10041400391E0200FBDE0200D7DE020000000000ED
:0C042400E11C02000000000000000000CD
:10043000B3E10200F130020025E80200412F020082
:100440005FE1020053E20200C9E10200712E0200E6
:04045000E7E00200DF
:10045400050000004D9E010006000000EDF20100C1
:080464000400000021B30100B7
:10046C008D0101003D010100F901010000000000B7
:10047C000000000000000000000000000000000070
:10048C000000000000000000000000000000000060
:10049C000000000069E60100000000000000000000
:1004AC006C0D0300080000000C0E03000700000098
:0804BC00980A0300060000008D
:1004C400F14403000400000065650300040000001B
:1004D400982F0300040000008E5203000400000063
:1004E4000D7E0300040000009F2F030004000000A1
:1004F40061470300040000004A7203000400000086
:10050400DC3E0300040000009844030004000000E3
:10051400117D030004000000ED59030004000000F5
:10052400A921030004000000002C030004000000C3
:100534006C860300040000003986030004000000F8
:10054400E02D030004000000137A030004000000FF
:10055400D119030004000000007F03000400000020
:10056400462C030004000000E47F030004000000A4
:100574008288030004000000351D0300040000000D
:10058400D91D030004000000DD1D03000400000069
:100594006C1F030004000000D58603000400000063
:1005A4007227030004000000CA2A030004000000AC
:1005B400652B0300040000004887030004000000CA
:1005C400A88C030004000000E32D030004000000D5
:1005D400742B030004000000808103000400000069
:0805E40083170300040000006E
:1005EC00380A0300C40400205B1F03000100000054
:1005FC00DD2D03000000000000000000114501008B
:10060C002149010000000000026D03000100000000
:10061C00000000001FD602000000000000000000D7
:10062C003E72030001000000000000007DD70100B5
:10063C000000000000000000367203000100000002
:10064C000000000005D40100B9E301000000000027
:10065C00097D0300010000000000000029130200C6
:10066C00690F02000000000044720300010000004A
:10067C0000000000FDCF0100F9CD010000000000DA
:100690000000000003000000A0000000F0000000C7
:1006A00000000000D93D0300DE3D0300E23D0300F1
:1006B000E63D0300EA3D0300EE3D0300F23D03008A
:1006C000F63D0300FA3D0300FE3D0300023E030039
:1006D000063E03000A3E03000E3E0300123E0300E6
:1006E000163E03001A3E0300010001000001010054
:1006F00000010001000001000100000001000B00EA
:1007000002000A00050009000A00080014000700A2
:100710001E000600320005004B00040064000300C8
:1007200096000200FA000100F4010000020301003B
:10073000F401FA00960064004B0032001E00140021
:100740000A000500020001000C0802170D01010259
:100750000909010106020918180301010909030327
:1007600005030201230202240910040405050B0BF2
:10077000040B2B1B1B151A1A1C021D16130501490D
:100780000D150508061B1B0F1D1D0A06060101009D
:1007900000FEFEFEFEFEFEFEFEFEFEFEFEFEFEFE77
:1007A000FEFE16FEFEFEFEFEFEFEFEFEFEFE1F1F0F
:1007B000FEFE26FEFEFEFEFEFEFEFEFEFEFEFEFE31
:1007C000FEFEFEFEFE3E3EFEFEFEFE3B3B00A301A5
:1007D000B103BF05EF024906A309C505F50B2512B4
:1007E0000E021C045A03B4063006600C010000001F
:1007F0001011004000000000000000000000000098
:10080000000000000406080A0C0E10121416181C32
:100810001E20222426282A2C2E30323436383A3C08
:100820003E40424446484A4C4E021A5000000000E6
:10083000280000001800000000000000141E000046
:10084000301100000000000070170000A00F000031
:100850000000DC05E803000000000000141E00009A
:100860003011000000002CA6E0A100003408E803CD
:10087000000103021800280000002A00D8ECF0F460
:10088000F8FC000203040506070800000000000051
:100890000000000000000000000000000000010156
:1008A0000101020202020303030304040404050518
:1008B000050506060608090000000000000000000B
:1008C0000000000000000000000000010101010222
:1008D00002020203030303040404040505050506DC
:1008E000060708090A0B0C0D00100200FA000000B0
:1008F00001030062746C650000000000000000004D
:1009000000000000000000000000000000000000E7
:1009100000000000000000000000000000000000D7
:1009200000000000000100000000000000000000C6
:100930000338FDD870470000E2150300EA150300F4
:1009400014160300F115030000160300C012030083
:10095000C01203000D160300C01203001916030095
:100960002F160300C01203003D160300C01203003F
:10097000531603006D1603007E160300C012030019
:1009800097160300A6160300B8160300C716030047
:10099000DB160300E9160300F6160300FF1603003A
:1009A000091703001D17030032170300C0120300CC
:1009B000C012030043170300C0120300C01203005B
:1009C000C01203004E170300611703006E170300E7
:1009D0000710000018070020010100002807002070
:1009E000090600007C17030037C502000000000064
:1009F000000000000000000000000000E31E0300F3
:100A0000EB1E0300000000000000000000000000DA
:100A1000F31E0300F71E0300FB1E0300FF1E03006E
:100A2000280A0300882800208D230100A828002020
:100A30002134002001000000DFC50200000000009A
:100A4000ADC50200B123010000000000A1C50200F5
:100A50000000000004000000000000000000000092
:100A600000C00000780203000100000000C0000088
:100A70000070030078020300020000000030040050
:100A800000700300780203000300000000A00700CC
:100A90000060000078020300541103002DD802000A
:100AA0000000000098210300000001005011030025
:100AB000D1D80200000000000C0500200000010059
:100AC000762103000000000000000000000000008C
:100AD000000001004C1103005DD8020001DB0100A1
:100AE000F40400200000030048110300D1D80200E4
:100AF00000000000EC04002000000100542103006D
:100B000000000000712A0100000000000000030046
:100B1000000000200000000000000B0602000000A2
:100B2000240B030000000000322A0300240002020C
:100B3000000000203A2A03001E000B1114050020BB
:100B4000393C01000000000095C90200400B030081
:100B50005C0B03004A000000000000003870002019
:100B6000400B0300700B03002E000000000000008B
:100B700000750020400B0300840B030002010000FD
:100B800000000000D47500201E3E03003C3E030020
:100B9000573E0300673E0300743E03007D3E0300A2
:100BA000843E03008B3E0300923E03009A3E030006
:100BB000743E0300A23E0300B43E0300C93E03009E
:100BC0000E030000596B01000F040000F96A0100D8
:100BD0001A0100002D52010005040000E94F010038
:100BE000130100000D5A01003E0100000D510100EB
:100BF000011200008DCC02000A1E00007FCC020012
:100C0000FF010000AD5101003E0100005D510100F7
:100C100005040000694F0100080400006D5D01003B
:100C200030030000A15C010010010000854E0100AE
:100C3000011200003D6A01000A1E00002FCD0200D3
:100C40000309000089580100040B000059520100FB
:100C5000060A000055620100070A0000B54E0100B7
:100C60000C050000F14E0100050C000011610100AF
:100C7000400B0300800C0300470000000000000050
:100C8000F07600200D5203001A5203003A5203007E
:100C90002E520300455203005C5203006C520300C5
:100CA000A85C030080520300400B0300B80C030053
:100CB000000000000000000010780020400B03003E
:100CC000CC0C03004A00000000000000387800202F
:100CD000359F0100699F0100000000000000000036
:100CE000000000008DA701000000000000000000CF
:100CF000000000000000000002020100F9C2010033
:100D00000404010061C201000606010071C1010076
:100D1000080401002DC001000A020100E5BF010026
:100D20000C0401009DBF01000E04010045BE01003E
:100D3000200401007DBD0100100401005DBC010024
:100D40001202010099C401001E00040079C70100CD
:100D500052020000EDC40100400B0300680D0300C7
:100D60004C00000000000000907900208411030076
:100D70002DD80200000000008011030000000100D7
:100D80007C110300D1D80200000000005C060020A6
:100D900000000100741103000000000000000000CA
:100DA0000000000000000000701103005DD8020088
:100DB00001DB010064060020000003006C11030049
:100DC000D1D80200000000005406002000000100FD
:100DD00064110300F1D70200F9D501000000000002
:100DE0000000030060110300D1D8020000000000E1
:100DF0004C06002000000100581103006DE20100C4
:100E0000000000000000000000000100B01103001D
:100E10002DD8020000000000AC110300000001000A
:100E2000A8110300D1D80200000000008C060020A9
:100E300000000100A0110300BDD702000000000067
:100E400000000000000001009C110300D1D8020046
:100E5000000000008406002000000100941103003F
:100E600089D702000000000000000000000001001F
:100E700090110300D1D80200000000007C06002081
:100E80000000010088110300B9DF0100000000002C
:100E900000000000000001002DFD0100690B0200B0
:100EA0000D0A020000000000000000000D06020014
:100EB0000000000000000000000000000000000032
:100EC00000000000000000001DFE01000600000000
:100ED0004FDC02000600000019FA010010000000BB
:100EE00021F5010010000000A1090200010000002E
:100EF000F5DA0200100000004BDC02000A000000DE
:100F000089F40100100000006907020007000000DA
:100F100053DC02001000000093DB0200010000001F
:100F200031FC010040000000F9F801001000000051
:100F300095F3010001000000A51C0200911D0200B4
:100F400000000000511F0200951E0200F47E030005
:100F5000751E0200F7DE0200FA7E030004000000A6
:100F600000FF0000FFFFFFFF0000005024050020ED
:100F7000000000000000000000200040050000000C
:100F800000000000A00F03000000D60100000000D8
:100F9000A7350020A2350020A1350020A035002073
:100FA00000200040AC0F030002000000CC0F030043
:100FB00004000000BC0F03000401000006800000D4
:100FC0000880000105800002078000030600000081
:100FD000080000010500000207000003D9360200E6
:100FE0005FE802007D3902000B8C0300198C0300BE
:100FF0002D8C03003C8C0300488C0300300103005F
:10100000300103008801030090010300D8010300B0
:10101000D801030031910300000100008813000093
:10102000512563FCC2CAB9F3849E17A7ADFAE6BC8A
:10103000FFFFFFFFFFFFFFFF00000000FFFFFFFFBC
:10104000AAAAAAAAAAAAAAAAAAAAAAAA5555555554
:101050005555555555555555000000005555555594
:10106000522563FCC2CAB9F3849E17A7ADFAE6BC49
:10107000FFFFFFFFFFFFFFFF00000000FFFFFFFF7C
:10108000512563FCC2CAB9F3849E17A7ADFAE6BC2A
:10109000FFFFFFFFFFFFFFFF00000000FFFFFFFF5C
:1010A00096C298D84539A1F4A033EB2D817D037702
:1010B000F240A463E5E6BCF847422CE1F2D1176B9D
:1010C000F551BF376840B6CBCE5E316B5733CE2B70
:1010D000169E0F7C4AEBE78E9B7F1AFEE242E34F9F
:1010E0004B60D2273E3CCE3BF6B053CCB0061D65DC
:1010F000BC86987655BDEBB3E7933AAAD835C65A65
:10110000FCFFFFFFFFFFFFFFFFFFFFFF00000000EE
:10111000000000000000000001000000FFFFFFFFD2
:10112000647261676F6F6E2F6C6962732F7363688F
:1011300065642F7372632F73636865645F68616CA5
:101140005F7274632E630000000003280000022910
:10115000000003280000002800002A2B00002A2B92
:10116000000003280000292B0000292B0000032881
:10117000000002290000052A0000052A00000328BB
:1011800000000118000000280000042A0000042AC2
:10119000000003280000012A0000012A00000328A3
:1011A0000000002A0000002A0000032800000018A8
:1011B000000000284164766572746973696E672067
:1011C0006661696C656420746F2073746172742049
:1011D00028657272202564290041647665727469FD
:1011E00073696E67207375636365737366756C6C82
:1011F000792073746172746564007075626C6963E0
:101200000072616E646F6D007075626C69632D6948
:10121000640072616E646F6D2D6964002530325810
:101220003A253032583A253032583A253032583A39
:10123000253032583A253032582028257329004469
:101240006973636F6E6E65637465643A2025732CF1
:1012500020726561736F6E203078253032782025DA
:101260007300436F6E6E656374696F6E20666169AB
:101270006C65642C206572722030782530327820BD
:10128000257300436F6E6E6563746564202573007B
:10129000436F6E6E656374696F6E206F626A65631B
:1012A000742072656379636C65642C207265737455
:1012B000617274206164766572746973696E670027
:1012C000554E4B4E4F574E0052582066726F6D2050
:1012D0002573003D3D3D3D20525820257520627903
:1012E000746573203D3D3D3D0020205B2530327507
:1012F0005D2030782530325800456D707479206655
:1013000072616D652C206E6F7468696E6720746FF2
:10131000206465636F646500434D44203078253058
:10132000325820257300202070726570617265202C
:1013300066696E6973686564002020747261696E05
:101340005F6D6F64653D30782530325820282573F5
:101350002900202064657669636520706175736576
:10136000640020206368257520696E74656E73695A
:1013700074793D3078253032582028257529002091
:1013800020776176655F6D6F64653D30782530321A
:1013900058002020667265715F686967683D307823
:1013A0002530325820667265715F6C6F773D3078FA
:1013B00025303258002020636825752073746570CD
:1013C0005F68693D30782530325820737465705FEE
:1013D0006C6F3D30782530325800202063682575C9
:1013E00020737465705F68693D307825303258002D
:1013F0002020686F6C645F74696D653D257520738E
:10140000746F705F74696D653D257500202072658D
:101410006C6178206D6F64652073657400202066B0
:1014200069726D776172652076657273696F6E207F
:1014300072657175657374002020626174746572E1
:1014400079206C6F77206E6F746966696361746967
:101450006F6E002020626174746572792063686128
:1014600072676520726571756573740020207465FC
:101470007374206D6F64650020206C6F636B207245
:10148000756E6E696E6700202074656D706572619F
:1014900074757265207265717565737400202074AF
:1014A000656D706572617475726520686967680042
:1014B00020206F66666C696E652072656D61696E6D
:1014C0003D257520730020206F66666C696E65206F
:1014D0006D6F64652064697361626C6564002020CF
:1014E0006F66666C696E652074696D6520726571E2
:1014F000756573740020206F66666C696E65206D7B
:101500006F646520636865636B002020696D70659A
:1015100064616E6365207265717565737400202067
:101520005B626F6F746C6F61646572206D61676977
:1015300063206D617463685D0020205B626F6F746F
:101540006C6F61646572206865616465722C206EE1
:101550006F206D616769635D002020286E6F2066D3
:1015600069656C64206465636F646520666F7220D2
:101570007468697320636F6D6D616E6429003D3D11
:101580003D3D20656E64203D3D3D3D0046617461FA
:101590006C206572726F722C2068616C74696E6762
:1015A00000426C7565746F6F746820696E69746948
:1015B000616C697A6564004661696C656420746F6A
:1015C00020696E697469616C697A65204E55532093
:1015D0007365727669636520286572723A202564A6
:1015E0002900494D50554C534500535445414459E9
:1015F00000505245504152455F46494E49534800BC
:101600004445564943455F5354415254004445565E
:101610004943455F53544F50005345545F4348413D
:101620004E4E454C5F494E54454E53495459005314
:1016300045545F574156455F4D4F4445005345540F
:101640005F4348414E4E454C5F4652455155454ECD
:101650004359005345545F494E54454E53495459DC
:101660005F535445505F46495253543500534554D7
:101670005F494D50554C53455F54494D45005345C6
:10168000545F494E54454E534954595F5354455045
:101690005F4C41535435005345545F52454C4158BB
:1016A0005F4D4F4445004745545F444556494345C7
:1016B0005F564953494F4E004E4F544946595F4279
:1016C00041545F4C4F57004745545F454C45435488
:1016D0005249435F434841524745005345545F5484
:1016E0004553545F4D4F4445004C4F434B5F52555B
:1016F0004E4E494E47004745545F54454D500054A7
:10170000454D505F48494748004F46464C494E4575
:101710005F4D4F44455F454E41424C45004F464664
:101720004C494E455F4D4F44455F44495341424CFF
:1017300045004745545F4F46464C494E455F544926
:101740004D4500424F4F544C4F4144455200434891
:1017500045434B5F4F46464C494E455F4D4F4445D0
:10176000004445564943455F504155534500474560
:10177000545F494D504544414E43450042414C4120
:101780004E580077616C6B6565675F706572697054
:10179000686572616C00574553545F544F5044491B
:1017A000522F7A65706879722F6C69622F68656153
:1017B000702F686561702E63006368756E6B5F756E
:1017C00073656428682C20632900415353455254A3
:1017D000494F4E204641494C205B25735D204020F7
:1017E00025733A25640A0009756E6578706563741F
:1017F0006564206865617020737461746520286475
:101800006F75626C652D667265653F2920666F7223
:10181000206D656D6F72792061742025700A006CEF
:101820006566745F6368756E6B28682C20726967E3
:1018300068745F6368756E6B28682C2063292920A3
:101840003D3D20630009636F72727570746564209A
:101850006865617020626F756E64732028627566BA
:10186000666572206F766572666C6F773F292066B9
:101870006F72206D656D6F72792061742025700A1A
:10188000006279746573202F203855203C3D20304C
:101890007837666666550009686561702073697AF5
:1018A0006520697320746F6F206269670A0062792E
:1018B000746573203E20686561705F666F6F746544
:1018C000725F62797465732862797465732900099F
:1018D000686561702073697A6520697320746F6F21
:1018E00020736D616C6C0A00686561705F737A20AB
:1018F0003E206368756E6B737A2873697A656F66CC
:1019000028737472756374207A5F68656170292921
:10191000006368756E6B305F73697A65202B206D8C
:10192000696E5F6368756E6B5F73697A6528682995
:10193000203C3D20686561705F737A0057455354C1
:101940005F544F504449522F7A65706879722F6CFA
:1019500069622F6F732F63627072696E74665F7055
:1019600061636B616765642E630009537472696E0D
:1019700067207769746820746F6F206D616E7920BD
:10198000617267756D656E74730A00097374725FB6
:101990007074725F706F735B5D20746F6F20736D16
:1019A000616C6C0A0009756E6578706563746564B6
:1019B0002073697A652025750A0009746F6F206DA0
:1019C000616E7920666F726D617420617267730A4F
:1019D0000063627072696E74665F7061636B6167E9
:1019E0006500574553545F544F504449522F7A6510
:1019F000706879722F6C69622F7574696C732F6FC0
:101A00006E6F66662E63007374617465203D3D20C1
:101A1000305500217379735F736C6973745F6973F8
:101A20005F656D70747928266D67722D3E636C69F1
:101A3000656E747329007472616E73697420213D40
:101A4000202828766F6964202A2930290073746160
:101A50007465203D3D202831554C203C3C202831E8
:101A60002929006D67722D3E72656673203D3D2009
:101A700030007374617465203D3D202831554C2041
:101A80003C3C202830292900574553545F544F507F
:101A90004449522F7A65706879722F696E636C754C
:101AA00064652F7A65706879722F7370696E6C6FD8
:101AB000636B2E68007A5F7370696E5F756E6C6F12
:101AC000636B5F76616C6964286C2900094E6F74E2
:101AD000206D79207370696E6C6F636B2025700ABE
:101AE000007A5F7370696E5F6C6F636B5F76616CB9
:101AF0006964286C290009496E76616C69642073F9
:101B000070696E6C6F636B2025700A0057455354E3
:101B10005F544F504449522F7A65706879722F6C28
:101B200069622F7574696C732F6E6F746966792E94
:101B3000630025733A2045726173696E6720666C95
:101B400061736820617420256C782C206C656E2090
:101B500025640025733A205265636F766572696E5D
:101B600067206C617374206174652066726F6D20EC
:101B7000736563746F722025640025733A20416495
:101B800064696E6720676320646F6E6520617465A9
:101B90002061742025780025733A204D6F76696E98
:101BA000672025642C206C656E202564004E5653FA
:101BB000206E6F7420696E697469616C697A6564FE
:101BC00000436F756C64206E6F74206F627461697E
:101BD0006E20666C61736820706172616D657465FA
:101BE000727300556E737570706F727465642077D0
:101BF0007269746520626C6F636B2073697A65002B
:101C0000536563746F722073697A6520257520743B
:101C10006F6F206C617267652C206D6178696D75DE
:101C20006D20697320257A7500556E61626C6520A0
:101C3000746F20676574207061676520696E666FD8
:101C400000496E76616C696420736563746F7220FD
:101C500073697A6500436F6E66696775726174694E
:101C60006F6E206572726F72202D20736563746FC2
:101C70007220636F756E7400256420536563746F02
:101C80007273206F66202564206279746573006129
:101C90006C6C6F63207772613A2025642C20257864
:101CA0000064617461207772613A2025642C2025DC
:101CB0007800474320446F6E65206D61726B6572DA
:101CC00020666F756E64004E6F20474320446F6E30
:101CD00065206D61726B657220666F756E643A2067
:101CE00072657374617274696E67206763006E76E3
:101CF000735F6164645F67635F646F6E655F617487
:101D000065006E76735F6763006E76735F726563FE
:101D10006F7665725F6C6173745F617465006E7677
:101D2000735F666C6173685F65726173655F73652D
:101D300063746F720066735F6E7673005745535419
:101D40005F544F504449522F7A65706879722F73EF
:101D500075627379732F6C6F6767696E672F6C6F2D
:101D6000675F636F72652E63006C6F675F626163AC
:101D70006B656E645F636F756E745F676574282949
:101D8000203C2028283332202F20335529202D2095
:101D90002831202B20302929006261636B656E6435
:101DA000203C3D205F6C6F675F6261636B656E64B2
:101DB0005F6C6973745F656E640009756E65787039
:101DC0006563746564206C69737420656E64206C4F
:101DD0006F636174696F6E0A006C6F67006C6F6788
:101DE0005F6D676D7400574553545F544F504449BD
:101DF000522F7A65706879722F7375627379732FB9
:101E00006C6F6767696E672F6C6F675F6D73672EA6
:101E10006300706C656E203E3D2030004D6573732D
:101E20006167652064726F707065642062656361CC
:101E300075736520697420657863656564732073C4
:101E4000697A65206C696D69746174696F6E2028A8
:101E5000257529000D0A001B5B306D005745535452
:101E60005F544F504449522F7A65706879722F73CE
:101E700075627379732F6C6F6767696E672F6C6F0C
:101E8000675F6F75747075742E63006C6576656C32
:101E9000203C3D203400257320005B2530386C75D4
:101EA0005D20005B253032753A253032753A253099
:101EB00032752E253033752C253033755D20002585
:101EC000732F003C25733E200025733A2000657275
:101ED00072203E3D20300025303278200020202026
:101EE000007C001B5B313B33316D001B5B313B33AE
:101EF000336D006572720077726E00696E66006401
:101F0000626700574553545F544F504449522F7AEB
:101F100065706879722F7375627379732F6C6F6750
:101F200067696E672F6261636B656E64732F6C6F98
:101F3000675F6261636B656E645F756172742E6367
:101F4000006465766963655F69735F726561647972
:101F500028756172745F64657629006C6F675F62D3
:101F600061636B656E645F75617274006C6F675F4F
:101F70007561727400574553545F544F5044495231
:101F80002F7A65706879722F7375627379732F7306
:101F9000657474696E67732F7372632F73657474DD
:101FA000696E67732E63006368203C3D205F736534
:101FB0007474696E67735F68616E646C65725F7379
:101FC00074617469635F6C6973745F656E640073D8
:101FD00065742D76616C7565206661696C757265D6
:101FE0002E206B65793A202573206572726F7228F6
:101FF0002564290025733A207365742D76616C750C
:1020000065204F4B2E206B65793A20257300736550
:102010007474696E67735F63616C6C5F7365745F22
:1020200068616E646C65720025733A20496E69744C
:1020300069616C697A65640073657474696E67734D
:102040005F6E76735F6261636B656E645F696E6914
:1020500074002A2A2A20426F6F74696E67204D79B6
:10206000204170706C69636174696F6E2076332EE5
:10207000322E312D6537663239313633623566633B
:10208000202A2A2A0A002A2A2A205573696E6720E4
:102090006E524620436F6E6E6563742053444B202E
:1020A00076332E322E312D64383838376636663323
:1020B000326466202A2A2A0A002A2A2A20557369AD
:1020C0006E67205A6570687972204F532076342EDF
:1020D000322E39392D656337383130346631353633
:1020E00039202A2A2A0A006F66660025733A204E94
:1020F0006F74696669636174696F6E2068617320CB
:102100006265656E207475726E65642025730025A6
:10211000733A205265636569766564206461746111
:102120002C2068616E646C652025642C20636F6EC2
:102130006E202570006E75735F6363635F6366670F
:102140005F6368616E676564006F6E5F726563658B
:1021500069766500029ECADC240EE5A9E093F3A32C
:10216000B50200406E029ECADC240EE5A9E093F39E
:10217000A3B50200406E029ECADC240EE5A9E093DE
:10218000F3A3B50300406E029ECADC240EE5A9E06D
:1021900093F3A3B50300406E029ECADC240EE5A9AA
:1021A000E093F3A3B50100406E62745F6E75730037
:1021B00072302F61313A2020307825303878202055
:1021C00072312F61323A2020307825303878202043
:1021D00072322F61333A20203078253038780072FF
:1021E000332F61343A20203078253038782072310E
:1021F000322F69703A2020307825303878207231BB
:10220000342F6C723A2020307825303878002078CE
:102210007073723A20203078253038780046617526
:102220006C74696E6720696E737472756374696F1C
:102230006E206164647265737320287231352F706B
:1022400063293A2030782530387800556E68616E01
:10225000646C6564204952516E3A202564002A2A34
:102260002A2A2A20425553204641554C54202A2AD6
:102270002A2A2A002020537461636B696E672065E7
:1022800072726F72002020556E737461636B696E99
:1022900067206572726F72002020507265636973E7
:1022A00065206461746120627573206572726F725B
:1022B0000020204246415220416464726573733AA3
:1022C0002030782578002020496D7072656369732D
:1022D00065206461746120627573206572726F722B
:1022E000002020496E737472756374696F6E20628A
:1022F0007573206572726F72002020466C6F617476
:10230000696E672D706F696E74206C617A792073C5
:102310007461746520707265736572766174696F3B
:102320006E206572726F72002A2A2A2A2A2055535B
:10233000414745204641554C54202A2A2A2A2A0042
:1023400020204469766973696F6E206279207A650E
:10235000726F002020556E616C69676E6564206D38
:10236000656D6F7279206163636573730020204E21
:102370006F20636F70726F636573736F7220696E25
:10238000737472756374696F6E73002020496C6C8E
:102390006567616C206C6F6164206F6620455843EF
:1023A0005F52455455524E20696E746F2050430061
:1023B0002020496C6C6567616C20757365206F66C1
:1023C0002074686520455053520020204174746584
:1023D0006D707420746F2065786563757465207501
:1023E0006E646566696E656420696E737472756388
:1023F00074696F6E002A2A2A2A2A204D50552046D9
:1024000041554C54202A2A2A2A2A0020205374613C
:10241000636B696E67206572726F722028636F6EDE
:10242000746578742061726561206D6967687420D5
:102430006265206E6F742076616C696429002020CB
:1024400044617461204163636573732056696F6CE6
:102450006174696F6E0020204D4D464152204164E9
:1024600064726573733A2030782578002020496EB5
:10247000737472756374696F6E20416363657373FF
:102480002056696F6C6174696F6E00574553545FD5
:10249000544F504449522F7A65706879722F617297
:1024A00063682F61726D2F636F72652F636F727433
:1024B00065785F6D2F6661756C742E630021282826
:1024C000285343425F54797065202A2920282830F8
:1024D000784530303045303030554C29202B203075
:1024E0007830443030554C2920292D3E43465352F4
:1024F0002026202831554C203C3C20283055202BCC
:102500002034552929290009537461636B696E676A
:10251000206572726F72206E6F7420612073746117
:10252000636B206661696C0A0A0052657365727696
:10253000656420457863657074696F6E2028005368
:10254000707572696F757320696E746572727570DB
:102550007420284952512000535053454C20696E35
:1025600020746872656164206D6F646520646F65B6
:1025700073206E6F7420696E6469636174652050A6
:1025800053500065736620213D202828766F6964CA
:10259000202A293029000945534620636F756C6451
:1025A000206E6F742062652072657472696576654D
:1025B00064207375636365737366756C6C792E2024
:1025C0005368616C6C206E65766572206F6363750D
:1025D000722E0A002A2A2A2A2A20484152442046DA
:1025E00041554C54202A2A2A2A2A00202042757359
:1025F000206661756C74206F6E20766563746F72EF
:10260000207461626C6520726561640020204465FD
:10261000627567206576656E740020204661756C72
:102620007420657363616C6174696F6E20287365D3
:10263000652062656C6F772900415243485F4558B9
:1026400043455054207769746820726561736F6EDA
:102650002025780A00094661756C742065736361F2
:102660006C6174696F6E20776974686F7574204649
:10267000535220696E666F0A0009486172644661B0
:10268000756C7420776974686F757420484653526E
:1026900020696E666F205368616C6C206E6576658C
:1026A00072206F636375720A002A2A2A2A2A20443C
:1026B00065627567206D6F6E69746F7220657863EF
:1026C000657074696F6E202A2A2A2A2A002A2A2A0B
:1026D0002A2A20257320256429202A2A2A2A2A002A
:1026E000574553545F544F504449522F7A65706890
:1026F00079722F617263682F61726D2F636F7265DB
:102700002F636F727465785F6D2F6972715F6D6191
:102710006E6167652E63007072696F203C3D2028F2
:102720002831554C203C3C2028332929202D2031AC
:10273000290009696E76616C6964207072696F7234
:1027400069747920256420666F722025642069727F
:1027500071212076616C756573206D7573742062CC
:1027600065206C657373207468616E20256C750A32
:102770000A006D70750025733A205B25645D20307A
:1027800078253038782030782530387800466169EF
:102790006C656420746F20616C6C6F63617465207C
:1027A0006E6577204D505520726567696F6E2025E4
:1027B000750A0025733A2050726F6772616D204D63
:1027C000505520726567696F6E20617420696E6470
:1027D0006578203078257800506172746974696F6B
:1027E0006E2025753A2073616E697479206368657F
:1027F000636B206661696C65642E0025733A204323
:102800006F6E666967757265204D505520726567F9
:10281000696F6E20617420696E6465782030782558
:102820007800574553545F544F504449522F7A65AE
:10283000706879722F617263682F61726D2F636F98
:1028400072652F6D70752F61726D5F6D70752E637F
:102850000009436F6E6669677572696E672025753A
:1028600020737461746963204D50552072656769E7
:102870006F6E73206661696C65640A0A0009436FB4
:102880006E6669677572696E672025752064796E5A
:10289000616D6963204D505520726567696F6E7375
:1028A000206661696C65640A0A0009526571756584
:1028B000737420746F20636F6E6669677572653A12
:1028C00020257520726567696F6E73202873757097
:1028D000706F727465643A202575290A0A002573A1
:1028E0003A20746F74616C20726567696F6E206343
:1028F0006F756E743A202564002128726567696FD0
:102900006E5B6964785D2E64745F617474722026F6
:10291000202831554C203C3C202830292929000909
:1029200052414D5F4E4F434143484520776974689B
:102930002044545F4D454D5F434143484541424C1F
:1029400045206174747269627574650A0A000946EB
:1029500061696C656420746F20616C6C6F63617475
:1029600065204D505520726567696F6E73206672E1
:102970006F6D2044540A0A002828284D50555F5492
:10298000797065202A292028283078453030304554
:10299000303030554C29202B203078304439305598
:1029A0004C2920292D3E5459504520262028307886
:1029B0004646554C203C3C2038552929203E3E2097
:1029C0003855203D3D20380009496E76616C6964B8
:1029D000206E756D626572206F66204D50552072B5
:1029E0006567696F6E730A0A007A5F61726D5F6D69
:1029F00070755F696E697400726567696F6E5F6993
:102A00006E697400726567696F6E5F616C6C6F638D
:102A10006174655F616E645F696E6974006D707585
:102A20005F636F6E6669677572655F726567696F10
:102A30006E00464C4153485F30005352414D5F3069
:102A4000006578697400574553545F544F504449AA
:102A5000522F7A65706879722F6C69622F6E657477
:102A60005F6275662F6275662E63006275662D3E25
:102A7000666C616773203D3D203055006275662DA0
:102A80003E6672616773203D3D202828766F696439
:102A9000202A293029007265715F73697A65203CAC
:102AA0003D2073697A65006275662D3E7265660029
:102AB0000962756620257020646F75626C652066FA
:102AC0007265650A0066726167006E65745F6275A3
:102AD0006600574553545F544F504449522F7A650E
:102AE000706879722F6C69622F6E65745F627566AB
:102AF0002F6275665F73696D706C652E6300627519
:102B0000662D3E6C656E203D3D2030550062756639
:102B10002D3E6C656E203E3D206C656E006E6574CA
:102B20005F6275665F73696D706C655F686561642F
:102B3000726F6F6D2862756629203E3D206C656E50
:102B4000006E65745F6275665F73696D706C655F5A
:102B50007461696C726F6F6D2862756629203E3DE5
:102B6000206C656E006E65745F6275665F73696D7B
:102B7000706C6500736F630000FFFFFFFFFFFF00D5
:102B8000000000000000FFFFFFFFFFFF000000004B
:102B90000000253032583A253032583A2530325824
:102BA0003A253032583A253032583A2530325800DA
:102BB00030313233343536373839616263646566B3
:102BC0000025733A2069726B2025730025733A2023
:102BD000722025730025733A2049524B202573201B
:102BE0006264616464722025730061680062745FCE
:102BF0007270615F69726B5F6D61746368657300A9
:102C000062745F72706100496E73756666696369AC
:102C1000656E74206E756D626572206F66206172DC
:102C200067756D656E74730049676E6F72696E6764
:102C3000206964656E7469746965732073746F725A
:102C4000656420696E20666C61736800496E766108
:102C50006C6964206C656E67746820494420616407
:102C6000647265737320696E2073746F7261676537
:102C7000006461746120726561640025733A2049C3
:102C8000445B25645D2025730062742F25732F2516
:102C90003032782530327825303278253032782538
:102CA0003032782530327825752F25730062742FE5
:102CB00025732F253032782530327825303278252B
:102CC00030327825303278253032782575002573FA
:102CD0003A20456E636F64656420706174682025D6
:102CE000730025733A204465636F6465642025731F
:102CF0002061732025730073657474696E67735F58
:102D00007375627379735F696E6974206661696C4B
:102D100065642028657272202564290062742F255D
:102D200073004661696C656420746F207361766519
:102D300020494420286572722025642900556E615F
:102D4000626C6520746F20736574757020616E20ED
:102D50006964656E74697479206164647265737303
:102D60000025733A2053746F72696E672049646559
:102D70006E7469747920496E666F726D6174696FE3
:102D80006E0062745F73657474696E67735F696EF9
:102D90006974007365745F73657474696E6700634A
:102DA0006F6D6D69745F73657474696E67730062CB
:102DB000745F73657474696E67735F6465636F6471
:102DC000655F6B65790062745F73657474696E67C3
:102DD000735F656E636F64655F6B65790062740035
:102DE00062745F73657474696E6773004254204C3B
:102DF0005720575100253038782D253034782D252F
:102E00003034782D253034782D25303878253034FD
:102E1000780002FB349B5F800000800010000000FF
:102E2000000000574553545F544F504449522F7A85
:102E300065706879722F7375627379732F626C7520
:102E400065746F6F74682F686F73742F6275662E68
:102E5000630074797065203D3D2042545F425546C1
:102E60005F455654207C7C2074797065203D3D2060
:102E700042545F4255465F41434C5F494E207C7C43
:102E80002074797065203D3D2042545F4255465F75
:102E900049534F5F494E0009496E76616C69642061
:102EA00062756666657220747970652072657175E9
:102EB00065737465640A00574553545F544F50441A
:102EC00049522F7A65706879722F696E636C7564E8
:102ED000652F7A65706879722F626C7565746F6F93
:102EE00074682F6275662E680025733A20646573D6
:102EF00074726F792D76696577202570206D657401
:102F000061202570006D6574612D3E706172656E83
:102F1000740076696577006E65745F6275665F68D8
:102F2000656164726F6F6D28706172656E742920BF
:102F30003E2030002162745F6275665F6861735F76
:102F40007669657728706172656E74290025733A19
:102F5000206D616B652D7669657720257020766917
:102F6000657773697A6520257A75206D65746120AF
:102F700025700062745F6275665F64657374726F5A
:102F8000795F766965770062745F6275665F6D610F
:102F90006B655F766965770062745F627566006273
:102FA000745F6461746100436F756C64206E6F744C
:102FB000207375626D69742072785F776F726B3AF7
:102FC00020256400486172647761726520657272C1
:102FD0006F722C20686172647761726520636F6420
:102FE000653A20256400556E61626C6520746F201F
:102FF0006C6F6F6B757020636F6E6E20666F7220E2
:1030000068616E646C652025750025733A20504810
:103010005920757064617465643A207374617475C5
:10302000733A203078253032782025732C2074783C
:103030003A2025752C2072783A2025750025733AA0
:1030400020737461747573203078253032782025B0
:10305000732068616E646C652025752072656173EC
:103060006F6E2030782530327800556E61626C6565
:1030700020746F206C6F6F6B20757020636F6E6EA5
:1030800020776974682068616E646C65202575001E
:10309000546F6F20736D616C6C20282575206279E8
:1030A00074657329206576656E742030782530321A
:1030B0007800556E68616E646C6564206576656E37
:1030C0007420307825303278206C656E2025753A72
:1030D0002025730025733A207375626576656E74DA
:1030E0002030782530327800556E68616E646C65EA
:1030F000642076656E646F722D73706563696669AE
:1031000063206576656E7420307825303278206CC7
:10311000656E2025753A2025730044617461206234
:103120007566666572206F766572666C6F772028AB
:103130006C696E6B20747970652030782530327838
:1031400029004E6F2070656E64696E67207065722D
:103150006970686572616C20636F6E6E6563746917
:103160006F6E00556E657870656374656420737466
:1031700061747573203078253032782025730025EE
:10318000733A206F70636F6465203078253034782F
:10319000207374617475732030782530327820255F
:1031A0007320627566202570004E6F20636F6D6D11
:1031B000616E642073656E7420666F7220636D6447
:1031C00020636F6D706C65746520307825303478BD
:1031D000004F70436F646520307825303478206369
:1031E0006F6D706C6574656420696E73746561647D
:1031F000206F66206578706563746564203078257B
:1032000030347800574553545F544F504449522F3F
:103210007A65706879722F7375627379732F626C37
:103220007565746F6F74682F686F73742F68636946
:103230005F636F72652E6300216275660025733AC5
:103240002073796E6320636D642072656C656173B1
:1032500065640025733A20627566202570206C65D0
:103260006E20257500496E76616C6964204843497B
:10327000206576656E742073697A65202825752926
:1032800000496E76616C6964204C45206D657461FF
:10329000206576656E742073697A65202825752906
:1032A000006576745F666C6167732026202831554F
:1032B0004C203C3C202830292900496E76616C69FD
:1032C0006420627566207479706520257500257309
:1032D0003A2047657474696E67206E65745F627525
:1032E000662066726F6D2071756575650025733A8D
:1032F0002062756620257020747970652025752000
:103300006C656E2025750025733A20627566202550
:103310007000496E76616C696420484349204143DE
:103320004C207061636B65742073697A6520282571
:1033300075290025733A2068616E646C65202575D7
:10334000206C656E20257520666C6167732025757D
:103350000041434C2064617461206C656E67746841
:10336000206D69736D617463682028257520213D87
:103370002025752900556E61626C6520746F20668A
:10338000696E6420636F6E6E20666F722068616E76
:10339000646C652025750025733A206576656E742A
:1033A000203078253032780062745F6863695F6529
:1033B00076745F6765745F666C61677328686472B2
:1033C0002D3E657674292026202831554C203C3C22
:1033D000202831292900556E6B6E6F776E2062753B
:1033E0006620747970652025750025733A20737402
:1033F00061747573203078253032782025732C2045
:1034000068616E646C6520257500696E74657276FE
:10341000616C2065786365656473207468652076E7
:10342000616C69642072616E676520257520757313
:10343000006C6174656E637920657863656564739B
:10344000207468652076616C69642072616E6765BE
:103450002030782530347800737570765F74696D2C
:10346000656F75742065786365656473207468653D
:103470002076616C69642072616E67652030782502
:1034800030347800657674206E756D5F68616E64A7
:103490006C657320283D25752920746F6F206C6141
:1034A0007267652028257A75203E2025752900251C
:1034B000733A206E756D5F68616E646C657320256C
:1034C000750025733A2068616E646C65202575204F
:1034D000636F756E74202575004E6F20636F6E6E7E
:1034E000656374696F6E20666F722068616E646CCC
:1034F00065202575007061636B65747320636F755B
:103500006E74206D69736D617463680061746F6DB2
:1035100069635F6765742826636F6E6E2D3E696E02
:103520005F6C6C290025733A20556E61626C6520D2
:10353000746F20616C6C6F63617465206120636FD0
:103540006D6D616E64206275666665720025733A02
:10355000206F70636F646520307825303478207078
:103560006172616D5F6C656E2025750025733A2070
:103570007374617475732030782530327820257328
:103580002068616E646C65202575004661696C6514
:103590006420746F2073657420726571756972653B
:1035A00064207365637572697479206C6576656CE7
:1035B0000025733A20737461747573203078253058
:1035C00032782025732068616E646C652025752033
:1035D000656E637279707420307825303278004ED1
:1035E0006F206368616E676520746F20656E63721B
:1035F000797074696F6E2073746174652028656ECC
:103600006372797074203078253032782900756EB5
:103610006B6E6F776E0025733A2062756620257099
:10362000206C656E202575207479706520257500E5
:103630005B305D0053444300484349207472616E1F
:1036400073706F72743A202573004964656E7469F3
:10365000747925733A202573004964656E74697422
:10366000795B25645D3A202573004843493A20760A
:10367000657273696F6E202573202830782530328B
:103680007829207265766973696F6E2030782530ED
:1036900034782C206D616E75666163747572657225
:1036A00020307825303478004C4D503A20766572C1
:1036B00073696F6E20257320283078253032782981
:1036C0002073756276657220307825303478002555
:1036D000733A206B69636B20545800556E61626CBD
:1036E0006520746F2073656E6420746F2064726946
:1036F0007665722028657272202564290025733A48
:103700002068616E646C65202575004F7574206FAC
:103710006620636F6D6D616E6420627566666572AA
:103720007300556E61626C6520746F20616C6C6F04
:1037300063617465206275666665720025733A2060
:10374000666574636820636D6400556E636C6561C3
:103750007265642070656E64696E672073656E744F
:103760005F636D640025733A2053656E64696E670C
:1037700020636F6D6D616E64203078253034782061
:10378000286275662025702920746F20647269761E
:1037900065720025733A20627566202570206F706F
:1037A000636F646520307825303478206C656E2036
:1037B00025750025733A2070726F636573732063FB
:1037C0006D642025702077616E74202570007375FC
:1037D00063636573730009636F6D6D616E64206F61
:1037E00070636F6465203078253034782074696D9B
:1037F000656F75740A0009436F6E74726F6C6C6547
:103800007220756E726573706F6E736976652C20A9
:10381000636F6D6D616E64206F70636F64652030DF
:1038200078253034782074696D656F7574207769F8
:103830007468206572722025640A006F70636F647B
:103840006520307825303478207374617475732066
:103850003078253032782025730025733A20727332
:1038600070202570206F70636F646520307825307C
:103870003478206C656E202575004661696C65643E
:1038800020746F207265616420444C45206D61781E
:103890002064617461206C656E0074785F6F63747E
:1038A000657473206578636565647320746865204A
:1038B00076616C69642072616E676520257500749D
:1038C000785F74696D6520657863656564732074DD
:1038D00068652076616C69642072616E6765202579
:1038E000750025733A2073746174757320307825E0
:1038F000303278202573004E6F6E2D4C4520636169
:103900007061626C6520636F6E74726F6C6C65724F
:10391000206465746563746564210025733A2041F1
:10392000434C204C4520627566666572733A207080
:103930006B7473202575206D7475202575004E7588
:103940006D206F6620436F6E74726F6C6C657227AA
:10395000732041434C207061636B65747320213D7B
:103960002041434C2062745F636F6E6E5F747820F9
:10397000636F6E74657874732028257520213D204F
:103980002575290025733A205265736F6C76696E30
:1039900067204C6973742073697A6520257500254A
:1039A000733A2041434C2042522F454452206275C5
:1039B00066666572733A20706B7473202575206D8E
:1039C00074752025750041434C2042522F454452C6
:1039D0002062756666657273206E6F7420696E6909
:1039E0007469616C697A65640056656E646F7220F3
:1039F00048434920657874656E73696F6E73206EF5
:103A00006F7420617661696C61626C650048572053
:103A1000506C6174666F726D3A202573202830787F
:103A200025303478290048572056617269616E74D8
:103A30003A202573202830782530347829004669CB
:103A4000726D776172653A202573202830782530B1
:103A50003278292056657273696F6E2025752E2580
:103A600075204275696C64202575004661696C6536
:103A70006420746F207265616420737570706F725A
:103A80007465642076656E646F7220636F6D6D611E
:103A90006E6473004661696C656420746F207265A2
:103AA000616420737570706F727465642076656EE2
:103AB000646F72206665617475726573004E6F2065
:103AC000494420616464726573732E2041707020D4
:103AD0006D7573742063616C6C2073657474696EAA
:103AE00067735F6C6F6164282900484349206472E2
:103AF00069766572206973206E6F742072656164E7
:103B000079004254205258205751004843492064BC
:103B10007269766572206F70656E206661696C658A
:103B2000642028256429006576742D3E73746174C1
:103B30007573203D3D20307830300025733A207376
:103B400074617475732030782530327820257320A5
:103B500068616E646C6520257520726F6C65202528
:103B6000752070656572202573207065657220521E
:103B700050412025730025733A206C6F63616C20DF
:103B8000525041202573004E6F2070656E64696E3F
:103B90006720636F6E6E20666F722070656572209D
:103BA00025730025733A207374617475732030781F
:103BB0002530327820257320726F6C6520257520A2
:103BC00025730025733A206F70636F646520307829
:103BD0002530347800556E657870656374656420AF
:103BE000484F53545F4E554D5F434F4D504C4554D5
:103BF00045445F5041434B4554532C2073746174CA
:103C00007573203078253032782025730025733A7B
:103C10002054582070726F636573732073746172DF
:103C2000740091FBFBF3F4FBFBFBFBEA00090909C1
:103C30000901020909090909090909090909070905
:103C400009090909060909090909090909090909E7
:103C500009090909090574785F70726F63657373E8
:103C60006F720062745F74785F6972715F7261690C
:103C70007365006863695F76656E646F725F657611
:103C8000656E74006C655F6C65676163795F636F17
:103C90006E6E5F636F6D706C657465006C655F63FD
:103CA0006F6E6E5F7570646174655F636F6D706C6D
:103CB000657465006C655F7068795F7570646174C8
:103CC000655F636F6D706C657465006C655F6C74C7
:103CD0006B5F72657175657374006863695F6C65AD
:103CE0005F6D6574615F6576656E74006863695FBA
:103CF000646973636F6E6E5F636F6D706C6574651E
:103D0000006863695F656E63727970745F63686190
:103D10006E6765006863695F656E63727970745F72
:103D20006B65795F726566726573685F636F6D70EE
:103D30006C657465006863695F6576656E740068BC
:103D400063695F61636C0072785F776F726B5F6845
:103D5000616E646C6572006863695F636D645F6364
:103D60006F6D706C657465006863695F636D645F37
:103D7000737461747573006863695F646973636FFA
:103D80006E6E5F636F6D706C6574655F7072696F86
:103D9000006863695F6E756D5F636F6D706C6574ED
:103DA00065645F7061636B657473006863695F6C01
:103DB000655F6D6574615F7072696F5F6576656E72
:103DC000740062745F726563765F756E73616665B9
:103DD0000062745F73656E6400312E306200312EB4
:103DE0003100312E3200322E3000322E3100332E8F
:103DF0003000342E3000342E3100342E3200352E77
:103E00003000352E3100352E3200352E3300352E60
:103E10003400362E3000362E3100362E32005374E8
:103E2000616E6461726420426C7565746F6F746852
:103E300020636F6E74726F6C6C65720056656E6491
:103E40006F7220737065636966696320636F6E7457
:103E5000726F6C6C6572004669726D776172652075
:103E60006C6F616465720052657363756520696D7E
:103E7000616765007265736572766564006E5246AF
:103E8000353178006E5246353278006E5246353301
:103E900078006E524635344878006E524635344CC0
:103EA0007800496E74656C20436F72706F72617434
:103EB000696F6E004E6F726469632053656D69634C
:103EC0006F6E647563746F72004E58502053656D49
:103ED00069636F6E647563746F72730062745F6898
:103EE00063695F636F72650062745F6863695F6CCA
:103EF000655F656E685F636F6E6E5F636F6D706C3C
:103F0000657465006863695F636D645F646F6E65A7
:103F1000006863695F636F72655F73656E645F639A
:103F20006D640062745F6863695F636D645F73658D
:103F30006E645F73796E630062745F6863695F6368
:103F40006D645F73656E640062745F6863695F636C
:103F50006D645F616C6C6F6300726561645F627554
:103F6000666665725F73697A655F636F6D706C65B5
:103F70007465006C655F726561645F7265736F6C18
:103F800076696E675F6C6973745F73697A655F6386
:103F90006F6D706C657465006C655F726561645F00
:103FA000737570705F7374617465735F636F6D7048
:103FB0006C657465006C655F726561645F627566EF
:103FC0006665725F73697A655F636F6D706C657447
:103FD0006500726561645F6C655F666561747572CA
:103FE00065735F636F6D706C6574650072656164A5
:103FF0005F737570706F727465645F636F6D6D6110
:104000006E64735F636F6D706C657465007265617B
:10401000645F6C6F63616C5F7665725F636F6D7018
:104020006C65746500726561645F6C6F63616C5F81
:1040300066656174757265735F636F6D706C6574CE
:10404000650025733A206164647220257300656EF3
:1040500061626C656400636D6420646973616C6C9B
:104060006F7765640025733A205265736964656EE5
:1040700074203A206164647220257320616E64208C
:1040800049524B2025730025733A2043616E6469C1
:10409000646174653A206164647220257320616EE6
:1040A000642049524B20257300574553545F544FA9
:1040B000504449522F7A65706879722F7375627314
:1040C00079732F626C7565746F6F74682F686F7386
:1040D000742F69642E6300636F6E666C696374206D
:1040E000213D202828766F6964202A293029006321
:1040F0006F6E666C6963742D3E63616E64696461A2
:10410000746520213D202828766F6964202A293093
:1041100029007265736964656E7420213D2028282A
:10412000766F6964202A2930290028636F6E666CD7
:104130006963742D3E63616E6469646174652D3ECC
:10414000737461746520262042545F4B4559535F58
:1041500049445F414444454429203D3D20300025E9
:10416000733A204964656E74697479202573206DF3
:104170006174636865642052504120257300466174
:10418000696C656420746F2064697361626C65207A
:1041900061646472657373207265736F6C757469A2
:1041A0006F6E005265736F6C76696E67206C697311
:1041B000742073697A652065786365656465642E2B
:1041C00020537769746368696E6720746F20686F25
:1041D00073742E004661696C656420746F20636C93
:1041E000656172207265736F6C7574696F6E206C97
:1041F000697374004661696C656420746F20616442
:10420000642049524B20746F20636F6E74726F6C20
:104210006C657200536574207072697661637920F1
:104220006D6F646520636F6D6D616E6420697320CE
:104230006E6F7420737570706F727465640025738F
:104240003A2061646472202573206D6F64652030AC
:104250007825303278004661696C656420746F207F
:104260007365742070726976616379206D6F64651F
:104270000062745F6465762E6C652E726C5F656E8D
:104280007472696573203E20300044697361626C0A
:10429000696E672061646472657373207265736F01
:1042A0006C7574696F6E206661696C656420286541
:1042B000727220256429004661696C656420746F00
:1042C0002072656D6F76652049524B2066726F6D66
:1042D00020636F6E74726F6C6C6572004F6E6C79D8
:1042E0002072616E646F6D207374617469632069FC
:1042F00064656E7469747920616464726573732097
:10430000737570706F7274656400496E76616C6964
:104310006420696E70757420706172616D6574657A
:104320007273004661696C656420746F2072656108
:1043300064207075626C6963206164647265737374
:104340000025733A20436F6E74726F6C6C65722037
:10435000686173206E6F207075626C6963206164A0
:10436000647265737300526561642053746174698B
:10437000632041646472657373657320636F6D6D50
:10438000616E64206E6F7420617661696C61626C2D
:1043900065004661696C656420746F2072656164B4
:1043A00020737461746963206164647265737365FA
:1043B00073004E6F2073746174696320616464726A
:1043C00065737365732073746F72656420696E2002
:1043D000636F6E74726F6C6C65720043616E2774EC
:1043E0002073657420626F7468204944454E5449B7
:1043F00054592026204E5250410062745F69645F18
:10440000726561645F7075626C69635F6164647238
:10441000006863695F69645F64656C0062745F690A
:10442000645F64656C00616464725F7265735F658C
:104430006E61626C65006C655F7365745F70726954
:10444000766163795F6D6F6465006863695F696455
:104450005F6164640062745F69645F616464006BDF
:104460006579735F636F6E666C6963745F636865BB
:10447000636B007365745F72616E646F6D5F61641E
:1044800064726573730062745F6C6F6F6B75705FDD
:1044900069645F616464720062745F696400546F90
:1044A0006F20626967206164766572746973696EF2
:1044B000672064617461004661696C656420746F93
:1044C00020737461727420616476657274697365B7
:1044D00072004661696C656420746F2073746F703C
:1044E000206164766572746973696E673A20256429
:1044F0000062745F61647600574553545F544F50B7
:104500004449522F7A65706879722F696E636C75B1
:1045100064652F7A65706879722F7379732F627969
:1045200074656F726465722E6800282870737263F8
:10453000203C2070647374202626202870737263D8
:10454000202B206C656E67746829203C3D207064C8
:10455000737429207C7C202870737263203E207045
:10456000647374202626202870647374202B206CBA
:10457000656E67746829203C3D2070737263292939
:104580000009536F7572636520616E642064657302
:1045900074696E6174696F6E2062756666657273A8
:1045A000206D757374206E6F74206F7665726C6108
:1045B000700A004661696C656420746F2067656EDF
:1045C000657261746520454343206B6579202564DD
:1045D000004661696C656420746F206578706F7245
:1045E0007420454343207075626C6963206B657964
:1045F000202564004661696C656420746F206578CD
:10460000706F7274204543432070726976617465DF
:10461000206B6579202564004661696C65642074AF
:104620006F2064657374726F7920454343206B6516
:1046300079204944202564004661696C65642074D2
:104640006F20696D706F7274207468652070726974
:1046500076617465206B657920666F72206B657971
:104660002061677265656D656E7420256400526116
:1046700077206B65792061677265656D656E742062
:104680006661696C6564202564004661696C6564D7
:1046900020746F2064657374726F7920746865206C
:1046A0006B6579202564007073615F696D706F724E
:1046B000745F6B657928292072657475726E656404
:1046C000207374617475732025640025733A204348
:1046D000616C6C6261636B20616C726561647920EE
:1046E00072656769737465726564004275737920D9
:1046F000706572666F726D696E6720616E6F746847
:1047000065722045434448206F7065726174696F1B
:104710006E0062745F7075625F6B65795F67656E6E
:1047200000E69D350E480103CCDBFDF4AC1191F49D
:10473000EFB9A5F9E9A7832C5E2CBE97F2D203B09E
:10474000208BD28915D08E1C742430ED8FC2456326
:10475000765C15525ABF9A32636DEB2A65499C808C
:10476000DC62745F65636300574553545F544F5078
:104770004449522F7A65706879722F737562737924
:10478000732F626C7565746F6F74682F686F7374C4
:104790002F636F6E6E2E63006362203C3D205F626C
:1047A000745F636F6E6E5F63625F6C6973745F6585
:1047B0006E640069735F61636C5F636F6E6E286324
:1047C0006F6E6E290025733A202570006B5F63754C
:1047D0007272656E745F6765742829203D3D206B99
:1047E0005F776F726B5F71756575655F7468726511
:1047F00061645F6765742874785F6E6F7469667949
:104800005F776F726B71756575655F676574282971
:10481000290025733A20636F6E6E20257000257382
:104820003A207478202570206362202570207573EB
:1048300065725F646174612025700025733A20728F
:1048400061697365205458204952510074780025DD
:10485000733A20636F6E6E20257020747820257067
:104860002063622025702075642025700025733A2E
:10487000205B25705D2052756E6E696E67206175D4
:10488000746F2D696E697469617465642070726FEC
:1048900063656475726573004661696C6564207256
:1048A0006561642072656D6F7465206665617475FD
:1048B0007265732028256429004661696C6564204F
:1048C0004C45205365742050485920282564290000
:1048D0004661696C656420746F207365742064613F
:1048E0007461206C656E20282564290025733A20A8
:1048F0005B25705D205375636365737366756C6CBF
:10490000792072616E206175746F2D696E697469AA
:10491000617465642070726F63656475726573009D
:1049200025733A2068616E646C6520257520726578
:104930006620256C64202D3E20256C640009636F81
:10494000756C646E2774207375626D6974202865B8
:104950007272202564290A0025733A2068616E640A
:104960006C65202575206C656E20257520666C6150
:104970006773202530327800556E657870656374F2
:104980006564206669727374204C3243415020661E
:1049900072616D650025733A2046697273742C202C
:1049A0006C656E2025752066696E616C202575002A
:1049B000556E6578706563746564204C3243415070
:1049C00020636F6E74696E756174696F6E00257314
:1049D0003A20456D7074792041434C5F434F4E54EB
:1049E000004E6F7420656E6F75676820627566662D
:1049F000657220737061636520666F72204C32436C
:104A00004150206461746100556E6578706563740F
:104A100065642041434C20666C61677320283078C0
:104A200025303278290041434C206C656E206D6939
:104A3000736D6174636820282575203E20257529D3
:104A40000025733A205375636365737366756C6CE8
:104A500079207061727365642025752062797465B0
:104A6000204C32434150207061636B6574000949EA
:104A70006E76616C696420636F6E6E656374696FD6
:104A80006E207265666572656E63650A006F6C64A0
:104A9000203E20300009436F6E6E2072656665729D
:104AA000656E636520636F756E746572206973202F
:104AB000300A0021636F6E6E5F74785F69735F7098
:104AC000656E64696E67000974785F636F6D706C02
:104AD0006574655F776F726B2069732070656E64B3
:104AE000696E67207768656E20636F6E6E206973EC
:104AF000206465616C6C6F63617465640A00616455
:104B000064656420746F00616C726561647920690A
:104B10006E0025733A2044520025733A20436F6E8D
:104B20006E656374696F6E20257020257320636F36
:104B30006E6E5F7265616479206C697374002875AC
:104B40006E6B6E6F776E290025733A202573202DCA
:104B50003E202573006E6F207472616E73697469F4
:104B60006F6E2025730025733A207472696767653C
:104B70007220646973636F6E6E65637420776F7201
:104B80006B00496E76616C69642028257529206F59
:104B90006C6420737461746500636F6E6E202570A1
:104BA000206661696C656420746F2065737461624E
:104BB0006C6973682E205246206E6F6973653F00E2
:104BC0006E6F2076616C69642028257529207374C6
:104BD000617465207761732073657400696E636F1B
:104BE0006D70617469626C652068616E646C6520CB
:104BF0002575002828636F6E6E2920262620282818
:104C000075696E747074725F7429202861636C5FBB
:104C1000636F6E6E732929203C3D20282875696ECC
:104C2000747074725F74292028636F6E6E29292056
:104C3000262620282875696E747074725F74292086
:104C400028636F6E6E2929203C20282875696E74B0
:104C50007074725F74292028262861636C5F636F0B
:104C60006E6E73295B282873697A655F7429202822
:104C70002828696E74292073697A656F66286368CD
:104C800061725B31202D202832202A202128215FCB
:104C90005F6275696C74696E5F74797065735F6368
:104CA0006F6D70617469626C655F70285F5F7479A5
:104CB00070656F665F5F2861636C5F636F6E6E73B4
:104CC000292C205F5F747970656F665F5F282628E6
:104CD00061636C5F636F6E6E73295B305D29292998
:104CE000295D29202D203129202B202873697A6500
:104CF0006F662861636C5F636F6E6E7329202F206F
:104D000073697A656F66282861636C5F636F6E6E86
:104D100073295B305D292929295D29292026262030
:104D200028282875696E747074725F74292028634E
:104D30006F6E6E2929202D20282875696E74707475
:104D4000725F7429202861636C5F636F6E6E7329D4
:104D5000292920252073697A656F66282861636C8C
:104D60005F636F6E6E73295B305D29203D3D20309F
:104D7000290009496E76616C69642062745F636F13
:104D80006E6E20706F696E7465720A00216B5F69C8
:104D9000735F696E5F69737228290054696D656F6E
:104DA0007574206469736361726465642E204E6F4C
:104DB00020626C6F636B696E6720696E2073797314
:104DC00077712E0025733A20556E61626C652074F0
:104DD0006F20616C6C6F63617465206275666665D7
:104DE000722077697468696E2074696D656F757477
:104DF0000025733A205B25705D20536368656475F8
:104E00006C696E67206175746F2D696E69742070AE
:104E1000726F636564757265730009496E76616CC3
:104E2000696420636F6E6E20747970652025750A41
:104E3000006C6173740025733A207374617274009E
:104E400025733A206E6F20766965772062756673E8
:104E500000746D7020213D20636F6E6E0025733AE3
:104E6000206E6F204C4C206275667320666F722036
:104E700025700025733A206E6F20545820636F6EA2
:104E8000746578747320666F722025700025733AFC
:104E900020636F6E6E202570202874797065202540
:104EA0006429206973206D697373696E67206D6171
:104EB0006E6461746F7279206D6574686F647300DD
:104EC00025733A204E6F206D6F72652064617461A6
:104ED00020666F72202570007072657620213D205B
:104EE00026636F6E6E2D3E5F636F6E6E5F726561DF
:104EF00064790025733A20617070656E64696E672D
:104F000020257020746F206261636B206F662054CF
:104F1000582071756575650025733A206E6F2063A2
:104F20006F6E6E656374696F6E2077616E74732047
:104F3000746F20646F2073747566660025733A2061
:104F400070726F63657373696E6720636F6E6E2036
:104F500025700025733A20636F6E6E2025703A200D
:104F60006E6F7420636F6E6E65637465643A207350
:104F7000746174652025640025733A206E6F206289
:104F800075662072657475726E65640025733A20CB
:104F9000706F703A206362202570207573657264AB
:104FA0006174612025700025733A20545820707276
:104FB0006F636573733A20636F6E6E202570206295
:104FC000756620257020282573290025733A2063F3
:104FD0006F6E6E20257020627566202570206C65CE
:104FE0006E20257A75206275662D3E6C656E2025D3
:104FF0007520636220257020756420257000094E9D
:105000006F20636F6E74726F6C6C65722062756670
:10501000730A00094E6F20545820636F6E746578D0
:10502000740A0030207C7C20286275662D3E7265F3
:1050300066203D3D203129207C7C20286275662D2C
:105040003E726566203D3D203229002162745F6218
:1050500075665F6861735F76696577286F757473CD
:10506000696465290025733A206765742D61636C56
:105070002D667261673A206F7574736964652025C7
:10508000702077696E646F772025702073697A6568
:1050900020257A75006672616720213D20282876D8
:1050A0006F6964202A2930290025733A2073656EC0
:1050B0006420667261673A20627566202570206CF4
:1050C000656E2025640025733A20636F6E6E20257F
:1050D0007020627566202570206C656E2025752015
:1050E000666C616773203078253032780009496E2C
:1050F00076616C696420636F6E6E656374696F6E50
:1051000020747970652025750A00466174616C20F1
:105110006572726F7220282564292E20446973639A
:105120006F6E6E656374696E672025700025733A33
:1051300020496E76616C696420636F6E6E6563747E
:10514000696F6E20747970653A20257520666F72DC
:1051500020257000466F756E642076616C6964204E
:10516000636F6E6E656374696F6E202825702920E9
:105170007769746820616464726573732025732095
:10518000696E202573207374617465200025733A5D
:1051900020636F6E6E202570206665617475726580
:1051A000732030782530327820706172616D732001
:1051B0002825642D25642025642025642900536555
:1051C0006E64204C4520706172616D207570646161
:1051D0007465206661696C6564202865727220259B
:1051E00064290053656E64206175746F204C4520FE
:1051F000706172616D2075706461746520666169AB
:105200006C656420286572722025642900646973C6
:10521000636F6E6E656374656400646973636F6E5B
:105220006E6563742D636F6D706C65746500736378
:10523000616E2D6265666F72652D696E6974696154
:1052400074696E6700696E6974696174696E672D4F
:1052500066696C7465722D6C697374006164762D77
:10526000636F6E6E65637461626C65006164762D58
:105270006469722D636F6E6E65637461626C650044
:10528000646973636F6E6E656374696E67006274E0
:105290005F636F6E6E0062745F636F6E6E5F6765F3
:1052A000745F6473740062745F636F6E6E5F6765D2
:1052B000745F73656375726974790062745F636F9C
:1052C0006E6E5F7365745F73656375726974790080
:1052D000706572666F726D5F6175746F5F696E691C
:1052E0007469617465645F70726F6365647572651B
:1052F00073007363686564756C655F6175746F5F77
:10530000696E697469617465645F70726F63656406
:10531000757265730062745F636F6E6E5F63726552
:105320006174655F7064755F74696D656F75740035
:1053300062745F636F6E6E5F756E72656600627435
:105340005F636F6E6E5F7265660070726F63657328
:10535000735F756E61636B5F74780062745F636F17
:105360006E6E5F7365745F737461746500636F6EF6
:105370006E5F74785F64657374726F7900676574CB
:105380005F646174615F6672616700636F6E6E5F18
:1053900074785F616C6C6F630073656E645F6275D7
:1053A000660073686F756C645F73746F705F747898
:1053B000006765745F636F6E6E5F7265616479002C
:1053C00062745F636F6E6E5F74785F70726F636537
:1053D00073736F720062745F636F6E6E5F6461748B
:1053E000615F72656164790062745F61636C5F72B2
:1053F0006563760062745F636F6E6E5F726563767D
:105400000073656E645F636F6E6E5F6C655F706185
:1054100072616D5F75706461746500646566657264
:105420007265645F776F726B0074785F6672656532
:105430000074785F6E6F746966795F70726F636510
:10544000737300667261675F64657374726F79006D
:1054500025733A20636F6E6E2025702068616E643C
:105460006C65202575004E6F20617661696C616204
:105470006C65204C3243415020636F6E74657874C4
:1054800020666F7220636F6E6E2025700057455343
:10549000545F544F504449522F7A65706879722F87
:1054A0007375627379732F626C7565746F6F74684E
:1054B0002F686F73742F6C326361702E63007320DA
:1054C0003D3D20266C655F6368616E2D3E5F7064B4
:1054D000755F72656164790025733A2063682025E1
:1054E00070206369642030782530347800616C72F4
:1054F000656164792061646465640025733A204CB9
:1055000032434150206368616E6E656C20257020C7
:10551000646174612072656164792025730025736C
:105520003A20636F6E6E202570206368616E2025BF
:105530007000457870656374696E672075702074BB
:105540006F20256420726566732C20676F74202598
:10555000640025733A206E6F7420656E6F756768FE
:1055600020726F6F6D20696E20757365725F646164
:105570007461202564203C20256420706F6F6C20AE
:1055800025750025733A20707573683A207064752C
:10559000202570206C656E202564206362202570B4
:1055A0002075736572646174612025700064796E82
:1055B000616D69630073746174696300607364751D
:1055C0005F73656E74600025733A206E6F7468694E
:1055D0006E6720746F2073656E64206F6E20746830
:1055E000697320636F6E6E0025733A2073656E6475
:1055F000696E672066726F6D206368616E2025702A
:105600002028257329206461746120256400257396
:105610003A206368616E20257020686173206E6F88
:1056200020646174610025733A206E6F20636861A5
:105630006E6E656C20636F6E6E20257000636F6EFA
:105640006E2D3E7374617465203D3D2042545F436E
:105650004F4E4E5F434F4E4E454354454400616CA0
:105660007265616479206861766520766965772066
:105670006F6E2025700025733A20416464696E675F
:10568000204C324341502050445520686561646588
:10569000723A20627566202570206368616E20254D
:1056A00070206C656E202575202F202575005044D4
:1056B00055207061796C6F61640025733A206C61CC
:1056C00073742066726167206F66206C617374204A
:1056D0007365672C20646571756575696E67202533
:1056E00070006669666F5F706475203D3D20706470
:1056F000750025733A20616464696E672025732004
:1057000063616C6C6261636B0025733A20646F6E39
:10571000652073656E64696E67205044550025737B
:105720003A206368616E20257020646F6E650025E5
:10573000733A206368616E20257020726561647918
:105740000028666368616E2D3E636964203E3D20DB
:1057500030783030303120262620666368616E2D27
:105760003E636964203C3D20307830303366290048
:1057700009434944202575206973206E6F742069A0
:105780006E20746865206669786564206368616E60
:105790006E656C2072616E67650A006368616E20D9
:1057A0003D3D202828766F6964202A293029000988
:1057B0004669786564206368616E6E656C20776900
:1057C00074682043494420257520616C72656164CA
:1057D00079206578697374730A00666368616E2066
:1057E0003C3D205F62745F6C326361705F66697814
:1057F00065645F6368616E5F6C6973745F656E6436
:105800000025733A20636F6E6E2025702043494453
:105810002030782530347820657272202564002588
:10582000733A206572726F72202564207768656E06
:105830002073656E64696E67205344550025733A82
:1058400020676F74205344552073656E7420636223
:1058500020666F7220646973636F6E6E6563746532
:1058600064206368616E202843494420257529001F
:10587000546F6F20736D616C6C204C32434150202B
:105880007369676E616C696E6720504455002573BB
:105890003A205369676E616C696E6720636F646557
:1058A00020307825303278206964656E7420257543
:1058B000206C656E202575004C32434150206C658C
:1058C0006E677468206D69736D6174636820282544
:1058D0007520213D2025752900496E76616C69642B
:1058E000206964656E742076616C756520696E2030
:1058F0004C324341502050445500496E76616C69EA
:1059000064204C4520636F6E6E20706172616D2063
:105910007273702073697A652028257520213D20D7
:10592000257A75290025733A204C4520636F6E6EE9
:1059300020706172616D2072737020726573756C76
:10594000742025750052656A656374696E672075F9
:105950006E6B6E6F776E204C324341502050445531
:1059600020636F64652030782530327800546F6F83
:1059700020736D616C6C204C324341502050445573
:105980002072656365697665640025733A2050610D
:10599000636B657420666F7220434944202575202F
:1059A0006C656E2025750049676E6F72696E6720A1
:1059B0006461746120666F7220756E6B6E6F776EB6
:1059C000206368616E6E656C204944203078253014
:1059D00034780025733A206368616E202570206C4E
:1059E000656E20257500636F6E6669670062745F7F
:1059F0006C32636170006C326361705F636F6E6EF6
:105A00006563746564006C326361705F64697363BD
:105A10006F6E6E6563746564006C655F636F6E6E58
:105A20005F706172616D5F727370006C3263617080
:105A30005F72656376006C326361705F616363659A
:105A40007074006C326361705F6368616E5F726571
:105A500063760062745F6C326361705F7265637657
:105A6000006C6F7765725F646174615F7265616419
:105A700079006765745F72656164795F6368616E00
:105A8000006C326361705F6368616E5F7364755F41
:105A900073656E74006C326361705F646174615F22
:105AA00070756C6C0072616973655F646174615FCD
:105AB00072656164790062745F6C326361705F73F8
:105AC000656E645F7064750063616E63656C5F64CE
:105AD0006174615F7265616479006C326361705FEB
:105AE0006368616E5F64656C0062745F6C326361F1
:105AF000705F6368616E5F61646400574553545F13
:105B0000544F504449522F7A65706879722F7375DB
:105B1000627379732F626C7565746F6F74682F6828
:105B20006F73742F6174742E63006E65745F627599
:105B3000665F706F6F6C5F676574286275662D3E77
:105B4000706F6F6C5F696429203D3D20266174741D
:105B50005F706F6F6C0025733A2068616E646C65CE
:105B60002030782530347800556E61626C65207481
:105B70006F2063726561746520555549443A2073FE
:105B8000697A6520257500556E61626C6520746FB9
:105B90002063726561746520555549443A207369E4
:105BA0007A652025640025733A206368616E20259C
:105BB000700025733A2025640025733A2068616ED1
:105BC000646C6520307825303478206F66667365A4
:105BD0007420257500415454204D54552065786338
:105BE00065656465642C206D61782025752C2077AF
:105BF000616E74656420257A750025733A20556EB0
:105C000061626C6520746F20616C6C6F6361746598
:105C10002062756666657220666F72206F70203034
:105C200078253032780025733A206368616E20252C
:105C3000702063696420307825303478004E6F20FE
:105C4000617661696C61626C652041545420636FB8
:105C50006E7465787420666F7220636F6E6E202597
:105C600070004E6F20617661696C61626C652041E5
:105C70005454206368616E6E656C20666F72206399
:105C80006F6E6E2025700025733A20617474202594
:105C900070206368616E20257020666C61677320D8
:105CA000256C75004E6F7420636F6E6E656374654E
:105CB0006400556E61626C6520746F2066696E6465
:105CC00020415454206368616E6E656C00415454E9
:105CD000206368616E6E656C206E6F7420636F6EFA
:105CE0006E65637465640025733A20636F64652094
:105CF000307825303278006275662D3E6C656E20F6
:105D00003E3D2073697A656F66287374727563749B
:105D10002062745F6174745F6864722900457272F6
:105D20006F72207369676E696E67206461746100C9
:105D300052616E206F7574206F6620545820627512
:105D40006666657273206F7220636F6E7465787417
:105D5000732E0025733A206368616E2025702066DB
:105D60006C61677320256C7520636F6465203078E3
:105D7000253032780025733A206368616E202570E3
:105D800020726571202570206C656E20257A750063
:105D900025733A206368616E2025702073746174E6
:105DA00075732025700025733A2049676E6F726500
:105DB00020737461747573206F6E20646574616301
:105DC00068656420415454206368616E0025733A0D
:105DD0002049676E6F72652073656E74206F6E2048
:105DE000646574616368656420415454206368612C
:105DF0006E0025733A206F70636F646520307825DC
:105E0000780025733A20426561726572206E6F7466
:105E100020636F6E6E65637465642C2064726F70AE
:105E200070696E672041545420636200476F74208C
:105E30006572722025642C206E6F742063616C6C17
:105E4000696E67204154542063620025733A2055DF
:105E5000415454206265617265722C2063616C6CE0
:105E6000696E672062745F6174745F73656E743A03
:105E700020636F6E6E202570206368616E20257030
:105E80000025733A206368616E2025702063686185
:105E90006E2D3E7265712025700025733A2063686F
:105EA000616E2025702043494420307825303458D5
:105EB0000009556E6B6E6F776E206F70207479706D
:105EC00065203078253032580A00556E61626C6565
:105ED00020746F2063726561746520657272207230
:105EE00073702050445500546F6F20736D616C6C5B
:105EF000204154542050445520726563656976658D
:105F0000640025733A2052656365697665642041B3
:105F10005454206368616E20257020636F6465208F
:105F2000307825303278206C656E20257A75002512
:105F3000733A206E6F7420636F6E6E656374656470
:105F40003A20636F6E6E2025702073746174652033
:105F500025750025733A2049676E6F72652072655A
:105F60006376206F6E2064657461636865642041A8
:105F70005454206368616E00556E68616E646C6590
:105F8000642041545420636F64652030782530329A
:105F90007800496E76616C6964206C656E202575A9
:105FA00020666F7220636F64652030782530327808
:105FB0000025733A20415454206572726F7220306C
:105FC00078253032780025733A2073746172745FDB
:105FD00068616E646C652030782530347820656E99
:105FE000645F68616E646C65203078253034782099
:105FF000747970652025730025733A2068616E649A
:106000006C6520307825303478200025733A207371
:10601000746172745F68616E646C652030782530DD
:10602000347820656E645F68616E646C65203078DA
:106030002530347820747970652025750025733AF1
:106040002073746172745F68616E646C652030786F
:106050002530347820656E645F68616E646C6520FD
:106060003078253034780025733A20436C69656EAA
:1060700074204D54552025750025733A20536572C0
:10608000766572204D54552025750025733A204EB3
:1060900065676F746961746564204D54552025757A
:1060A00000556E61626C6520746F20637265617467
:1060B000652072737020504455004E6F2041545437
:1060C000206368616E6E656C20666F72204D54555A
:1060D00020257A750025733A2054696D656F7574B3
:1060E000206469736361726465642E204E6F206260
:1060F0006C6F636B696E67206F6E2042542052583C
:10610000205751206F7220535953205751207468E3
:1061100072656164732E0025733A204E6F20737090
:1061200061636520666F72207265710025733A2085
:106130007265712025700025733A206368616E20B6
:10614000257020657272202564206C656E2025758F
:106150003A202573004E6F2070656E64696E67206B
:1061600041545420726571756573740025733A202B
:106170006368616E20257020636F6E6E202570202D
:1061800068616E646C65202575207365635F6C655E
:1061900076656C20307825303278207374617475A0
:1061A00073203078253032782025730025733A200B
:1061B00049676E6F726520656E63727970742063D3
:1061C00068616E6765206F6E2064657461636865E1
:1061D0006420415454206368616E0025733A205254
:1061E00065747279696E6700556E61626C652074C2
:1061F0006F206372656174652072657472792050D6
:10620000445520282575290025733A20526574725B
:1062100079206661696C65642028256429002573EE
:106220003A2049676E6F726520646973636F6E6EA2
:10623000656374206F6E20646574616368656420B3
:10624000415454206368616E0025733A20415454D0
:1062500020646973636F6E6E656374696E67206432
:10626000657669636520257300446973636F6E6E9C
:10627000656374696E67206661696C656420286572
:10628000727220256429004154542054696D656F51
:10629000757420666F722064657669636520257366
:1062A0002E20446973636F6E6E656374696E672E2A
:1062B0002E2E0025733A20636F6E6E20257020729B
:1062C00065712025700062745F6174745F7265711E
:1062D0005F73656E640062745F6174745F72657190
:1062E0005F667265650062745F6174745F72657188
:1062F0005F616C6C6F630062745F6174745F636F85
:106300006E6E6563746564006174745F6368616E6A
:106310005F6465746163680062745F6174745F6474
:106320006973636F6E6E65637465640062745F6148
:1063300074745F656E63727970745F6368616E67B1
:1063400065006174745F6D74755F72657100666974
:106350006E645F696E666F5F6362006174745F662E
:10636000696E645F696E666F5F7265710066696E03
:10637000645F747970655F6362006174745F6669FD
:106380006E645F747970655F7265710072656164D7
:106390005F747970655F6362006174745F726561D8
:1063A000645F747970655F726571006174745F72A7
:1063B0006561645F726571006174745F72656164C8
:1063C0005F626C6F625F72657100726561645F63CA
:1063D00062006174745F726561645F6D756C745F97
:1063E00072657100726561645F766C5F6362006103
:1063F00074745F726561645F6D756C745F766C5FF9
:1064000072657100726561645F67726F75705F635A
:1064100062006174745F726561645F67726F75704A
:106420005F726571006174745F77726974655F7221
:106430006571006174745F646973636F6E6E656328
:1064400074006174745F68616E646C655F72737010
:10645000006174745F636F6E6669726D006572725D
:106460005F746F5F6174740077726974655F6362F3
:10647000006174745F77726974655F636D64006254
:10648000745F6174745F726563760062745F6174D7
:10649000745F7374617475730062745F6174745FA8
:1064A00072656C6561736564006174745F636861D3
:1064B0006E5F6174746163680062745F6174745FBD
:1064C0006163636570740062745F6174745F6368B4
:1064D000616E5F6372656174655F706475006368A7
:1064E000616E5F7265715F6E6F7469665F73656E12
:1064F00074006368616E5F7265626567696E5F6193
:1065000074745F74696D656F7574006368616E5F44
:1065100073656E640062745F6174745F6368616E5A
:106520005F73656E640062745F6174745F63686159
:106530006E5F7265715F73656E640062745F617433
:10654000745F73656E74006174745F6F6E5F736502
:106550006E745F6362006174745F74785F64657306
:1065600074726F790062745F61747400574553549C
:106570005F544F504449522F7A65706879722F7377
:1065800075627379732F626C7565746F6F74682FA1
:10659000686F73742F676174742E6300656C2021BB
:1065A0003D202828766F6964202A29302900094374
:1065B000616E27742073617665204346202F204347
:1065C000434320746F20666C6173680A0025733A38
:1065D000206363632025702076616C7565203078B8
:1065E00025303478006661696C656420746F2073AF
:1065F000746F7265205343202865727220256429C8
:106600000025733A2073746F7265642053432066CB
:106610006F7220257320283078253034782D30781B
:10662000253034782900434D4143207570646174EE
:1066300065206661696C6564202564004661696C4B
:10664000656420746F2073617665204461746162B3
:106650006173652048617368202865727220256423
:10666000290025733A204461746162617365204892
:106670006173682073746F7265640025733A2069D2
:10668000643A2025752C20616464723A20257300D9
:10669000556E61626C6520746F206465636F64651C
:1066A000206164647265737320257300496E76619E
:1066B0006C6964206C6F63616C206964656E7469D9
:1066C000747920256C7500556E61626C6520746F5D
:1066D00020726573746F72652053433A206E6F2089
:1066E000636667206C656674004661696C6564204A
:1066F000746F206465636F64652076616C756520D6
:106700002865727220257A64290025733A20526523
:1067100061642053433A206C656E20257A6400251D
:10672000733A20526573746F726564205343206618
:106730006F722025730025733A2052656D6F766560
:106740006420534320666F722025730025733A201E
:10675000556E61626C6520746F20636C6561722098
:106760004343433A20636667206E6F7420666F75FB
:106770006E640025733A20556E61626C6520746FFB
:1067800020726573746F7265204343433A206861D9
:106790006E646C65203078253034782063616E6ECD
:1067A0006F7420626520666F756E640025733A20F1
:1067B000526573746F72696E67204343433A206871
:1067C000616E646C65203078253034782076616C99
:1067D0007565203078253034780025733A20556E61
:1067E00061626C6520746F20726573746F726520CE
:1067F0004343433A206E6F20636667206C6566747E
:1068000000756E0025733A207065657220697320EB
:106810006E6F77206368616E67652D2573617761A0
:1068200072650025733A2065727220307825303207
:10683000780025733A2070656572202573002573F2
:106840003A2053746F72696E672043434373206824
:10685000616E646C65203078253034782076616C08
:1068600075652030782530347800546F6F206D6165
:106870006E7920436C69656E742043686172616350
:10688000746572697374696320436F6E66696775B6
:10689000726174696F6E2E2053656520434F4E46BA
:1068A00049475F42545F53455454494E47535F43F1
:1068B00043435F53544F52455F4D41580A00537450
:1068C0006F72656420486173683A200025733A202E
:1068D00073746172742030782530347820656E646A
:1068E00020307825303478206E65775F737461725C
:1068F0007420307825303478206E65775F656E645B
:10690000203078253034780025733A207065657220
:1069100020257320737461727420307825303478A8
:1069200020656E642030782530347800756E6162A1
:106930006C6520746F20736176652053433A206E36
:106940006F20636667206C656674004E6F207370FD
:1069500061636520746F2073746F726520436C6986
:10696000656E7420537570706F727465642046652F
:106970006174757265730025733A2068616E646C8A
:106980006520307825303478206C656E20257500C0
:1069900025733A20627974652025753A2064617404
:1069A00061203078253032782076616C7565203032
:1069B000782530327800556E61626C6520746F20E6
:1069C000726573746F72652043463A206E6F206360
:1069D0006667206C6566740025733A2052656164B1
:1069E0002043463A206C656E20257A640043686136
:1069F0006E67652D6177617265207374617475735C
:106A0000206E6F7420666F756E6420696E207365EA
:106A10007474696E67732C2064656661756C746943
:106A20006E6720706565722073746174757320746D
:106A30006F206368616E67652D756E617761726541
:106A40000052656164206261636B2062616420634F
:106A500068616E67652D61776172652076616C751E
:106A6000653A20307825782C2064656661756C74F1
:106A7000696E672070656572207374617475732028
:106A8000746F206368616E67652D756E61776172E2
:106A9000650025733A20526573746F7265642043F4
:106AA0004620666F72202573006661696C656420FC
:106AB000746F2064656C657465205343202865728B
:106AC00072202564290025733A2064656C6574651D
:106AD0006420534320666F72202573004661696C01
:106AE000656420746F20636C6561722053432025B8
:106AF000640025733A2076616C7565203078253006
:106B000034780025733A2063636320257020726512
:106B1000736574004E6F20737061636520746F201D
:106B200073746F7265204343432063666700257367
:106B30003A2068616E646C652030782530347820A6
:106B400076616C75652025750025733A2073746134
:106B500072742030782530347820656E6420307867
:106B6000253034780025733A20696E646963617456
:106B7000652070656E64696E672C20776169746941
:106B80006E6720756E74696C20636F6D706C6574D0
:106B9000652E2E2E0025733A204E6F20636F6E6691
:106BA000696720666F72204346004661696C6564C0
:106BB00020746F2073746F726520436C69656E7406
:106BC0002046656174757265732028657272202590
:106BD00064290025733A2053746F7265642043461C
:106BE00020666F72202573005361766564206461AE
:106BF00074610025733A2076616C75655F6C656E13
:106C0000206F662025752070726F76696465642038
:106C1000666F72204E554C4C2076616C7565002570
:106C2000733A2068616E646C652030782530347862
:106C3000206F6666736574202575206C656E6774B9
:106C400068202575007374617469635F73766320CF
:106C50003C3D205F62745F676174745F7365727638
:106C60006963655F7374617469635F6C6973745F92
:106C7000656E6400556E61626C6520746F20696D8D
:106C8000706F727420746865206B657920666F720E
:106C90002041455320434D414320256400434D414D
:106CA00043206F7065726174696F6E20696E6974DC
:106CB000206661696C656420256400434D41432072
:106CC00066696E697368206661696C656420256415
:106CD0000025733A204461746162617365204861E4
:106CE0007368206D617463686573004E6577204832
:106CF0006173683A200025733A206B65793A202544
:106D0000730062742F63636300496E76616C69641B
:106D1000206B65790025733A2052656164204343F6
:106D2000433A2068616E646C652030782530347891
:106D30002076616C756520307825303478002573B5
:106D40003A20526573746F72656420434343206632
:106D50006F722069643A2568687520616464723ACC
:106D60002573004661696C656420746F2073746FCD
:106D7000726520434343732028657272202564297D
:106D80000025733A2053746F726564204343437344
:106D900020666F722025730025733A20202043431C
:106DA000433A2068616E646C652030782530347811
:106DB0002076616C75652030782530347800257335
:106DC0003A2020204343433A204E554C4C00096959
:106DD0006E76616C696420706172616D6574657254
:106DE0000A0A00617474720052656164206D6574F2
:106DF000686F64206E6F7420736574004661696CFF
:106E0000656420746F2072656164206174747269B6
:106E100062757465202570202865727220257A6459
:106E20002900496E76616C69642072656164206C2A
:106E3000656E6774683A20257A6400094E6F206D8C
:106E40006F726520617474726962757465730A0A81
:106E50000025733A204C696E6B206973206E6F7445
:106E600020656E637279707465640025733A2044FE
:106E70006576696365206973206E6F74207375622F
:106E80007363726962656420746F20636861726104
:106E90006374657269737469630025733A204E6F79
:106EA0002062756666657220617661696C61626CEC
:106EB0006520746F2073656E6420696E6469636118
:106EC00074696F6E0025733A20636F6E6E202570B3
:106ED0002068616E646C65203078253034780070ED
:106EE0006172616D730009696E76616C696420700E
:106EF0006172616D65746572730A0A007061726116
:106F00006D732D3E61747472207C7C20706172619F
:106F10006D732D3E75756964002161746F6D6963D1
:106F20005F746573745F6269742873632D3E666C69
:106F30006167732C2053435F494E44494341544594
:106F40005F50454E44494E47290009496E646963C4
:106F500061746520616C72656164792070656E642E
:106F6000696E670A00434343202570206E6F7420CA
:106F70007772697461626C650025733A206E6F20C8
:106F80005343206461746120666F756E64005343DF
:106F900020726573746F726520696E6469636174D1
:106FA000696F6E206661696C65640025733A204ED6
:106FB0006F2062756666657220617661696C6162D8
:106FC0006C6520746F2073656E64206E6F746966E3
:106FD00069636174696F6E0025733A204C696E6B4A
:106FE000202570206973206E6F7420656E6372793E
:106FF00070746564004661696C656420746F207309
:10700000657420736563757269747920666F722088
:10701000626F6E646564207065657220282564293E
:1070200000646973636F6E6E65637465645F636249
:107030000062745F676174745F646973636F6E6E1E
:1070400065637465640064625F686173685F73653B
:10705000740063665F7365740073635F73657400C7
:1070600062745F676174745F656E63727970745F78
:107070006368616E6765006363635F636C6561721B
:10708000006363635F6C6F6164006363635F736578
:1070900074006363635F7365745F646972656374CE
:1070A0000073635F72657365740073635F72657309
:1070B000746F72655F7273700073635F726573746F
:1070C0006F72650062745F676174745F636F6E6E88
:1070D000656374656400676174745F6E6F7469667C
:1070E00079006174745F6572725F66726F6D5F695B
:1070F0006E7400676174745F696E6469636174655E
:10710000006E6F746966795F636200676174745FB3
:107110006363635F6368616E6765640062745F6781
:107120006174745F617474725F77726974655F63B0
:1071300063630062745F676174745F617474725F2B
:10714000726561640073635F696E6469636174652D
:1071500000646F5F64625F686173680073635F6996
:107160006E6469636174655F7273700073635F70EE
:10717000726F63657373006363635F736176650049
:10718000676174745F73746F72655F6363630062D9
:10719000745F676174745F636C6561725F736300D1
:1071A00073635F73746F7265007570646174655F9B
:1071B00072616E67650066696E645F73635F6366C4
:1071C000670073635F736176650073635F63636316
:1071D0005F6366675F77726974650063665F736596
:1071E000745F76616C75650063665F77726974655C
:1071F0000064625F686173685F73746F72650062D8
:10720000745F676174745F73746F72655F63660047
:107210007365745F6368616E67655F6177617265EE
:107220005F6E6F5F73746F72650064625F68617335
:10723000685F67656E0062742F68617368006274CE
:107240002F63660062742F73630062745F676174FA
:1072500074004E6F20617661696C61626C652053C9
:107260004D5020636F6E7465787420666F72206372
:107270006F6E6E20257000556E61626C6520746FB4
:107280002066696E6420534D50206368616E6E65A0
:107290006C004661696C656420746F2067656E657B
:1072A000726174652044484B65790025733A2070FB
:1072B000726E642025730043616C63756C61746544
:1072C00020636F6E6669726D206661696C6564002B
:1072D00025733A2070636E662025730025733A206B
:1072E00063666D20257300556E6B6E6F776E207030
:1072F000616972696E67206D6574686F6420282506
:1073000075290043616C63756C617465204C544B46
:10731000206661696C65640043616C63756C6174BF
:1073200065206C6F63616C2044484B65792063680D
:1073300065636B206661696C65640043616C6375AD
:107340006C6174652072656D6F74652044484B658F
:107350007920636865636B206661696C65640052BF
:10736000656D6F7465207075626C6963206B6579FB
:107370002072656A65637465640052656D6F74653B
:10738000206973207573696E672044656275672094
:107390005075626C6963206B65790052656365693D
:1073A00076656420696E76616C6964207075626CC4
:1073B0006963206B65790025733A207265713A2004
:1073C000696F5F6361706162696C6974792030789C
:1073D000253032582C206F6F625F666C61672030F9
:1073E00078253032582C20617574685F7265712081
:1073F0003078253032582C206D61785F6B65795F6D
:1074000073697A65203078253032582C20696E698E
:10741000745F6B65795F64697374203078253032EE
:10742000582C20726573705F6B65795F6469737443
:10743000203078253032580025733A20556E61622D
:107440006C6520746F20676574206B6579732066A6
:107450006F722025730025733A207273703A206989
:107460006F5F6361706162696C697479203078253F
:107470003032582C206F6F625F666C616720307805
:10748000253032582C20617574685F726571203028
:1074900078253032582C206D61785F6B65795F7389
:1074A000697A65203078253032582C20696E6974ED
:1074B0005F6B65795F64697374203078253032586A
:1074C0002C20726573705F6B65795F6469737420DB
:1074D00030782530325800574553545F544F50444C
:1074E00049522F7A65706879722F73756273797358
:1074F0002F626C7565746F6F74682F686F73742F6B
:10750000736D702E63005075626C6963206B6579D2
:107510002072652D67656E65726174696F6E207289
:10752000657175657374206661696C6564202825D2
:107530006429006D757465785F657272203D3D2029
:1075400030005075626C6963206B65792067656EE9
:1075500065726174696F6E2074696D656F75740012
:1075600025733A20676F74207374617475732030CB
:107570007825780054686520696E2D70726F677287
:107580006573732070616972696E6720686173202A
:107590006265656E2064656C657465642100534D99
:1075A0005020646F6573206E6F7420616C6C6F7710
:1075B00020612070616972696E67206661696C750F
:1075C0007265206174207468697320706F696E74CD
:1075D0002E204B6E6F776E2069737375652E204475
:1075E0006973636F6E6E656374696E6720696E732D
:1075F000746561642E005075626C6963206B6579F7
:10760000206E6F7420617661696C61626C650054F4
:107610006F6F20736D616C6C20534D50205044553A
:107620002072656365697665640025733A2052654A
:1076300063656976656420534D5020636F646520EF
:10764000307825303278206C656E20257500534DDA
:107650005020636F6D6D616E642028636F646520D8
:1076600030782530327829207265636569766564E3
:107670002061667465722074696D656F757400525F
:1076800065636569766564207265736572766564A5
:1076900020534D5020636F64652030782530327858
:1076A00000556E68616E646C656420534D502063B4
:1076B0006F64652030782530327800556E657870BB
:1076C000656374656420534D5020636F646520309A
:1076D00078253032780025733A206964656E7469C4
:1076E000747920257300496E76616C696420696441
:1076F000656E74697479202573002128736D702D6F
:107700003E72656D6F74655F646973742026203006
:10771000783032290025733A204E657720626F6EEB
:107720006420636F6E666C69637473207769746834
:10773000206120626F6E64206F6E20696420256472
:107740002E005265667573696E67206E65772070CE
:10775000616972696E672E20546865206F6C6420C1
:10776000626F6E64206D75737420626520756E7033
:1077700061697265642066697273742E0021627497
:107780005F69645F66696E645F636F6E666C696390
:1077900074286E65775F626F6E642C2030290070EC
:1077A000616972696E67206661696C656420287022
:1077B00065657220726561736F6E20307825782957
:1077C0000025733A206368616E20257020636F6E18
:1077D0006E2025702068616E646C652025752065BB
:1077E0006E63727970742030782530327820686347
:1077F0006920737461747573203078253032782075
:107800002573004E6F206B6579732073706163651B
:1078100020666F7220257300534D502054696D65AA
:107820006F75742028666C6167733A30782530383C
:107830007820616C6C6F7765645F636D64733A3058
:107840007825303878290025733A204C4520534359
:10785000202573000005061F1F29181203080203C4
:1078600005080A00080103040105040509060701CB
:107870000106060862745F736D705F696E6974005B
:1078800062745F736D705F636F6E6E656374656461
:107890000062745F736D705F646973636F6E6E65B1
:1078A000637465640062745F736D705F656E6372AC
:1078B0007970745F6368616E676500736D705F7087
:1078C000616972696E675F72657100736D705F7078
:1078D000616972696E675F636F6E6669726D00736E
:1078E000635F736D705F636865636B5F636F6E6624
:1078F00069726D00736D705F70616972696E675F48
:1079000072616E646F6D00736D705F6964656E7433
:107910005F696E666F00736D705F69645F61646458
:107920005F7265706C61636500736D705F6964653B
:107930006E745F616464725F696E666F00736D7010
:107940005F7075626C69635F6B657900736D705F02
:1079500064686B65795F636865636B00736D705F06
:107960006B657970726573735F6E6F7469660062C0
:10797000745F736D705F726563760062745F736DC0
:10798000705F61636365707400736D705F696E69C9
:107990007400736D705F73656E645F736563757299
:1079A0006974795F7265710062745F736D705F6492
:1079B000686B65795F72656164790062745F736D8D
:1079C000705F706B65795F72656164790073635F86
:1079D000736D705F73656E645F64686B65795F6318
:1079E0006865636B00736D705F70616972696E6763
:1079F0005F636F6D706C65746500000001000100CD
:107A00000301000302020100020000000000020363
:107A100001000362745F736D7000574553545F54E7
:107A20004F504449522F7A65706879722F7375628E
:107A30007379732F626C7565746F6F74682F686FDC
:107A400073742F6B6579732E63006B6579732021D6
:107A50003D202828766F6964202A29302900616436
:107A6000647220213D202828766F6964202A2930FD
:107A7000290025733A20637265617465642025705E
:107A800020666F722025730025733A20756E61623F
:107A90006C6520746F20637265617465206B657915
:107AA0007320666F722025730066756E6320213D1A
:107AB000202828766F6964202A2930290025733A06
:107AC00020747970652025642025730025733A2081
:107AD0006361636865642052504120257320666F9E
:107AE000722025730025733A2052504120257320BF
:107AF0006D6174636865732025730025733A204EA9
:107B00006F2049524B20666F722025730025733A0F
:107B100020257320286B65797320307825303478E0
:107B20002900286E756C6C29004661696C656420BB
:107B3000746F20726561642076616C7565202865BC
:107B4000727220257A64290025733A206E616D6572
:107B50002025732076616C2025730025733A20431D
:107B60006C6561726564206B65797320666F722045
:107B7000257300556E61626C6520746F2066696EB6
:107B8000642064656C65746564206B657973206638
:107B90006F72202573004661696C656420746F20E4
:107BA000616C6C6F63617465206B65797320666FBF
:107BB0007220257300496E76616C6964206B65796B
:107BC000206C656E67746820257A6420213D20252D
:107BD0007A7500546865206B65797320666F722032
:107BE00025732061726520646F776E6772616465CA
:107BF0006420746F20756E61757468656E74696356
:107C0000617465642061732074686579206E6F20EB
:107C10006C6F6E676572206D656574206175746840
:107C2000656E7469636174696F6E207265717569E0
:107C300072656D656E74730025733A2053756363C6
:107C400065737366756C6C7920726573746F726599
:107C500064206B65797320666F722025730046611E
:107C6000696C656420746F2073617665206B65793B
:107C7000732028657272202564290025733A2053E9
:107C8000746F726564206B65797320666F7220254E
:107C900073006B6579735F7365740062745F6B6505
:107CA00079735F73746F72650062745F6B6579736B
:107CB0005F636C6561720062745F6B6579735F66A8
:107CC000696E645F616464720062745F6B6579738E
:107CD0005F66696E645F69726B0062745F6B657981
:107CE000735F6765745F747970650062745F6B655C
:107CF00079735F66696E640062745F6B6579735F48
:107D00006765745F616464720062742F6B65797378
:107D10000062745F6B6579730025733A20752025C6
:107D2000730025733A20762025730025733A207856
:107D3000202573207A20307825780025733A207228
:107D400065732025730025733A207720257300255D
:107D5000733A206E312025730025733A206E32204D
:107D600025730025733A20742025730025733A206B
:107D70006D61636B6579202531730025733A206C42
:107D8000746B2025730025733A20696F5F636170FF
:107D90002025730025733A20613120257300257357
:107DA0003A2061322025730025733A20782025730C
:107DB0000025733A20792025730025733A207061DD
:107DC00073736B65792025750062745F63727970D7
:107DD000746F5F67320062745F63727970746F5F93
:107DE0006636006C888391AAF5A53860370BDB5A9C
:107DF0006083BE62745F63727970746F5F66350012
:107E000062745F63727970746F5F66340062745F6E
:107E100063727970746F004661696C656420746F79
:107E200020696D706F727420414553206B65792015
:107E30002564004661696C656420746F20636F6D12
:107E400070757465204D41432025640000070E09BC
:107E50001C1B1215383F363124232A2D5745535405
:107E60005F544F504449522F7A65706879722F647D
:107E70007269766572732F636C6F636B5F636F6E8D
:107E800074726F6C2F636C6F636B5F636F6E747271
:107E90006F6C5F6E72662E630074797065203C2093
:107EA000434C4F434B5F434F4E54524F4C5F4E52E7
:107EB000465F545950455F434F554E540025733A21
:107EC0002025733A20436C6F636B20737461727466
:107ED000656400636C6B737461727465645F686180
:107EE0006E646C6500636C6F636B403430303030AF
:107EF000303030006866636C6B006C66636C6B00DE
:107F0000636C6F636B5F636F6E74726F6C00574569
:107F100053545F544F504449522F7A6570687972B8
:107F20002F647269766572732F656E74726F7079E3
:107F30002F656E74726F70795F6E7266352E630096
:107F400026656E74726F70795F6E7266355F6461FC
:107F50007461203D3D206465762D3E64617461004E
:107F600072616E646F6D4034303030643030300098
:107F7000696E76616C696420616464726573733ADA
:107F80002030782530386C783A257A7500756E6126
:107F90006C69676E656420616464726573733A200E
:107FA00030782530386C783A257A75006E6F7420F9
:107FB000776F72642D616C69676E65643A20307802
:107FC0002530386C783A257A7500666C6173682DB7
:107FD000636F6E74726F6C6C6572403430303165F3
:107FE00030303000666C6173685F6E7266005745B2
:107FF00053545F544F504449522F7A6570687972D8
:108000002F696E636C7564652F7A65706879722F5D
:10801000647269766572732F6770696F2F67706914
:108020006F5F7574696C732E6800094E6F20636111
:108030006C6C6261636B210A0063616C6C626163EA
:108040006B2D3E68616E646C657200094E6F206333
:10805000616C6C6261636B2068616E646C65722137
:108060000A00574553545F544F504449522F6D6F87
:1080700064756C65732F68616C2F6E6F72646963D1
:108080002F6E7266782F68616C2F6E72665F6770F4
:10809000696F2E68006E72665F6770696F5F7069E6
:1080A0006E5F70726573656E745F636865636B287D
:1080B0002A705F70696E2900574553545F544F50C2
:1080C0004449522F7A65706879722F6472697665B7
:1080D00072732F6770696F2F6770696F5F6E72665A
:1080E000782E630063622D3E68616E646C65720079
:1080F0006770696F4035303030303030300000010B
:108100000203040506074661696C656420746F20EC
:10811000616C6C6F636174652050504920436861E5
:108120006E6E656C00574553545F544F504449522E
:108130002F7A65706879722F647269766572732F11
:1081400073657269616C2F756172745F6E726678A7
:108150005F75617274652E6300095458206F6E6CF0
:108160007920554152544520696E7374616E636580
:108170000A00756172744034303030323030300073
:10818000756172745F6E7266785F75617274650096
:10819000574553545F544F504449522F6E72662FC7
:1081A0007375627379732F626C7565746F6F746821
:1081B0002F636F6E74726F6C6C65722F6863695F8A
:1081C0006472697665722E630009536F6674446544
:1081D0007669636520436F6E74726F6C6C65722094
:1081E0004153534552543A2025732C2025640A0AE2
:1081F00000574553545F544F504449522F7A65708D
:108200006879722F696E636C7564652F7A65706822
:1082100079722F647269766572732F656E74726FEE
:1082200070792E68006170692D3E6765745F656EB8
:1082300074726F707920213D202828766F69642040
:108240002A293029000943616C6C6261636B2070DC
:108250006F696E7465722073686F756C64206E6FE1
:1082600074206265204E554C4C0A00095468652004
:10827000656E74726F707920736F757263652072AA
:10828000657475726E656420616E206572726F72BE
:1082900020696E206120626C6F636B696E6720637A
:1082A000616C6C0A0025733A204F70656E00536F45
:1082B000667444657669636520436F6E74726F6C93
:1082C0006C6572206275696C642072657669736989
:1082D0006F6E3A2000456E74726F707920736F75FF
:1082E00072636520646576696365206E6F742072C1
:1082F00065616479004661696C656420746F207201
:10830000656769737465722072616E6420736F753E
:1083100072636520282564290025733A2042542081
:108320006D656D706F6F6C2073697A653A20257A80
:10833000752C2072657175697265643A2025750027
:10834000416C6C6F6361746564206D656D6F7279EB
:1083500020746F6F206C6F773A20257A75203C204F
:10836000257500574553545F544F504449522F6E62
:1083700072662F696E636C7564652F6D70736C2FF8
:108380006D70736C5F776F726B2E6800096B5F772F
:108390006F726B5F7375626D69745F746F5F717517
:1083A0006575652829206661696C65642E0A00255B
:1083B000733A20456D707479204843492070616399
:1083C0006B65740025733A20556E6B6E6F776E2067
:1083D00048434920747970652025750025733A203B
:1083E000457869743A202564004576656E7420628C
:1083F000756666657220746F6F20736D616C6C2E8C
:1084000020257A75203E2025750025733A204C459D
:10841000204D657461204576656E7420283078257E
:10842000303278292C206C656E202825752900258E
:10843000733A20436F6D6D616E6420436F6D706C95
:10844000657465202830782530347829207374616C
:108450007475733A203078253032782C206E636D35
:10846000643A2025752C206C656E202575002573D7
:108470003A20436F6D6D616E64205374617475733F
:10848000202830782530347829207374617475730E
:108490003A203078253032780025733A20457665C9
:1084A0006E74202830782530327829206C656E2053
:1084B00025750025733A2044697363617264696E9F
:1084C00067206576656E740025733A204E6F2065CF
:1084D00076656E7420627566666572206176616984
:1084E0006C61626C650025733A204E6F2064617484
:1084F000612062756666657220617661696C616291
:108500006C650025733A20446174613A2068616E9D
:10851000646C652028307825303278292C20504230
:108520002825303164292C20424328253031642904
:108530002C206C656E2825752900556E6578706550
:1085400063746564206D73675F747970653A202584
:10855000752E20546869732069662D656C736520DB
:108560006E656564732061206E6577206272616E4E
:10857000636800556E6B6E6F776E206572726F72F6
:10858000207768656E2070726F63657373696E67BC
:1085900020686369206D65737361676520256400D9
:1085A0006863695F6472697665725F6F70656E009B
:1085B000636D645F68616E646C650061636C5F68C5
:1085C000616E646C65006863695F64726976657288
:1085D0005F73656E6400636F6E6669677572655F71
:1085E0006D656D6F72795F75736167650069736F33
:1085F0005F646174615F7061636B65745F70726FFB
:108600006365737300646174615F7061636B65744B
:108610005F70726F63657373006576656E745F700B
:1086200061636B65745F70726F636573730062740E
:108630005F6863695F7364630062745F7364635F40
:108640006863695F64726976657200706C61696EF7
:108650007465787400656E635F6461746100627450
:108660005F656E63727970745F6C650062745F73CE
:1086700064635F63727970746F00574553545F543D
:108680004F504449522F6E72662F7375627379731F
:108690002F6D70736C2F696E69742F6D70736C5FC2
:1086A000696E69742E6300094D50534C2041535339
:1086B0004552543A2025732C2025640A0A0065721D
:1086C00072636F6465203D3D2030004D50534C2057
:1086D000576F726B006D70736C5F696E69740055D3
:1086E0006E737570706F72746564204846434C4BAE
:1086F000206576656E743A20256400574553545FB3
:10870000544F504449522F6E72662F6472697665D9
:1087100072732F6D70736C2F636C6F636B5F636F1D
:108720006E74726F6C2F6E7266785F636C6F636BC2
:108730005F6D70736C2E6300094E6F7420737570DB
:10874000706F727465640A006E7266785F636C6F36
:10875000636B5F6D70736C00574553545F544F509B
:108760004449522F6E72662F647269766572732F58
:108770006D70736C2F666C6173685F73796E632FB5
:10878000666C6173685F73796E635F6D70736C2E76
:10879000630073657373696F6E5F6964203D3D208C
:1087A0005F636F6E746578742E73657373696F6E33
:1087B0005F696400726574203D3D203000096D7072
:1087C000736C5F74696D65736C6F745F72657175DE
:1087D000657374206661696C65643A2025640A00DB
:1087E00009756E6578706563746564207369676E7A
:1087F000616C3A2025750A0025733A206475726110
:1088000074696F6E3A202575006D70736C5F7469C2
:108810006D65736C6F745F73657373696F6E5F6F93
:1088200070656E206661696C65643A202564006B32
:108830005F73656D5F636F756E745F67657428261F
:108840005F636F6E746578742E74696D656F75748F
:108850005F73656D29203D3D2030006E72665F6656
:108860006C6173685F73796E635F657865006E72C3
:10887000665F666C6173685F73796E635F696E696A
:108880007400666C6173685F73796E635F6D70739B
:108890006C00000000000100000001010000010167
:1088A000010100000000574553545F544F504449A4
:1088B000522F6D6F64756C65732F68616C2F6E6FCE
:1088C000726469632F6E7266782F68656C7065726A
:1088D000732F6E7266785F677070695F7070692E53
:1088E0006300705F6770706920213D202828766FD3
:1088F0006964202A29302900574553545F544F504A
:108900004449522F6D6F64756C65732F68616C2FCD
:108910006E6F726469632F6E7266782F68616C2F58
:108920006E72665F6770696F74652E6800696E6449
:108930006578203C203800574553545F544F5044CD
:1089400049522F6D6F64756C65732F68616C2F6E63
:108950006F726469632F6E7266782F6472697665D0
:1089600072732F7372632F6E7266785F6770696FB0
:1089700074652E630070696E5F69735F696E7075F0
:108980007428705F696E7374616E63652C20706902
:108990006E290070696E5F6861735F7472696767E2
:1089A000657228705F696E7374616E63652C2070E8
:1089B000696E2900705F696E7374616E6365007023
:1089C0005F6368616E6E656C00696E745F656E6191
:1089D000626C65000000010101574553545F544F1C
:1089E000504449522F6D6F64756C65732F68616CCC
:1089F0002F6E6F726469632F6E7266782F6472696E
:108A0000766572732F7372632F6E7266785F6E76FF
:108A10006D632E630062797465735F636F756E7446
:108A2000203C3D202873697A656F662875696E74ED
:108A300033325F7429202D20627974655F73686911
:108A40006674290069735F76616C69645F61646450
:108A50007265737328616464722C20302900697315
:108A60005F76616C69645F616464726573732861C9
:108A70006464722C203129006E7266785F69735FBE
:108A8000776F72645F616C69676E65642828766FC2
:108A9000696420636F6E7374202A2961646472298B
:108AA00000574553545F544F504449522F7A6570D4
:108AB0006879722F6B65726E656C2F646576696379
:108AC000652E6300646576203C3D205F64657669B1
:108AD00063655F6C6973745F656E64007263203EEA
:108AE0003D202D28307866662920262620726320B6
:108AF0003C20300009646576696365202573206930
:108B00006E69743A20696E76616C69642065727270
:108B10006F7220282564290A0048616C74696E67A9
:108B20002073797374656D00556E6B6E6F776E2070
:108B30006572726F72003E3E3E205A45504859524F
:108B400020464154414C204552524F522025643A10
:108B5000202573206F6E2043505520256400466108
:108B6000756C7420647572696E6720696E746572C5
:108B7000727570742068616E646C696E670A004378
:108B8000757272656E74207468726561643A20252E
:108B900070202825732900574553545F544F504483
:108BA00049522F7A65706879722F6B65726E656CA9
:108BB0002F666174616C2E6300726561736F6E2045
:108BC000213D204B5F4552525F4B45524E454C5F15
:108BD00050414E49430009417474656D7074656479
:108BE00020746F207265636F7665722066726F6D98
:108BF0002061206B65726E656C2070616E69632008
:108C0000636F6E646974696F6E0A00435055206526
:108C10007863657074696F6E00556E68616E646C20
:108C2000656420696E746572727570740053746146
:108C3000636B206F766572666C6F77004B65726E42
:108C4000656C206F6F7073004B65726E656C207081
:108C5000616E696300574553545F544F5044495205
:108C60002F7A65706879722F6B65726E656C2F69EB
:108C70006E69742E63007468726561645F64617408
:108C800061203C3D205F5F7374617469635F746849
:108C9000726561645F646174615F6C6973745F6560
:108CA0006E64006D61696E006F7300574553545FC9
:108CB000544F504449522F7A65706879722F6B6512
:108CC000726E656C2F6B686561702E630021617236
:108CD00063685F69735F696E5F6973722829207CBE
:108CE0007C20282874696D656F7574292E746963FA
:108CF0006B73203D3D202828286B5F74696D656F7C
:108D000075745F74297B307D29292E7469636B73B8
:108D10002900090A0068656170203C3D205F6B5F97
:108D2000686561705F6C6973745F656E6400574558
:108D300053545F544F504449522F7A65706879728A
:108D40002F6B65726E656C2F6D656D5F736C616204
:108D50002E6300736C6162203C3D205F6B5F6D652C
:108D60006D5F736C61625F6C6973745F656E6400E4
:108D700028736C61622D3E667265655F6C69737401
:108D8000203D3D202828766F6964202A293029203B
:108D9000262620736C61622D3E696E666F2E6E759D
:108DA0006D5F75736564203D3D20736C61622D3E7F
:108DB000696E666F2E6E756D5F626C6F636B732983
:108DC000207C7C20736C61625F7074725F69735F7A
:108DD000676F6F6428736C61622C20736C61622D05
:108DE0003E667265655F6C697374290009736C6116
:108DF0006220636F7272757074696F6E206465743F
:108E000065637465640A0009496E76616C69642063
:108E10006D656D6F727920706F696E746572207008
:108E2000726F76696465640A00574553545F544F06
:108E3000504449522F7A65706879722F6B65726E53
:108E4000656C2F696E636C7564652F6B7363686501
:108E5000642E680021617263685F6972715F756E6C
:108E60006C6F636B6564286B657929007468726543
:108E700061642D3E626173652E70656E6465645F2A
:108E80006F6E00574553545F544F504449522F7AE8
:108E900065706879722F6B65726E656C2F69646C92
:108EA000652E63005F6B65726E656C2E6370757303
:108EB0005B305D2E63757272656E742D3E626173F8
:108EC000652E7072696F203E3D20300025733A2078
:108ED0002570202872656164792028792F6E293ADF
:108EE00020256329207072696F206368616E676551
:108EF0006420746F202564202877617320256429FD
:108F000000574553545F544F504449522F7A65706F
:108F10006879722F6B65726E656C2F6D75746578EC
:108F20002E630021617263685F69735F696E5F69B8
:108F30007372282900096D75746578657320636103
:108F40006E6E6F74206265207573656420696E7340
:108F500069646520495352730A0025733A202570CD
:108F600020746F6F6B206D757465782025702C20D0
:108F7000636F756E743A2025642C206F72696720C8
:108F80007072696F3A2025640025733A2061646A23
:108F9000757374696E67207072696F207570206FC9
:108FA0006E206D757465782025700025733A206FEA
:108FB0006E206D7574657820257020676F745F6D05
:108FC000757465782076616C75653A202564002596
:108FD000733A20257020676F74206D757465782052
:108FE00025702028792F6E293A2025630025733AB1
:108FF0002025702074696D656F7574206F6E206D0B
:10900000757465782025700025733A2061646A754F
:109010007374696E67207072696F20646F776E2059
:109020006F6E206D75746578202570006D757465A0
:10903000782D3E6C6F636B5F636F756E74203E209E
:1090400030550025733A206D7574657820257020A1
:109050006C6F636B5F636F756E743A2025640025D7
:10906000733A206E6577206F776E6572206F662089
:109070006D757465782025703A20257020287072EF
:10908000696F3A20256429007A5F696D706C5F6BA7
:109090005F6D757465785F756E6C6F636B0061648E
:1090A0006A7573745F6F776E65725F7072696F0057
:1090B0007A5F696D706C5F6B5F6D757465785F6CFE
:1090C0006F636B00574553545F544F504449522FC0
:1090D0007A65706879722F6B65726E656C2F736537
:1090E0006D2E63002828617263685F69735F696E23
:1090F0005F6973722829203D3D203029207C7C2027
:10910000282874696D656F7574292E7469636B7393
:10911000203D3D202828286B5F74696D656F75744C
:109120005F74297B307D29292E7469636B7329292B
:1091300000737973776F726B7100574553545F54A6
:109140004F504449522F7A65706879722F6B65725F
:109150006E656C2F776F726B2E6300776F726B2D5D
:109160003E717565756520213D202828766F6964FC
:10917000202A29302900776F726B2D3E68616E645A
:109180006C657220213D202828766F6964202A2989
:1091900030290021666C61675F74657374282677D7
:1091A0006F726B2D3E666C6167732C204B5F574F5F
:1091B000524B5F44454C415941424C455F424954F2
:1091C000290073796E6320213D202828766F696419
:1091D000202A2930290021666C61675F74657374E9
:1091E000282671756575652D3E666C6167732C2048
:1091F0004B5F574F524B5F51554555455F53544157
:10920000525445445F4249542900737461636B00B2
:1092100064776F726B20213D202828766F69642067
:109220002A2930290025733A20737461636B202545
:109230007020666F72207468726561642025703AD0
:10924000206F626A5F73697A653D257A7520627561
:10925000665F73746172743D257020206275665F6D
:1092600073697A6520257A7520737461636B5F700A
:1092700074723D257000574553545F544F50444914
:10928000522F7A65706879722F6B65726E656C2FDC
:109290007468726561642E630028282828707269DA
:1092A0006F2929203D3D203135202626207A5F690F
:1092B000735F69646C655F7468726561645F656E35
:1092C0007472792828656E747279292929207C7C2A
:1092D000202828283135202D203129203E3D2028E6
:1092E000282D313629292920262620282870726920
:1092F0006F2929203E3D2028282D31362929202676
:10930000262028287072696F2929203C3D202831A9
:1093100035202D20312929290009696E76616C6973
:1093200064207072696F7269747920282564293B02
:1093300020616C6C6F7765642072616E67653A209E
:10934000256420746F2025640A00095468726561E1
:109350006473206D6179206E6F7420626520637282
:10936000656174656420696E20495352730A007305
:10937000657475705F7468726561645F737461634E
:109380006B00574553545F544F504449522F7A65F0
:10939000706879722F6B65726E656C2F7363686588
:1093A000642E6300217A5F69735F69646C655F7422
:1093B00068726561645F6F626A656374287468725D
:1093C0006561642900574553545F544F50444952D6
:1093D0002F7A65706879722F6B65726E656C2F6974
:1093E0006E636C7564652F6B7468726561642E685A
:1093F000005F6B65726E656C2E637075735B305DBC
:109400002E63757272656E7420213D202828766F58
:109410006964202A29302900574553545F544F501E
:109420004449522F7A65706879722F6B65726E6548
:109430006C2F696E636C7564652F6B737761702E2A
:109440006800617263685F6972715F756E6C6F63EB
:109450006B6564286B657929207C7C205F6B657265
:109460006E656C2E637075735B305D2E6375727202
:10947000656E742D3E626173652E746872656164F9
:109480005F737461746520262028282831554C208C
:109490003C3C202830292929207C20282831554C83
:1094A000203C3C202833292929290009436F6E7468
:1094B00065787420737769746368696E672077686C
:1094C000696C6520686F6C64696E67206C6F636B94
:1094D000210A0073697A656F66285F736368656443
:1094E0005F7370696E6C6F636B29203D3D20302087
:1094F0007C7C206C6F636B20213D20265F7363684A
:1095000065645F7370696E6C6F636B005F6B65722F
:109510006E656C2E637075735B305D2E6375727251
:10952000656E742D3E626173652E73636865645F5A
:109530006C6F636B656420213D203155005F6B6566
:10954000726E656C2E637075735B305D2E63757221
:1095500072656E742D3E626173652E736368656417
:109560005F6C6F636B656420213D2030550025736F
:109570003A207363686564756C657220756E6C6FF4
:10958000636B6564202825703A2564290025733AA9
:109590002074687265616420257020666F722025D2
:1095A0006C75207469636B7300217465726D696EEC
:1095B000617465000961626F72746564205F637530
:1095C0007272656E74206261636B2066726F6D20CB
:1095D000646561640A0021657373656E7469616C0A
:1095E000000961626F7274656420657373656E74DF
:1095F00069616C207468726561642025700A007A64
:109600005F7469636B5F736C656570006B5F736338
:109610006865645F756E6C6F636B00574553545F8C
:10962000544F504449522F7A65706879722F6B6598
:10963000726E656C2F74696D65736C6963696E67B2
:109640002E6300282874696D656F7574292026269D
:1096500020282875696E747074725F7429202873CD
:109660006C6963655F74696D656F75747329292012
:109670003C3D20282875696E747074725F742920CF
:109680002874696D656F757429292026262028287D
:1096900075696E747074725F7429202874696D65C1
:1096A0006F75742929203C20282875696E747074A0
:1096B000725F742920282628736C6963655F74695A
:1096C0006D656F757473295B282873697A655F749B
:1096D0002920282828696E74292073697A656F66A5
:1096E00028636861725B31202D202832202A2021D6
:1096F00028215F5F6275696C74696E5F747970654B
:10970000735F636F6D70617469626C655F70285F11
:109710005F747970656F665F5F28736C6963655FFE
:1097200074696D656F757473292C205F5F7479702F
:10973000656F665F5F282628736C6963655F74696F
:109740006D656F757473295B305D292929295D2941
:10975000202D203129202B202873697A656F6628F7
:10976000736C6963655F74696D656F7574732920C7
:109770002F2073697A656F662828736C6963655F4B
:1097800074696D656F757473295B305D29292929AA
:109790005D29292026262028282875696E74707472
:1097A000725F7429202874696D656F75742929208A
:1097B0002D20282875696E747074725F74292028B2
:1097C000736C6963655F74696D656F75747329295E
:1097D0002920252073697A656F662828736C696370
:1097E000655F74696D656F757473295B305D2920E1
:1097F0003D3D20302900574553545F544F50444954
:10980000522F7A65706879722F6B65726E656C2F56
:1098100074696D656F75742E6300217379735F646D
:109820006E6F64655F69735F6C696E6B6564282633
:10983000746F2D3E6E6F64652900574553545F5415
:109840004F504449522F7A65706879722F6B657258
:109850006E656C2F706F6C6C2E630009696E76619B
:109860006C6964206576656E742074797065202853
:1098700030782578290A0A006576656E742D3E7366
:10988000656D20213D202828766F6964202A2930C3
:10989000290009696E76616C69642073656D617079
:1098A000686F72650A0A006576656E742D3E717583
:1098B00065756520213D202828766F6964202A2956
:1098C00030290009696E76616C696420717565756F
:1098D000650A0A006576656E742D3E7369676E6170
:1098E0006C20213D202828766F6964202A293029A0
:1098F0000009696E76616C696420706F6C6C20730E
:1099000069676E616C0A0A006576656E742D3E6D3E
:1099100073677120213D202828766F6964202A29E9
:1099200030290009696E76616C6964206D65737316
:109930006167652071756575650A0A006576656EF3
:10994000742D3E7069706520213D202828766F694E
:1099500064202A2930290009696E76616C696420C7
:10996000706970650A0A0009696E76616C69642025
:109970006576656E7420747970650A0A00574553E0
:10998000545F544F504449522F7A65706879722F52
:109990006B65726E656C2F6D656D706F6F6C2E638D
:1099A0000028616C69676E20262028616C69676EEB
:1099B000202D20312929203D3D20300009616C698E
:1099C000676E206D757374206265206120706F77FB
:1099D0006572206F6620320A00616C69676E203DF7
:1099E0003D2030207C7C20282875696E747074724C
:1099F0005F74296D656D20262028616C69676E2073
:109A00002D20312929203D3D203000096D697361E9
:109A10006C69676E6564206D656D6F727920617425
:109A20002025702028616C69676E203D20257A759D
:109A3000290A00141400001C2030401C2000001CC7
:109A400020304000409B8FACC31D42AE44FACD1F76
:109A5000C348A0B42FCF29EE3D00FFFFFFFF1F003A
:089A60002A666C6F61742A0094
:109A6800FFFFFFFFFF1F00001F00000000000000B5
:109A78001D40000000000000FFFFFFFF1FFF000067
:109A8800BAABBABA101010100000000000800040F5
:109A980000000000000000000C00000000000000B2
:109AA80000FF7F0000000000000000000000000030
:109AB80000000000612D00000000000033D7000006
:109AC80000000000792D00000000000053D70000BE
:109AD8000000000011D70000000000000000000096
:109AE800000000000000000000000000000000006E
:109AF800000000000000000000000000000000005E
:109B0800000000000000000000000000000000004D
:109B1800000000000000000000000000000000003D
:109B2800000000000000000000000000000000002D
:109B3800000000000000000000000000000000001D
:109B4800000000000000000000000000000000000D
:109B580000000000000000000000000000000000FD
:109B680000000000000000000000000000000000ED
:109B780000000000000000000000000000000000DD
:109B880000000000000000000000000000000000CD
:109B980000000000000000000000000000000000BD
:109BA80000000000000000000000000000000000AD
:109BB800000000000000000000000000000000009D
:109BC800000000000000000000000000000000008D
:109BD800000000000000000000000000000000007D
:109BE800000000000000000000000000000000006D
:109BF800000000000000000000000000000000005D
:109C0800000000000000000000000000000000004C
:109C1800000000000000000000000000000000003C
:109C2800000000000000000000000000000000002C
:109C3800000000000000000000000000000000001C
:109C4800000000000000000000000000000000000C
:109C580000000000000000000000000000000000FC
:109C680000000000000000000000000000000000EC
:109C780000000000000000000000000000000000DC
:109C880000000000000000000000000000000000CC
:109C980000000000000000000000000000000000BC
:109CA80000000000000000000000000000000000AC
:109CB800000000000000000000000000000000009C
:109CC800000000000000000000000000000000008C
:109CD800000000000000000000000000000000007C
:109CE800000000000000000000000000000000006C
:109CF800000000000000000000000000000000005C
:109D0800000000000000000000000000000000004B
:109D1800000000000000000000000000000000003B
:109D2800000000000000000000000000000000002B
:109D38000000000000000000DC02002051F30000D9
:109D480057F3000059F300007FF300005DF30000B3
:109D580089F3000063F3000093F3000069F3000047
:109D68009FF3000075F3000079F300006BF3000027
:109D780071F300008FF3000099F300002403002022
:109D880001FF000091F600009DF60000A1F600001A
:109D9800A9F60000ADF60000000000000000000079
:109DA80000000000000000000000000000000000AB
:109DB800000000000000000000000000000000009B
:109DC800000000000000000000000000000000008B
:109DD800000000000000000000000000000000007B
:109DE800000000000000000000000000000000006B
:109DF800000000000000000000000000000000005B
:109E0800000000000000000000000000000000004A
:109E1800000000000000000000000000000000003A
:109E2800000000000000000000000000000000002A
:109E3800000000000000000000000000000000001A
:109E4800000000000000000000000000000000000A
:109E580000000000000000000000000000000000FA
:109E68001D67010000000000000000000000000065
:109E780000000000000000000000000000000000DA
:109E880000000000000000000000000000000000CA
:109E980000000000000000000000000000000000BA
:109EA80000000000000000000000000000000000AA
:109EB800000000000000000000000000000000009A
:109EC800000000000000000000000000000000008A
:109ED800000000000000000000000000000000007A
:109EE800000000000000000000000000000000006A
:109EF800000000000000000000000000000000005A
:109F080000000000000000005802030000000000EC
:109F18002902010000000000000000008FBF0200BD
:109F28002DC40200200A030000000000580A0300A4
:109F380019280100000000000000000000000000D7
:109F48002BC70200000000000FC7020065210300B4
:109F580000000C00000000000000000000000000ED
:109F6800112A010000000000000000008721030002
:109F780000001000000000008BC902000000000073
:109F88000000000000600040000000000000000029
:109F980000000000000000000000000000000000B9
:109FA80000000000000000000000000000000000A9
:109FB8000000000000000000000000000000000099
:109FC8000000000000000000000000000000000089
:109FD8000000000000000000000000000000000079
:109FE8000000000000000000000000000000000069
:109FF800000000000000000001480100000000000F
:10A008000000000000000000E96B010000000000F3
:10A01800000000000000000065560100000000007C
:10A028000000000000000000B57E010000000000F4
:10A038000000000000000000597D01000000000041
:10A048000000000000000000D18D010000000000A9
:10A058000000000000000000118601000000000060
:10A068000000000004060020040600200000000094
:10A078000000000041AF010005C90100B9C7010097
:10A088000000000000000000D1BA01008DB70100F7
:10A09800FDB6010061AD0100000000004FD90200CB
:10A0A8000000000000000000000000005C11030038
:10A0B800000002006811030000000A007811030084
:10A0C8000000200000000000000000000000000068
:10A0D80000000000E1D90100000000008C1103001D
:10A0E800000002009811030000000200A411030000
:10A0F80000000200940600209406002000000000E2
:10A10800000000000E000000A8060020A80600209D
:10A118007D0402000000000000000000FBDD0200DA
:10A128000000000000000000601D0020000000008A
:10A138000000000000000000000000000000000017
:10A1480000000000000000000090D003FF000000A5
:10A1580090020000F4060020F406002093F10200AB
:10A168008FF10200D3FF02006FFF020073FF0200AD
:10A178006DFF02007FFF02009ECADC240EE5A9E005
:0AA1880093F3A3B50100406E060139
:0EA192000000000000000000000000000000BF
:04A1A00000000000BB
:10A1A4003C0700203C07002000000000EC7A00205F
:10A1B400000000000100000030000000000000006A
:10A1C4005C0700205C07002000000000806700207E
:10A1D4000000000001000000B800000000000000C2
:10A1E4007C0700207C070020000000001C7B00206E
:10A1F40000000000030000001C000000000000003C
:10A204000000000038680020000800000000000082
:08A21400000000000000000042
:10A21C00B4070020B407002000000000000000007C
:10A22C000E000000C8070020C80700200000000036
:10A23C00000000000E000000DC070020DC070020FE
:10A24C0000000000000000000E000000F0070020DD
:10A25C00F007002000000000000000000E000000CD
:10A26C00040800200408002000000000000000008A
:04A27C000E000000D0
:10A28000180800201808002000000000FFFFFFFF52
:08A29000280800202808002026
:10A298000000000000000000000000003C08002052
:0CA2A8003C08002044080020440800206E
:10A2B400000000000000000000000000580800201A
:10A2C40058080020600800206008002000000000FA
:10A2D400030003001000000000000000BC0C030099
:10A2E40018790020000000000000000000000000B9
:10A2F4008C0800208C08002094080020940800207A
:10A304000000000003000300100000004DB801002D
:10A31400580D0300747A00200000000000000000C3
:10A3240000000000C0080020C0080020C808002069
:10A33400C808002000000000030003000000000023
:10A3440000000000600B03008C750020000000007A
:10A354000000000000000000F4080020F4080020C1
:10A36400FC080020FC08002000000000010001009F
:10A374001000000095840100A80C03001078002050
:10A384000000000000000000000000002809002078
:10A3940028090020300900203009002000000000B6
:10A3A400030003000000000000000000700C030024
:10A3B400C87700200000000000000000000000003A
:10A3C4005C0900205C090020640900206409002065
:10A3D400000000000C000C0004000000694B0100A8
:10A3E4004C0B0300B07300200000000000000000CC
:10A3F4000000000090090020900900209809002026
:10A404009809002000000000010001000000000085
:0CA4140000000000740B0300D87600204C
:04A4200015E015E04E
:04000003100032D5E2
:00000001FF
