:1000000040630020492B0100EF6F0200352B0100F7
:10001000352B0100352B0100352B010000000000BD
:10002000000000000000000000000000B12C0100F2
:10003000352B010000000000512C0100352B010080
:10004000A92E010083980200A92E0100A92E01000B
:10005000A92E0100A92E0100A92E0100A92E010040
:1000600099980200A92E0100A92E01006D980200A6
:10007000A92E0100A92E0100A92E0100A92E010020
:10008000A92E0100A92E0100A92E0100A92E010010
:10009000A92E0100A92E0100A92E0100A92E010000
:1000A000A92E0100A92E0100A92E0100A92E0100F0
:1000B000A92E0100A92E0100A92E0100A92E0100E0
:1000C000A92E0100A92E0100A92E0100A92E0100D0
:0C00D000A92E0100A92E0100A92E01009C
:1000E00080EA101404F0F01480EA0410604081EA01
:1000F000111404F0F01481EA0411614082EA121430
:1001000004F0F01482EA0412624083EA131404F04B
:10011000F01483EA0413634080EA102404F47F445B
:1001200080EA0420604081EA112404F47F4481EADB
:100130000421614082EA122404F47F4482EA04220A
:10014000624083EA132404F47F4483EA0423634077
:1001500081EA500404F0553480EA4400614083EAA7
:10016000520404F0553482EA4402634082EA900467
:1001700004F0333480EA8400624083EA910404F09E
:10018000333481EA84016340704700BF82EA9004FF
:1001900004F0333480EA8400624083EA910404F07E
:1001A000333481EA8401634081EA500404F0553419
:1001B00080EA4400614083EA520404F0553482EA44
:1001C0004402634080EA102404F47F4480EA04205F
:1001D000604081EA112404F47F4481EA04216140F3
:1001E00082EA122404F47F4482EA0422624083EA11
:1001F000132404F47F4483EA0423634080EA101448
:1002000004F0F01480EA0410604081EA111404F054
:10021000F01481EA0411614082EA121404F0F0142F
:1002200082EA0412624083EA131404F0F01483EAB1
:1002300004136340704700BF2DE9F14F94464FEA25
:10024000930B8A68CB6808684968FFF749FF0BF190
:10025000060E33E083EA134480EA134582EA13472B
:1002600046BA96EA3444604000F00F1684EA063439
:1002700020F00F1684EA161054BA94EA0106724070
:1002800002F00F1486EA043622F00F1486EA1412E4
:100290004CBA6540694001F00F1485EA043521F03D
:1002A0000F1485EA14115CBA67407B4003F00F1409
:1002B00087EA043723F00F1487EA1413BCE8F00030
:1002C0006040694072407B4000F0E03400F010353F
:1002D00000F00F3040EA540040EAC50080EA900484
:1002E00004F0332480EA8400604001F0E03401F03F
:1002F000103501F00F3141EA540141EAC50181EAAC
:10030000910404F0332481EA8401614002F0E03476
:1003100002F0103502F00F3242EA540242EAC502FE
:1003200082EA920404F0332482EA8402624003F0F9
:10033000E03403F0103503F00F3343EA540343EA8B
:10034000C50383EA930404F0332483EA84036340FF
:1003500081EA324787EA134581EA354690EA060486
:1003600084EA034B82EA1B4280EA044484EA05449F
:1003700083EA144A85EA14448BEA044B84EA37443E
:1003800081EA0B4181EA164104EA0A00454082EA0B
:1003900004082BEA080041408AEA0B0602EA06003C
:1003A00084EA34438AEA3A4603EA0607784045403D
:1003B000414088EA38478BEA3B4007EA000985EA72
:1003C000090583EA0709464006EA0906714085EAFD
:1003D000010005EA3546464006EA314181EA3041EE
:1003E00081EA364606EA304686EA3546344008EA6F
:1003F000010886EA01052A4086EA364003405A4051
:1004000081EA31431F407C4080EA030709EA07097B
:1004100088EA0908544088EA020806EA0A0601EA5E
:100420000B018AEA0B0215408AEA3A421040454025
:100430008BEA3B4003405E404240174079404D40CC
:100440004E40E443F64386EA18435D4085EA0540A2
:1004500083EA134386EA034183EA384284EA11437C
:1004600083EA04435FEA3343BEF1010E3FF6F2AE86
:100470001ED4BCE8F0006040694072407B4020BC64
:10048000FFF784FE28606960AA60EB60BDE8F08F2A
:100490002DE9E0414FF2F00280EA1031114080EA8C
:1004A0000130484041088208C3084FF0000E4FE772
:1004B00000F0113001F0113102F0113203F011336C
:1004C00040EA410040EA820040EAC3004FF2F002F5
:1004D00080EA1031114080EA01304840BDE8E081F7
:1004E0002DE9F04F02F11C050646074600EB850892
:1004F00051F8040B043A46F8040BF9D14FF0010C03
:10050000FFF7C6FF5FEA302080EA0C001ECF4140B3
:100510004A4053405C401EC62000464517D04FEA73
:100520004C0C1CF4807F18BFACF1E50C2C2DE7D0EF
:100530003C2D06D1FFF7ACFF06CF41404A4006C62E
:10054000100006CF41404A4006C61000D8E736E901
:100550000F00FFF7C5FD043D86E80F00F7D1BDE8A9
:10056000F08F00BF2DE9F14F03F11C0402EB840C66
:100570004FEA930B8A68CB6808684968FFF7B0FDBB
:100580003CE9F0006040694072407B400BF1060E90
:100590004EE083EA134480EA134582EA134746BAE1
:1005A00096EA3444604000F00F1684EA063420F0E6
:1005B0000F1684EA161054BA94EA0106724002F04B
:1005C0000F1486EA043622F00F1486EA14124CBA8D
:1005D0006540694001F00F1485EA043521F00F14DD
:1005E00085EA14115CBA67407B4003F00F1487EA78
:1005F000043723F00F1487EA141344BA44404DBA69
:100600004D4056BA56405FBA5F4087EA174886EABF
:10061000174B84EA17464FEA38488BEA1B4485EAB1
:100620001B4788EA1B4580EA3440694072407B40A2
:1006300000F0703400F0803500F00F3040EA4400E4
:1006400040EAD50080EA900404F0332480EA840074
:10065000604001F0703401F0803501F00F3141EA63
:10066000440141EAD50181EA910404F0332481EA8E
:100670008401614002F0703402F0803502F00F32E4
:1006800042EA440242EAD50282EA920404F03324A8
:1006900082EA8402624003F0703403F0803503F094
:1006A0000F3343EA440343EAD50383EA930404F097
:1006B000332483EA84036340C943DB4381EA0004B3
:1006C00083EA044686EA020183EA014382EA33456B
:1006D00083EA14435C4084EA00077FEA040A8AEA5A
:1006E000024A8AEA010B87EA11488AEA374A80EA15
:1006F000060181EA1A418AEA030A04EA0A0045402F
:1007000088EA040707EA0B0041408AEA0B0608EA78
:10071000060084EA34428AEA3A4602EA060358406E
:100720004540414087EA37438BEA3B4003EA0009F2
:1007300085EA090582EA0309464006EA090671408E
:1007400085EA010005EA3546464006EA314181EA7C
:10075000304181EA364606EA304686EA354634407C
:100760000F4086EA010508EA050886EA364002409D
:1007700088EA020881EA314213405C4080EA0203C1
:1007800009EA030987EA0907674088EA040806EAD4
:100790000A0601EA0B018AEA0B0425408AEA3A4478
:1007A000204045408BEA3B4B02EA0B02564084EA6C
:1007B0000B04234059406E40694087EA364080EA86
:1007C000384080EA060380EA104481EA134585EA4E
:1007D000344585EA17427D4082EA354180EA05408A
:1007E0003CE9F0006040694072407B40BEF1010E80
:1007F0003FF6CFAE20BCFFF7C9FC28606960AA6055
:10080000EB60BDE8F08F00BFFFF76ABE2DE9F0078F
:1008100091E8F807B2E802105B1854EB0C04B2E858
:1008200002104D4156EB0C06B2E802104F4158EB56
:100830000C08B2E8021059EB01095AEB0C0A80E8E7
:10084000F80780410130BDE8F00770472DE9F00757
:1008500091E8F807B2E802105B1A74EB0C04B2E8F6
:1008600002108D4176EB0C06B2E802108F4178EB56
:100870000C08B2E8021079EB01097AEB0C0A80E867
:10088000F80780414042BDE8F00770472DE9F007C6
:10089000524290E87800B1E880071740DB1918EA67
:1008A000020854EB080419EA020955EB09051AEA93
:1008B000020A56EB0A0678C090E87800B1E8800793
:1008C00017407B4118EA020854EB080419EA0209B0
:1008D00055EB09051AEA020A56EB0A0678C0804170
:1008E0000130BDE8F00770472DE9F007524290E86B
:1008F0007800B1E880071740DB1B18EA020874EBA8
:10090000080419EA020975EB09051AEA020A76EBEE
:100910000A0678C090E87800B1E880071740BB412C
:1009200018EA020874EB080419EA020975EB0905D4
:100930001AEA020A76EB0A0678C080414042BDE816
:10094000F00770472DE9F00152424FF0040890E89B
:10095000300091E8C000A31B1340E41AF618EB1B0B
:100960001340ED1AFF1830C0C0C1B8F10108EED134
:10097000BDE8F001704700BF00B592E8DC072DE943
:10098000DC07B1E8805702B4A7FB02510A95A8FB27
:10099000020BE7FB6310E9FB62B00B91A8FB03516C
:1009A000EAFB6201E7FB64B5E7FB6605E8FB661559
:1009B000CDF830B0A9FB03B6EAFB6316ECFB635637
:1009C000E8FB640BE9FB641BEAFB645BECFB646B18
:1009D0000D90ACFB0230059CEEFB6250E9FB6460BD
:1009E000EAFB64B0E7FB6431E8FB6451069CE8FB7A
:1009F0006461E9FB64B1EAFB64010E93A7FB043276
:100A0000079CE7FB6462E8FB64B2E9FB6402EAFB73
:100A10006412049CE9FB6453EAFB6463089CE7FBF3
:100A200064B3E8FB6403E9FB6413EAFB64230F95FA
:100A30005DF8049B99E80006DDF80080A9FB0854E6
:100A4000EAFB68B4DDF81080ECFB6804EEFB681488
:100A5000E9FB6824EAFB6834DDF80480EEFB686596
:100A6000E9FB68B5EAFB6805DDF81480ECFB681566
:100A7000EEFB6825E9FB6835EAFB68450F96DDF873
:100A80000880AEFB0876E9FB6806EAFB6816DDF82D
:100A90001880ECFB6826EEFB6836E9FB6846EAFB4B
:100AA0006856DDF80C80ECFB68B7EEFB6807E9FBE5
:100AB0006817EAFB6827DDF81C80ECFB6837EEFB63
:100AC0006847E9FB6857EAFB686708B000BD00BFEC
:100AD0002DE9F14F87B0FFF74FFFDDF81C8008F1DB
:100AE000200888E8FF00FFBC87E87F08BDE8F08F9A
:100AF00000B591E89857A3FB03520195A3FB0401AD
:100B0000E3FB6420E3FB67100292A3FB0752E3FBC5
:100B10006802E4FB6415E3FB6805E3FB69250391C8
:100B2000A4FB07B6E3FB6926E3FB6A56E4FB670B0D
:100B3000E4FB682BE3FB6A5BE3FB6C6B0490A4FBB8
:100B40000810E4FB6950E3FB6C60E3FB6EB0E7FB6D
:100B50006721E4FB6951E4FB6A61E3FB6EB1E4FBEE
:100B60006E010592A7FB0832E4FB6A62E4FB6CB2FB
:100B7000E4FB6E02E7FB6E12E7FB6853E7FB696379
:100B8000E4FB6CB3E7FB6C03E7FB6E13E8FB6E233F
:100B90000695A7FB0954E7FB6AB4E7FB6C04E8FB86
:100BA0006C14E8FB6E24E9FB6E34E8FB6865E7FB38
:100BB0006AB5E8FB6A05E8FB6C15E9FB6C25E9FB07
:100BC0006E35EAFB6E450796A8FB0976E8FB6A06D8
:100BD000E9FB6A16E9FB6C26EAFB6C36EAFB6E461B
:100BE000ECFB6E56E8FB69B7E9FB6907E9FB6A179E
:100BF000EAFB6A27EAFB6C37ECFB6C47ECFB6E57B1
:100C0000EEFB6E6700BD00BF2DE9F14F87B0FFF727
:100C10006FFFDDF81C8008F1200888E8FF00FFBCAA
:100C200087E87F08BDE8F08F30B44FF0000310F87C
:100C3000014B11F8015B013A84EA050443EA04031D
:100C4000F5D1A3F101034FEAD37030BC704700BF68
:100C50004FF0000310F8012B013943EA0203F9D1E8
:100C6000A3F101034FEAD370704700BF30B411F80D
:100C7000014B12F8015B6C4000F8014B013BF6D1CF
:100C800030BC70472DE9F00791E8F807B2E8021090
:100C90005B1854EB0C04B2E802104D4156EB0C0605
:100CA000B2E802104F4158EB0C08B2E8021059EBC1
:100CB00001095AEB0C0A8941B3F1FF3374F1FF3497
:100CC00075F1FF3576F1000677F1000778F100083D
:100CD00079F101097AF1FF3A51F100015B184C41B9
:100CE0004D4156F1000657F1000758F1000859EB45
:100CF000D1795AEB010A80E8F807BDE8F0077047A0
:100D00002DE9F00791E8F807B2E802105B1A74EBDE
:100D10000C04B2E802108D4176EB0C06B2E802102A
:100D20008F4178EB0C08B2E8021079EB01097AEBFD
:100D30000C0A89415B184C414D4156F1000657F1B0
:100D4000000758F1000859EBD1795AEB010A80E805
:100D5000F807BDE8F007704718EB040859EB0509E0
:100D60005AEB060A5BEB070B5FF0000C4CF1000C32
:100D700018EB050859EB06095AEB070A5BEB070B62
:100D800050EB0C005FF0000C51EB0C0152EB0C022D
:100D900063414CF1000CB8EB070879F100097AF1D6
:100DA000000A7BEB040BA841B141A241B3416CF1B5
:100DB000000CBBEB050BB041B941AA41BB416CF142
:100DC000000C4CF001068CF0020718EB060859EBFA
:100DD0006C095AEB6C0A7BEB6C0B70EB6C0471EBDF
:100DE0006C0572EB670653EB6C076CEB6C0C18EB45
:100DF0000C0059EB0C015AEB0C025BF1000354F1AF
:100E0000000455F1000556EBDC7657EB0C077047F4
:100E10002DE9F14F87B0FFF7AFFDDDF81080DDF869
:100E20001490DDF818A0FFF797FFBDE8000FFFF75B
:100E300093FF03B05DF8048B88E8FF00BDE8F08FF6
:100E40002DE9F14F87B0FFF753FEDDF81080DDF894
:100E50001490DDF818A0FFF77FFFBDE8000FFFF743
:100E60007BFF03B05DF8048B88E8FF00BDE8F08FDE
:100E7000054B1B780022013382600260034A426006
:100E8000C371FF2303727047C8090020F8000800EF
:100E9000064B074A9B7802604FF40A728280C37146
:100EA0000822002382710372704700BFC809002026
:100EB00031F00000F8B5C71D002827F007070546E8
:100EC00014BF3846002000F0E5FA041E02DA6FF085
:100ED0000B00F8BD2E4EF188B088737A327A033158
:100EE000033089B280B20BF0AFFC0028EFDBB178A1
:100EF000F37827440337002D194427F0030700FB3C
:100F000001F114BF3846002000F048FC07440DB939
:100F1000002FDCDB01203C4600F0B2FA90B1F17A00
:100F200081B10737002D27F0070414BF20460020A9
:100F30002523282204F022FE0028C8DB04440DB932
:100F4000002CC4DBB37AABB1012000F099FA88B170
:100F5000F37A7BB10734002D24F0070414BF204638
:100F60000020B17A03F078FC0028B0DB04440DB90E
:100F7000002CACDBF3683BB115B1F4600020A8E7AE
:100F80002834A4D42046A4E7002DF7D1FAE700BF07
:100F9000C80900201FB572B6194B1D69EDB9BFF322
:100FA0004F8F1849184BCA6802F4E0621343CB60B4
:100FB000BFF34F8F00BFFDE72346B2FBF6F25C1C88
:100FC000002AF9D104AEDCB256FA83F303F80C2CF4
:100FD0000A2234B901A8A847E1E7024600230A26FD
:100FE000EDE7631E04AEDCB256FA83F3B0FBF2F613
:100FF00002FB1600303003F80C0C3046E9E700BF66
:10100000C809002000ED00E00400FA0507B50A4B0E
:101010001A89ADF800206846DA889B88ADF804206C
:10102000ADF8023001F0D4FF18B1FC219C20FFF78D
:10103000B1FF03B05DF804FBC809002038B50546D0
:1010400038B30AF0E3FB10B94FF0FF3038BD0AF0B7
:1010500085F9B0F5FA7FF7D80F4C1048256100F0FC
:1010600089F9002323752370E360012363801B2328
:10107000A380E38040F2032323814FF44273638112
:10108000EFF3108472B600F0FBFB04B962B60020E7
:10109000DCE76FF01500D9E7C80900200D1000004B
:1010A00038B51446002847D1254D2B7D032B40D061
:1010B00071B112B96FF0150038BD013906293BD85E
:1010C000DFE801F0043A133A293A32001378AB70A2
:1010D0000020FFF7EFFE0028B7BF012302232B7586
:1010E0006FF00B00A8BF2B75E6E71379002BE1D05A
:1010F0005379002BDED01288FB2ADBD863881B3B98
:101100009BB2E02BD6D81A2AD4D923686B600D4B3A
:10111000A2889A80DCE7012000F0B2F9237808B1B8
:10112000012BC7D9EB72D3E71388FF2BC2D8AB7260
:10113000CEE74FF0FF30BFE76FF02C00BCE700BFF9
:10114000C8090020CC090020F8B50D46064620B39A
:1011500019B311F0070420D1114F3B7D012B02D1AF
:101160006FF00B00F8BD032B02D14FF0FF30F9E711
:1011700000F05AF80028F8D02846FFF79BFE002818
:10118000EEDB0DF0B2FF3046F96801F0C3FFFFF768
:101190003DFF03233B752046E4E76FF01500E1E7D0
:1011A000C809002010B5064C237D032B03D101F0A4
:1011B000CDFF02F08BFE0BF09CFB0020207510BDD4
:1011C000C809002050B1074B03F1140253F8041B67
:1011D00040F8041B9342F9D1002070476FF01500CE
:1011E000704700BF2A13030008B501F075FF0549D9
:1011F000012000F03DF9BDE808400349002000F05F
:1012000037B900BF710E0000910E0000024B02685A
:101210001A600020704700BFE0090020014B1B68E6
:10122000184700BFE0090020024B1868003818BFBB
:1012300001207047E00900202DE9F843184E0446CC
:1012400000F104081648C6F8008002F057FE022894
:10125000054606D1124920460AF048FE2846BDE858
:10126000F8830428FAD1314620460AF06EFEB0F524
:10127000817F03D372210820FFF78CFE0028E1D084
:10128000277894F80290384600F020F80028D9D04A
:101290003E2FE3D1484600F059F80028DED1D1E7CF
:1012A000E4090020074B4FF0FF3141F6FF72C3E91C
:1012B000001205490022C1E900221F21C3E90212E0
:1012C000704700BF00000020E80A00203F280CD82B
:1012D00001380B4BC0F3421200F01F0053F82230CC
:1012E00023FA00F000F001007047FF2806D04038D4
:1012F000C0F34212034B00F01F00EFE701207047DC
:1013000000000020E80A00200146074B00684968F9
:101310001A4603C240F48C221A6041F0107242F463
:10132000FF625A60704700BF000000200246024B77
:101330000068516803C37047E80A00200246024B68
:101340000068516803C3704708000020F42800F1CA
:10135000FF33DBB21FBF064A590902EB810203F0DB
:101360001F031DBF9068D84000F0010000207047A7
:1013700000000020014B1860704700BFF00A0020F9
:1013800010B5FFF78FFF0BF0C1FC034B1B68044641
:1013900003B19847204610BDF00A0020F0B50C8834
:1013A000C37C0288A5B2C4F30E0404F1180602330C
:1013B000865B1A44334497B213FA82F3013B4288A6
:1013C000B3FBF7F313FB07439BB29A42044A93BF64
:1013D00022EA05032A4013439BB20B80F0BD00BFF5
:1013E0000080FFFF4A1E062A08B50346084604D8B7
:1013F0004FF4D1711520FFF7CDFD094A914202D972
:1014000040F2A311F6E711B903B1196008BD2BB181
:101410001B680022C3E901211A1D1A600430F5E798
:10142000FAFFFF7F10B5114B00EB41041A78638976
:10143000B3FBF2F303FB0223013A1A44B2F5706FD7
:101440000279807828BF00231A440B18B2FBF0F110
:1014500000FB11215B1AB3FBF0F100FB11331344C5
:101460006FEA43436FEA5343638110BDF40A0020DF
:10147000024B03EB80035960704700BFF40A002061
:10148000034B03EB80035868003818BF01207047F6
:10149000F40A00202DE9F04F10F0070A85B0054648
:1014A00004D040F261111720FFF774FD524F07F18D
:1014B0000C06B1460446B04657F8043B8DF80BA025
:1014C0003BB101A898479DF80A30082B01D9E821C3
:1014D000E9E79DF80B1041BB05B131604F4506F1BE
:1014E0000406E9D1002D6FD0DFF81091002289F8B1
:1014F00000209646022758F827A0013FBAF1000FB6
:1015000055D09AF804609AF802C0FF2E60D0394690
:101510000023481C38D19C44BCF1FF0F3FD90AB1CD
:1015200089F800E040F22711BDE79DF80AC0604647
:10153000022838BF02204B1D5A0004EB4303441E0F
:101540002344BDF808406444013CCCF1000C04EA9B
:101550000C044042B4F5803F03EA000301D3F821B4
:10156000A1E775B19A1A0120326091701480D07091
:101570009DF80C001071019810814FEA104CA2F8F0
:1015800006C004FB0134A9E758F8210028B190F8FF
:1015900004B0B34504BF80781B180139B9E7DBB24A
:1015A000E6458AF804303CBF5FFA8CFE01227B1CC2
:1015B000A1D10AB189F800E0022640F6FF6A58F886
:1015C0002670B7B9013EFAD2601B05B0BDE8F08FB6
:1015D0000023E5E707EB41033846A3F80AA0FFF72D
:1015E00021FF09F10109BB785FFA89F18B42F1D83B
:1015F000E8E74FF00009F6E7F80A0020F40A0020B7
:1016000038B54FF6FF730380184B03EB8103024696
:101610001869A8B184780379B3FBF4F104FB1133A2
:10162000DBB2194600EB4105B5F90A50002D0EDB7F
:101630000131B1FBF4F504FB1511C9B28B42F1D1B4
:10164000002038BD6381BDE838400BF0D9B800EB0D
:1016500041046389C3F30E031380C278002AF1D1D9
:101660004FF4D5711720FFF795FC00BFF40A002056
:101670001C4B03EB810370B51C69054644B303049E
:1016800004D54FF4DC711720FFF784FC0146204697
:101690000BF098F8FF28014604D02046BDE87040C2
:1016A0000BF0AEB8A078B5FBF0F300FB1353DBB240
:1016B00019460A1D04EB4206B6F90260002E09DB4A
:1016C0000131B1FBF0F200FB1211C9B28B42F0D133
:1016D000002070BD8B4201D00023E37004EB420276
:1016E0005580DAE7F40A0020094B03EB810310B5BB
:1016F0001C69014620460BF065F8FF28014604D01E
:101700002046BDE810400BF07BB8002010BD00BFA4
:10171000F40A0020F8B5104B03EB810307461C695F
:10172000014620460BF04EF8FF28054611D0E2880E
:10173000238953EA024606D0014620460BF060F8A2
:1017400001463846B04720462946FFF76BFE002089
:10175000F8BD0520FCE700BFF40A002038B50E4BA9
:10176000827903EB82030446186908B9052038BD65
:101770008278E1799142F9D24B1CE37100EB41038D
:101780005D89B3F90A30002BF3DBA5800BF038F844
:1017900020600020EBE700BFF40A002070B504468B
:1017A00010F003000E4603D04E211820FFF7F2FB85
:1017B000FFF718FE054624B1034831460460FFF7E1
:1017C00011FE284670BD00BF100B00202DE9F14F1F
:1017D000DFF870B09DF828A09DF82C901E46DBF82D
:1017E000003007460D4690461BB960211820FFF7D0
:1017F000D1FB5246092140460AF061FE4A4684B2B6
:10180000092130460AF05BFE14FA80F1DBF8000093
:101810000AF0ACFF386018B9286001B0BDE8F08F5D
:1018200004442C6038685346414609220AF00AFEF7
:1018300028684B460922314601B0BDE8F04F0AF056
:1018400001BE00BF100B002070B50E4604460AF022
:1018500049FE054630460AF045FE044B2A1821464B
:101860001868BDE870400AF0A6BF00BF100B00204A
:10187000024B186808B10AF06DBF7047100B0020CA
:10188000134B012200214FF0FF309A60C3F8001281
:10189000C3F80803C3F80015C3F804259A60C3F819
:1018A0000803C3F80015C3F804250A490A4A03F5DA
:1018B00080334FF40040C3F80825C1F88000BFF31F
:1018C0004F8FBFF36F8FC1F88001C3F808257047B1
:1018D00000F0004000E100E00000F63F0A461E2351
:1018E00002F8033B0448C368C1F80330036953603E
:1018F00043699360704700BF140B0020024B5A8C61
:1019000002435A845B6A1847140B0020014B0021E4
:101910005B6A1847140B002010B5154C06F058FAF6
:1019200005F0AEFD208DFFF7F1FF237E63B1224667
:10193000104952F80C3BE3606368536004F11900EE
:10194000A36893600CF042F90B4B228D93E80300DF
:1019500002F0B2FF236B188802F034FFA36B94F8F7
:10196000341094F835009847002384F83C3010BDBB
:10197000140B0020DD180000400B0020034B93F8EF
:101980003C300BB1FFF7C8BF704700BF140B0020FD
:1019900008B5094B93F83C20022A04D040F24F21AD
:1019A0002720FFF7F7FADA7A42F00102DA72BDE88F
:1019B0000840FFF7B1BF00BF140B0020032810B58B
:1019C0000A4B044605D11A6CD278022A01D10020B4
:1019D00010BD586C0AF008FE0028F9D1032CF6D08F
:1019E00001F0AEFC80F00100C0B2F1E7140B002062
:1019F00073B55D4C256B002395F868108DF80530A4
:101A000058B995F88C2094F8483003EB8203FF2BEB
:101A100003D195F869308B4202D0FF2006F072F8AE
:101A200095F88230032B00F29680DFE803F0022D58
:101A3000798C94F84930ADF806304C48A5F8583008
:101A400001F058FC28B1012385F87D3084F84A3034
:101A50001CE0606C0DF105020DF106010AF069FD54
:101A6000206488B195F8C73073B99DF805302BB95B
:101A700003808370206C01210CF051F8236CBDF8B9
:101A800006205A700123E1E7394B2364266C95F850
:101A900083203078D20002F0080200F0F3031343F1
:101AA00095F88420920002F004021343337000F092
:101AB0000300FFF783FF337823F0100343EA00139A
:101AC000337095F88B30206C002B47D04378002B77
:101AD00044D0206D06F01CFA012384F86C30D5F850
:101AE000E0306366216CD5F8E430206DA36605F024
:101AF00069FC95F86910012006F092FA0125206C26
:101B000084F875500CF01BF8236C84F876001B7871
:101B100084F83C5003F0030384F8773002B070BDC2
:101B2000B5F85830606CADF806300DF105020DF1D6
:101B300006010AF0FEFC20640028A3D140F2F12146
:101B40002720FFF727FA094801F0D4FB002899D194
:101B500040F2FB21F4E740F20931F1E706F0D8F951
:101B600005F08EFCC5E700BF140B0020540B0020CD
:101B70005F0B002010B5094CA36F23B940F2F6416A
:101B80002720FFF707FAB4F87C20D4F8801003323E
:101B900018460AF0BDF8C4F8800010BD140B0020F0
:101BA0002DE9F0434E4C94F83C30012B85B00646AD
:101BB0008846DFB204D040F204512720FFF7EAF94B
:101BC000256B216C02A80AF096FE95F87C309DF8F2
:101BD00008902BB1002185F87C100420FFF78EFEC1
:101BE000B9F1030F66D0BDF80C30002B18BF0227E7
:101BF00095F88C3085F88270B3B1236BD5F8E82066
:101C000093F8690062660027D5F8EC20A26684F894
:101C10006C700AF08DFE94F84890324900970346A4
:101C20004A46012005F084FB002E4CD1B8F1000F8C
:101C300049D0D4F8843030469847002843D094F8EF
:101C40003430002B3FD1256BD4F8883094F848000D
:101C5000C4F8803095F88C3095F8691000EB83005B
:101C6000FF2803D195F868308B4201D005F04AFF78
:101C700095F88C3063B3206D06F04AF9002384F8A0
:101C80006C30D5F8E8306366216DD5F8EC30D4F8C7
:101C90008000A36605F0D0FB002006F06DF995F8F2
:101CA0006810002006F0BCF9022384F83C3005B02F
:101CB000BDE8F08395F882301BB9216C0220FFF754
:101CC0001DFE032794E705B0BDE8F043FFF724BEEF
:101CD000D4F8800006F01CF905F0D2FBDCE700BF69
:101CE000140B0020680B002010B5064B93F83C2025
:101CF00002F0FF0422B91C7602F0D6FD204610BD8A
:101D00000C24FBE7140B00200B4B0C4A70B5064665
:101D10000D461A60FFF7E8FF18B1F4212720FFF7FE
:101D200039F9074C012104F14B000BF0F8FEC4F81F
:101D30008860256570BD00BF4C0000208C2300002A
:101D4000140B0020024B012283F88C20704700BF47
:101D5000140B0020F0B56E4C85B002AD85E8030091
:101D600094F83C100A9F01F0FF0611B90AB103B1C3
:101D700027B940F283112720FFF70CF995E80300FB
:101D800004F12C0C8CE80300256B6262C4F88430EB
:101D9000A76384F88C6084F8346084F88D6084F8DC
:101DA000356084F8756084F84A606684268505F09D
:101DB000DBFE05F065FB95F9700005F05FFF6F6ACB
:101DC000E86905F061FF384606F094F895F89C0044
:101DD00005F064FF0CF04EFB95F868204D4B33F88E
:101DE00012304FF47A7103F5FA73B3FBF1F3573302
:101DF0001918304605F0D8FF474B186806F080F8F0
:101E00002B6963646B69C4F8903004F1540205F1E6
:101E1000F00305F5807153F8040B42F8040B8B4274
:101E2000F9D1D5F80021C4F86D205A683B4B5A60AF
:101E3000236B93F8862093F86860253A012A03D92A
:101E400093F88720252A5ED193F8E2312BB1012E39
:101E500003D0012B0CBF0126022605F130073146C5
:101E600038460BF043FF31460BF0FAFCAB8F95F888
:101E70006910834228BF0346384684F849300BF086
:101E80001EFF95F8691095F88C70B5F84460042928
:101E900008BF03210BF0E4FC0FB9043080B2864286
:101EA00028BF0646F3B284F8943084F8483095F899
:101EB0008B309BB1012384F86C30D5F8E03095F875
:101EC00068006366D5F8E430A3660AF031FD034686
:101ED000002013490090FB2205F02AFA0120FFF7A9
:101EE00087FD002323606360A360B5F880306380C2
:101EF0002B88238095F89C302371EB6E0BB1012267
:101F00001A6005B0F0BD032E08BF0426A5E700BF88
:101F1000140B002000B502004C000020810B0020B3
:101F2000680B002008B5094B93F83C201AB9BDE8AE
:101F30000840FFF7F1BC93F83C30012B04D040F28D
:101F40002D212720FFF726F808BD00BF140B002025
:101F5000014B1876704700BF140B00202DE9F043A9
:101F6000324D85B004460F4602A8D5F880102E6B7E
:101F70000AF0C1FC14F00109BDF80C8004F0020461
:101F800028D0002385F8953094B1FFF7F3FD0DF1CB
:101F9000020201A9D5F890000AF0D2FB01980AF0DC
:101FA000B5FB012238604146D5F890000AF05DFB90
:101FB000B9F1000F0BD0D6E93A32013342F10002F9
:101FC000C6E93A3296F88430013386F8843005B099
:101FD000BDE8F08395F89530032B21D801A252F883
:101FE00023F000BF891F0000F51F00000F20000034
:101FF0000F200000002CEAD0FFF7BCFDD5F89000C0
:102000000022414605B0BDE8F0430AF02EBB002C8B
:10201000DDD0D5F8900005B0BDE8F0430AF08CBBE8
:1020200040F2A2412720FEF7B5FF00BF140B0020AD
:102030002DE9F04FAB4C002387B0CDE9023394F883
:102040003C30D4F830A0022B07460E4604D040F2B4
:102050008B512720FEF79EFFD4F8801004A80AF0C9
:102060004AFC9AF88C30002F00F02A819DF811B0BC
:10207000BDF81490002B39D005F01AFAB0BBB9F1B5
:10208000000F0DD09AF8843003F001035B450BD1AB
:10209000012384F83530FFF73FFC07B0BDE8F08F2F
:1020A000A4F87C90002006E0A4F87C90D4F890007E
:1020B00049460AF0BAFA238D9DF81220A06743F42E
:1020C000007323859AF8833003F001039A425BD0B2
:1020D000256B95F88230ABB3022B14D1606C02A94A
:1020E0000AF04CFA40B940F23B41B2E7A4F87C90C8
:1020F000B9F1000FD6D0D9E7D5E93832013342F132
:102100000002C5E9383295F87D304FF0000885F8B7
:10211000828093B185F87D8001F0FCF810B940F21F
:10212000524196E741460820FFF7E8FBD5E93832EF
:10213000013342F10002C5E9383295F883300133AA
:1021400085F88330238D43F4006323854FF0000826
:102150009AF8843003F001035B4546D19DF81030B6
:10216000256B022B12D8FBB995F88430013385F822
:102170008430B9F1000F38D0D5E93A32013342F159
:102180000002C5E93A3230E0B846E1E7032BEBD173
:10219000238DD4F88010012043F4805385F87C000F
:1021A0002385FFF7ABFBDFE7B9F1000FDCD0238D10
:1021B00095F88C5043F48053238505F055FC042892
:1021C00094F8943006D1002D0CBF1F221B2293429D
:1021D00028BF1346994569D8A36F33B194F88C3062
:1021E000002B7CD02020FFF791FB00259AF88B3044
:1021F0009BB1012384F86C30DAF8E0309AF868007B
:102200006366DAF8E430A3660AF092FB0346002026
:1022100035490090FB2205F08BF8002E68D005F0C0
:102220000BFF002D40F0A6800126238D5A0606D410
:102230004020FFF76BFB238D43F040032385B8F16B
:10224000000F04D0B4F809300133A4F80930002F8E
:1022500000F09580B4F805300133A4F80530002370
:1022600084F88D30214802F09BFA029830B10AF0D0
:102270004DFA216B0022027201F084FE039B33B100
:10228000216B00221A720C22039801F049FE002EE5
:102290007FF401AF238D1B063FF5FFAE8020FFF7D3
:1022A00035FB238D43F080032385F6E694F8343024
:1022B000012043F0100384F8343007F025FF94E741
:1022C0000BB105F031F994F88D30013384F88D307D
:1022D000238D002543F480632385A84686E73D4689
:1022E00084E700BF140B0020680B0020400B002087
:1022F00094F88D30012B92D8D4F88430012098477F
:1023000000288CD094F83430002B88D194F87630A3
:1023100063B394F87700FFF751FB8146D4F8880047
:102320000BF00DFCA36F1BBBB4F87C30B3FA83F346
:102330005B09628C002A7FF472AF012814BF00236E
:1023400003F0010353EA09033FF469AF1DB103A988
:102350000120FFF703FE0020FFF74AFB002D3FF4AA
:1023600064AF03A90220FFF7F9FD5EE7B146D5E7A8
:102370000123DEE703A90320FFF7F0FD54E7B4F8DB
:1023800007300133A4F807306CE700BF9119000053
:1023900031200000A11B00007D19000010B504468B
:1023A0000AF0D6FA08B9002010BDE0430AF0D0FACE
:1023B0000028F8D0E31683EAA4635A1E1A42F2D02A
:1023C00020460BF028FD1828EDD8A3B2B3EB144F2C
:1023D00004D184EA142313F0FF1FE4D0034B6340BD
:1023E000581E1840003818BF0120DDE7D6BE898E80
:1023F000F0B5070CA7F5AA42144B543A012A03EA98
:1024000090231FD927F4004042F6AA22801A18BF51
:1024100001200022162116461F2487EA060562EADB
:102420000505013510D0DD03ADB245EA5606E503DA
:10243000ADB2013945EA52024FEA53034FEA540460
:10244000EBD1F0BD0020E4E70020FAE7E0FF3F0019
:1024500010B5044608480CF0DBF9204607490CF09B
:102460004EFB20460CF03BF920B1204603F0F6F974
:10247000002010BD1220FCE7B40B0020BC0B002094
:102480002DE9FF410678012E074640F0898031464C
:102490000020FFF729F9054620B940F633713920AD
:1024A000FEF778FDBB88002B72D10CF0D1F8002824
:1024B00070D195F8F430002B6ED12846FFF7C8FF95
:1024C000044600286AD131463046DFF84081FFF7E4
:1024D0000BF998F81C3006461BB110B940F64F7145
:1024E000DDE7D8F818200392002B45D096F8F43099
:1024F000002B41D07B88002B3ED198F80830009308
:10250000D8F8142098F80A1003AB30460CF05FF9A5
:1025100090B330460CF018FB06F14003074605F176
:102520004002643653F8041B42F8041BB342F9D14D
:102530002846FFF78DFF024610B140F67671AEE7F0
:102540000C2F07D10146284603F04AFDE0B940F6BA
:102550007A71A4E717B140F67F71A0E798F80930C7
:10256000296D43F0040385F85430284603F00AFD32
:1025700050B940F6817192E7BA887988284603F00D
:102580002FFD002808BF0724204604B0BDE8F081D5
:102590001124F9E73A24F7E70C24F5E71224F3E7CE
:1025A00001210020FFF7A0F8054610B940F694710C
:1025B00075E70CF048FA04460028E5D195F8543048
:1025C00095F8892022B195F88A20134385F889006F
:1025D000053B012BD8D82B6D13B940F6A4715EE7EB
:1025E00001210846FFF780F829460646F82209F03F
:1025F0008FFB0423316D86F85430304603F0C2FC63
:102600000028C1D140F6A97149E700BFAC0B0020FA
:10261000304BF0B59A88B0F85C70B0F85A60DD883D
:10262000974228BF1746964228BF16461B2E85B0F4
:102630000C462ED0B5F5A47F2DD040F648039D4220
:1026400001A928BF1D460AF01DFABDF80A30BB4299
:1026500028BF3B46E380BDF80C30AB4228BF2B4679
:102660002381BDF80630B34228BF33466380BDF8EE
:102670000830AB4228BF2B46A380FF232370E3889A
:102680001B3B9BB2E02B08D940F2F5613920FEF7E5
:1026900081FC1B2FCED105B0F0BD63881B3B9BB2E4
:1026A000E02B02D940F2F761F0E72389A3F5A47388
:1026B0009BB2B3F5E06F02D940F2F961E6E7A38877
:1026C000A3F5A4739BB2B3F5E06FE4D940F2FB61CC
:1026D000DCE700BFAC0B002038B50AF0CDFF00F0FE
:1026E000C9FF00F061FD0BF049FA02F0C7F801F0F4
:1026F000F9F901F0CFF90F4A0F4C1049002313608C
:102700000F4A62600F4A84F8203011601B219180CB
:1027100053745382938293750B4A23801068117906
:10272000A0600832217307CA04F1100585E807008C
:1027300038BD00BF50000020AC0B002003021B007E
:102740001B004801FC0F0020A0B30200044B41F61F
:102750004C52C3E902221B221A74FFF7BDBF00BF0F
:10276000FC0F0020024B1B6803B118470C20704778
:1027700050000020014B93F926007047AC0B00205D
:10278000034B5A8802801B7883700020704700BF7B
:10279000FC0F002013B583781A2B044608D8042BAD
:1027A00004D9124A22FA03F3DB0705D4122017E0FA
:1027B000292B01D03B2BF9D12088B0F5706FF5D2D1
:1027C00069460AF0A8FF68B9019B93F8182102F046
:1027D000FF004AB9A27883F81921FF2283F8182153
:1027E00002B010BD0220FBE70C20F9E720003804FE
:1027F0000188A1F11B039BB2E02B0CD84288A2F503
:10280000A4739BB244F24810834204D8034B0020C7
:102810009980DA8070471220704700BFAC0B00200F
:10282000034B9A88DB88028043800020704700BFFA
:10283000AC0B002038B50278447802F0010354EA6A
:10284000030102F0020201D1112038BDBAB9857826
:10285000002DF9D0002B18BF002400E01D462046B3
:102860000AF0BBF80028EFD028460AF0B6F8002896
:10287000EAD0054B00209C74DD749882E5E7002BBC
:10288000ECD000242546EAE7FC0F002013B50088B1
:1028900069460AF040FF18B10224204602B010BD7C
:1028A00001980AF08CF80028F6D0019890F82A31A7
:1028B0000BB13A24F1E790F8D23003F0FF04002B7B
:1028C000F7D190F8C9309B0703D1FF2380F82A3154
:1028D000E3E70249CA300BF079F9DEE7EFE30000E5
:1028E000F8B50378032B054602D912242046F8BD1B
:1028F0004378032BF9D8467E0EB11124F6E783788E
:10290000012BF2D100F046FCC307F6D5AB7813F0EB
:10291000010414D0EA78012A3AD82A693C49A2F283
:102920005370884236D8AC686FF41C7CA4F6C4108F
:10293000614488422ED8944234BF12240024980760
:1029400011D5EA78012A27D82A6932498A4225D83E
:10295000A9683148A1F6C41C84451FD8914238BFEC
:1029600012262643F4B259071DD5EB78012B0CD85B
:102970002B692949A3F6C4128A4211D8AA68A2F683
:10298000C41088420CD89A420DD244F01204ADE72C
:102990001224D4E73024D2E71226E2E73026E0E71B
:1029A00044F03004A2E7002CA0D12B7E013B062B83
:1029B0009BD801212046FEF797FE064620B940F637
:1029C00034613920FEF7E6FA90300CF092F818B135
:1029D00096F854309A0718D1EA78A978A868B5F81B
:1029E00000C02E7E012A1ABFB2FA82F252090222D8
:1029F000CB0748BF2F69094BC3E9050719725A7203
:102A0000A3F80AC01E73197470E70C246EE700BFA8
:102A10003CF670028FFD7002CBF37002AC0B00200D
:102A200000B589B043798DF8043083798DF805308D
:102A300001238DF8063003788DF80730B0F80130A7
:102A400040F271214B430393B0F803204A430C49F1
:102A50000592097B8DF81C1000218DF81D10094985
:102A6000A2F6C4128A4209D8A3F6C4138B4205D831
:102A700001A8FFF735FF09B05DF804FB3020FAE745
:102A8000AC0B00203C369C002DE9F04F447AA107A6
:102A900089B0054655D544F001044472072C52D83C
:102AA00000F078FB34EA000040F08F8195F8483060
:102AB000002B40F08A81012C45D1AB69A64AA3F2D4
:102AC0005371914200F27F81EA6893423BD8AA8F0A
:102AD000B5F842309A4236D8EB8E2A8E698DA88C92
:102AE00009F0AAFF002800F06E812B789A1E022AB6
:102AF00040F26B81012B26D813B9AB78012B22D879
:102B00006B78032B1FD895F84930013B062B1AD858
:102B1000DFF848A201210020FEF7E6FD9AF81C30FC
:102B20000646ABB901210846FEF7DEFD002818BFB6
:102B3000064606F190000BF0DCFF804610B30C2730
:102B400002E06207AAD11227384609B0BDE8F08F2B
:102B500090300BF0CEFF0028E4D0D6E924126FF0BD
:102B600000439A4208BFB1F1FF3FDBD16B7A00937B
:102B7000EA68697805F1180330460BF028FE8046B4
:102B80000028CFD030460BF069FD08B13A27DBE7CB
:102B900030460BF05DFD01460028F7D10DF1120023
:102BA000FEF72EFD0446002800F00B816C4BBDF8AB
:102BB00012B018681B7905908DF818309AF82730F4
:102BC0000DF1140913B1484600F06CFF654F002168
:102BD00020460AF0ACFD644BC4F8D831BB68A4F8B9
:102BE00000B0236395F84A3005EB430340F2E2421C
:102BF000988C598D002384F872305143504301F072
:102C00005BFF40F2E242A4F8B421A061C4F8B00135
:102C100020460CF000F9039000F0B6FA039B63879E
:102C2000524B97F810C01B6884F838C010F0200F82
:102C30000EBF1B227A88B988A4F85A2008BF114613
:102C4000A4F85C101BB194F9701058469847012302
:102C50007A887978E385BB880191397800910333CC
:102C600003329BB292B204F1140104F11000FEF79A
:102C7000ADFD236923B941F2E3113920FEF78AF94A
:102C8000636913B941F2E411F7E709F071FEE061FD
:102C900001F00EFA20F07F40606295F84A30F96842
:102CA00005EB430320461A8EDB8E638422840CF0EE
:102CB000AFF8494604F18E000AF049FE9AF8273031
:102CC00013B9FF2384F8DC31DAF8283023B101226C
:102CD00004F58D7120469847254920460AF0E2FD0B
:102CE00001F0E6F90C23B0FBF3F202FB1300C0B2D3
:102CF000431DDBB2082B9CBF0D30C3B284F89A3061
:102D0000012120460AF013FD204603F089FB074607
:102D1000B8F1000F10D188B9697830460BF011FD79
:102D200005F1030AAA782978534630460BF0B6FC21
:102D3000002854D1122701E00028F1D0208800F0AB
:102D40009BFA20880021FEF7E5FC00283FF4FCAE4A
:102D500041F2BA4191E700BF3CF67002AC0B002093
:102D60003F130300FC0F0020CC0B00205400002078
:102D70000E10002095F802B00593C9F804304846BB
:102D8000FEF7ECFC00284AD1059FBC42F7D00BF0BF
:102D9000FD00003818BF0120BA78FB1C51460AF02C
:102DA0006CFC0028EBD07A7A607A07F10A0304F110
:102DB0000A010AF062FC0028E1D00B27BEE70727D2
:102DC000BCE70D27C0E63027BEE61127BCE604218C
:102DD00030460BF08DFC002845D10C27AEE7B8F14A
:102DE000000F02D1304602F039FDAA782978534607
:102DF00030460BF0B3FCB8F1000F02D1042386F883
:102E000054303465A97801F0FD010039524618BFED
:102E1000012130460BF0BDFC2B78002BAAD00121FC
:102E200030460BF0D1FCB8F1000FD0D1EB6806931F
:102E30006B7A8DF81480DB0744BFAB690793494672
:102E400048BF0123304648BF8DF814300BF057FEC1
:102E500095F8491030460BF01EFC2146304603F031
:102E600091F80028ABD000276EE600BF10B543797B
:102E7000032B94B056D823F002038DF80630D0F817
:102E80000630CDF807304389ADF80B3001238DF8BB
:102E90000D30038802798DF8042040F27121027B05
:102EA0008DF805204B43049342884A430792847B64
:102EB000417B41EA0421ADF82810047CC17B41EA42
:102EC0000421ADF82E10847C417C41EA0421ADF848
:102ED0003410047DC17C41EA0421ADF83A10417DF3
:102EE000847D41EA0421ADF84010C17D007E41EAB5
:102EF0000021ADF8461000218DF84C100B488DF8DC
:102F00004E100B49007B8DF84D00A2F6C4128A4288
:102F10000AD8A3F6C4138B4206D801A8FFF7B4FD64
:102F200014B010BD1220FBE73020F9E7AC0B0020F5
:102F30003C369C0038B501210020FEF7D5FB054644
:102F400020B941F2ED413920FEF724F890300BF022
:102F5000D0FD1E4B1B7F5BB3F0B195F85430053BA1
:102F6000012B19D828460BF0EFFD044610B141F2B1
:102F7000F841E8E7284602F007FC95F8543023F0C2
:102F8000040385F8543022462146284603F028F8E9
:102F900080B941F2FD41D6E701210846FEF7A4FBC6
:102FA000054610B941F20451CDE790300BF0A1FD78
:102FB00010B90C24204638BD28460BF0C5FD044648
:102FC0000028F7D1284602F0DFFBF3E7AC0B002026
:102FD0000278034672B1427862B142881A2A09D94E
:102FE00082881A2A06D9044A006810609B88938058
:102FF0000020704712207047FC0F0020024B02682F
:103000009A600020704700BFFC0F0020024B02684E
:10301000DA600020704700BFFC0F00200378A3F1A6
:103020000A02112A9DBF024A002013741220704721
:10303000FC0F00200378FF2B14D14378FF2B11D114
:103040008378FF2B0ED1C378FF2B0BD1037923F0AC
:10305000E0021F2A06D11F2B04D0034A5B09137319
:103060000020704712207047AC0B002008B50520E7
:1030700000F07EF80CF00AF8014B024A9A6208BD93
:10308000AC0B00201126000008B501F04BFC03F04A
:10309000B9F9FFF76FFBBDE808400146014802F0AF
:1030A0008FBB00BFD80B002008B502F0BBFBFFF7B9
:1030B000EBFF0AF0DFFA074B184603F58471FEF7C1
:1030C00023FE002009F0A4FB0BF0DEFFBDE8084062
:1030D00000F00CBFD80B002010B50A4C072000F000
:1030E00047F804F5037008490AF016F904F504706E
:1030F00006490AF011F904F505700549BDE81040CC
:103100000AF00AB9D80B0020580000206000002007
:103110006800002038B5094C0D4600F0C3FED4F815
:103120000C02C4F804510AF0EFF8FFF70FFB00F0AF
:10313000D7FF012384F8183238BD00BFD80B002018
:10314000014B93F818027047D80B002010B5074CBC
:10315000D4F810020AF0D8F8D4F814020AF0D4F81F
:10316000FFF7BAFA002384F8183210BDD80B0020FC
:10317000C208044900F0070001238340885C034330
:103180008B54704710000020014BD3E900017047B9
:1031900010000020034B1868C0F30020400040F0EE
:1031A000010070471000002008B508F0D7F8084A61
:1031B000002332F82310814205D302EB8302937877
:1031C000044A137008BD01330C2BF2D10023F7E73A
:1031D000B4B30200F10D0020024B1878072828BF75
:1031E00007207047F10D002010B544682388A4F82B
:1031F000683194F8683084F86711012B06D0022BEF
:1032000004D04FF461710620FDF7C4FE84F86A31E2
:1032100094F86930012B01D0022BF2D184F86B3184
:10322000044904F5AF700AF0D1FC002384F824317E
:1032300010BD00BF85D30000406808490388A0F88E
:103240005A3190F8603080F85C3190F8613080F845
:103250005D3100F251100AF0B3BC00BF9BD30000F7
:10326000044B002283F822204FF6FF729A84DA84FE
:103270001A857047F20D0020054B9A8C824201BFDF
:10328000002283F822204FF6FF729A84704700BF15
:10329000F20D0020014BD884704700BFF20D0020D2
:1032A000084B998C4FF6FF72914206D193F8222079
:1032B000012A04D00360012070470023036000202E
:1032C000704700BFF20D0020064B93F82220012A20
:1032D0001FBF0120DA8C83F822009A8408BF0020E7
:1032E000704700BFF20D0020014B1885704700BFEA
:1032F000F20D0020064B0246198D988C884205D1AC
:1033000093F8220018B11360012070470020704725
:10331000F20D0020094B998C1A8D914201D00020AA
:1033200070474FF6FF729A8493F82220002AF6D055
:10333000002283F822200120704700BFF20D0020F8
:10334000054B998C1A8D914203BF93F82200B0FA75
:1033500080F0400901207047F20D002050B90A4A60
:103360001346012003F8010B0868C2F801008A889F
:103370009A807047012805D1034B0A689A608A88B1
:10338000D8719A81704700BF1C0E002050B90B4BBA
:10339000187888B1D3F80120B3F805300A608B8023
:1033A00001207047012806D1044BD87920B19A68D2
:1033B0000A609B89F3E70020704700BF1C0E0020C5
:1033C00010B9044B18787047012806BF014BD87913
:1033D000002070471C0E0020F7B500238A888DF866
:1033E0000600ADF8042008680B4A8DF80730019DEF
:1033F0001478014602F5A872D8B2844201D8082098
:1034000008E052F8087F5668AE4208BF8F4203F1C9
:103410000103F1D103B0F0BD300E002030B5094BEF
:1034200001465C78002203F20113D0B2844201D835
:10343000082005E013F8015F8D4202F10102F4D18A
:1034400030BD00BF300E0020F8B52D4C6378013B35
:10345000DBB22218834292F80251637030D01A0115
:103460000101961C8F1C2644274406F1100C56F8C7
:1034700004EB47F804EB6645F9D1823282312244ED
:10348000214402F1100652F8047B41F8047BB24259
:10349000F9D1E118221891F8026182F8026106263A
:1034A0007343704303F5857300F58570E618E358A0
:1034B00023502718B388BB8091F83A3182F83A310B
:1034C0002846FFF7ABFF082818D12378013BDBB271
:1034D0009D42237012D02B3304EBC30393E8030007
:1034E00005F12B0204EBC20282E803002078FFF70B
:1034F00095FF08281CBF241884F80251F8BD00BFAE
:10350000300E0020F0B5254D95F8984189B022463F
:1035100005F29911684608F0FBFB214668460AF05F
:10352000CAF80446B8B300EB4001C9B202A8FDF7DF
:1035300075FE631E95F8A161DBB2012495F8981120
:1035400005E0721CB2FBF1F001FB1022D6B206F1CD
:1035500020020DEB020010F8202C002AF1D103EB21
:1035600043012031694406EB46022A4411F8187CD5
:1035700082F8A27111F8177C11F8161C82F8A37159
:1035800082F8A41100F8204C013BAA19DBB2FF2BF2
:1035900082F89941D2D109B0F0BD00BF300E0020B1
:1035A00070B5064688B00C46002A4ED0294A92F8DB
:1035B000A131D01890F8991119B9FF212820FDF7F1
:1035C000E9FC03EB43011144013391F8A251E5708A
:1035D00091F8A35191F8A41161710021257180F82F
:1035E000991192F89811B3FBF1F001FB103382F8B6
:1035F000A13192F8C23123B9174902F5DD700AF002
:10360000E2FA657905F03F0545F0400565710D2248
:103610000021684608F03CFBE3788DF80F302379F1
:103620008DF80E3004AA0423694630468DF80D50FB
:1036300008F0B6F99DF81F3023709DF81E306370B6
:103640009DF81D30A37008B070BD03216018FDF710
:10365000E5FDD6E7300E002005350000044B5A7812
:10366000824286BF1B1893F842010020704700BFBA
:10367000300E0020064B00224FF461711A8083F84F
:10368000C32183F8C421A3F8C61183F8C22170476F
:10369000300E002010B51446FFF79EFE082813D008
:1036A000FFF7BCFE094B5A7882420DD904B1207055
:1036B000184490F83A3190F84A01012B08BF40F0C5
:1036C000010000F0010010BD0120FAE7300E0020DB
:1036D0002DE9F0478246894617469846FFF77CFE5B
:1036E00008280546064603D0FFF798FE082860D153
:1036F000324C6378072B5ED8082D15D12678731CC1
:10370000072E237003D96C212820FDF743FC06F116
:103710002B02D9F8000044F8320004EBC203B9F8D8
:1037200004209A8083F806A065786B1C29016370D9
:103730004B1C07F11002234412F8010D03F8010F8E
:10374000BA42F9D1813108F11003214413F8012D57
:1037500001F8012F9845F9D1102140460AF044F8AC
:103760002544102185F8420138460AF03DF885F8D5
:103770000261667885F84A010023114885F83A31DC
:10378000314609F098FF0128054607D80D48314613
:1037900009F091FF002818BF0135EDB284F8985167
:1037A0000025284684F8A151FFF7ACFE2846BDE865
:1037B000F0871220FBE70720F9E700BF300E00205A
:1037C000720F00207A0F002010B5064B5878013890
:1037D00040B2002800DA10BDC4B22046FFF734FE24
:1037E000601EF5E7300E0020014B83F8C3017047DF
:1037F000300E0020014B93F8C3017047300E0020BB
:10380000431E9BB24AF2B71293429DBF024BA3F8EC
:10381000C601012000207047300E0020014BB3F894
:10382000C6017047300E002030B50A4B5C788442E8
:103830000ED9184490F802012B3003EBC004A5798F
:103840000D7053F830001060A3889380012030BDC4
:103850000020FCE7300E00200246074810B590F823
:10386000C34124B1417821B1023003F0D7FC204696
:1038700010BD0C46FBE700BF300E0020F8B5184C19
:10388000064648B3617804F5A17009F014FF94F876
:1038900098510746294604F2991009F00CFF2D1A99
:1038A000EDB2AF421AD800256278EBB29A4201D845
:1038B0000120F8BDE21892F842215AB9062101FB15
:1038C000034104EB0313324601F5857103F18200D5
:1038D000FFF766FE0135E7E70546E5E70020E8E784
:1038E000300E0020F0B51B4E7378834289B0074636
:1038F0000D462CD9331893F8424144BB0D22214682
:10390000684608F0C5F9EB788DF80F302B798DF803
:103910000E3006EB07106B798DF80D3004AA0423E6
:103920006946823008F03CF82A789DF81F309A42A8
:103930000AD16A789DF81E309A4205D1AC789DF87C
:103940001D30E31A5C425C41204609B0F0BD002006
:10395000FBE700BF300E0020074B5A78824209D99E
:103960001A1892F842212AB9062202FB003000F50B
:103970008570704700207047300E0020F8B50E4665
:10398000074606213046154609F02EFF044670B161
:103990000C4B0022587803F23913D1B2884202D876
:1039A00001242046F8BD03F8015F0132F5E73146F6
:1039B000384609F09CFE0828F3D0024B034483F8F4
:1039C0003A51EDE7300E002030B50024A0F8404019
:1039D000B0F8444042F210754C43B4FBF2F4A0F846
:1039E0004440541E05FB0343B3FBF2F3A0F84230FE
:1039F000084BB3FBF2F30133A0F84830838F05FB8B
:103A00000344436BB4FBF2F459438463B1FBF2F11A
:103A1000416330BD005A6202034B80F870101B688E
:103A20000BB100881847704770000020074B93F9CE
:103A300000301844142804DC10F17F0F03DB40B27F
:103A40007047142070476FF07E007047F80F002019
:103A500007B57F230DF107008DF8073004F0C8FA91
:103A600003469DF9070053B1094B5B785B4240FA6E
:103A700083F0142806DC10F17F0F05DB40B203B0A1
:103A80005DF804FB1420FAE76FF07E00F7E700BF53
:103A9000F80F0020024B00221A705A70704700BFC6
:103AA000F80F0020054B1B7833B9054B1A681B79BA
:103AB000026003710120704700207047FA0F002058
:103AC00018000020054BFF221A70054A016811609A
:103AD0000179117100221A70704700BFFA0F00209F
:103AE0001800002007B5064A1068009012798DF87A
:103AF00004206846FFF7E6FF03B05DF804FB00BF53
:103B00003F1303000346407898B1DB783F2B05D87C
:103B1000084AD35C1B1A58425841704703F10C0203
:103B2000D2B2042A04D8034A134413F8B43CF1E790
:103B30000120704700B402003F2908B5C17003D8C6
:103B40000B4B5B5C437008BD01F10C03DBB2042B33
:103B500004D8074B0B4413F8B43CF3E7FF2904D017
:103B600040F23A412A20FDF715FA0123EAE700BFA7
:103B700000B402002DE9F347894669461546984688
:103B800009F0C9FD044620B9019E35B9012386F824
:103B90008D30012002B0BDE8F087376929463846EC
:103BA00008F071FC01460028F4D0134B5B88AB424F
:103BB0001FD3384608F0A6FD96F88D300480002B00
:103BC0000CBF494602218246847009F0A8FF414695
:103BD0002A460AF1030008F09BF82946384608F007
:103BE0008DFC18B97E212B20FDF7D4F986F88D4085
:103BF000CFE72046CEE700BFFC0F0020024B987DA8
:103C0000C04300F001007047FC0F0020044B987D7A
:103C1000C0F3400080F0010000F00100704700BFD9
:103C2000FC0F002083230B70014B1B78CB70704777
:103C3000141000202DE9F84FD0F80480D8F8146053
:103C400030460D4608F050FD044618B9FF211020FB
:103C5000FDF7A0F90146304608F054FDB4F800B075
:103C60001FFA8BF98246B9F1000F02D140F203111D
:103C7000EDE71E4B1B68C71C8BB9B8F80030AB8052
:103C800000236B72A5F806B09AF8003003F0030326
:103C9000012B0FD0022B0DD040F21D11D7E7B8F841
:103CA00000004A463946984704460028E5D1204698
:103CB000BDE8F88F2B72304608F02AFD044610B993
:103CC0004FF49371C3E7B9F1FB0F02D940F23511FC
:103CD000BDE7286810B94FF49B71B8E74A463946EA
:103CE00008F016F8304608F06EFCE0E7740000209B
:103CF0002DE9F347DFF850818246894605270026E3
:103D0000D9F8103053B11B7A1BB980211020FDF770
:103D100041F9D9F81040B4B9002071E0D9F8044055
:103D2000237A012BF8D0EFF3108372B6D9F8042070
:103D30001268C9F8042003B962B6C9F81040237AA2
:103D40000BB9A621E2E7257AEDB227726B1E0B2B89
:103D50006AD8DFE803F066061C3463693D69696967
:103D60006958636813B94FF4D771CFE720465146BD
:103D700098470420EFF3108272B6237A052BD9B24C
:103D80005CD12672C9F81060B2B962B614E06368FB
:103D900013B940F2B711B9E7514620469847034698
:103DA000C3F30723012BADF80400C0B23FD0022BB0
:103DB000E0D10023C9F810300028A1D020E06368CA
:103DC00013B940F2BF11A1E7204698470020D1E780
:103DD00063680BB9B52199E70D228AF8002019888C
:103DE0001869AAF80310012200248AF802208AF830
:103DF00005208AF8064008F0E6FBC9F810400420C8
:103E000002B0BDE8F087D8F8003051462046984708
:103E1000034660B1C9F810600220F1E74FF4FB716E
:103E200074E740F2F91171E74FF4FE716EE7257205
:103E30000028E5D1002B7FF463AF6DE711B940F2A4
:103E40001D2163E700209FE77800002038B5134C60
:103E500014220021201D07F01BFF012525741422C8
:103E600004F10803002104F11800C4E9013307F04C
:103E70000FFF84F8245004F11C03C4E90633084AF8
:103E80000023E362236384F83430C4F83530C4F887
:103E9000393084F83D30136038BD00BF1410002065
:103EA0007400002010B5084C2378FF2B04D04FF489
:103EB000A0711020FDF76EF807F0B8FD2070BDE886
:103EC0001040FFF7C3BF00BF1D00002010B5034C1A
:103ED000207807F0C5FDFF23237010BD1D000020D2
:103EE000014B187807F0CCBD1D000020014B024AA1
:103EF0001A60704778000020353C000010B5064974
:103F00000446FFF7F5FE28B920460449BDE81040F5
:103F1000FFF7EEBE10BD00BF2C10002018100020CF
:103F200010B51346027A22B140F299211020FDF714
:103F300031F80A46BDE810400146014809F020BEAC
:103F400018100020044890F834301BB903492C3075
:103F500009F033BE704700BF1410002073DB00006F
:103F60000346064890F83E203AB190F83D2022B929
:103F700000F8353B024909F020BE704714100020BC
:103F8000253C000010B50A46037A23B140F2A12176
:103F90001020FCF7FFFF0146BDE810400148072351
:103FA00009F0EEBD2C1000201346027A0AB103720C
:103FB00070470A460146014809F0E2BD181000208A
:103FC0001B234FF01B128384038482618382C260AF
:103FD000038539B94FF4A473034AC3844384C2618F
:103FE000C3820261704700BF480148010346F0B434
:103FF000B3F85420B3F84840B3F84460DF8FB3F807
:104000004250944228BF14460846B3F84C20B3F8F7
:104010005610DC878A4228BF0A46B3F84610A3F838
:104020004220914238BF1146A64238BF2646A742D9
:10403000A3F84460A3F846101FD1AA1A18BF0122A2
:10404000B3F84A50B3F85040B3F852709E8FB3F8AB
:104050004010A54228BF2546B3F84E409D87BC427C
:1040600028BF3C46AE42A3F8404002D1A14200D155
:104070002AB1F0BC034909F0A9BD0122E0E7F0BC78
:10408000704700BFD3DB00000B8BA2F80B304B8BCB
:10409000A2F80D308B8BA2F80F30CB8BA2F8090061
:1040A0000249A2F81130104609F08ABD23DC000055
:1040B000094AD2E90003434083EAB01181EA43216F
:1040C0004FEAF3435360054B116058434FEAF060E9
:1040D00000EB8000704700BF20000020BB79379EB6
:1040E00010B50A4C09480821FDF798F8D4E90032C8
:1040F0001343F7D0064CFFF7DBFF2060FFF7D8FF34
:10410000236860601843F6D010BD00BF2000002077
:104110005410002038B5A0F10B03DBB23F2B14463E
:1041200098BF0C4A0D46204694BFD15CFE2109F091
:1041300087FE68B965B12978272907D03F2908BFCC
:104140003E212046BDE8384009F07ABE2621F8E736
:1041500038BD00BF45B40200174B184A9A60184A90
:10416000DA62184A1A61184A5A61184A9A61184A5A
:104170001A63184A5A62184ADA64184A9A64184A42
:104180009A63184B184A9A60184A1A62184A5A6079
:10419000184A1A60184A9A62184ADA62184ADA60AB
:1041A000184A9A61184A1A63184A9A64184ADA64D3
:1041B000184A5A62704700BF7C0000207BDF000075
:1041C00077E200004BE200000FE2000069450000CA
:1041D000094700001146000079E3000095E3000064
:1041E000CD4500009001002097DF000041E3000072
:1041F000ABDF0000AFE00000D5E2000093E200007A
:10420000F7E20000B7E200000DE40000B5E30000B3
:10421000B1E300005BE30000054B064A1A65064A5D
:104220005A65064B064A1A65064A5A65704700BF2A
:104230007C00002041E10000E3E00000900100204C
:10424000C9E00000CDE10000054B064A9A65064A28
:10425000DA65064B064A9A65064A1A66704700BF39
:104260007C000020BBD40000B3D5000090010020EA
:1042700003D4000009D600002DE9F04105460C46A4
:10428000252A00F21E81DFE812F026005B0075008F
:1042900080001C011C015900970099009E005900E4
:1042A0005900A2001C011C011C011C01AC0059009A
:1042B0005900BF00BF00D5001C01DC001C011C011F
:1042C0001C011C011C011C011C011C011C011C0106
:1042D00002010C011401456840F2E240D5F8EC11EE
:1042E000B5F8E621B1FBF0F3E371C3F307232372C2
:1042F000B2FBF0F22271B5F8F03163721B0AA372BF
:10430000B5F8F231E3721B0A237395F80F3133B914
:1043100005F5F27305F5F472284609F053FEB5F879
:10432000E43163731B0AA373D5F8E83140F2E2422B
:10433000B3FBF2F36371C3F30723A371BDE8F0810C
:104340004668D6F8D831D3F801204A605B790B7201
:10435000406890F80F313BB909F0D2FD6B68B3F8B3
:1043600080301844A6F8DE01B6F8DE3163721B0A0D
:10437000A372E3E70378012B436802D193F810316D
:1043800001E093F819312371D8E74368D3F81C2270
:104390004A60D3F820228A60B3F824228A81D3F8B5
:1043A000FC21C1F80E20D3F80022C1F81220D3F866
:1043B0000031C1F81630C1E74368DFE7BDE8F041DE
:1043C000084600F05BB9BDE8F04100F067B959223A
:1043D0004A71002210238A7120220B71CA710B725C
:1043E000ACE7027843684AB993F8102132B193F8E8
:1043F0000D210A7193F80C3163719FE793F80B213B
:10440000227193F80A31F7E74368B3F854200A7130
:10441000120A4A71B3F812218A71120ACA71B3F8EA
:1044200050200A72120A4A72B3F810318B721B0ABA
:10443000CB7283E7436893F826210A7193F82731FA
:10444000DAE7476897F8E30109F014F8064697F8A9
:10445000E20109F00FF88046686890F80F316BB9F7
:1044600046EA080313F0FF0306D009F049FD6B6824
:10447000B3F8803003449BB2A7F8E031B7F8E031DD
:10448000A3711B0AE371667184F8048056E70F4B31
:104490001B68002B3FF452AF02462320BDE8F041D9
:1044A00018470A4B1B68002B3FF448AF02462420F4
:1044B000F4E7064B1B68002B3FF440AF0246252073
:1044C000ECE74FF4A1615120FCF764FDA402002049
:1044D0003F2803D8064B53F82000704700F10C0327
:1044E000DBB2042B01D8B438F4E70020704700BFDA
:1044F0007C0000203F2803D8064B53F8200070476B
:1045000000F10C03DBB2042B01D8B438F4E700202F
:10451000704700BF90010020F7B545682E6904463A
:104520004FF6FF770DF102010DF101023046ADF8B3
:10453000027007F0FEFF01A9304608F01FF840B1F5
:10454000019808F0E3F8616800220272FFF71AFD93
:10455000E8E7044905F1A00003B0BDE8F04009F028
:104560002FBB00BF09DF000038B5436893F88620F1
:104570001B2A044624D1002283F8C72083F8C220D6
:1045800083F82622436893F8C8101D8803F5C97084
:1045900069B10C4983F8C820A3F89C5183F89B218A
:1045A00009F00BFB6368002083F8860038BD012208
:1045B00083F89B11A3F89C51034983F89E21EFE7F0
:1045C0000220F3E7FBE10000EDE1000038B54468AC
:1045D00094F88750B5B94A680B4B896813400B4A69
:1045E000C4F8D830C3F3076343F008030A4084F8E3
:1045F000DB30C4F8DC2009F04CFC042384F887305D
:10460000284638BD0125FBE72FC904F76FDB008082
:1046100008B5406890F88630042B2AD14B688A6828
:10462000C0F8D830C3F3076343F0080380F8DB30E9
:104630000023C0F8DC2080F8C23080F8863080F893
:104640002B3190F8743103F0FF020BB1002008BD4C
:104650000388A0F8763180F875214B68C0F878316E
:104660008B68C0F87C31044900F5B67009F0A5FAF2
:10467000ECE70120EBE700BF1FE3000010B50446A4
:10468000FEF782FD034A044B02400B406260A360C8
:1046900010BD00BF2FC904F76FDB008037B50C4693
:1046A0004568FEF771FD084A084B0A4095F8D81096
:1046B0000192034000930B408DF800306B4603CB12
:1046C0006060A16003B030BD6FDB00802FC904F7CC
:1046D00038B5DB04154604D5037D13B100234363CD
:1046E00038BD446B0134446309F071FE836B9C4216
:1046F000F6D30023436303492846BDE8384009F058
:1047000065BA00BF6BE3000038B5446894F88630A2
:10471000012B054603D094F88730002B3CD194F848
:10472000C930980715D40A7984F8D320B1F8052048
:10473000A4F8D420B1F80720A4F8D62043F0020250
:1047400084F8C920DA070FD5144904F1CA0009F02A
:104750003DFA94F8C930DB0711D494F8873043B19F
:1047600050214020FCF716FC94F82A31002BEBD1A5
:10477000EFE7012384F88730284609F08AFB94F894
:104780008630012B4FF0000301D0002038BD84F8A3
:10479000863084F8C230F8E70120F7E7EFE3000045
:1047A00070B545680446FFF753F9054B85F8850059
:1047B0001B6801461BB12046BDE87040184770BD1C
:1047C000AC020020024B1B6803B11847704700BFC2
:1047D000A8020020F0B51F4D2B78002414709BB167
:1047E000013B6D68DBB21E1B012E0FDC05EBC4061E
:1047F00055F8347076688E4208BF874227D0B84299
:1048000071EB060612D214700020F0BD1E1977104D
:1048100005EBC70E55F837C0DEF804708445C6F3C3
:1048200047068F412CBF33463446DCE705EBC30413
:1048300055F8335064688C4208BF854206D0A842C0
:1048400071EB040428BF01331370DDE71C461470BC
:104850000120DAE76C10002010F0070208B503D041
:1048600063214820FCF796FB18B1034B197258607E
:104870001A70C80008BD00BF6C100020014B002258
:104880001A7070476C1000200A46822302F8033B1E
:1048900004480368C1F80330436853608368936039
:1048A000704700BF7510002002481622002107F053
:1048B000EFB900BF75100020F7B5174C02AB03E944
:1048C0000300637D33B30D46D1E9687609F0D2FD6C
:1048D00095F86820114B124933F8123057304FF4D5
:1048E0007A7203F23F63B3FBF2F3DB1946F1000681
:1048F0001B182A886360B5F88030228046F10006D4
:10490000022204F10C00A660638003B0BDE8F04011
:10491000FFF74ABB03B0F0BD7510002000B50200E0
:1049200089480000014B00221A6070479010002057
:1049300008B5044B186810B9FFF7F4FF08BD0C2048
:10494000FCE700BF90100020024B1879003818BF18
:10495000012070479010002013B5CDE90012054BDF
:10496000FF225A7100F11003DDE9000183E8030022
:1049700002B010BD90100020C3693BB983692BB908
:10498000034B1B681B1A584258417047012070475F
:104990009010002030B50D4AFF231371D0E9065363
:1049A00073B1D0E902140C44D9689D612144D960E7
:1049B000816939B1CB610023C0E90633137130BD81
:1049C0001560F5E7002BF6D0D960F4E790100020D1
:1049D00010B5124AFF231371C16189B9136883614D
:1049E00003B1D8611060C1690023C36099B1CB687D
:1049F0007BB18468A3420AD230213720FCF7CAFA7F
:104A00008B6988618361002BEDD0D861EBE71B1BBC
:104A1000C3600023CB600023137110BD90100020F1
:104A2000014B1868704700BF90100020034B1B68B3
:104A3000002003B9704718469B69FAE790100020E0
:104A40000B4B00221B6830B504464FF0FF35104673
:104A500023B911B9002808BF104630BDDA68A24258
:104A600003D3AA423CBF154618461A469B69EFE796
:104A70009010002070B50F4CFF232371036A1BB107
:104A800081689D68A94203D2E5213720FCF782FAAC
:104A9000C2698669DA619E6152B193619A691AB1FD
:104AA000D361C26811444A1BDA600023237170BDD0
:104AB0002360F3E790100020F8B52A4E04464FF02B
:104AC000000C084686F805C0002135680B4685B9FC
:104AD0007579002DF6D15BB1984225D3B0FBF3F187
:104AE000013C03FB01F51C44B4FBF3F48C420ED9EA
:104AF000F8BD2F690BB19F4207D23B4627B94FF44F
:104B0000A3713720FCF746FAA98AAD69DFE7B5FB48
:104B1000F3F603FB165626B9B5FBF2F602FB165662
:104B2000DEB10139ED1AE1E7451E1D44B3FBF4F493
:104B3000B5FBF0F5AC42DBD3B3FBF5F605FB16375E
:104B40004FB9B6FBF2F702FB176727B9B6FBF1F7CF
:104B500001FB17671FB10135ECE72846C8E730466F
:104B6000C6E700BF90100020024B1B68002283F8AC
:104B7000702070479810002008B5FEF769FF014BC0
:104B8000187008BD28000020024B18686C3001F036
:104B90003BB800BF9810002038B50F4CFFF7F4FF6A
:104BA000656801F007F863682860186820B940F26A
:104BB000EC413220FCF7EEF909F043FE10B940F267
:104BC000EE41F6E703F0A4F9002003F0D5F963689D
:104BD00004221A7138BD00BF9810002070B52B4C0C
:104BE00063680646186809F02CFE054620B941F2B4
:104BF000AE313220FCF7CEF9236893F8543013B964
:104C000041F2B431F5E776B108F063FF30B1636883
:104C10001A79022A0ED841F23431EAE7284608F020
:104C200070FF0028F3D163681A79022A17D841F27D
:104C30009431DEE71A79082A02D941F23531D8E7F2
:104C40001B79A26803F180431269033B284652F89E
:104C5000233098470C2812D941F2C731C9E71A7995
:104C6000082A02D941F29531C3E71B79A26803F102
:104C700080435269033B52F823309847EAE7A36820
:104C8000DB68BDE8704053F82030184798100020CA
:104C900008B5074B93F900207F2A04D140F29231E6
:104CA0003220FCF777F902707F221A7008BD00BF2E
:104CB0002800002010B504788EB004F00F042246BE
:104CC00004A909F0DFFDFFF757FF042C33D11B4C7B
:104CD000059A2368107893F8741088422BD1507885
:104CE00093F87510884226D1907893F87610884210
:104CF00021D1D07893F8771088421CD1107993F89D
:104D00007810884217D1517993F87920914212D1C5
:104D10009DF8212093F87A309A420CD10DF10F00C2
:104D2000FFF7B6FF9DF90F300093237C227B60686C
:104D300004A909F098FD03200EB010BD98100020C2
:104D400010B50D4A53681979022904D841F2A641D9
:104D50003220FCF71FF91979082902D941F2A7413D
:104D6000F6E71B79926803F180439268033BBDE844
:104D7000104052F8233018479810002010B5054C09
:104D8000637B2BB103F026F902F07AFA00236373F8
:104D900010BD00BF9810002010B5064CFFF7EEFFC5
:104DA000636801221A71FFF7EFFE2068BDE810402A
:104DB00009F0DFBF9810002010B500B919B9BDE89F
:104DC0001040FFF7E9BF0D4A53681979082904D844
:104DD00041F276413220FCF7DDF819790C2902D92D
:104DE00041F27741F6E71B79926803F180435268FC
:104DF000093BBDE8104052F82330184798100020B6
:104E000038B52F4CFFF7C0FE656800F0D3FE63682D
:104E10002860186820B940F249413220FCF7BAF8FE
:104E200009F00FFD054610B940F24B41F5E7236844
:104E300093F889306BB123681A6D93F88A10C3F820
:104E4000F02093F854200A4383F85420002283F87A
:104E5000892063681A795AB11B79012B08D0206820
:104E6000002109F078FE18B9BDE83840FFF794BF7B
:104E70002368144A93F88830D05C02F00FFF0121B8
:104E8000252002F03FFE284603F042F801210846A3
:104E900002F02EFFE81CFEF7DFFC607320B102F089
:104EA000D5F9402003F08AF8626800230821E373F3
:104EB000A3732374D380032321735171137138BDFD
:104EC0009810002085B4020070B5384C63681B79D7
:104ED000012B054604D940F6F9013220FCF75AF8B7
:104EE00002F042FE03F076F802F0CAF9304803F00F
:104EF00007F8304802F0FEFF2F4802F0C5FE6B7A3B
:104F000023B123681B6E0BB101221A602B7A032B8D
:104F100002D140F62811E0E7206893B9032190F808
:104F2000882090F84A500E460132B2FBF6F303EBAC
:104F30004303D31ADAB245FA03F3DB072BD580F823
:104F4000882090F9580002F099FEFFF759FF256874
:104F500095F84830F3B1D5E920126FF000439A423A
:104F600008BFB1F1FF3F15D004F002FED5E92023C0
:104F7000904299410ED3236893F8483083B925684D
:104F8000FEF74CFC044604F0F3FD0C4BE4FB03017C
:104F9000C5E9200170BD013911F0FF01C4D1CEE790
:104FA0000120FEF76BFC0028F4D0E8E79810002001
:104FB000B002002055555500D6BE898E40420F00E4
:104FC0002DE9F8435C4F06467869D7F80080002346
:104FD00003704370894602F0B7FF054630B90320DD
:104FE000FEF7BEFF00252846BDE8F8837C69032E46
:104FF00023782FD123F00F0343F0030323700C23F6
:1050000063707869D8F87430C0F80930B8F878302F
:10501000A0F80D3098F87A1008F051FD3B6893F82D
:10502000482093F8418003F14209002A62D14C469E
:1050300078692368C0F80330A388A0F80730414698
:1050400008F030FD3D4BD3F80431002B66D002F060
:10505000BFFEC4E723F02F0343EA49133968222235
:1050600043F00503627023700B6DDB69C4F80F30E9
:105070000B6D5A6AE274100A120C207562759A8DD3
:1050800040F2E240B2FBF0F2A2759A6AB2FBF0F293
:10509000E275C2F3072222769A69B2FBF0F26276D9
:1050A000C2F30722A2761A8CE276120A22775A8C71
:1050B0006277120AA277D3F88F20C4F81F2093F8E2
:1050C000933084F823300B6D94F8242093F89A30B1
:1050D00022F01F0203F01F03134384F82430FEF76D
:1050E0007BF894F8243003F01F0343EA401384F85C
:1050F000243086E793F8542052070CD593F84C20BF
:105100004AB193F84D00FEF727FC044600288ED0E4
:105110004FF001088CE77B685879F4E7052E7FF49F
:1051200062AF3B6821681A6DC2F80A10A188D1816C
:105130001B6D83F8098056E798100020001000408E
:1051400010B500210320FFF73BFF18B9BDE8104060
:10515000FFF722BE074C0321206809F0FCFC002861
:10516000F4D00121084602F05BFF636809221A713E
:1051700010BD00BF9810002038B5184D6B68186836
:1051800009F05FFB044620B94FF4AB613220FBF716
:1051900001FF6B6828680A221A71002100F036FFAF
:1051A0002B681A6D237892F88E4004EA531404F0A9
:1051B000010421460520FFF703FF18B9BDE8384078
:1051C000FFF7EABD2868042109F0C5FC0028F5D0E6
:1051D0002B681B6D83F88E4038BD00BF98100020EF
:1051E0002DE9F04F734C95B00546FFF7C5FC2368D9
:1051F00093F8543013F0060F04D0012296210020BA
:1052000009F0DCFF2E7806F00F06284632460AA980
:1052100009F038FB0B9D55B39DF83930012B50D167
:105220006B7903F0C003A3F140056B426B41627BD5
:105230004AB143B1656808F064FA636868715B79E4
:1052400023730123A3736368587908283BD10B9912
:105250009DF8390009F004F962680B99054605329A
:105260009DF83900FEF716FA636800283DD02268E1
:1052700092F8543013F0030106D0062E9DBF92F829
:105280004B102943C9B20021606801F0010113F0FD
:105290000403817106D0062E9DBF92F84C301D4349
:1052A000EBB2002303F00103C3710B9BF3B19DF834
:1052B000391082F87A10196851679B88A2F8783003
:1052C00014E00023B3E708AA0DF11F01FEF7ACFAC2
:1052D00020B940F6A6313220FBF75CFE9DF81F0096
:1052E00008A909F0BDF80546C1E7D880062E00F2EE
:1052F000C680DFE816F06100E4000700C400C400C7
:10530000C400240002F064FD266896F85430980723
:1053100013D06568AB7983B108A8FFF7B9FC9DF994
:1053200020300293237B0193FF230093022206F196
:1053300042030AA9284609F086FA03251DE065689C
:10534000AB79002B00F09B80266896F854209107DB
:1053500019D508A8FFF79CFC9DF920300293237B08
:105360000193FF230093284606F1420306220AA96F
:1053700009F069FA002323740925FFF7FFFC28468A
:1053800015B0BDE8F08FD30779D5570701D502F0E6
:105390001FFD08A8FFF77CFC9DF9202023680292DE
:1053A000227B0192FF2200924233062260680AA902
:1053B000C1E700BF98100020236893F854205607D7
:1053C00038D56168CA79002A34D00B9A93F85A000C
:1053D0001578854256D1557893F85B00854251D1B6
:1053E000957893F85C0085424CD1D57893F85D00B0
:1053F000854247D1157993F85E00854242D15079B4
:1054000093F85F2090423DD19DF8392093F85900E0
:10541000151A6A426A4193F8560001284DD0002AB5
:105420004BD193F84D30082B02D04A799A4244D0A0
:1054300002F0CEFC6568AB79002B3CD0266896F86C
:105440005420900720D508A8FFF722FC9DF92030B2
:105450000293237B0193FF230093284606F1420326
:1054600000220AA909F0EFF90123237409256368D2
:10547000DA79002A81D19B79002B7FF47EAF02F08C
:10548000A7FC5AE70022C6E7D10714D5530701D578
:1054900002F09EFC08A8FFF7FBFB9DF92020236883
:1054A0000292227B0192FF22009260684233002226
:1054B0000AA909F0C8F90325D9E70A25D7E76168E1
:1054C00022688B799DF83A00059392F8483091F85C
:1054D00007B0012883F0010A40F0A8800C984779B2
:1054E00007F0C007A7F1400CDCF1000747EB0C0701
:1054F00092F85400460740F19B8092F84C00002837
:1055000000F0968092F84D50082D00F093802846C8
:10551000FEF7A4F84AEA00005FFA80FA002F00F0D4
:105520008B800C992846FEF7DDF90646216891F834
:10553000542091F8418055074ED50B9A91F85A00A6
:10554000157885427AD1557891F85B00854275D1FE
:10555000957891F85C00854270D1D57891F85D001E
:1055600085426BD1157991F85E00854266D15079FC
:1055700091F85F20904261D19DF8395091F85920FF
:10558000A81A4542454162685279082A58D091F8D4
:105590004D90A9EB0202D2F1000949EB0209002E5D
:1055A00051D1BAF1000F50D00C9B9DF83A204231F6
:1055B000404608F062F8BBF1000F0BD0236893F867
:1055C0005630012B56D02BB9002D53D110B1B9F163
:1055D000000F51D102F0FCFB236893F854309B0775
:1055E0003FF4ABAE02F0F4FB059B002B3FF4A5AEFD
:1055F00020680C9B9DF83A2000F1420190F8410090
:1056000008F03BF8256800B90EB308A8FFF740FB87
:105610009DF920300293237B019348EA46085FFA04
:1056200088F30093012205F14203BFE600275FE7FC
:105630004D7969E7002679E73E4677E70025A2E73E
:105640004FF00009ABE70120B5E73046B3E795F826
:105650005530023B012B3FF670AE002F3FF46DAE8C
:1056600008A8FFF715FB9DF920300293237B0193D7
:10567000FE23D6E70028ADD00A257EE673B53F4C61
:10568000FFF77CFB236800225A721A6D118859813A
:1056900040F2E2409169B1FBF0F11984118C528C17
:1056A0009A844FF47F42DA844FF6FF7259841A8548
:1056B0006069694608F0EFF9236893F8482003F120
:1056C0001405EAB162691278520619D59DF80520D1
:1056D00002F0C002402A13D10098BDF8042058619E
:1056E000AA80207B082803F10E0238D003F10D01B7
:1056F000FEF79AF838B941F2FD313220FBF74AFC47
:1057000000225A61ECE723685A7B42F002025A7386
:105710005A6FC3F81A20B3F87820DA8393F9581037
:10572000186DFEF779F92068154908F046FA2068E7
:105730001449036D1A88A0F8332093F88E3080F84E
:1057400035302A3008F042FA2068022100F05EFC71
:10575000FFF71AFA02B0BDE87040FFF705BA93F8F8
:105760007A105973596FC3F80E10B3F878109180FE
:105770000021C3F81A10D983D0E700BF9810002089
:10578000FFE40000BBE40000036D10B5044623B93C
:105790004FF456713220FBF7FDFB022242721B8848
:1057A0004381FF2380F827304FF6FF7303850349B9
:1057B00008F003FA0023236510BD00BFFFE40000DA
:1057C000F8B5174F0E46786101210020FBF750FF16
:1057D000054620B940F682013220FBF7DBFBF822B8
:1057E000002106F055FA01210846FBF741FF044667
:1057F00018B1F822002106F04BFABB6813B940F645
:105800008C01E9E7304608F02EFF284609F06FF9D1
:1058100024B12046BDE8F84009F069B9F8BD00BFE1
:1058200098100020014B024A9A607047981000209F
:1058300014030020036810B523B940F66D1132201F
:10584000FBF7A8FB044A13606C3353609368BDE810
:1058500010401B68184700BF9810002038B5044658
:1058600090F8400000F0FD00003818BF012084F8D7
:10587000410004F14201FDF789FD94F84030023BFC
:10588000DBB2012B94BF0123002384F8483015D8E4
:10589000FDF7C4FF054604F06BF9094BE5FB030176
:1058A00094F84830C4E9200143B10020FDF7E6FF39
:1058B00020B940F615213220FBF76CFB38BD00BF44
:1058C00040420F000149363008F07AB9DDE40000AB
:1058D00008B507F005F8054AD2E84F3F0133DBB2BF
:1058E000C2E8413F0029F7D108BD00BFB010002039
:1058F0002DE9F84F1E46474B04689DF828709DF827
:105900002C809DF930909DF834A093461A780D466E
:105910000021016032B95868A4F10801BDE8F84FD0
:10592000FFF7D6BF1A2204F1090006F0B1F90123EE
:10593000A372BBF1060F3CD8DFE80BF00420263B36
:10594000303B2A00E37A23F0130343F01303E3729E
:1059500001232375FF23A375B8F1080F4FF07F03D0
:1059600084F81890E37504F10E0246D004F10D019D
:105970004046FDF759FF08BBC1211CE0E37A23F044
:10598000150343F01503E2E7E37A43F01003DEE783
:10599000E37A23F0120343F01203D8E7E27A4AF0E5
:1059A0001A0A22F01B020AF01B0A42EA0A02E272F9
:1059B000CEE740F22B413320FBF7ECFA637B43F058
:1059C00002036373E37A5B0720D5BA1E012A8BBFFB
:1059D000AA6832681168E26188BFE16104F11C03C2
:1059E00094BFB28892889A80E776002323720A498E
:1059F0002046BDE8F84F08F0E3B86B7C63736B6832
:105A00001968C4F80E109B889380DBE7FF23E376C8
:105A1000EBE700BFB01000201D5A00002DE9F04355
:105A200005468DB00C4600200121FBF75DFE0646C1
:105A300020B940F2C7113320FBF7ACFA903009F0DF
:105A400058F84D4FA5F1080818B196F85430042BBA
:105A500017D1304608F0FCFD98B978684146FFF749
:105A600037FF4FF40073ADF804309DF80430002088
:105A700063F307009DF8053063F30F200DB0BDE818
:105A8000F08302A905F1230008F02DFFEE7A16F04D
:105A9000100604F10D0307D09DF81860059918460B
:105AA000324606F035F90346E97AC80601D45B218F
:105AB000C1E711F0040FAA7A95F80DE004F1060091
:105AC00005F10E0C29D095F81B90B9F1FE0F24D1E9
:105AD000112121701101E2700231012261702271E5
:105AE00084F805E0D5F80E20C4F80620BCF80420A0
:105AF000828084F80C90EA69C4F80D202A8C9A8080
:105B00002B7EE37478684146FFF7E2FE237923F0A9
:105B1000600323714FF40173A5E706F10A0313FB39
:105B200002F30233032121706370E27084F805E010
:105B3000D5F80E30C4F80630BCF8043083802673E4
:105B400026442B7E7373EA7A12F0080002D00423F5
:105B50002371D7E702F00303032B01D12071D1E7B2
:105B6000520701D50123F3E7022BF1D00BB92171C4
:105B7000C8E7A2215FE700BFB0100020233270B554
:105B800092B205460C461E4606F072FE25B1034A47
:105B9000556014725672147070BD00BFB0100020B2
:105BA00010B5034C606806F085FE237A237010BDA3
:105BB000B010002038B5134D686806F081FE044629
:105BC00020B940F247113320FBF7E4F9D5E84F3F05
:105BD000013BDBB2C5E8413F0029F7D104F10805DC
:105BE0002322284606F054F87F23E377FF23A37788
:105BF000637584F82330E37C012262F34613E37477
:105C0000284638BDB0100020016810B5044631B1F7
:105C1000034B08395868FFF75BFE0023236010BD73
:105C2000B01000202DE9F04F8FB004469846BDF823
:105C300060B08A46914603F09BFFD4F8B4300391DC
:105C400007462046049308F075FE0546B8F1000F9C
:105C500000F06C81B9F1000F00F0E280804617F58A
:105C6000FA630593039B43F100030693FEF7DEFE00
:105C70000646314604F1C8000790FEF7A9FED4F8A5
:105C8000F01011B1079808F0A1FFBDB1D4F8D050C1
:105C9000BEB1D6E90031B068C018059B0093069BE1
:105CA000019341F100012A4608F0ECFB85420346CE
:105CB00008D240F267312120FBF76CF9D4F8B050DC
:105CC000E6E73346059AD4F8B0109D18069A42F1DB
:105CD000000601F2CF721344B3FBF1F34B43EB1A0E
:105CE00066F10002C4E93232BBF1000F40F08D8052
:105CF0004FF0FF326FF00043C4E92423204608F040
:105D000006FED4F89030D4F8941005935A1B8346BD
:105D100061EB0600012A70F100034FF00003C0F2AE
:105D2000F580DDF810C09445834100DB0492049BAC
:105D3000D4F8B400834228BF03460493C4F8BC30AF
:105D4000B9F1000F05D0D4E93223C4E92656C4E9DD
:105D50002A234FF00009C4E92856C4F8B8B02A46EF
:105D60008AF8099033462046069108F0ECFDCAF8FF
:105D700004B08AF80800B8F1000F00F0D2800123C7
:105D80008AF80030059B039A0699DB1B61EB02023F
:105D9000012B72F10000C0F2BB80794D9D4279EB7E
:105DA000020200DB1D46D4F8F030D4F8B060002BBE
:105DB00040F0B38007222046A6FB022808F0BAFD77
:105DC000002800F0A780D4E92630D21848EB000361
:105DD0000399974271EB03000DD2D21B6FF00100C3
:105DE00063EB010390424FF00000984102D39542CB
:105DF00028BF15462E46CAF81060049B5B4534BF89
:105E0000002001200FB0BDE8F08F1FFA8BFB42F29B
:105E1000107329463246EBFB0312C4E924126DE7E6
:105E200088B3D4E924126FF000439A4208BFB1F15D
:105E3000FF3F23D0204608F06AFD039B099017F529
:105E40009A7243F10003CDE90C230546022308A80A
:105E50008DF82090ADF8283004F00EF810B94FF40A
:105E6000966128E7D4E924320C995B1A0D9962EB0C
:105E700001025B1B62F10002002A40DB039E3D46EB
:105E80004FF001083AE7D4E93226D4F8B050BB1AF3
:105E90005219B3FBF5F305FB03F346F100069B181B
:105EA000A3EB070246F10006B2F59A7F04D2ED1883
:105EB00046F10006C84621E7204608F028FDD4E94F
:105EC0003213D4F8B050D4F8A0200990521AB2FB83
:105ED000F5F26A43521843F100032046CDE90C2342
:105EE0008DF820908DF8299008F02DFD29468DF829
:105EF000280008A807F084FCDDE90C56DAE7039EC9
:105F0000CDF810903D464FF00108F7E604930EE7F8
:105F10004D4648E7D4E92A3057E74FF0FF321346A1
:105F200056E7CAE904568AF8008066E7B9F1000F1F
:105F30007FF495AED4E932B1D4F8B080059118EB76
:105F40000B03A7EB0B05B5FBF8F508FB05F541F1D5
:105F500000062046ED18D4E9262346F1000608F095
:105F6000C7FC059908FB00F010EB0B0041F10001A4
:105F7000C4E932012A463346204608F0B9FC99E7C5
:105F80000040420F70B504460D4690F8F43003F01F
:105F9000FF0623B140F29A212120FAF7FBFF11B945
:105FA00040F29B21F8E701460C4803F00DFE202843
:105FB00084F8F70010D0C4F8F05095F8C83103F019
:105FC000FF0113B14FF42971E6E784F8F61020467B
:105FD00008F09CFE012070BD3046FCE72DEC00006F
:105FE00038B504460D460146074803F0EDFD20286C
:105FF00084F8F70005D02046294608F087FE0120E6
:1060000038BD0020FCE700BF2DEC000001292DE980
:10601000F341044604D902295FD040F6520135E02D
:10602000D0E9266501F026FD40F2DA63F6183D4B13
:106030005B8803F507534FF47A7245F100053B3353
:10604000B3FBF2F3F61A65F10005074608F012FA01
:10605000BF19D4F8F08000F1570045F100053F1A50
:1060600065F10005D8F81860FEF7DAFC04F1C80302
:1060700083420ED0CDE900753246D8E9680108F0B8
:1060800001FA8642034605D240F27B312120FAF71D
:1060900081FF0023244AD4F8F01012689A428FBF7F
:1060A0008A6940F2E240B3FBF0F242438ABF1846ED
:1060B000981A9B188A6241F66A028A8541F669023B
:1060C000904202D940F2E471E0E7DB1945F10005A6
:1060D000C1E9683502B0BDE8F081D0F8F03013B9FD
:1060E00040F2EF71D2E7002540F2011283F8C85167
:1060F000A3F86820FF2683F86A60D0F8F0002946EC
:106100003030FDF75DFFD4F8F00008F094FEC4F8DD
:10611000F05084F8F66001F0ADFE02B0BDE8F04149
:1061200003F02ABD00B50200BC100020F7B5204ED8
:10613000012333700027CDE900776846FBF70EFB9B
:106140000546E8B10023337003B0F0BD90F8C901F3
:1061500003F068FE94F8C90103F09EFF94F8C901AA
:1061600084F8C85103F01EFD10B940F2C1111BE0C4
:10617000202384F8C93104F5D070FEF70BFCDAE770
:10618000009B002BD9D093F8C821002AD5D01888BD
:106190004FF6FF739842D5D02946FBF7A5FA04467F
:1061A0000028D3D14FF4E9713520FAF7F3FE00BF90
:1061B000C010002038B5094B33F81040084602F0F3
:1061C0008BF8054608F056F904F29D74D9302C443A
:1061D0004FF47A73B4FBF3F4204438BD00B50200E9
:1061E0002DE9F047054691F886800C4616461F4675
:1061F00023B100220121204600F0A4FF94F8C83109
:10620000032B6ED8DFE803F002695F6926B940F21C
:1062100047213520FAF7BEFE012384F8C831204615
:1062200008F0CAFD4FF0000AD146D4E9683219EBF4
:10623000030342F10002C4E96832C5E904320026D2
:106240002E7094F886300B3BDBB21A2B98BF304E81
:1062500020469CBFDE4006F0010608F01BFF30B16F
:10626000002E41D194F8C801012818BF0220002354
:1062700028726B7204F1300007F01FFD6860002F78
:1062800044D0A8F10D08B8F1010F3FD95146284676
:1062900007F0B6FA1FFA80F8204608F0FBFE074622
:1062A0005EBB804529D32E72D4E9683209FB00F128
:1062B0005B1842F10002C5E90432B9F1000F15D1B3
:1062C00040F2CF21A5E7D4F8E831D4F8D0A10AEB09
:1062D0000309032384F8C831A7E7D4F81890CA4605
:1062E000A3E74FF4207194E70020C0E75146284609
:1062F00007F086FA07441FFA87F801224146204634
:1063000000F020FFD5E90423C4E96823BDE8F08745
:1063100005000004F8B5044620B94FF48371352018
:10632000FAF738FE072966D8DFE801F0045B4E4E25
:106330004A65546290F8C83113B94FF48771EEE79B
:1063400000F034FE002859D094F8691094F86800E1
:106350002B4EFFF72FFF67309528A569737894BF00
:10636000C0F1960000202D1A1BB9236B9D4228BF57
:106370001D4604F1300007F0A0FC00F16707022081
:1063800003F080FEED1B25EAE575854228BF054632
:106390000221284603F0BCFD00B92F440023EA2265
:1063A0003946204607F0E6FC7060A06903F08EFDD8
:1063B00010B94FF48071B2E7BDE8F84000F0B0BE0C
:1063C000BDE8F84001F048BEBDE8F84001220021D8
:1063D00008F001BD012003F097FEBDE8F84006F08B
:1063E000B5BA90F8C831042B08D04FF49A7196E7EB
:1063F00040F2391193E740F23D1190E7F8BD00BF3C
:10640000C0100020024B0022C3E90022FFF78EBE1D
:10641000C0100020014B5870704700BFC010002012
:1064200038B5044620B94FF4D2713520FAF7B2FDE1
:1064300090F8C83103F0FF0513B140F2A511F4E75D
:1064400090F8C931202B02D04FF4D371EDE701460B
:10645000044803F0B9FB84F8C901202814BF28467A
:106460000D2038BD1563000008B501F003FB044B97
:106470005A6882422ABF1878002080F0010008BDC7
:10648000C010002013B5044604294BD8DFE801F002
:106490000316121B4500264B1B7803F0FF024BB975
:1064A000012108F098FC01F0E5FC02B0BDE81040C5
:1064B00003F062BB042384F8C831F4E7032384F8B3
:1064C000C83102B010BD8369C0F8D03140F2E24358
:1064D000ADF80430D0F8E8318362B0F8E631D0F896
:1064E000EC218385D0F8F031036241F64B539A4298
:1064F0008CBF0023012380F87230C38D8261534327
:10650000009302AB13E9060000F5D070FEF724FA01
:10651000204608F051FC0223D1E702B0BDE810404C
:1065200008F04ABC40F286313520FAF733FD00BF4F
:10653000C010002038B5194B1C895A6804431C81CF
:1065400000F00304032C04D140F64A213620FAF768
:1065500021FD10F0020418BFD960C50748BF1961BA
:1065600024B1C978062906D00B2910D0820644BF71
:1065700008221A7538BD92F886101929F6D1002420
:106580000025C2E93A45012182F88C10EEE792F825
:1065900086101329EAD10021F6E700BFC8100020B9
:1065A0000D4A0146107D90B90129536806D1B3F810
:1065B00058209B8F9A420DD8FFF756BF1289520779
:1065C00007D593F88800063818BF012070470020CF
:1065D00070470120704700BFC810002038B590F800
:1065E00086300D3B012B04462ED8B0F88030B0F831
:1065F000E42101339BB29A4226D10388A0F88A3164
:1066000040F2E242D0F8EC31B3FBF2F3A0F88C3167
:10661000B0F8F031A0F88E310025B0F8F231A0F8D2
:10662000903180F88951094900F5C07007F0CEFA21
:1066300084F8F4510221204607F079F8032120461E
:10664000FFF720FF84F8865038BD00BF8FE00000C0
:1066500070B5204B5C6894F8E21109B994F86810A1
:1066600094F8E3310BB994F8693084F8681084F831
:106670006930FF2384F86A30174B1B680BB1204642
:106680009847002104F130061248FCF7ADFD304672
:1066900007F013FB04F2351105462046FDF7A6FC72
:1066A00020460421FFF7EEFE304607F006FB854248
:1066B00004460CD203F0DAFC0146601B322838BFD6
:1066C000322003F025FCB0FA80F0400970BD0120B3
:1066D000FCE700BFC810002034030020002302297B
:1066E00080F80F3180F80E1100D870470739C9B211
:1066F0001D2908D80D4B01228A4013404BB90E29A1
:1067000011D00A2906D00023A0F8BE30012380F85A
:10671000C230704790F8102112B1A0F8BE30704717
:10672000A0F8C4207047A0F8C4307047251002209C
:1067300008B50B79232B02460CD014D8142B03D0A8
:1067400003F0FB0112290ED118460121BDE80840D3
:1067500008F002BC436893F88630282B03D1034B22
:106760001B6803B19847002008BD00BF300300201C
:1067700013460A1E08BF1F22162870B51ED009D85E
:10678000032821D0022803D9122817D0142815D0A5
:10679000002012E025280BD82228F9D920490C68BE
:1067A000002CF5D0014618462346BDE87040184736
:1067B000A0F1FE0358425841400070BDBDE8704052
:1067C0001A46002108F0C8BB5C6894F88630172B85
:1067D00001D0142B21D194F8C830F3B984F8C73014
:1067E00084F8C23094F89A3103F0FF0523B140F2E7
:1067F000D9313620FAF7CEFB2388A4F89C3184F8EF
:106800009B2184F89E5184F82652064904F5C970EC
:1068100007F0D3F984F88650BAE70220CDE700BF2D
:106820002C030020EDE100002DE9F341884F0E46D6
:1068300039897C68804688055DBFB4F8B82001328C
:1068400092B2002204F17805A4F8B820284608F096
:106850005FFB30B10B4604F5967221462846FDF7E2
:1068600037FF3B8903F4C06343B194F88A302BB9F6
:10687000012184F88A102046FFF704FEB8F1000FCA
:1068800040F00481002E40F001813B897C685A076A
:1068900007D594F88820062A02BF01227A7584F869
:1068A00088609B0714D5FB68D8780123072884F8F3
:1068B0000F310AD0112820D0FDF71CFE034628B95D
:1068C0004FF4BB613620FAF765FB624B604898478E
:1068D0003B891D0751D57B6893F80E21012A0ED004
:1068E000032A26D0F2B9B3F8E401B3F88010091AEC
:1068F000080417D483F8F42114E0574BE6E7B3F803
:10690000DE11B3F88020521A11040BD4D3F8D81139
:106910000A7812B940F28921D4E7013A0A700022BC
:1069200083F8862093F80E21FE2A0FD140F2E5511C
:10693000C8E793F88610192904D84FF02472CA408A
:10694000D207EFD4002283F82622D5E7FE2283F86F
:106950000E2193F886200D2A2BD0252A2BD00B2A26
:1069600002D10C2283F8862093F88820072A01BFE1
:1069700002227A75002283F888203B89DB072CD518
:106980007B683D6993F8861093F8C80008F0D1FA47
:1069900030B1EA78112A57D8304BD340DE0753D5AF
:1069A0002846FDF7AFF840B92946294807F097FA7D
:1069B00012E00E22D6E72622D4E7E8780D283DD053
:1069C00011283DD007283DD0FDF782FD0346002861
:1069D000EAD01F482946984706463B7D1D0714D537
:1069E00094F8861094F8C80008F0A3FA054668BB2E
:1069F000009069460320FBF7B1FA009B2BB11D7292
:106A00000C2200982146FDF78BFA2046FFF7E6FDA1
:106A10007C6894F80E31FE2B38D194F88830063B10
:106A2000012B33D994F8183103F0FF05F3B100239B
:106A3000A4F8BC300223A4F80E3127E0084BC8E7C5
:106A4000084BC6E7084BC4E70826C6E70826DCE77C
:106A5000C8100020F7EE0000DBEE000074280200F2
:106A6000DDEF000017F000003167000094F8863079
:106A7000002B3ED194F8B620002A46D01222A4F86A
:106A80000E21A4F8BE30012384F8C2307C6894F84B
:106A9000183123B994F88830063B012B04D8B4F898
:106AA000BC300133A4F8BC3094F8C21021B1B4F862
:106AB000BE300133A4F8BE3094F9C62022B1B4F838
:106AC000C4300133A4F8C430B8F1000F40F05D8247
:106AD0007B7D022B00F05582012B40F0FC8194F865
:106AE0008930002B40F00B8200212046FFF7CAFCC2
:106AF00053E2192B36D01BD8122B2DD0132B25D0B7
:106B0000032B31D0103B0C2BC0D994F887301F2BAE
:106B10003BD81D2B00F2AE805A1E032A3ED8023B02
:106B2000022B00F29180DFE813F09E008400060142
:106B3000242B1FD0312BE5D1012384F810311121F2
:106B40002046FFF7CBFD84F886509FE70B23A4F87F
:106B50000E31A4F8BE5096E7D4F8F831C4F80031ED
:106B60000323F4E70623F2E794F8093184F810319F
:106B7000072360E704F5F07006F083FC0146204629
:106B8000FFF7ACFDA4F8BE5080E7282B00F0D780BB
:106B9000312B00F0C680222B00F0A68094F80E3135
:106BA000FE2B7FF473AF7D6895F80E31FE2B00F05D
:106BB000C88094F88630002B7FF468AF94F8DC31FD
:106BC000002B3FF463AF94F8870007F075F90028B5
:106BD0007FF45CAFB4F880300A2B7FF657AF68467D
:106BE000FCF760FF00283FF451AF052204F18F014C
:106BF000684605F02FF8002800F06A81D4F8D831F3
:106C0000194611F8012B002A00F05B810522684625
:106C100005F020F800287FF439AFD4F8D821137894
:106C2000013313700123A4F80E31002384F8DC3102
:106C30002CE794F8083184F810310723A4F80E31BA
:106C4000002384F88730A9E70C23A4F80E3194F8C8
:106C5000C930002243F00103A4F8C42084F8C930ED
:106C600084F887209AE71323A4F80E310023A4F8B0
:106C7000C430E6E794F81B31002B8FD194F81A3119
:106C8000BBB194F88730252B04F58D7104F5F172B2
:106C900028D094F88630253B012B8CBF002301239C
:106CA000204607F00EF81F2384F88730002384F86D
:106CB0001A3194F887301F2B7FF470AF04F235112E
:106CC0002046FDF793F9B4F85230A4F81031B4F827
:106CD0005630A4F812311523A4F80E310023A4F87D
:106CE000C4305BE70123DBE794F82431012B13D098
:106CF00094F82431022B7FF451AFD4F82611226E80
:106D0000A84806F0C0FB04F5F07006F0BAFB014697
:106D10002046FFF7E3FC41E794F82531002BE7D14B
:106D2000EBE7002584F8105111212046FFF7D6FC2F
:106D300084F8875032E70923A4F80E312EE7242384
:106D4000FAE795F88630002B7FF433AF95F8F431ED
:106D500083B195F8870007F0AFF858B995F88730F8
:106D6000302B07D0A5F80E0194F80E31FE2B7FF4DE
:106D70008DAE1EE795F8263203F0FF02BBB195F801
:106D80008B3053B195F88C3013B94FF4DC6199E531
:106D90000A23A5F80E31002306E0D5F8F821C5F83E
:106DA00000210322A5F80E21A5F8BE3007E095F8D2
:106DB0002B3143B10823A5F80E31A5F8BE200123DD
:106DC00085F8C230D0E795F82A3173B195F8C9300B
:106DD00013F00302C8D10C2143F00103A5F80E11F2
:106DE00085F8C93085F82A21BEE795F81A311BB31A
:106DF00095F81B3103BB95F88730252B05F58D7170
:106E000005F5F17216D095F88630253B012B8CBF25
:106E100000230123284606F054FF002385F81A3189
:106E2000B5F85220A5F81021B5F85620A5F8122182
:106E30001422B7E70123EDE795F82431012B31D176
:106E400095F8253173BB95F8870007F035F848BBF6
:106E500095F86810012905D0022903D04FF461711B
:106E6000062030E595F86920012A01D0022AF5D1E3
:106E7000022995F8263106D0012B14BF00230123E7
:106E80001BB9162385E7022BF7E7022A95F827316D
:106E900006D0012BF5D143480021FCF7A5F963E7A3
:106EA000022BF7E7404B1B68002B3FF45DAF3D48DA
:106EB0009847FE2801463FF457AF2846FFF70EFCDF
:106EC00052E70098C3F801009DF804300B71A4E666
:106ED00084F8DC01ACE656B1F00654D4310754D442
:106EE000B20754D1B30654D44FF42D61EAE4F9B19A
:106EF000B4F8BE10B4F8C030994219D922232948F9
:106F000084F8A930FDF708FB0023A4F8863084F844
:106F10008A3002212046FFF7B5FA94F80E31012B92
:106F20003BD1D4F8D8211378ABBB40F60131C9E48A
:106F30002AB1B4F8C420B4F8C0309A42DED8B4F80C
:106F4000BC20B4F8BA309A420FD2B4F8BC20B4F8DE
:106F5000C0309A42D2D294F88A20B4F8B8304AB9F4
:106F6000052B7FF6C1AD3E23C9E794F81831002BFD
:106F7000C4D1EAE7B4F8BA209A423FF6B5AD082387
:106F8000BDE71623BBE71E23B9E73D23B7E72A2356
:106F9000B5E72323B3E7013B137002B0BDE8F0412E
:106FA000FCF7B8B9C810002038030020F0B5584DE0
:106FB000002385B004462B70686000882B812B75F8
:106FC0006B75FCF767F92088FCF78EF9B4F8CA21D5
:106FD000013292B2214604F1780006F0FEFC2F4601
:106FE00020B140F28B113620F9F7D4FF94F88730A6
:106FF000A4F8CA01252B12D1B4F88030B4F8E021EE
:107000009B1A19040BD484F88700FFF721FBB0B951
:1070100000210846FFF708FC002005B0F0BD94F8F9
:107020008630253B022B0AD8B4F8E021B4F8803032
:107030009B1A1A0403D4002384F88630E5E794F8F9
:1070400086300B3B012B20D8B4F88030B4F8DE2119
:107050009B1A1B0419D4D4F8D81104F18E00013105
:1070600006F075FC94F886300C2B0BD1D4F8D8219F
:10707000137813B940F2B311B5E7013B1370002345
:1070800084F88630FF2384F8C330204607F0FBFEE7
:107090000646002839D194F80E41FE2C23D003A8CF
:1070A000FCF7FEF810B940F60F119CE7222231469A
:1070B000039804F0EDFD039E0321304606F02FFDFA
:1070C000337823F01003337003982146FCF734FD26
:1070D00003990F482246FDF7CFF8FCF7F5F810B9F1
:1070E00040F61B117FE70B4B009397E803000A4B18
:1070F0000A4AFAF72FFE6B6893F8861093F8C800D7
:1071000007F017FF08B1FAF71DFE012085E700BF61
:10711000C810002029680000A16500003565000046
:1071200008B5074B586807F0AEFE18B9BDE808402F
:10713000FAF7F8BE0021BDE808400846FFF774BB27
:10714000C8100020F8B5B0F8CA310B44A0F8CA3115
:10715000B0F8B83000F178070B440446A0F8B83016
:1071600038460D46164607F0D3FEA0B1D4F8AC3031
:107170000B44C4F8AC302146384607F028F9D4E96E
:107180002B239A4207D300231649C4F8AC3004F5E8
:10719000967006F01BFD94F8C23023B1B4F8BE30EF
:1071A0002B44A4F8BE3094F9C63023B1B4F8C430EF
:1071B0002B44A4F8C43094F8183123B994F88830DB
:1071C000063B012B04D8B4F8BC302B44A4F8BC30E7
:1071D0002046FFF703FA26B1B4F880301D44A4F826
:1071E0008050F8BD6BE30000064BD3F8000138B1C6
:1071F000D3F8040120B1D3F80801B0FA80F04009B7
:10720000704700BF00F00040034B00221A705A7014
:1072100010229A70704700BF0A11002070B5064610
:10722000022014460D4600F0ADF9064B01221A70FB
:10723000054B033CC3F81045C3F80865C3F8045573
:1072400070BD00BF0A11002000F0004008B5022008
:1072500000F098F9084B01221A70084B0022C3F87D
:107260000021C3F80421C3F8082103F580334FF44B
:107270000002C3F8042508BD0A11002000F00040F8
:107280000E4A08B5137883B10D4B4FF40001C3F8D3
:107290000815FFF7A9FF68B101235370094BD3F814
:1072A0000034DBB2937000231370BDE80840002067
:1072B00000F068B950701023F4E700BF0A110020F5
:1072C00000F0014000F00040094B1A7862B1094B10
:1072D000D3F8002152B1D3F8040140B1D3F808012A
:1072E000B0FA80F040097047587870470220704724
:1072F0000A11002000F0004008B5074B1A783AB197
:10730000FFF772FF30B1054BD3F80004C0B208BDDF
:107310009878FCE71020FAE70A11002000F00040FE
:10732000024B00221A705A709A7070470D1100209B
:107330002DE9F041044601201E460F46904600F01C
:1073400021F904F0030040EA0643184D18482E7155
:1073500043F08073C0F80435164BC0F808751B68FD
:10736000062B07D001331EBFD0F8183568F307038A
:10737000C0F81835104B114AC3F8082514F0FB0F5C
:1073800001BF0F4AC3F89825FC3AC3F89C25012297
:10739000022C6A70EC7007D8054B2A700021C3F8E4
:1073A0000011C3F800121A60BDE8F0810D11002031
:1073B00000F000407013002000F0014000000202C5
:1073C00000F1004070B5194C637823B94FF4077190
:1073D0003C20F9F7DFFD164BC3F80C15C3F8100578
:1073E000E5780122A270C5B924780CB9E321EFE752
:1073F000104CC3F804514FF40035C4F80455D3F8C9
:10740000006116B15A60C4F808550B7803704B78C8
:10741000043343708B78837070BD00212270C3F8F1
:107420000411C3F800221A60F6E700BF0D11002016
:1074300000F0004000F001400E4A08B5537823B92F
:107440004FF412713C20F9F7A5FD0B4BC3F80C1556
:107450000121C3F810059170127812B940F20F1192
:10746000F0E70022C3F80421044B4FF00072C3F888
:10747000042508BD0D11002000F0004000F001407F
:10748000084B1A784AB10849084AC1F80825002271
:10749000C1F89825C1F89C251A7000225A709A707C
:1074A000704700BF0D11002000F0014000000202F3
:1074B000194B1B7870B523B940F28A213C20F9F7AB
:1074C00069FD164CD4F80431BBB90223C4F8043367
:1074D000134B144E1D691A6942F0100205F0100595
:1074E0001A61D4F804317BB125B90D4A136923F030
:1074F000100313610223C4F80833084BD3F80004C7
:10750000003818BF012070BD4FF40043C6F8803129
:1075100007F05FFFE5E700BF0D11002000F000401D
:1075200000ED00E000E100E0014B01229A607047AD
:1075300000F0004008B50A4BD3F80025032A04BF29
:1075400001229A600022C3F80025C3F80025FFF746
:1075500097FF044B4FF40002C3F8082508BD00BF95
:1075600000F0004000F00140054B4FF40042C3F82A
:107570008020BFF34F8FBFF36F8FFFF7DBBF00BFDC
:1075800000E100E010B50446FFF7D4FF012C06D05F
:10759000022C0CD054B18C213D20F9F7FBFC0B4B95
:1075A0000222C3F800250A4AC3F8142510BD074B70
:1075B0000322C3F80025064AC3F8142503F58033D7
:1075C0004FF40002C3F80425F0E700BF00F00040CC
:1075D00012110020044B1868062818BFB0F1FF3FB5
:1075E0000CBF0120002070477013002008B5FFF782
:1075F000F1FF38B1044B1868063810F1080F94BF3A
:107600000020012008BD00BF7413002008B5FFF75B
:10761000E1FF38B1044B1868063810F1080F8CBF31
:107620000020012008BD00BF74130020064B00227B
:10763000C3F80021C3F80C21C3F81021C3F80421BA
:10764000C3F80821704700BF00100040024B002221
:107650001A809A701A7170472012002038B5144DA4
:1076600095F83D200346084622B940F6B2113E2067
:10767000F9F790FC6BB9012AAC6B95F83C1005D179
:1076800000F048FE20442B6BC01A38BD07F0A2FD65
:10769000F8E7012B0AD1012AAC6B95F83C1002D116
:1076A00000F02AFEEEE707F0A0FDEBE70020EAE796
:1076B0002012002008B5094B012883F82400084B4C
:1076C00006D0022808D040F6DC613E20F9F762FCC3
:1076D0000322C3F8102508BD0422FAE72012002077
:1076E0000010004008B5144B93F84A30D90720D554
:1076F0009A070ED5114BD3F8002242F00102C3F8CD
:107700000022D3F8500500F0F600023818BF01201F
:1077100008BD5B070DD50A4B0A4AC3F8AC25A3F593
:10772000B833D3F8403123B140F28A713E20F9F7E3
:1077300031FC0120ECE700BF2012002000100040C7
:1077400000F001400810004008B570B9104B283116
:10775000D96018460F4900F085FE0130012816D97E
:1077600040F66D013E20F9F715FC01280CD1084BBD
:107770002931D9601846074900F07AFE0130012806
:1077800005D940F67701EDE740F67B01EAE708BD51
:107790002C00002088B4020008B50C4B9B78012B0C
:1077A00009D100F06BFE013001280ED940F604210A
:1077B0003E20F9F7EFFB022B07D100F065FE013008
:1077C000012802D940F60A21F2E708BD2012002064
:1077D000094B0A4A1B8DB3F5166F3ABFA3F638134F
:1077E00043F48073A3F5166300F07F00C2F80835F8
:1077F000C2F85405704700BF20120020001000405E
:1078000037B50D460446FFF755FF2846FFF7E0FF62
:107810001B4A01AB92F925202946204600F0BCFD09
:107820009DF8050000F036FE20B140F255713E2073
:10783000F9F7B0FB9DF9040000F056FD114A40F243
:107840000313C2F8343540F25B63C2F83835FFF7F2
:10785000CDFE90B14FF08053D2F88825D3F8203375
:10786000022C22F4FE420CBFC3F30663C3F30623CB
:1078700042EA0323034AC2F8883503B030BD00BF93
:10788000201200200010004010B50C46FFF712FF38
:107890002046FFF79DFF0F4A0023C2F81C31D2F8A3
:1078A000003243F48873C2F8003240F20313C2F886
:1078B000343540F25B63C2F83835FFF797FE40B9C4
:1078C000FFF7A4FE28B9D2F8683543F4C023C2F804
:1078D000683510BD00100040F8B5414C0D46164605
:1078E0000746002847D10123A3702378012B2BD111
:1078F0003C4B33F812304FF47A7203F5FA73B3FB52
:10790000F2F3CD1A236B384A384E1D44384BC6F873
:107910004055C2F8A835236C43F4002323644FF488
:107920000023C2F804352378002B47D194F84A305D
:1079300043F0020384F84A30FFF7D4FE04460028DF
:1079400043D100242046F8BD104694F82610FFF7D6
:1079500057FF284B33F816304FF47A7203F5FA7359
:10796000B3FBF2F3ED1A2378002BCBD11E4B224A46
:10797000C3F8AC25C6E701281BD10223A3702378E6
:10798000012B0AD11C4B0022C3F81C21D3F8002282
:1079900042F48872C3F80022B4E794F82610104627
:1079A000FFF772FF2378293D002BABD10E4B134A12
:1079B000DEE74FF413613E20F9F7ECFA012BBBD15F
:1079C00094F84A3043F00403B4E70123F364D6F893
:1079D0004C35AB42B5DA29463846FFF7B5FEB1E77C
:1079E0002012002006B5020000F001400080004097
:1079F0004081004000B5020000100040041000402B
:107A000008B560221148002104F042F9FFF71EFE7C
:107A10000F4B1B6823F004020A2A05D0102B03D059
:107A2000082B0ED1402200E024220A48FF2104F056
:107A30002FF94FF080430022C3F8082EC3F8102E10
:107A400008BD0D2BEED03822EFE700BF201200203A
:107A500070130020000E0040024B0344187E00F516
:107A60001660704788B40200014B93F83C007047E1
:107A700020120020024B986B1B6BC01A704700BF8E
:107A8000201200200A4B93F83C20D3E90C30C01A96
:107A9000084B03EB82031B6CC01A074B53F82230D0
:107AA0004FF47A7203F2F313B3FBF2F3C01A704788
:107AB0002012002088B40200F4B4020008B50F4A76
:107AC00092F83C10012906D0022914D040F2C621B8
:107AD0003E20F9F75FFA40F6B830D2E90C239B1A42
:107AE000074A02EB8102126C9B1A4FF47A72B0FBC8
:107AF000F2F0184408BD4FF4FA60EEE720120020BF
:107B000088B40200FF2808B504D940F2E5213E20E0
:107B1000F9F740FA124B0129A3F8480004D00229D2
:107B200019D040F24131F2E700230E4A43F48013AA
:107B300040F0007043F4847340F44030C2F81435D0
:107B4000C2F81805D2F8503503F0F703032B05D11E
:107B50004FF45671DBE74FF08073E6E708BD00BFD6
:107B600020120020001000403D4B022270B5C3F8E7
:107B70008020BFF34F8FBFF36F8F3A4A0023C2F8C4
:107B8000FC3F0123C2F8FC3FFFF740FD28B1D2F8CB
:107B90003C3743F48063C2F83C37FFF71BFD58B114
:107BA000D2F83C3723F0004323F0FF0343F00043B7
:107BB00043F09603C2F83C37FFF718FD294C38B163
:107BC000D4F8403723F47F4343F4B053C4F840372C
:107BD000254BC4F8783700F06FFC38B14FF0805374
:107BE000D3F830335A1C18BFC4F84C374FF0102369
:107BF0001C4C1A6E1D4D531C1EBFD4F88C3562F3FD
:107C00001743C4F88C350123C4F8303585F8243087
:107C10000323C4F8103540F20123C4F8503602267D
:107C2000134BC4F80062187C00F04CFC114B124A54
:107C3000C3F804250023AB87AB6385F84A3002F014
:107C40005BFA074B28631022C3F88061C4F8042351
:107C50001E602B6E03B19847BDE8704000F0F6BB84
:107C600000E100E0001000402C00008920120020FC
:107C70002C00002000F001400000020C014B83F8B2
:107C80002500704720120020034B020E0002C3F8AB
:107C90002425C3F81C05704700100040044B054A1A
:107CA000034482F826001B7E03F516631385704794
:107CB00088B402002012002010B504460068FFF7C7
:107CC000E3FF094B6268C3F83C25207AFFF7E6FF23
:107CD000617A6089FFF716FF607AFFF7EBFC034BD0
:107CE000227B83F8252010BD0010004020120020C8
:107CF000F8B5294C94F84A30DA0706460F4604D402
:107D000040F6BE013E20F9F745F9244DD5F8002292
:107D100043F0020342F00102C5F8002284F84A3021
:107D200020BB012394F82610A3703846FFF768FDA6
:107D3000A378012B02D040F6CA01E3E7184AD364C6
:107D40002B60174BD3F84C5530462946FFF7FCFC07
:107D5000236BED1AEEB9134B33F817304FF47A72E8
:107D600003F5FA73B3FBF2F35819F8BD0128E8D113
:107D7000022394F82610A3703846FFF785FDA378F8
:107D8000022B02D040F6D201BCE7054BDE646E60E8
:107D9000D7E705F12900E8E7201200200010004095
:107DA0000080004000B5020008B5FFF795FD58B906
:107DB000064BC3F84005A3F5E04301221A610220F7
:107DC000BDE80840FCF7CCB808BD00BF008000400B
:107DD00037B5244B2449D3F8044302224FF0FF3037
:107DE000C3F80803C1F880212049C3F8002200220B
:107DF00081F84A201E49C1F8402501F5B8314FF4F9
:107E00006025C1F80855D3F85015C9B204F0100424
:107E1000D1B18DF80700C3F8102101221A619DF835
:107E2000072012B1D3F810213AB19DF807305BB9A1
:107E300040F6F2113E20F9F7ADF89DF80720013A1F
:107E4000D2B28DF80720EAE7FFF7A6FC0549002328
:107E5000C1F81031FFF7FAFB14B11023C1F8043355
:107E600003B030BD0010004000E100E0201200200F
:107E70000080004038B51B4D0024C5F84845C5F8C2
:107E80004445C5F84045C5F84C45FFF7A1FF00F053
:107E9000E3FA154B15491A6C1C6442F0446242F433
:107EA0000032C1F80825C3E90D441C77104BC5F812
:107EB00048450222C5F84445C5F84045C5F84C453B
:107EC000C5F84841C5F84441C5F84041C5F84C41A2
:107ED000C3F88020BFF34F8FBFF36F8FC3F88021AB
:107EE00038BD00BF008000402012002000F001409B
:107EF00000E100E0014BC3F83C0570470010004072
:107F000010B50FC8014C84E80F0010BD841200208A
:107F100008B50B4BC3F804050A4B93F84A20586484
:107F200042F0010283F84A20FFF7DCFB30B9FFF78B
:107F30004FFFBDE808400320FCF712B808BD00BFA2
:107F4000001000402012002010B5094BC3F80405B2
:107F5000084B93F84A20586442F0010283F84A2003
:107F6000FFF7C0FB044608B9FFF732FF204610BDFB
:107F7000001000402012002010B50E4C034694F86B
:107F80003D0094F83C100222012822774FF0960021
:107F900094F824200BD100F0C9F9074A206200238D
:107FA000C2F84431A36B0344C2F8443510BD00F05D
:107FB000D7F9F2E72012002000800040044BC3F8FC
:107FC0006005D3F8002242F04002C3F80022704757
:107FD00000100040054BD3F8002222F04002C3F805
:107FE00000220022C3F86025704700BF0010004047
:107FF0000A4A0146D2F81C0182B068B1D2F848356D
:1080000003F07F035B420B700023C2F81C31D2F8EF
:108010001C310193019B012002B070470010004009
:108020000022044B90421A7014BF02220122D97020
:108030005A70704720120020054B0022C3F84025DB
:10804000044AD2F85035DBB20BB1012313617047FB
:1080500000800040001000402DE9F047954D964CFF
:108060000123EB64D5F84C25236BB4F84870A2EBE0
:10807000030802F047F8C4F85880C4E91401FFF778
:108080008BFB8E4B226CC3F8082500218C4A21649F
:10809000D2F8003223F48E7323F00103C2F80032C9
:1080A000237F84F84A1023B1D5F844315B1A18BFF6
:1080B0000123A17801290AD1D2F80C51002D43D116
:1080C0007F4BD3F81031A3B145F0100511E0022920
:1080D00038D17B4AD2F80C51D2F80024003D18BFA9
:1080E00001256D00D10758BF45F0040533B345F0B5
:1080F0000105FFF79BFAEA06A37803D5012B08BF19
:1081000045F020056B4A94F80190D2F84815A16318
:10811000D2F8442584F83D3094F82430626384F822
:108120003C30B9F1000F11D1FFF790FA84F81C90A0
:10813000EE0740F1A280636E984763E015F00B0FE5
:10814000D7D1BDE70025BBE70825D2E715F0110F11
:108150000ED123792678B9F1010A18BF4FF0010A30
:10816000012B67D0022B7AD02BB14FF4446169E028
:10817000FFF72EFEDCE796215046FFF76FFA014627
:10818000FFF764FA012E74D1B9F1010F14BF252352
:1081900037239844884567D90220FBF7E1FE484B16
:1081A0001E61A8076BD5FFF721FAE0B9FFF72EFA99
:1081B000C8B9434BD3F85034D90114D51A0705D0A8
:1081C00013F0F00F02D013F4706F0CD13C4AC3F3DC
:1081D00004410129D2F8542405D1012A03D0C3F364
:1081E0004253022BA7D9636C5B78BB4288BF45F032
:1081F0000405C5F3800080F00100A36E314600F055
:1082000001009847A378022B12D1237F83B1022B60
:10821000284A43D1A36B216A0B44C2F84435236C2E
:1082200043F480032364254B4FF48002C3F80425F4
:10823000BDE8F0872348FFF73FFD94F83D3023B9B0
:1082400040F6B5013E20F8F7A5FE012B04D1FFF75B
:1082500035FCA369C11893E7FFF714FCF9E7194847
:10826000FFF72AFDA1698BE7124B26700022C3F8A5
:108270004021E2785046FFF797FD002691E715F080
:10828000280F05F0200105D0B1FA81F1E36E49090C
:108290003046B6E7EB06B5D5236F4DE7012B02D08C
:1082A00040F69F51CEE7236AA16B8B42B5D84FF4BD
:1082B0005A61C7E7008000402012002000F0014012
:1082C0000010004028120020024B03EB8003186CC2
:1082D000704700BF88B40200024B03EB8003D86CE8
:1082E000704700BF88B40200024BC0B2C3F80C054F
:1082F000704700BF00100040054B33F811300238C2
:108300004FF47A7203F2E733B3FBF2F31844704789
:10831000ECB40200044B4FF47A7233F81130B3FB23
:10832000F2F3013318447047ECB4020038B51D462F
:108330000A4B33F8114003EB820305359B681C445C
:1083400004F6B7344FF47A7303FB00441046B4FBD1
:10835000F3F4FFF7B9FF2544284438BDECB402001C
:1083600070B5064608461546FFF7B6FF094B03EB06
:1083700085039C684FF47A7304F6B73403FB064414
:10838000241A2846B4FBF3F4FFF79EFF053020447F
:1083900070BD00BFECB402002DE9F04F264C87B051
:1083A000074698460D46164602F0F2FB2378BB427C
:1083B000814611D16378AB420ED194F90230B342B9
:1083C0000AD1E378834207D1A388A8F8003094F952
:1083D000060007B0BDE8F08F7B1EDBB2032B0DD883
:1083E000164A12F803A029460DF1170332465046EB
:1083F00002F0D4FB38B14121A92002E040F2FE4155
:108400000620F8F7C7FD039028469DF917B0FFF73F
:1084100023FB039A0092034652464146584600F019
:108420003FF8B8F80030A071A38027706570A6707F
:1084300084F80390CBE700BF440000200CB5020095
:10844000014B1B681B6818473C030020014B1B684D
:108450005B6818473C030020014B1B689B6818476A
:108460003C030020014B1B681B6918473C0300209C
:10847000014B1B685B6918473C030020014B1B68DC
:108480009B6918473C030020014B1B68DB691847B8
:108490003C030020014B1B689B6A18473C030020EB
:1084A00030B4044C9DF8085024680295E468A44652
:1084B00030BC60473C030020014B1878704700BF78
:1084C000AC19002010B500220C49134640FA02F402
:1084D000E40744BFCA545C1C02F1010248BFE3B286
:1084E000042AF3D1054AFF24D118032B01D91071B6
:1084F00010BD013301F8014BDBB2F6E7B8190020DB
:1085000008B5074801F0F6F9054800F039F801F020
:1085100099FE01F07BFE00F0A1FC012008BD00BF28
:10852000BC13002008B501F0C1F901F02FFF01F0E4
:108530000BFFBDE8084000F0ADBC00BF02F01EB864
:1085400001F00ABA10B5EFF3108472B601F004FA24
:1085500004B962B610BD00BF01F010BA02F0ECB869
:1085600002F082B902F094B902F0E2B902F0E6B981
:1085700002F0A6B808B52721032003F0C3F800BF16
:10858000024B186000221A719A607047C4130020D1
:1085900070B582B01E4C2379012B11D0DAB2022AB9
:1085A0000BD1A0680DF1070100F08CFC0023A36043
:1085B00023719DF8070002B070BD012002B070BDAC
:1085C000A0680DF1070100F073FCA5686B7DDB0767
:1085D000ECD5AB7F042BE9D001F014FA0646002855
:1085E000E4D001F015FA2A69B3682E686D6896190F
:1085F00045F1000500220A3342F100021B1842EB4C
:108600000102B342AA41D1D3A06800F03FFDCDE7FB
:10861000C4130020837F0BB10020704710B50A6897
:108620004B688C68D1F80CC0C0F80CC08460026044
:1086300043600A694B694361012402618477054BF9
:108640001A792AB998601C7101F078F9204610BD9A
:10865000FFF790FFC413002070B5044682B00D46AA
:1086600001F0D0F9A37F012B17D02B686A68A968A5
:108670000646E868E060A160236062606A692B6971
:10868000626101222361A2770DF10701204600F00B
:108690000FFC2EB1012002B070BD002002B070BDF1
:1086A000024B0421186806F03BFEF3E7C4130020D8
:1086B00070B5044682B00D4601F0A4F9A37F012BEA
:1086C0001CD02B686A68A9680646E868E060A1606B
:1086D000236062606A692B69626101222361A2776B
:1086E00020460DF1070100F0E3FB084C4EB1206875
:1086F000062106F015FE012002B070BD002002B078
:1087000070BD2068042106F00BFEF0E7C4130020C2
:10871000024B0621186806F003BE00BFC4130020F8
:1087200010B5EFF3108472B601F06CF938B1064B56
:108730000621186806F0F4FD04B962B610BDC9211F
:10874000032002F0DFFF00BFC413002010B5084B68
:108750001A7952B90446986002221A7101F0EEF8B3
:10876000A07FB0FA80F0400910BDFFF703FF00BF03
:10877000C413002038B5837FC3B1044609E0A37F4A
:10878000042B09D0A37F012B11D006F022FEA37F7A
:1087900063B1A37F032BF2D1EFF3108572B62046AD
:1087A00000F0AEFB05B962B6A37F2BB938BD4FF41C
:1087B0008971032002F0A6FF40F20D11032002F0A0
:1087C000A1FF00BF38B5194B1A7962BB0446986007
:1087D00002221A7101F0B2F8A37F5BB938BDA37F02
:1087E000032B0BD0A37F042B08D0A37F012B15D024
:1087F00006F0EFFDA37F002BF1D1EFE7EFF310853B
:1088000072B6204600F07CFB05B962B6A37F002B50
:10881000E4D040F20D11032002F074FF4FF489718F
:10882000032002F06FFFFFF7A5FE00BFC413002076
:1088300010B582B00DF1070100F044FB044601F0D1
:10884000E1F810B1204602B010BD40F22F11032014
:1088500002F058FF70B50D46044601F0D9F8A4683F
:108860000346E41841F1000628463346224600F04C
:108870009FFBA04271EB06034FF000050CD3001BD9
:108880006FF0010361EB0601834275EB010100D338
:1088900070BD4FF0FF3070BD284670BDF8B504467E
:1088A0000E46EFF3108572B601F0B2F8A4682418F2
:1088B00041F1000730463B46224600F079FBA042DA
:1088C00071EB07034FF000060ED3001B6FF001039E
:1088D00061EB0701834276EB010102D305B962B671
:1088E000F8BD4FF0FF30F9E73046F7E72DE9F041EA
:1088F00085680C46002349195B4113B10020BDE88F
:10890000F0811746064601F083F82A1841F100036A
:108910003846A51843F1000800F04AFBA84271EB65
:108920000801EBD301F02AFE00F0E8FAB3683775CE
:1089300023440120B360BDE8F08100BF2DE9F84376
:10894000EFF3108872B6846863184FF000035B4140
:1089500033B10020B8F1000F00D162B6BDE8F88352
:1089600017460D46064601F053F8221841F1000360
:108970003846AC1843F1000900F01AFBA04271EB35
:108980000901E6D301F0FAFD00F0B8FAB3683775D3
:108990002B440120B360DDE7837F012B01D0002051
:1089A000704700F019BC00BFD0E90001704700BF5C
:1089B0000069704701F02CB810B5EFF3108472B65F
:1089C00001F026F804B962B610BD00BF8068704798
:1089D000007D7047F8B50369002B4ED1044601F0C5
:1089E000CDFD05460E4602F0B3FC78B3D4E9000392
:1089F000643546F10006A84273EB060223D3C4E9AE
:108A00000003EFF3108672B600F0FCFF054698B144
:108A100000F0FEFFAB6800220B3342F100021B188E
:108A200042EB0101D4E90002834271EB02053CBF35
:108A300003461146C4E9003106B962B62046BDE8D6
:108A4000F84000F04BBB28463346D8E702F090FCD4
:108A5000074600F0F3FFB8422168626838BF384625
:108A6000963546F10006401946F10003884273EB43
:108A700002053CBF08461346C1E740F2D51103206A
:108A800002F040FEF8B5254C00222260EFF3108181
:108A900072B6636823606260A26009B962B6236837
:108AA0006BB300259A79032AA3F1180028D01F6818
:108AB00077B3BA79042AA7F1180384464FF0000669
:108AC0000FD1818B9A8B521A12049A6944BF0CF110
:108AD0001806184642B19C46A2F118039A7F042A50
:108AE000EFD09B7F032B15D196B133681B683360A1
:108AF000C3688577022198472368002BD2D1F8BD3F
:108B0000196853F80C2C9D71216001219047F3E7FF
:108B10002760EDE763219F2002F0F4FDD0130020D1
:108B20002DE9F84F3A4B4FF00008C2F80080D3F817
:108B30000CE0BEF1000F5ED0AEF1180CE14692469B
:108B4000D9F81850002D45D0DCF8004055F8186CC5
:108B5000DCF8042055F8147CA64277EB0203A5F15B
:108B6000180E50D3844272EB01030BD2DCF81030A4
:108B70001B1942F1000298421C4671EB02033CBFF4
:108B800004460A46864277EB01030BD255F8083CAF
:108B90009B1947F1000798421E4671EB07033CBF43
:108BA00006460F46DCF808300A3348F1000B1B1963
:108BB00042EB0B029E4277EB02020BD29CF8143080
:108BC00015F8042C9A4209D00ED3F146D9F8185062
:108BD000002DB9D1E6467046BDE8F88FAB88BCF8E9
:108BE0001C209B1A1B04F0D509F11803CAF80030A9
:108BF000D9F8183013B97046BDE8F88FF446A3F1E0
:108C0000180EF146E2E7BF219F2002F07BFD00BF76
:108C1000D01300202DE9F043224EF4686CB30025F8
:108C2000A8460427AE46234653E906C2844572EBA4
:108C30000109246823D253F8089C19EB0C0C42F16B
:108C4000000284458A411AD2FDB12A6812682A605E
:108C50009F71726883F800E083F801E083F802E016
:108C600083F803E07AB1B2681360B3604FF0010893
:108C7000002CD8D1B8F1000F0DD1BDE8F0831D460E
:108C8000002CD0D1F6E77360EFE7F268002ADFD05E
:108C90001268F260DCE7044BBDE8F043187802F09C
:108CA000EFBE00BFD0130020850300202DE9F04F58
:108CB000684B0468D3F80C8085B0054682838A46E9
:108CC0004068B8F1000F00F0BA800026A8F1180241
:108CD000B446D2E900366F7D9C4270EB060107F086
:108CE0000107C1462AD3F7B192F814C0297D8C45FB
:108CF00019D89168C91846F1000311F10A0843F127
:108D0000000E444570EB0E0657D22E69361940F11D
:108D1000000CB0457EEB0C0B01D24646F4468E4269
:108D20007CEB030C4FD39369944673B1A3F1180203
:108D3000D2E900369C4270EB0601D4D2C846002F1F
:108D400000F085801346624602E0C846002F57D0E7
:108D5000AE68361940F10009002B65D0CDE90082DC
:108D6000D3E9007116F10A0C49F10002BC458A41B1
:108D700058D31A7D95F814C0944519D39A68D2191E
:108D800041F1000112F10A0841F1000E444570EB77
:108D90000E0751D22F693F1940F1000CB8457EEB08
:108DA0000C0B01D24746F44697427CEB010C0AD3E8
:108DB0009B69002B36D0183BD2E7264684468E426C
:108DC0007CEB030CAFD2234A0423AB77516800231A
:108DD0002B766B76AB76EB7605F118021D4B0029EE
:108DE00033D09B681A601C4B1A4918788A6002F0CD
:108DF00047FE00258AF8005005B0BDE8F08F936962
:108E0000294641F8183F916103AA00210020FFF78D
:108E100087FE2D1AB5FA85F56D098AF8005005B060
:108E2000BDE8F08FDDE90082002AE8D12B46094A2F
:108E300043F8188FD360E7E727468446B4E76B7D95
:108E4000DB07F3D54246434682E75A60CBE76246EA
:108E5000EAE700BFD01300208503002010B50A4CBC
:108E60002378FF2B0AD1094802F0E0FD084B20705F
:108E70000022DA605A609A601A8210BD4FF4847141
:108E80009F2002F03FFC00BF85030020858A000080
:108E9000D013002010B5054C2078FF2800D110BD5C
:108EA00002F0DEFDFF23237010BD00BF850300200C
:108EB000034B1A8A02F1010CA3F810C0F6E600BFBA
:108EC000D013002030B583B004460D4601AA00211E
:108ED0000020FFF725FE0346E31AB3FA83F35B098C
:108EE00005482B7004F1180106F040FA10B1002378
:108EF000A377012003B030BDDC1300208AE600BF59
:108F000070B5154E7368054600F11801BBB1736862
:108F1000002423B913E01A681C4682B11346994213
:108F2000F9D10CB1AA6922607268914204BF1B6832
:108F30007360B36899420AD00023AB7770BD0648CE
:108F400006F014FA0028F9D00023AB77F6E70023E7
:108F5000B460AB77F2E700BFD013002030B5054610
:108F600083B00C46FFF756FE01AA28462146FFF7BC
:108F7000D7FD28B1054B00F118025A6103B030BD8E
:108F8000024B02465A6103B030BD00BFD01300202F
:108F900010B5064C616904F10C0006F0E7F918B150
:108FA000606900231838636110BD00BFD013002032
:108FB0001C49C96839B3A1F1180C9CF814108142FE
:108FC0001DD870B5DCE9004112F10A0543F1000E2D
:108FD000AC4271EB0E0620D2DCF81060341941F17E
:108FE0000001AC4271EB0E0115D2DCF8181071B122
:108FF000A1F1180C9CF814108142F6D8E2E7DCF8D5
:1090000018100029D7D14FF0FF30014670474FF0BC
:10901000FF30014670BD2C467146B4F10A0041F1A3
:10902000FF3170BDD013002010B5837F022B06D016
:10903000837F012B02D0837F042B1DD110BD437D84
:1090400013F0020313D103210E4A8177546803768B
:1090500000F1180143768376C3765CB1936819609A
:10906000094B9160BDE81040187802F009BD00235B
:10907000837710BD5160F3E74FF4FB719F2002F03E
:1090800041FB00BFD01300208503002070B5114DB7
:1090900000F118060446314605F10C0006F066F9A9
:1090A00098B10423A3776A68002323766376A376B6
:1090B000E37642B1AB681E60074BAE601878BDE83E
:1090C000704002F0DDBC6E60F6E74FF400719F2047
:1090D00002F018FBD0130020850300202DE9F04F8B
:1090E000066983B0002E70D1D0E900158368077D32
:1090F000EFF3108472B6DFF8DCC0DCF80C20002A35
:109100005CD013F10A0EBCF81080CDF8048046F153
:109110000006183AB046D2E9003611EB0E0A45EBCC
:1091200008099A4579EB060C48D38B4276EB050C7F
:1091300028D3D2F810C01CEB030C46F1000BD44529
:109140007BEB090B34BF4FF0010C4FF0000CBCF16E
:10915000000F13D092F814C0BC4526D034BF4FF096
:10916000010C4FF0000CBCF1000F07D013F10A0105
:10917000936846F10005591845F100059269EAB176
:10918000183AC8E7D2F808A013F10A0C46F1000912
:109190001AEB0C0C49F10009614575EB090934BF64
:1091A0004FF0010C4FF0000CD1E7B2F81CC0DDF815
:1091B0000490ACEB090CCCF3C03CD4E704B962B624
:1091C000C0E9001503B0BDE8F08F40F21F219F20D9
:1091D00002F098FAD013002070B5054682B00C4614
:1091E00001AA00210020AE8BFFF79AFC0346EB1A80
:1091F000B3FA83F35B0910488DF8033005F11801C9
:1092000006F0B4F898B10023AB77A446BCE80F0091
:109210002C460FC49CE80300324684E8030028462D
:109220000DF10301FFF742FD012002B070BD40F2D5
:109230004A219F2002F066FADC130020024B052130
:10924000186806F06DB800BFE8130020042970B557
:1092500012D00CD905292ED1194E757905F0FD05CE
:10926000012D11D040F2BF11B02002F04BFA0239AB
:10927000012920D8002070BDFFF78AF90028F9D015
:109280000F4B01221A71F5E70446B0790028E9D1A5
:10929000B3689847D6E90401B3690A4AB571323810
:1092A00041F1FF31C01841F1000101F0F1F8064B26
:1092B0002360022070BD40F2C911B02002F022FAF2
:1092C000E81300203D9200002D960000054BD86960
:1092D00010B1C3680621184710B540F28D21B020A7
:1092E00002F010FAE81300202DE9F8431646002B8F
:1092F0006AD0D3E90089804579EB01033CBF8946F8
:109300008046474F04460D4640464946C7E908890E
:1093100001F08AFB3B8DB8EB040403F1640369EBB5
:1093200005050022A342AA410FDBBB6903F5E173E7
:109330009C4275F1000519DA3A4A4046494601F067
:10934000A7F8394B3360BDE8F883BA797B791AB353
:109350009A1E012A1AD9B9690022012B01F5E1717F
:10936000BA7144D08C4275F10005E5DB01F068FB71
:1093700001F0E8FFBB692B4AB8EB030069F100017B
:1093800001F086F8294B3360BDE8F883BB68012003
:1093900098470023BB717B79BA69012B02F5E17212
:1093A000114624D0032BDDD1944275F1000522DA59
:1093B000388D1C4AB8EB000069F1000101F068F833
:1093C0001B4B3360BDE8F883154FBB791BB17B792C
:1093D000023B012B20D90023BB7101F031FB01F0CE
:1093E000B1FF01F023FB134B3360BDE8F8838C42DF
:1093F00075F10005DCDB01F023FB01F0A3FF388DE4
:10940000BB698342B7D2B8EB0000064A69F100019C
:1094100001F03EF8084B95E7BB6801209847DAE772
:10942000E81300203D9200002D980000DD9600001A
:109430003D9400007D970000AD970000042970B5B1
:10944000044612D00CD9052931D11B4E757905F08F
:10945000FD05012D1DD04FF40D71B02002F052F921
:109460000239012923D8002070BDFFF791F80028A8
:10947000F9D001F071F801F081F806460D46FFF7CA
:109480006DFD2246034629463046FFF72DFF022098
:1094900070BDB0790028DED1B3689847D6E90801DD
:1094A000064AB57100F0F4FF054B2360EFE74FF477
:1094B0000F71B02002F026F9E81300203D92000061
:1094C0002D98000002392DE9F04104292DD8DFE85C
:1094D00001F00309292C0C00164A5379003B18BFF0
:1094E000012393710020BDE8F081044600F09CFF49
:1094F00001F044F80E460746FFF730FD0D4D80465B
:10950000E869FFF791FD224638463146434600247C
:1095100000260027C5E90867EC61FFF7E5FE022099
:10952000BDE8F081FFF734F8DCE740F2EF11B0203E
:1095300002F0E8F8E81300202DE9F04F364E96F8D7
:109540000690B56983B08046B9F1000F32D17379C6
:1095500003F0FD03012B3ED001F010F8431941F157
:10956000000204460F461846114601930092FFF789
:10957000F5FC00283BD0D0E900ABAA457BF1000107
:10958000DDE9002319D200200146C6E90832234A4A
:1095900000F07EFF5046594601F046FAB9F1000F3F
:1095A00002D0338D9D421CD01D4BC8F8003003B053
:1095B000BDE8F08F4FF00009CEE7BAEB05006BF184
:1095C0000001844277EB01033CBF04460F46631958
:1095D00047F10002D9E7328D9542994638BF1546CA
:1095E000BAE7104BC8F8003003B0BDE8F08FB3798C
:1095F0001BB17379023B012B09D90023B37101F030
:1096000015FA094BC8F8003003B0BDE8F08FB36815
:1096100001209847F1E700BFE81300203D920000C9
:10962000DD960000AD9700007D970000023970B50F
:1096300003294AD8DFE801F005022407254B002260
:109640001A71002070BD044601F002FA08B3214DE2
:109650002E796EBBFFF79CFC50B3E861C5E90B6641
:1096600000F0D6FEE869022383773146C368984745
:10967000D5E90801FFF742FC174B2360022070BDBB
:10968000FEF786FF0028DCD0124B01221A71002061
:10969000D8E700200021FFF761FC08B1FFF7F6FCD6
:1096A00001F0CEF901F04EFE2046FFF745FFE5E759
:1096B00000F064FF06460D46FFF750FC22460346C5
:1096C00029463046FFF710FED8E740F2A511B0203A
:1096D00002F018F8E8130020C5940000042938B5FA
:1096E000044621D01BD905293BD1204D01F0A0F91A
:1096F00001F022FE6B7903F0FD03012B1ED000F078
:109700003DFFAB691A4A323B65EB0505181845EB7E
:10971000010100F0BDFE174B2360022038BD023965
:1097200001291ED8002038BDFEF732FF0028F9D0ED
:1097300000F012FF2046FFF7FFFEEEE7AB79002BAB
:10974000DDD100F01BFF2A8DAB699B1AC5E904012E
:109750001818074A41F1000100F09AFE064B2360F9
:10976000DBE740F26B11B02001F0CCFFE8130020E2
:109770003D9200002D9600004D920000032910B587
:1097800006D801290AD840F21711B02001F0BAFF1B
:109790000429F8D10446FEF7FBFE08B9002010BDED
:1097A0002046FFF7C9FE022010BD00BF042970B596
:1097B000044612D00CD905292CD1194E757905F023
:1097C000FD05012D14D040F23311B02001F09AFFB5
:1097D000023901291ED8002070BDFEF7D9FE0028ED
:1097E000F9D000F0B9FE2046FFF7A6FE022070BDBA
:1097F000B0790028E7D1B3689847B369306A716AD5
:10980000084AB571C01A61F1000100F041FE064B33
:109810002360EBE740F23B11B02001F073FF00BF83
:10982000E81300203D920000DD960000042970B589
:1098300004461FD019D905292FD1FFF7A9FBF8B18C
:10984000184D0026E861C5E90B6600F0E1FDE86906
:10985000022383773146C3689847D5E90801FFF7AB
:109860004DFB114B2360022070BD0239012914D831
:10987000002070BDFEF78CFE0028F9D000F06CFED1
:1098800000F07CFE06460D46FFF768FB22460346C5
:1098900029463046FFF728FDE5E740F21721B020C2
:1098A00001F030FFE8130020C594000010B5EFF37D
:1098B000108472B60B4B0C4A1B681B6893420DD088
:1098C0000A4A93420AD00A4A934207D001F0B8F8F4
:1098D00001F038FD01F0AAF800F03EFE04B962B6CE
:1098E00010BD00BFE81300207D970000AD97000079
:1098F000DD96000010B5054A054C0260002320608B
:10990000637101F035FD3230A06110BD7D9700001C
:10991000E813002008B5074B074A19680968914207
:1099200002D13230986108BD40F27221B02001F0BE
:10993000E9FE00BFE81300207D97000010B5EFF3AB
:10994000108472B6034B0421186805F0E9FC04B9D1
:1099500062B610BDE813002008B5064BDB6923B1E1
:10996000BDE80840044A00F093BD40F29321B020C6
:1099700001F0C8FEE8130020CD92000008B5064BA8
:10998000DB691BB1BDE8084000F0E6BD40F299215B
:10999000B02001F0B7FE00BFE813002008B5054B6A
:1099A000DA690AB1D86208BD40F29F21B02001F007
:1099B000A9FE00BFE813002008B5054BDA690AB11B
:1099C000186308BD40F2A521B02001F09BFE00BF46
:1099D000E8130020044B1B6B03B1184710B540F28D
:1099E000AB21B02001F08EFEE8130020044BDB6AAF
:1099F00003B1184710B540F2B121B02001F082FE4A
:109A0000E8130020014BD869704700BFE81300201D
:109A100008B5054BDA6912B1D3E9080108BD4FF466
:109A20002F71B02001F06EFEE8130020024B32319E
:109A300058719A6019857047E8130020044A5379D9
:109A400003F0FD03012B0CBF108D0020704700BFF9
:109A5000E8130020054B1B681BB1D3E90820052142
:109A6000104710B57621452001F04CFE201400204F
:109A7000054B1B681BB1D3E908200421104710B522
:109A80007021452001F03EFE201400202DE9F04118
:109A90002A4E2B4A06F10803C31ADB1002FB03F31C
:109AA00005460F46DBB206EB43045A0094F808352E
:109AB000C9B93368ABBBD6F84835B3BB06F5A1636B
:109AC000134430601F48C6F84835FFF767FF1E484B
:109AD000FFF772FFD6F848355BB3FEF76BFF94F8DB
:109AE000093580462BB9D5E908303946BDE8F04143
:109AF0001847FEF733FD18F12008A8EB0000C6F860
:109B00004C0500F08BFD0028FBD0104B0022C3F861
:109B1000A8253946C3F8AC25D5E90830BDE8F041A1
:109B200018478E21452001F0EDFD8F21452001F0E1
:109B3000E9FD4FF4F671452001F0E4FD201400200A
:109B4000CDCCCCCC719A0000559A000000F00140B9
:109B5000FFF724BFFFF730BF044B0021402203F57D
:109B6000A1601960C3F8481502F092B820140020D3
:109B7000FEF7E4BC704700BF08B5084B1A684AB14D
:109B8000002107481960C3F84815D060BDE80840B7
:109B9000FEF7BEBDC121452001F0B4FD2014002018
:109BA0008D9A00001F280AD8064B03EB400393F858
:109BB000082522B1002283F80825012070470020E3
:109BC000704700BF2014002070B50023114C0D46D3
:109BD00002E00133202B19D004EB430C9CF808253C
:109BE00002F0FF01002AF4D1DEB2FF228CF8082532
:109BF00003EB830304EBC304C4E90A0506482022EF
:109C000000EBC30002F044F8304670BD1E463046FB
:109C100070BD00BF20140020281400201F2812D877
:109C200010B40A4B03EB400494F8084544B100EB30
:109C3000800003EBC003C3E90A12012010BC704787
:109C4000002010BC70470020704700BF2014002087
:109C500030B50A7887B00023CDE90033CDE902336F
:109C6000CDE904330D460446002A3ED1D1E9040172
:109C7000203841F1FF316B7A9DF815200191C3F333
:109C800040035B0022F0030243F0010313438DF80D
:109C900015306B68174A297A8DF814102033029317
:109CA000154B039353680090C3F308038BB1103B2B
:109CB0005BB2002B13DB03F1604303F5614393F8C0
:109CC00000335B092BB969462046FEF7C5FC07B097
:109CD00030BD69462046FEF79DFC07B030BD03F05D
:109CE0000F031A44137D5B09ECE7FEF727FC2B6991
:109CF0000493C0E700ED00E08D9A00001F285CD8B7
:109D000030B5044687B0344A02EB400292F8083579
:109D100013B9002007B030BD4B7A0D46C3F3800164
:109D200081F0010182F809150022CDE90022CDE978
:109D30000222CDE904222A78002A46D128696969DD
:109D4000203841F1FF319DF815200191C3F3400304
:109D50005B0022F0030243F0010313438DF815303A
:109D60006B681E4A297A8DF81410203302931C4B1D
:109D7000039353680090C3F30803A3B1103B5BB295
:109D8000002B1CDB03F1604303F5614393F80033C0
:109D90005B0943B9134804EB8404694600EBC40033
:109DA000FEF75AFCB6E70F4804EB8404694600EB63
:109DB000C400FEF72FFC07B030BD0020704703F051
:109DC0000F031A44137D5B09E3E7FEF7B7FB2B692A
:109DD00004936B7AB7E700BF2014002000ED00E089
:109DE0008D9A0000281400200D4A5368C3F308031D
:109DF0006BB1103B5BB2002B0BDB03F1604303F54F
:109E0000614393F800335B090BB9FEF711BDFEF710
:109E10009DBC03F00F031A44137D5B09F4E700BFF8
:109E200000ED00E0124A5368C3F3080393B1103BFE
:109E30005BB2002B15DB03F1604303F5614393F83C
:109E400000335B0933B90B4B00EB800003EBC00020
:109E5000FEF7EEBC074B00EB800003EBC000FEF703
:109E600075BC03F00F031A44137D5B09EAE700BFDA
:109E700000ED00E02814002010B5027886B0FAB991
:109E8000D0E90431044640680592203B00F12000EF
:109E900041F1FF3100930290237A8DF81430684627
:109EA000CDE903220191FEF795FDDDE90032203373
:109EB0004FF0010042F10002C4E9043206B010BDC7
:109EC0004FF4AA71452001F01DFC00BF0C4BD3F8E4
:109ED000483510B573B10446FEF76CFD20344FF0E1
:109EE000000343F10003201843EB0101FEF728FBB8
:109EF000012010BD4FF4F671452001F003FC00BFB6
:109F00002014002008B54FF4BA71452001F0FAFB87
:109F100010B50B4C0A46D4F8481559B103461946FA
:109F20002068FEF7E3FC08B9022010BDFEF714FB21
:109F3000002010BD40F27911452001F0E3FB00BF85
:109F40002014002010B51D4C6368C3F3080386B0CD
:109F500053B3103B5BB2002B0A4628DB03F160438E
:109F600003F5614393F800335B09EBB91169547A47
:109F7000203900915169CDE90433C4F3400453689A
:109F8000127A8DF8142041F1FF310D4A01916400DD
:109F9000203344F001046946CDE902328DF81540C2
:109FA000FEF7FAFC06B010BD002006B010BD03F0AD
:109FB0000F031C44237D5B09D7E700BF00ED00E0E1
:109FC0008D9A00001F2805D8244B03EB400393F81B
:109FD00008350BB9002070470A4621494B68C3F386
:109FE0000803002BF6D0103B5BB2002B2FDB03F1F4
:109FF000604303F5614393F800335B09002BE9D11B
:10A0000010B5D2E9044186B0CDE9043392F809C015
:10A01000144B00EB8000203C03EBC000CCF3400C61
:10A020005368127A8DF8142041F1FF310E4A0191E4
:10A030004FEA4C0C4CF0010C20336946CDE902325A
:10A0400000948DF815C0FEF7A7FC06B010BD03F014
:10A050000F0319440B7D5B09D0E700BF20140020DB
:10A0600000ED00E0281400208D9A0000044BD3F886
:10A07000482512B11868FEF7ABBC0220704700BF3C
:10A0800020140020024B01461868FEF7E3BB00BF16
:10A0900020140020FEF76EBB1F2808B50ED80C4B0D
:10A0A00003EB400292F808256AB1083300EB800008
:10A0B00003EBC000BDE80840FEF75CBB40F2E511D1
:10A0C000452001F01FFB4FF4F371452001F01AFB0E
:10A0D0002014002008B5074BD3F848352BB1FEF704
:10A0E00069FC203041F1000108BD4FF4F6714520B4
:10A0F00001F008FB20140020014BD3F84C057047F9
:10A1000020140020FEF72EBA704700BFFEF728BAD1
:10A11000FEF72ABAFEF72ABA08B5FFF787FC002037
:10A1200008BD00BF00F0AABC10B50C7886B064BBB7
:10A130000492D1E904320594203B164C009342F17D
:10A14000FF324B7A019200EB800E04EB40020834A0
:10A15000C3F3400C04EBCE00C3F380034C68097AD0
:10A160008DF8141083F001030B4982F8093520346F
:10A170004FF00002CDE902416CF3410269468DF8CF
:10A180001520FEF747FA06B010BD40F231214520F8
:10A1900001F0B8FA201400208D9A000070B4EFF39B
:10A1A000108672B617490D78ADB1174BD3F8044538
:10A1B000D3F848314FF6FF7294421FD0E3B147F60F
:10A1C000FE739C4218D84B68013306B962B6C0E9E9
:10A1D000004370BC70470C4AD2F80445D2F80431F1
:10A1E00053B14B6801334B60C2F80451D2F80445B7
:10A1F000D2F80431002BF4D14B68E6E7002BFBD1F9
:10A200001C46F9E77019002000B0004010B50A4C58
:10A21000002222742277094B094801215960C3F8B2
:10A220004025C3F840214FF400221961C0F80825E9
:10A2300001F074FC206210BD701900200080004005
:10A2400000F001403749384BF0B44D6A374C0022DA
:10A2500001204A6058609860C3F80843C3F8484337
:10A26000C3F80421C3F84021C3F84421C3F84821AE
:10A27000002D55D02E4C2F4EC4F8A8652E4AC4F898
:10A28000AC55C4F85C394FF40023C4F804350523F9
:10A29000C2F840351060D2F84031002BFBD0244882
:10A2A000002301244FF40025C0F808555460D46001
:10A2B000C2F84031C2F84035C0F8A835C0F8AC3516
:10A2C000C0F8AC350B7833B391F8284018481649DC
:10A2D0001A4E1B4DE30003F1804303F5F8330122CE
:10A2E000A2404FF6FF774FF48024C0F80825C1F84C
:10A2F0004443C1F84875C1F80443C3F81065C3F876
:10A300001455C0F804250F4B4FF40062C3F88021A8
:10A31000F0BC1A607047044B0222C3F80423F2E732
:10A320001860CFE77019002000B00040020007005D
:10A3300000F00140408100400080004048B10040F2
:10A3400008B0004000E100E00D4B0E4A30B401209F
:10A3500000210D4C58604FF40025C3F84015C3F898
:10A3600040114FF480711861C4F80855C2F880118B
:10A37000C2F88010BFF34F8FBFF36F8F30BC7047B0
:10A380000080004000E100E000F0014030B41B4AD2
:10A390001B4C1C4D1C4800230121636051609160DF
:10A3A000C2F80853C2F84853C2F80431C2F8403129
:10A3B000C2F84431C2F848312278C0F8A835C0F854
:10A3C000AC3572B194F828209140D20002F180425D
:10A3D00002F5F832C2F81035C2F81435C0F8081585
:10A3E00023700A4B4FF40062C3F88021C3F8802029
:10A3F000BFF34F8FBFF36F8F30BC704700B000408A
:10A40000701900200200070000F0014000E100E0A8
:10A41000044B4FF080411A6A0123C1F808351360DC
:10A42000704700BF7019002010B4144C1449154A2D
:10A430000023C4F8A8350120C4F8AC354FF0FF3430
:10A4400048600861C1F808430F4891684FF4807470
:10A45000C0F8804141B10D494FF48030C1F8080384
:10A460001374C1F840319360126A10BC4FF0804100
:10A470000023C1F808351360704700BF00F00140A9
:10A48000008000407019002000E100E000B00040B2
:10A4900070B52E4CA36888B0002B51D10DF10B0381
:10A4A000009304ABA26003AA01F00AF89DF80B30F8
:10A4B0000F2B06D9DDE90432013342F10002CDE968
:10A4C000043206A8FFF76AFE069B2678079800224A
:10A4D0000533DDE9041542F10002B6B94FF080768C
:10A4E000E0FB0632994275EB020220D30B0E43EAE1
:10A4F000052321F07F41164A4FF48030C2F8401501
:10A50000E360C2F8040308B070BD4FF48036E0FB8E
:10A510000632994275EB020209D30B0C4FF6FF721B
:10A5200089B243EA0543002908BF1146E3E7FF2348
:10A530002374084B4FF40062C3F8002108B070BDCB
:10A5400040F26121052001F0DDF800BF7019002004
:10A5500000B0004000E100E0064B9A684AB10649AD
:10A560004FF48032C1F8082300221A74C1F8402148
:10A570009A6070477019002000B0004038B5EFF3C2
:10A58000108572B621490C78BCB1214BD3F8040573
:10A59000D3F848314FF6FF7290422ED05BB347F6A6
:10A5A000FE73984227D84C680134CDB100F044FFC7
:10A5B000184D0021E4FB050138BD154AD2F8040509
:10A5C000D2F8043153B14B6801334B60C2F80441F7
:10A5D000D2F80405D2F80431002BF4D14C681DB92F
:10A5E00062B60B78002BE1D10B4D00F025FF002166
:10A5F000E4FB050138BD4C68D7E7002BFBD14C6864
:10A600000DB92846ECE7034D1846EEE77019002017
:10A6100000B0004080841E000080841E70B5EFF3FF
:10A62000108672B6224C217891B1224BD3F80405E2
:10A63000D3F848314FF6FF72904230D06BB347F6F3
:10A64000FE73984229D865680135A6B11A4E17E005
:10A65000184AD2F80405D2F8043153B163680133C3
:10A660006360C2F80411D2F80405D2F80431002B5B
:10A67000F4D165681EB962B62378002BE6D10F4E7F
:10A6800000F0DAFED4E90C120023E5FB0603884251
:10A6900093412CBF0120002070BD6568D5E7002BD9
:10A6A000FBD165680EB93046E5E7034E1846E7E78B
:10A6B0007019002000B0004080841E000080841EBD
:10A6C000194B1A4810B5012200214FF400245A609A
:10A6D000C3F84015C3F840111A61C0F80845D3F813
:10A6E000040520F00300C3F80405D3F8080540F082
:10A6F00003001021C3F8080591FAA1F1B1FA81F124
:10A7000009290CDC0A48C3F810154FF48074DA608C
:10A71000C0F8804104605A60DA601A6010BD0548D4
:10A720004FF4737100F0E4FF0080004000F001403E
:10A7300000E100E088BC02002DE9F047444D454EA1
:10A74000012100234FF4002284B06960C5F8403530
:10A75000C5F840312961C6F80825D5F8042522F04E
:10A760000302C5F80425D5F8082542F00302C5F810
:10A770000825102292FAA2F2B2FA82F2092A62DCC9
:10A78000C5F81025344ADFF8D480E9604FF48070B2
:10A79000C2F880011060324A6960E960C6F8A825F5
:10A7A00098F80020C6F8AC5502A85AB3019304E00B
:10A7B0000123C6F808A56B60EB60FFF7EFFCDDE94D
:10A7C0000243DDF804904FF4002A4FF48037C6F8B6
:10A7D00004A5E3FB0749FFF7E1FCDDE9023201993B
:10A7E000E2FB0731494508BFA342E1D1601C49F1B2
:10A7F000000100F02FFE02460B46C8E90C2304B00E
:10A80000BDE8F087019204E00123C6F808A56B605B
:10A81000EB60FFF7C3FCDDE90243DDF804904FF481
:10A82000002A4FF08077C6F804A5E3FB0749FFF73D
:10A83000B5FCDDE902320199E2FB0731894508BF29
:10A840009C42E1D1D2E707484FF4737100F050FF0A
:10A850000080004000F0014000E100E0701900209D
:10A8600000B1004088BC020010B5029C201841F1E4
:10A870000001801A61EB0301B0F1004F71F100019A
:10A8800000DA10BD40F23131052000F03BFF00BF7F
:10A8900038B5EFF3108572B621490C78BCB1214B65
:10A8A000D3F80405D3F848314FF6FF7290422ED00A
:10A8B0005BB347F6FE73984227D84C680134CDB19C
:10A8C00000F0BAFD184D0021E4FB050138BD154A22
:10A8D000D2F80405D2F8043153B14B6801334B6010
:10A8E000C2F80441D2F80405D2F80431002BF4D1A7
:10A8F0004C681DB962B60B78002BE1D10B4D00F00E
:10A900009BFD0021E4FB050138BD4C68D7E7002B17
:10A91000FBD14C680DB92846ECE7034D1846EEE72D
:10A920007019002000B0004080841E000080841E4A
:10A93000014B5861704700BF70190020F0B5304CD2
:10A94000636989B0002B55D0EFF3108572B60DF115
:10A950000B03009303AA04AB00F0B2FD9DF80B308B
:10A960000F2B06D9DDE90432013342F10002CDE9B3
:10A97000043206A8FFF712FC069B2778079E0533D2
:10A980004FF00002DDE9041042F10002C7B94FF0B8
:10A990008077E6FB0732994270EB020222D30B0E5E
:10A9A00043EA002321F07F41164AA3614FF40033AC
:10A9B000C2F84415C2F8043305B962B609B0F0BD57
:10A9C0004FF48037E6FB0732994270EB020209D35D
:10A9D0000B0C4FF6FF7289B243EA0043002908BF0F
:10A9E0001146E1E7FF232377074B4FF40062C3F8DA
:10A9F0000021E1E740F24131052000F083FE00BF75
:10AA00007019002000B0004000E100E0014B187810
:10AA1000704700BF70190020024B01221A7083F8A2
:10AA20002800704770190020704700BF704700BFB2
:10AA3000024B0122C3F84423704700BF00B000401E
:10AA4000024B0122C3F84823704700BF00B000400A
:10AA500008B500F07DFC30B9074A936B0133312B08
:10AA6000936304D808BD044B00229A6308BD4FF4D9
:10AA70006271052000F046FE70190020014B5862FB
:10AA8000704700BF7019002010B53F4C237882B08A
:10AA9000002B55D03D4BD3F8042352035BD43B4BE2
:10AAA000E168D3F80423D00334D5D3F84031002B28
:10AAB00030D0636899425DD800232374334AA1687B
:10AAC000C2F840314FF48030C2F80803002955D055
:10AAD000A36088472D4BA169D3F80423920324D5A2
:10AAE000D3F844310BB363688B423FD30022227703
:10AAF000264B6169C3F844214FF40030C3F80803C2
:10AB000000293BD08847214BD3F840310193019B6A
:10AB100002B010BD6268237C002BCDD19142D9D9FF
:10AB20001A4B0022C3F84021D4E76268237F002B30
:10AB3000DCD18A42E7D2154B0022C3F84421E2E778
:10AB4000124AD2F804110029A9D0C2F8043163686E
:10AB500001336360A3E7D3F84821002A9FD0002285
:10AB6000C3F8482163680133636098E7237F002BB3
:10AB7000E1D0BBE7237C002BD2D09DE740F2CA3165
:10AB8000052000F0BFFD00BF7019002000B000409C
:10AB9000014B187D704700BF98120020042810B5A3
:10ABA00011D883B104280CBF10242824A1420AD252
:10ABB000064C54F8200018B141568A42A8BF0A46F4
:10ABC0001A70002010BD6FF01500FBE798120020EE
:10ABD00030B50346114890F91C209A4219DD90F9CE
:10ABE00024209A4217DA9A1A846AA05C0C4A1556F5
:10ABF0009D420DD00E32002918BF01309442C0B2E0
:10AC000006D129B1013BDBB2012B01D80130C0B222
:10AC100030BD0D20FCE70020FAE700BF98120020AD
:10AC20001CB5020008B5054B93F91C30984203DAB5
:10AC3000FFF7CEFF024B1B56184608BD98120020A6
:10AC40001CB5020008B5184B93F82C20FAB9012264
:10AC500083F82C20154A1268A2F10800082803D8AE
:10AC600013490141C90709D5911F092910D901329A
:10AC700012D04FF4DF71742000F044FD0D4A9A6247
:10AC8000D8221A6283F8242008229A611A7708BD14
:10AC9000094A0A41D207ECD4084A9A62D8221A62B9
:10ACA00083F824200422F0E798120020701300207B
:10ACB000DEFEFFFF57B50200EEFCFFFF2AB50200E3
:10ACC00010F0FF0008B508D14FF0804301225A6010
:10ACD000C3F80001034B187008BD8421B52000F0B3
:10ACE00011FD00BFC5120020014B01221A707047F0
:10ACF000C512002008B548B94FF08043D3F80031A1
:10AD000013B9044B187808BD0120FCE7D021B52009
:10AD100000F0F8FCC5120020044B1868062818BF84
:10AD2000B0F1FF3F0CBF01200020704770130020DE
:10AD300008B5094B1A680A2A02D1084B1B6823B1CF
:10AD4000FFF7EAFF08B9082A04D14FF08043022236
:10AD5000C3F8342C08BD00BF70130020741300200A
:10AD6000F8B50F4E0127375404460D4604F096FA05
:10AD700060B934B94FF08043B7707560C3F804739D
:10AD8000F8BD4FF494716D2000F0BCFC002DF7D09D
:10AD90001CB92046A8477460F2E740F24311F2E77D
:10ADA000C8120020044B191800228A7003EB80019E
:10ADB0001A544A60704700BFC812002010B5034CF7
:10ADC000A08100F00FFCE08110BD00BFC812002080
:10ADD000014B188A704700BFC8120020014B9889A8
:10ADE000704700BFC812002010B5EFF3108472B690
:10ADF000064B03449A7C0132D2B29A749B7C012B9D
:10AE000001D104F03FFA04B962B610BDC8120020A7
:10AE100010B504F06BFA04F041FA4FF08044084991
:10AE200040B1FFF785FF0123236104230B75002345
:10AE30004B7510BD03230B750123C4F80433F6E7EB
:10AE4000C812002010B5EFF3108472B6094B03440A
:10AE50009A7C22B940F267216D2000F053FC9A7C65
:10AE6000013AD2B29A749B7C0BB9FFF729FF04B95F
:10AE700062B610BDC8120020024B187D003818BF02
:10AE800001207047C812002073B51B4DEB7D63B9DC
:10AE9000686A00F0030004F019FA30B1EFF3108390
:10AEA00072B62A7D1AB103B962B602B070BD012232
:10AEB0002A7503B962B64FF080430822C3F808230D
:10AEC0004FF42073ADF80630BDF80640A4B2631EFF
:10AED0009BB2ADF80630002CF6D14FF08046074803
:10AEE000C6F80C4104F057FA85F82940FFF790FFA7
:10AEF0000823C6F80433D8E7C8120020F012002057
:10AF00002DE9F347484CA37D002B00F08A800323F2
:10AF1000ADF804304FF08043D3F80051F5B9D3F8C1
:10AF20000481B8F1000F09D04FF080430022C3F82C
:10AF300004210222C3F80823FFF7A6FF94F8296032
:10AF40003A484FF08047F6B2D7F80C8104F027FA60
:10AF500048B340F253316D2000F0D4FB00258DF84A
:10AF600004500122D3F80481C3F808230DF1040929
:10AF7000271DA61C19F8010B03280AD0337843B10A
:10AF80003B684FF0000A86F800A013B19847C7F855
:10AF900000A06B1C022B07F1040706F101064FF01D
:10AFA0000105E7D1BDE745B1237D032B05D104237E
:10AFB0002375FFF7BDFE01233B61B8F1000F1FD0E1
:10AFC0004FF080430022C3F80C21237D042B02D0D4
:10AFD00040F27931BFE7164B1A680A2A02D1154BA5
:10AFE0001B6823B1FFF798FE08B9082A04D14FF077
:10AFF00080430022C3F8342C0223237504F079F92E
:10B000004EB1002384F82930237D022B01D1FFF7B4
:10B01000FFFE04F06EF9054802B0BDE8F04704F009
:10B02000CDB902B0BDE8F087C8120020F0120020B0
:10B03000701300207413002010B5054C606A00F0F6
:10B04000030004F043F90028F8D0002010BD00BF31
:10B05000C8120020F8B5054650B10278042A07D876
:10B06000437842B9013B1F2B02D88378212B07D9A3
:10B070006FF0150076E0002BFAD18378002BF7D122
:10B080007B4B0127C3F88070BFF34F8FBFF36F8FE7
:10B090004FF08046C3F88071764C0B23C6F8083316
:10B0A0000023C6F80031C6F80431C6F80C31A37489
:10B0B000E374AB88238204F0F4F808B12770A77416
:10B0C000D6F80C24D6F80C34D20303D5DF0701D50B
:10B0D000FFF70AFE4FF4AF60FFF770FE2B78A978F8
:10B0E000E3750022626221766275042B4DD8DFE899
:10B0F00003F005033A484A000123636204F0D8F8DC
:10B1000000284DD004F0DBF8636A03F00303984293
:10B1100046D1AB79002B3DD1FFF78EFF237E6BB17B
:10B120002B785BB904F0BAF8054600F043FC6FF0E9
:10B130000043002D00F09980C4E907034FF08043DD
:10B14000D3F80C24D3F80C34D20303D5DB0701D594
:10B15000FFF7CAFD464A012300202075A375C2F8F7
:10B1600080311360F8BD04F0C1F84FF08043D3F88C
:10B170000C14D3F80C24CE03F9D5D007F7D502234D
:10B18000BBE73D4BB9E73D4BB7E740F22E516D2091
:10B1900000F0B8FA4FF080430222C3F80423BDE761
:10B1A0004FF080430122DA600022C3F80421626A72
:10B1B000C3F81825324A1368A3F10E01012904D9F6
:10B1C0000A2B02D0FFF7A8FD48B14FF080534FF093
:10B1D0008041D3F84432C3F34233C1F83C3513689D
:10B1E000A3F10E02012A04D90A2B02D0FFF794FD25
:10B1F00020B14FF080430122C3F84C254FF080432B
:10B2000001229A600222C3F80423AA79002A85D178
:10B21000D3F80423910702D440F2E141B7E7194A79
:10B220001669116941F010011161D3F8043106F07B
:10B2300010060BB904F0CFF84FF08047D7F804316F
:10B2400083B1FFF7F9FE26B90E4A136923F0100304
:10B2500013614FF080430222C3F808230022C3F891
:10B2600004215BE704F0B5F8E8E7C4E9073065E7D7
:10B2700000E100E0C812002001000200010003000C
:10B280007013002000ED00E010B50D4C04F1280013
:10B2900004F085F848B9237D022B01D1FFF7B8FDF2
:10B2A000BDE81040074804F089B8074A012384F834
:10B2B0002930BDE81040C2F8003104F017B800BFD3
:10B2C000C8120020F012002000E100E038B50C4B5D
:10B2D0000C46197919B18D216F2000F013FA60B96D
:10B2E0005D790DB1002038BD01225A71FFF77CFD58
:10B2F00021462846FFF734FDF4E76FF01500F2E72A
:10B30000F412002038B50B4D2B7904461BB1A42153
:10B310006F2000F0F7F950B96B790BB9002038BDF8
:10B32000FFF740FD20466C71FFF78CFDF6E76FF0EC
:10B330001500F4E7F4120020014B9B68184700BF8A
:10B34000F4120020014BDB68184700BFF412002004
:10B35000014B1B69184700BFF4120020034B1A79F8
:10B360000AB9FFF735BD988D704700BFF412002071
:10B37000034B1A790AB9FFF731BD988A704700BFAD
:10B38000F4120020024B1B790BB9FFF77DBD70470B
:10B39000F4120020014B9B69184700BFF4120020F3
:10B3A00010B5144C2379A3B1636A9847002806DBD3
:10B3B00094F82E3023B1012384F83230002010BDE0
:10B3C000FFF7E8FF0028F6DA40F2A5116F2000F041
:10B3D00099F9094BA361094BE361094B2362094BBE
:10B3E000A360094BE360094B2361FFF733FE00289C
:10B3F000E1D0E4E7F412002039B0000089B2000087
:10B4000079AE0000EDF20000F3F20000F9F2000066
:10B4100038B5084B1D79044625B140F2F9116F206B
:10B4200000F070F9FEF776FA2046FFF7C7FC2846D1
:10B4300038BD00BFF412002043F60952C0F30803E0
:10B4400002FB03F3400A03F5807302FB00F000EBFC
:10B450005320704710B5C0F34E22C0F30804000E0D
:10B4600040EA012043F60953090E03FB04F403FBF1
:10B4700002F24FEA401E4B01BEEB000E43EAD063DE
:10B4800004F5807402EB542263EB01044FEA841C40
:10B490004FEA8E13B3EB0E034CEA9E6C6CEB040C7C
:10B4A0004FEACC0C4CEA537CDB001B1841EB0C013F
:10B4B000D803C903101841EA534141F1000110BDFE
:10B4C0002DE9F04180460C4617461E46FFF79EFACE
:10B4D000D0B13D4B9C426FD83C493D484FEA585251
:10B4E00042EAC422A1FB0243C8F34F149B0B04EBB6
:10B4F000024400FB1344A1FB0414A40B44EA0344DC
:10B50000344B03FB148819E0334B9C4258D82F4925
:10B510002F484FEA587242EAC402A1FB0243C8F323
:10B520004F349B0B04EB024400FB1344A1FB0414B7
:10B53000A40B44EA0344294B03FB148848F2376206
:10B540004FEA583302FB03F31B0C43F60952244D18
:10B5500002FB138101FB05F56D0D05FB02F205EB06
:10B56000432502F574530833B1EB532F21D802F56C
:10B570008072A1EB5221C9B2069B1970FFF746FAFF
:10B5800058B123045D194FEA144444F10004C6E99C
:10B590000054C7F80080BDE8F08123065D194FEA2A
:10B5A000142444F10004C6E90054C7F80080BDE843
:10B5B000F08101350021DFE79D219B2000F0A2F8FA
:10B5C000A6219B2000F09EF87F841E0083DE1B4393
:10B5D000000024F480841E00FF7F841E0080841EEF
:10B5E0006F0C0100420B48F2376303FB02F2120CAE
:10B5F00043F6095C084B0CFB120101FB03F303F556
:10B6000086336E335B0D0CFB03FC5002B1EB5C2FF9
:10B6100088BF0130184470476F0C0100014B187946
:10B62000704700BF2C130020044B1A79824283BF5D
:10B630001B68302202FB0030002070472C130020D2
:10B64000BFF34F8F0549064BCA6802F4E06213430B
:10B65000CB60BFF34F8F00BFFDE700BF00ED00E000
:10B660000400FA05094B01225A604FF0FF32C3F87B
:10B670000823074B4FF48042C3F88020BFF34F8F5D
:10B68000BFF36F8FC3F88021704700BF00E0004018
:10B6900000E100E0094B01225A604FF0FF32C3F88D
:10B6A0000823074B4FF48052C3F88020BFF34F8F1D
:10B6B000BFF36F8FC3F88021704700BF00C0004008
:10B6C00000E100E0084B0022C3F8FC2F0122C3F880
:10B6D000FC2F064B0222C3F88020BFF34F8FBFF32D
:10B6E0006F8FC3F8802170470010004000E100E038
:10B6F00008B572B6024B5B6803B19847FFF7A0FF2D
:10B70000341300201FB572B6134B5D6895B9FFF76F
:10B7100097FF2346B2FBF6F25C1C002AF9D104AE77
:10B72000DCB256FA83F303F80C2C0A2234B901A8D0
:10B73000A847ECE7024600230A26EDE7631E04AEA5
:10B74000DCB256FA83F3B0FBF2F602FB160030309F
:10B7500003F80C0C3046E9E734130020F8B51F4E0F
:10B76000337805460C461746A3BB00F0CBF9FFF72C
:10B7700069FA77603472FFF7A5FFFFF78BFFFFF7D9
:10B7800071FF174B002D14BF28461846FFF708FE1F
:10B790000546E8B9FEF7E0F9FFF7F4FD03F0AFFD69
:10B7A000FCF7AEFE18B9BE211120FFF7ABFF002C4D
:10B7B0000CDB04F01F026409A40004F1604404F5EA
:10B7C000614401239340C4F8803123600123337026
:10B7D0002846F8BD4FF0FF35FAE700BF34130020CC
:10B7E00088B50200074B93F90830002B09DB5A0992
:10B7F000012103F01F03994002F14003024A42F87D
:10B80000231070473413002000E100E0014B18784A
:10B81000704700BF341300202DE9F047DFF8CC90CB
:10B82000334C344D344F82B00246012699F80080E3
:10B830005FFA88F8FF2389F80030B8F1000F01D0D3
:10B8400089F80130EFF3108172B600236660C4F806
:10B850000031C4F80431C4F80425266039B962B651
:10B8600005E0D4F8043133B92B69DB0621D4D4F8D0
:10B870000031002BF5D0D4F80431002BE2D1B8F11F
:10B88000000F13D199F80130DBB289F80180032051
:10B890004FF48041C4F80803C4F80481C4F800815F
:10B8A000C7F8801189F80080002BBFD102B0BDE835
:10B8B000F0874FF48043C7F88031EFF3108A72B6F7
:10B8C0000323C4F80433D4F8003113B9D4F8043195
:10B8D0001BB1BAF1000FCAD1C1E7019203F079FDA3
:10B8E000019ABAF1000FC2D1B9E700BF401300209E
:10B8F00000E0004000ED00E000E100E070B514461B
:10B90000DA078CB01D4686468C4633D5C36842683C
:10B910001BBA0093CB681BBA049383681BBA0193CC
:10B9200003681BBA03938B6812BA1BBA0292059381
:10B930004A680B6812BA1BBA6E46069207933046E5
:10B94000FFF76AFFAB070DD5DDE90A10DDE9083224
:10B9500000BA09BA12BA1BBA20606160A260E36043
:10B960000CB070BD08AD0FCD20606160A260E360D7
:10B970000CB070BDDEF80410DEF80820DEF80C30E4
:10B980000068EE46AEE80F00DCF80000DCF80410BA
:10B99000DCF80820DCF80C306E46AEE80F00CEE78D
:10B9A00010B5002482B0CDE90044FFF7A7FF02B034
:10B9B00010BD00BF1A4B4FF4805270B5C3F8802001
:10B9C000BFF34F8FBFF36F8F164C174D0021C4F894
:10B9D0000011C3F880212E692B6943F010032B61FD
:10B9E0000123C4F8043306F010062360D4F80031B4
:10B9F0009BB11EB92B6923F010032B610123D4F8EE
:10BA000008056360C4F808330023C4F80031044B10
:10BA10004FF48052C3F8802170BD03F0DAFCE5E7F3
:10BA200000E100E000C0004000ED00E00B4938B547
:10BA3000042301EBC302157905F0FF042DB1013B8E
:10BA4000F7D240216920FFF75DFE41F83300012164
:10BA5000547194711171D8B238BD00BF44130020E5
:10BA6000042808B503D947216920FFF74BFE034B93
:10BA700003EBC00300221A7108BD00BF441300206D
:10BA8000042808B503D950216920FFF73BFE094B74
:10BA900003EBC0000379012B01D05121F4E7437976
:10BAA00082790133DBB29A4218BF4371BDE8084086
:10BAB000FFF798BE4413002038B5114D052495F8C2
:10BAC000281005EBC1031A79012A09D158799A790E
:10BAD000904205D05A79D2B29A7155F831309847D0
:10BAE00095F828300133DBB2052B04F1FF3428BF71
:10BAF000002314F0FF0485F82830E0D138BD00BFE2
:10BB0000441300204FF08052034BD2F830111960DB
:10BB1000D2F834215A60704770130020084B1B681C
:10BB2000083B082B0AD840F2211222FA03F313F043
:10BB3000010F044B044818BF18467047024870476D
:10BB40007013002000E701400C050040144B1B68F7
:10BB5000062B03D0013301D020BF7047EFF31080D4
:10BB600072B6104A1369116941F0100111610E4952
:10BB7000D1F80021D1F804110A4303F0100300D0DA
:10BB800040BF20BF00BF00BF00BF00BF23B9054AB0
:10BB9000136923F01003136100B962B6704700BF48
:10BBA0007013002000ED00E000E100E0914270B56C
:10BBB0003FD2B2FA82F33BB1C3F1200420FA04F47D
:10BBC0009940214398409A40150CB1FBF5FC05FBC8
:10BBD0001C1E4FEA0E4E030C84B20EEB10401FFAEF
:10BBE00082FE0CFB0EF6864206D9361A964294BFA8
:10BBF00001260226ACEB060C03EB01430CFB1233CF
:10BC0000B3FBF5F005FB103304EB034400FB0EFE21
:10BC1000A6454FEA0C4C09D9AEEB040E964594BFED
:10BC20004FF0010E4FF0020EA0EB0E0040EA0C00A8
:10BC300070BD73219620FFF765FD00BF70B51D46EE
:10BC400004461646FFF7B2FF049B286000FB16442B
:10BC50001C6070BD8AB1013A16D010B500EB020C21
:10BC600001E060450BD08E46044611F8012B10F818
:10BC7000013B9342F5D0981A10BD10467047637887
:10BC80009EF80120981A10BD03780A78981A704718
:10BC900010F0030FC9B2034607D0BAB303F8011B73
:10BCA00013F0030F02F1FF32F7D170B5032A01EB55
:10BCB000012404EB04441ED9161FB508032E05F118
:10BCC000010521D94FEA550E03EBCE0E9C46CCE977
:10BCD00000440CF1080CF445F9D115F0010F04D023
:10BCE00025F0010503EB85052C6026F003060433DF
:10BCF000334402F0030232B1012A197003D0022A40
:10BD0000597018BF997070BD1D46EDE7704700BFB0
:10BD1000844641EA000313F003037DD1403A51D336
:10BD2000F0B4F0C9F0C0F0C9F0C0F0C9F0C0F0C97B
:10BD3000F0C0403AF5D2F0BC44E0403A42D300BFF4
:10BD400051F8043B40F8043B51F8043B40F8043BF5
:10BD500051F8043B40F8043B51F8043B40F8043BE5
:10BD600051F8043B40F8043B51F8043B40F8043BD5
:10BD700051F8043B40F8043B51F8043B40F8043BC5
:10BD800051F8043B40F8043B51F8043B40F8043BB5
:10BD900051F8043B40F8043B51F8043B40F8043BA5
:10BDA00051F8043B40F8043B51F8043B40F8043B95
:10BDB00051F8043B40F8043B51F8043B40F8043B85
:10BDC000403ABDD2303211D351F8043B40F8043B25
:10BDD00051F8043B40F8043B51F8043B40F8043B65
:10BDE00051F8043B40F8043B103AEDD20C3205D335
:10BDF00051F8043B40F8043B043AF9D2043208D02D
:10BE0000D2071CBF11F8013B00F8013B01D30B889E
:10BE100003806046704700BF082A14D38B078CD07C
:10BE200010F0030389D0C3F10403D21ADB071CBF4F
:10BE300011F8013B00F8013BFFF47FAF31F8023B02
:10BE400020F8023B79E7043AD8D3013A11F8013BD4
:10BE500000F8013BF9D20B7803704B7843708B7874
:10BE600083706046704700BF53B94AB9002908BFC4
:10BE700000281CBF4FF0FF314FF0FF3000F00CB82E
:10BE8000ADF1080C6DE904CE03F0C7FADDF804E06B
:10BE9000DDE9022304B07047704700BFF7F7E6B84A
:10BEA00001F02BBA01F02CBA01F024BA1FB50146FB
:10BEB00001A800F006F801A801F045FE05B05DF804
:10BEC00004FB0B88C3F30B0383804B88C3800023E0
:10BED00043724B78C3F30113012B03D09A1E5342D4
:10BEE00053415B00043103720160704710B58B88C9
:10BEF0000370437803F0F00343708A88C2F303228F
:10BF000013434370CA888270CA8803F0CF03120AB1
:10BF10004370C2700A7A120102F03002134303F038
:10BF20003F0343704A7A43EA821343700C46096820
:10BF30000430814205D0E288FB2A28BFFB22FFF7AC
:10BF4000E7FEE0880430C0B210BD70B50B781E2B40
:10BF500005460C4623D853B3013B1D2B27D8DFE8F9
:10BF600013F02B0037003B00EA002600B200B800B7
:10BF7000BE00C400CA00CE00D000E000E6002600EB
:10BF80002600400026004400D400DA00F400FA0045
:10BF9000EE00000106010C01120125011801822B9F
:10BFA0004FF0FF0200F0FB80832B00F0FC8040F29A
:10BFB0006721C720F4F7EEFF0C230B700823637092
:10BFC0006278961C324621462846FFF7A1FE51E0D2
:10BFD0001A230B700123F2E73E230B700223A37098
:10BFE000EEE73E230B700B23F9E72920F5F7AEF9B6
:10BFF00028B13E232370222363702923EFE70A2010
:10C00000F5F7A4F93E2305F1080204F108012B70AD
:10C0100090B30A23AB70E378EB70A3882B71A388ED
:10C020001B0A6B71A379AB71E379EB71A368AB6009
:10C030008B889380D4F80E30C5F80E30638A6B82FB
:10C0400063696B61238B2B83638BAB76638B1B0ADA
:10C05000EB76A38B2B77A38B1B0A6B77E38BAB77EA
:10C06000E38B1B0AEB7794F8203085F820301F22F1
:10C070006A70961C304670BD0123AB70E378EB709C
:10C08000A3882B71A3881B0A6B71A379AB71E37929
:10C0900003F00103EB71A368AB608B889380638B23
:10C0A000AB73638B1B0AEB73A38B2B74A38B1B0AE1
:10C0B0006B74E38BAB74E38B1B0AEB7494F8203046
:10C0C0002B751322D4E73E230B7004234B701423EB
:10C0D00085E73E230B700C234B7004237FE73E2340
:10C0E0000B700A234B70032379E73E230B700D235B
:10C0F0004B70052373E70523237004235FE70823B0
:10C10000FAE730230B70032359E73E230B700B2310
:10C110004B70072363E73E230B7006234B700C2301
:10C120005DE713230B708B789B00013347E75723A0
:10C130000B70022343E73E230B700D234FE73E2392
:10C140000B7001234B70112349E73E230B7006232C
:10C150004B70122343E73E230B7009234B701323CC
:10C160003DE73E230B7005234B70202337E73E232A
:10C170000B7009234B70212331E7FF230B700B2336
:10C180004B70A2232BE7FF230B7005234B70A323D7
:10C1900025E7FF230B700D234B7080231FE70A70E8
:10C1A0000D2262701BE70A700222FAE7FF23037078
:10C1B00081238370D1F80330C21C03F1280153F8A6
:10C1C000040B42F8040B8B42F9D1292250E708B541
:10C1D00010B96FF0150008BDFFF768FE0028F8D011
:10C1E0000020F8E710B50C4648B141B1F5F724F846
:10C1F000002820700CBF6FF02200002010BD6FF0EF
:10C200001500FBE708B5F5F77FF8002008BD00F042
:10C21000FFBD08B5F5F78AF8002008BD01F024B885
:10C2200001F032B8034602221A709A709B225A71AA
:10C230006FF070029A716FF05302DA716FF03C0286
:10C240001A721D225A72422200209A726FF0510215
:10C250005870D8701871DA72704700F01BBE70B554
:10C26000044602F05FFF012805461AD1601C02F067
:10C2700060FFB0B1A37963F03F03A3710020F7F72B
:10C280009FF8E61D38B1102200213046FFF700FD6F
:10C290002570002070BD304602F05EFF0028F2D00D
:10C2A000F6E70025F4E710B5102204460021FFF759
:10C2B000EFFC04F11003102200211846FFF7E8FC00
:10C2C00002F063FF0020F7F77BF820B1204602F070
:10C2D00043FF002010BD02F025FF0028F6D0F8E74C
:10C2E00010B50446FFF766FBB0F5007F09DA10F5DC
:10C2F000007F08DD031EB8BF03339B1023700020AE
:10C3000010BD7F23FAE76FF07E03F7E71FB5002328
:10C31000CDF80A30D0F80230417841F64B529342C2
:10C320008BBF40F2E2424FF47A72B3FBF2F3B3FBFD
:10C33000F2F3027898BF03F5506342EA01229BB200
:10C34000ADF80020ADF80230ADF80430C279837941
:10C3500043EA0223ADF80630427A037A684643EA9C
:10C360000223ADF8083000F0C7FE05B05DF804FB0D
:10C3700000F0B7BF0078003818BF012000F0ABBE56
:10C38000F6F73CBEF6F742BE37B505460C460088C8
:10C390000DF1060100F0A4FE2B882380BDF80630C5
:10C3A000638003B030BDF6F739BEF6F743BE012017
:10C3B000704700F0A7BF00F019BD00F060BD08B5E0
:10C3C000F4F7BCFF002008BDF6F7DAB900F008BFAB
:10C3D00000F071BDF6F724BB00F063BEF6F746BD72
:10C3E000F6F7A8BD00F088BE00F0C5BE00F070BD35
:10C3F00000F0DABE00F03ABD00F004BD00F0F8BE77
:10C4000000F08DBDF6F70CBAF6F7F2B900F083BC78
:10C4100000F0A4BC00F0D8BC00F0E4BC00F0C4BC48
:10C4200000F0B9BC00F0A9BD00F0D2BDF6F702BA29
:10C4300000F00CBE00F009BD00F0AFBDF6F7AAB9E0
:10C44000F6F724BAF8B5941C0C446343B3F5004FD7
:10C45000A8BF4FF0FF330E4610F003010546174604
:10C460009CB203D0B0211420F4F794FDB4F5004F32
:10C4700001D9B121F7E714220430FFF709FCEF746A
:10C480006C802E80F8BD38B50388C48805898B423E
:10C49000C4F30E0203D2D1211420F4F77BFD84EA09
:10C4A0000503C3F30E030BB9AC4206D102F1180326
:10C4B0000122C1528274184438BD1846FCE702318B
:10C4C00001444A43B2F5004FA8BF4FF0FF3290B28B
:10C4D0001B3020F00300B0F5004F34BF00B24FF026
:10C4E000FF30704740881B3020F00300B0F5004F4C
:10C4F00034BF00B24FF0FF3080B2704738B50388C8
:10C500008B4203D2F7211420F4F744FD857C65B1FA
:10C51000C388C3F30E031833C25A8A4207D3C152E9
:10C52000811DF4F73BFF00238374284638BD0025A6
:10C53000FBE70346F0B59E88DD88B4B2A54200F162
:10C540001800C6F30E0616D05F89DD7C845B3D447F
:10C5500002353544E41B28440D88A4B2A54288BFA7
:10C560000C805989B1FA81F14FEA511188BF2546F3
:10C570001170DD81F0BD00252846FAE7F8B5828804
:10C58000C389002604460D4692B20E60CBB1C2F3B9
:10C590000E024189183287180B44825A9BB293428B
:10C5A000438104D94FF4A2711420F4F7F3FC04D1B1
:10C5B000011DF4F7F3FE46812F600023E381012083
:10C5C000F8BD1846FCE7838802899BB29A4201466F
:10C5D00002D00831F4F7E2BE70478388C0889BB26E
:10C5E000C31A584258417047828873B5C48895B2BF
:10C5F000AC42C2F30E0202F1180212D04189C68980
:10C60000835A314499420EDB0DF10601ADF8065014
:10C61000F4F7C4FEBDF80600001B18BF012002B0ED
:10C6200070BD0020FBE70120F9E770B5C4880689DA
:10C6300084EA0602C2F30E020346C4F30E05183064
:10C640000AB9B4420FD19C891A880CB1465B921B7F
:10C65000914207DCDA7C2C440232224410440A4620
:10C660001A8270BD00221046FAE7F8B5038A002B43
:10C6700038D08B4236D3C488858900F11803C4F3BF
:10C680000E041E1995B91D55757085891E5B0D44E4
:10C69000ADB2314485811953D2B1811DF4F77EFECC
:10C6A00000238381002303820120F8BD1E5BAE427C
:10C6B00004D04FF4F6711420F4F76CFCC57C878A23
:10C6C0002644023535445E195F53857DB570DCE73D
:10C6D000C27C254402322A4499189B5A83828B7863
:10C6E0008375DFE70020E0E78388C2889BB29A4227
:10C6F00006D0428922B9C3F30E0318331844704799
:10C7000000207047C37C0233C8187047023070475E
:10C7100038B58388C2889BB29A4209D043893BB915
:10C72000C5893DB9011DF4F739FEC581012038BD29
:10C730000020FCE71846FAE7002383810382704754
:10C7400003881380C388C3F30E03183303440B60BC
:10C75000808970470368002223B9C0E90132031DB4
:10C760000360704759681B680A44F5E7072970B5EC
:10C77000034604D84FF4EC711520F4F70BFC006865
:10C78000C0B144681A688C42064610D0106860B97F
:10C7900001F10805AC420DD3546850501868651A71
:10C7A000541800686560505002E01346E9E71468C9
:10C7B0001C60304670BD0023C1E9003203680B6085
:10C7C0000160704730B590B18478B1FBF4F304FB9D
:10C7D000131300EB430252898A4201D1D8B230BD13
:10C7E000C27822B900F10803D0B2844201D8FF20F8
:10C7F000F5E733F8025F8D4202F10102F4D1EEE772
:10C800008278038805324B4303EB42031844704798
:10C8100037B50024CDE9004405468DF8060068468A
:10C82000ADF80440F4F79AFFBDF8044008B103B036
:10C8300030BD29462046F4F76DFF0028EFD040F2C6
:10C8400015211720F4F7A6FB70B50D4609211E46E9
:10C85000FFF735FE3246044609212846FFF72FFE32
:10C8600040EA04031B0454BF00194FF0FF3070BDB1
:10C87000D31D23F0070370B5083390B110F00704FF
:10C8800003D058212220F4F785FB0460C280818008
:10C8900000F108040A464FF6FF75013A92B2AA4227
:10C8A00003D103FB01F0083070BD06682660046008
:10C8B0001C44F2E718B1C2888188FFF7D9BF7047DE
:10C8C0000346EFF3108272B6006830B10168196058
:10C8D0000023037043708370C37002B962B670475F
:10C8E000EFF3108372B602680A60016003B962B6A2
:10C8F0007047F4F7C5BF2DE9F041044608460D46E0
:10C9000091F8008001F017F90746284601F00FF969
:10C910000646284601F013F908F003086B78E0702A
:10C9200084F800806770A670A3802046BDE8F0817F
:10C93000012808B506D0022806D040F29D41062005
:10C94000F4F728FB002008BD0120FCE7F4F7E4BF62
:10C9500000EA400000EA400000EA400000EA40002F
:10C9600000EA400000EA4000B0FA80F04009704759
:10C97000F7B5002523262F46F7F79AFB0446F5F76F
:10C980000DFD70B1CDE900776846F4F7E7FE20B100
:10C990002046F5F72DFD254604E0009BDB699C420F
:10C9A000F2D10020013E01D00028E5D025B940F2A7
:10C9B00015210F20F4F7EEFA284603B0F0BD90F8E9
:10C9C000C831DBB290F8A8202AB903F0FB00003888
:10C9D00018BF012070470020704710B5044638B1D9
:10C9E000F6F7D8FB24EA0000B0FA80F0400910BD49
:10C9F0000120FCE708B501210020F4F775FE28B9F5
:10CA000001210846F4F770FE30B908BD903002F0FD
:10CA100070F80028F4D0F8E7BDE80840903002F044
:10CA200068B81FB50022009240F6881303A9FBF7EF
:10CA300037FD05B05DF804FB30B5841FA4B240F6A5
:10CA40007A45AC421CD88C1FA4B2AC4218D888429C
:10CA500016D80132B2F5FA7F12DCA3F10A0080B2D7
:10CA600040F67644A0420BD842F2107058434A4335
:10CA700040F6C4135A43904294BF0020012030BDB9
:10CA80000020FCE72DE9F8430F46B0F85A60B0F8F3
:10CA90005C50804602F0BFF90221044600F0E0FE3F
:10CAA00002218146204600F0DBFE4E4528BF4E465F
:10CAB000B6B21B2E38BF1B26FB2E28BFFB26854295
:10CAC00028BF0546ADB21B2D38BF1B25FB2DB8F87E
:10CAD00000303B8028BFFB25B4F5A47F38BF4FF45E
:10CAE000A47440F648039C4228BF1C467E80FD800B
:10CAF000BC803C81BDE8F88308B501210020F4F733
:10CB0000F3FD30B901210846F4F7EEFD40B90120EC
:10CB100008BD903001F0EDFF0028F3D00020F7E7CA
:10CB2000903001F0E6FF80F00100C0B2F0E72DE99F
:10CB3000F04186B0054601A9008800F0ECFD0446EE
:10CB4000002870D1029A92F84631D91E4B424B41CF
:10CB50008DF8023092F887301E2B0ABF9DF8023004
:10CB6000034683F001038DF8033092F8D8309B061A
:10CB700003D49DF80330002B5BD0EB881B3B9BB2AA
:10CB8000E02B58D82989A1F5A4739BB244F2481030
:10CB9000834250D86B881B3B9BB2E02B4BD8AA88B2
:10CBA000A2F5A4739BB2834245D840F64807B94228
:10CBB00043D8BA4241D8029E4FF0FF0886F81B8145
:10CBC0009DF802309BBB03A93046FFF75BFF6A88E4
:10CBD000BDF81230BDF81410E888934228BF134600
:10CBE000A6F82031BDF80E30AA88B94228BF3946D0
:10CBF000834228BF0346A6F81C31BDF810302889AF
:10CC0000BB4228BF3B46834228BF03468A42A6F860
:10CC10001E31134628BF0B46A6F8223186F81A812A
:10CC2000002386F81B31204606B0BDE8F0813A2487
:10CC3000F6E71A24F7E71224F5E71124F3E72DE9C4
:10CC4000F04385B006468846008802A900F063FDDF
:10CC5000054640BB039C94F8593103F0FF051BB116
:10CC6000B8F1020518BF012594F88730222B94F8FB
:10CC7000D93043EAD3030CBF85F001094FF0000916
:10CC8000DB0702D4B9F1000F3BD0B77817B9F6F73C
:10CC900081FA0746F078B0BBF6F77CFA3FB9B9F1F4
:10CCA000000F29D10925284605B0BDE8F0830028EA
:10CCB000F5D0FF2384F825310DBB94F8243103F01F
:10CCC000FF05E3B984F8270184F8248184F82671EC
:10CCD000B3788DF80430F3788DF8053033797279B4
:10CCE00001A943EA02232046ADF8063000F0DAFD40
:10CCF000002384F82531D6E700200746D9E73A25F6
:10CD0000F6E71A25CFE7002FD3D1C8E708B5F6F725
:10CD10001DFA002008BD10B50378012B044601D987
:10CD2000122010BDFFF766FE58B9207810F0FD0004
:10CD30000DD104F11703E21D611CBDE81040F6F7A8
:10CD4000C7BCF6F757FD0028EFD00C20E9E7A37920
:10CD500003F0C003C02BE3D10120EAE710B503784C
:10CD6000012B04460DD8FFF745FE60B9214611F8A6
:10CD7000010B00F0FD00003818BF012000F0A8FCF6
:10CD800038B9122010BDF6F735FD0028EED00C2082
:10CD9000F8E70020F6E708B50088F6F731FD00282F
:10CDA0000CBF3020002008BD38B50546FFF722FE35
:10CDB000044638B92878003818BF0120F6F714FD6A
:10CDC000204638BD0C20FCE708B5FFF713FE18B964
:10CDD000F6F7FAFC002008BDF6F70CFD0028F7D0A6
:10CDE0000C20F8E70823037000207047102202701F
:10CDF0004FF48153C2705922A0F801308280C38061
:10CE00000020704708B50821F4F708FA002008BD93
:10CE100073B506460D460088694600F07CFC044662
:10CE200088B9B3785BB9019B93F97000A870338817
:10CE30002B80F6F7FBFDA870204602B070BD7F2066
:10CE4000FFF7EFFDF2E70224F6E710B504466FF0B6
:10CE50007F00FFF7E6FDF6F7E9FD20707F20FFF782
:10CE6000E0FDF6F7E3FD6070002010BD08B50A464E
:10CE7000072300F11001FEF793FD002008BD10B557
:10CE8000014604460020F6F781FA08B92060A08028
:10CE9000002010BD10B50446F6F752F928B900205D
:10CEA0002146F6F75BFA002010BDFFF725FE0028AB
:10CEB000F5D10C20F8E710B50446FFF71DFE28B1A8
:10CEC00001202146F6F74AFA002010BD0C20FCE7AD
:10CED000F7B50C4605466946008800F01CFCA21C0C
:10CEE000034690B9019901F18F0781F8C330386882
:10CEF0001060387910712888208091F8C36006F09E
:10CF0000FF00002EF1D103B0F0BD0023C4F80230C1
:10CF10000220137123706370F5E7FFF708BE1FB599
:10CF2000838844F29022934217D840F648029342F5
:10CF300028BF13460288ADF804204088ADF80600EB
:10CF4000ADF80A000A8001A8ADF80830ADF80C3041
:10CF5000FFF7EDFD05B05DF804FB1220FAE737B5E9
:10CF60000D46694600F0D7FB044618B901982946DA
:10CF7000FFF788FD204603B030BD10B503466FF0C3
:10CF800004040020482108221C7058709970DA703F
:10CF90001C7158719971DA7110BD10B50446FFF714
:10CFA00029FD78B92146E27911F8010B00F0FD0066
:10CFB000003818BF0120F6F7E1FC80F001004000C6
:10CFC000C0B210BDF6F716FC0028EBD00C20F8E735
:10CFD00037B505460C460088694600F09CFBD8B979
:10CFE000019B83F86A0093F86820012A06D0022A80
:10CFF00004D04FF461710620F3F7CCFFA27093F8D0
:10D000006920012A01D0022AF3D1E27093F86A2044
:10D01000002AE6D12B88238003B030BD10B5838869
:10D02000022B044610D8C078FFF7D7FC08B91120AE
:10D0300010BDA078FFF7D1FC0028F8D020460121D0
:10D04000BDE81040FFF7FBBD1220F1E737B583784C
:10D05000C178027903F0010451EA040503F00203E8
:10D060001DD052EA03051AD0002C18BF0021002B56
:10D0700018BF00228DF80320037842788DF8021043
:10D0800043EA0223ADF8003043798279684643EAE7
:10D090000223ADF80430FFF7C1FF03B030BD11200B
:10D0A000FBE707B5037842788DF800300021012BAB
:10D0B0008DF80120ADF80210ADF8041007D1012A57
:10D0C00007D86846F5F7DCF903B05DF804FB002BE0
:10D0D000F7D01220F8E708B5F4F73AFF002008BDB2
:10D0E00013B50C46694600F016FB18B9019BB3F85E
:10D0F0008030238002B010BD37B5044669460088F1
:10D1000000F009FB10B1022003B030BD019D28469C
:10D11000FFF755FC0028F6D06289A3899A4201D90D
:10D120001220F1E7A1882389E2886088FFF784FC58
:10D13000E8B195F8F43103F0FF00D3B940F2E243CF
:10D1400059439942ECD9A5F8E631C5F8EC11E279DA
:10D15000A37943EA0223A5F8F031237A627A43EAFD
:10D160000223A5F8F231FF2385F8F431CCE7302013
:10D17000CAE73A20C8E713B5044600F01FFB88B1A0
:10D180002046F6F79FFC0023CDE90033FF246846D4
:10D19000F4F7E4FA10B1002002B010BD009B83F850
:10D1A000DC41F4E71220F7E713B50088694600F088
:10D1B000B2FA014630B99DF80030019C2BB194F8C9
:10D1C0002B314BB1084602B010BD2046FFF7F7FBEC
:10D1D0000028F4D10221F5E7FF2384F82B31F1E791
:10D1E00010B50446F5F7D0FF20606160002010BD47
:10D1F00070B5002105460088F4F776FA044658B366
:10D20000FFF7DDFB50B394F8263203F0FF063BBB7B
:10D2100094F8D830DB0725D5D5F80230C4F81C3295
:10D22000D5F80630C4F820326B89A4F8243204F50E
:10D23000037205F10C031C3553F8041B42F8041B60
:10D24000AB42F9D10C2104F5FC70F3F7E7FFFF23A3
:10D2500084F82632304670BD0226FBE70C26F9E73B
:10D260003A26F7E71A26F5E737B505460C46008853
:10D27000694600F050FA28B92B882380019BB3F847
:10D28000B430638003B030BD37B503880B800446EB
:10D2900098B2638813B9122003B030BD694600F01C
:10D2A0003AFA0028F8D16588019B42F21072A9B2BF
:10D2B0009C695143DA8D62431C8C04FB022291422B
:10D2C000E9D39A699C699442FBD10022C3F8AC204F
:10D2D000621E0A44A3F8B450B2FBF4F2C3F8B020C3
:10D2E000DAE708B50078003818BF0120F9F792F89E
:10D2F000002008BD0620F5F73BBF0820F5F738BF32
:10D3000001F0C6BE1220704710B5044604B910BD26
:10D31000236898476468F9E703680BB901607047B0
:10D320001A465B6813B18A42FAD170478A4218BF25
:10D330005160704708B501F069FDF5F71BFA01F07F
:10D3400092F9BDE80840F7F7F3BA08B50020FFF7F7
:10D350005FFAF4F78DFAF5F783FFF4F7C5FC20B117
:10D3600040F221119320F3F715FE08BD08B5FFF731
:10D37000E1FF01F087FE20B14FF4D7719320F3F75E
:10D3800009FE08BD0B46152203F8032BD0F809202F
:10D39000C1F80320427B1A71704737B504460D4629
:10D3A000F6F72CFC18B36FF4A873E0180221038879
:10D3B000ADF8003034F8ED3CADF80230684634F892
:10D3C000EB3CADF80430FFF73AFC18B14221AE2037
:10D3D000F3F7E0FDADF800009DF80030002063F3A6
:10D3E00007009DF8013063F30F2003B030BD1C230C
:10D3F0002B70D4F80930C5F803300423ADF80030A1
:10D40000EAE708B5436893F886201AB18521AE2073
:10D41000F3F7C0FD202283F8862008BDCBB2012B94
:10D42000C2B284B0C0F30720C1F3072115D101298E
:10D430001BD0012A15D1012817D0114003408807BD
:10D4400054BF01F0010002209A0754BF03F001030A
:10D45000022340EA032004B07047022BE9D10229DD
:10D46000E6E7022AE9D10228E6E710400340194026
:10D470000B46E4E7012803D0831E58425841400080
:10D480007047182070477FB50B4644681146184610
:10D49000FFF7C4FF94F8686094F86950C3B2C0F312
:10D4A0000720B34208BF0023854208BF002084F84C
:10D4B000E23184F8E30104B070BD2DE9F341446822
:10D4C00094F8878005460F46B8F1000F6FD194F8A5
:10D4D0008630243B022B63D901A8F5F70BFFE0B19E
:10D4E000019BDB788DF803300DF1030194F8860081
:10D4F0001622F6F70FFE064688B102461621284688
:10D5000000F0D4FC312384F88730284600F0C1FCB9
:10D510004646304602B0BDE8F0814146E6E73B7939
:10D5200013F0070235D07B7913F0070331D084F86C
:10D53000602084F8613094F825311BBB94F82431C5
:10D54000012B1FD094F8693094F86020D91E01296E
:10D5500098BF04239A4226D194F86830DA1E012A33
:10D5600094F8612098BF04239A421CD16B68022270
:10D5700083F82421B4F86630B4F86420A4F8262196
:10D58000A4F82831222384F88730284600F081FC53
:10D59000BFE73946284602B0BDE8F04100F09FBC25
:10D5A0004FF02008B4E72846F5F746FEEAE70126E3
:10D5B000AFE713B5446894F88630202B22D10B795D
:10D5C00013F007021AD04B7913F0070316D000218D
:10D5D000ADF806108DF804208DF80530019AD4F8C6
:10D5E0002611FFF750FF012384F8C23000202423C6
:10D5F000A4F8BE0084F8863002B010BD0023A4F861
:10D60000E231F0E70120F7E710B5436893F887208F
:10D61000B3F8E211222A044615D181B983F88710A4
:10D6200093F82431012B01D1F5F7DEFD6368002268
:10D6300083F824212046BDE8104000F032BC2522AA
:10D6400083F88720F6E793F88620242A0DD141B984
:10D6500083F88610F5F7C8FD6368002283F8C220BE
:10D6600010BD252283F88620F6E74FF47771AE20AF
:10D67000F3F790FCF5F7F4BD704730B542401C78E5
:10D6800008785D7860404C786C4020449D788C78B8
:10D690006C402044DD78CC786C4020441D790C79B6
:10D6A0005B7949796C4020444B4018441044B0FAEF
:10D6B00080F0400930BD024600200139C9B2FF297F
:10D6C00000D17047535C83F001030344D8B2F4E700
:10D6D00008B5F5F781FE082807D0F5F79FFE082862
:10D6E00003D0F5F7B1FE012008BD0020FCE708B526
:10D6F000F5F772FE082803D0BDE80840F5F78EBEA6
:10D7000008BD08B501F0FCFC18B1BDE80840F9F708
:10D71000F3BD082008BD10B50C460021F3F7E4FF67
:10D72000606010B10020207010BD0220FCE770B5D1
:10D7300004460D4659BB4FF40A72FEF7A9FA0123BD
:10D7400084F88E306FF0360384F8D930042384F8DF
:10D75000DA306FF03B0384F8DB306F2384F8DC3081
:10D760006FF03C0384F8DD306FF07F0384F8DF3026
:10D770002B2384F8D830FE2384F80E317F2384F8DD
:10D780008530202384F8DE5084F8C93170BD01292A
:10D790000CD140F6B8338269A0F8B430438C1146FE
:10D7A00004F17800BDE87040F6F70EB90229EDD11A
:10D7B000B0F8F231D0F8EC218169F1E770B5037966
:10D7C0001F2B0FD8461E051D002416F8010F00F070
:10D7D00011FBAE420444E4B2F7D1012C94BF002007
:10D7E000012070BD0020FCE701440023884203D1E2
:10D7F000B3FA83F04009704710F8012B1343F5E7A3
:10D80000F8B5D0E9047605460C46FCF735FB20B99F
:10D8100040F207112920F3F7BDFBECB1D5E9042351
:10D82000D21B63EB0603012A73F100014FF00001E4
:10D8300014DB6FF001009042994102DA40F21111BD
:10D84000E8E7631E1344B3FBF4F35C43E41946F1C9
:10D850000006C5E904461C462046F8BD0C46FBE719
:10D86000CB1E012B10D803290CBF96234FF416733F
:10D8700003F5BC730CBF10224022984210D9C01A85
:10D8800090FBF2F080B27047022904D13C2807D9FE
:10D8900080100F38F6E7702802D9C0100E38F1E773
:10D8A0000020704738B50D460446F5F773FC2B7819
:10D8B000002B08BF034684F864306B78002B08BF48
:10D8C000034684F865306B88A4F8663038BD07B528
:10D8D000002301A80193FAF7B3FD019810F00300AB
:10D8E00018BF012003B05DF804FBC2B292FAA2F2A5
:10D8F000030A93FAA3F31B0E100E40EA03207047AD
:10D9000070B50131C9B20530002210F8013F8B42D9
:10D9100016D310F8054C0023012505FA03F626421C
:10D920001CBF01F1FF31C9B269B10133082BF4D139
:10D930000132D2B2052AE8D199214620F3F72AFB19
:10D94000C91AC9B2F4E703EBC200C0B270BD0B68DC
:10D9500070B5C0F801300B7903F01F034371002349
:10D960000446C3720546461D15F8010F00F042FA41
:10D970006871E37AB5421844E072F5D170BD70B5B4
:10D9800081EA11418CB20546C17A032682EA04007D
:10D99000FFF7ABFF013E00EB0010221816F0FF0668
:10D9A00090B2F5D144402522B4FBF2F302FB1343BD
:10D9B000C3F3C4022A44D8B2567803F00703012205
:10D9C00002FA03F31E4207D161432846C1F307411F
:10D9D000BDE87040FFF794BF70BDF8B590F82150D6
:10D9E0006B1E242B044654D80AB90020F8BD807D54
:10D9F00018B1012844D01F20F8E794F8233094F898
:10DA0000221002FB01322523B2FBF3F103FB1123A9
:10DA1000DBB204EBD30284F82330D17D03F0070698
:10DA20000122B240114202D084F82430DDE7B3FB7A
:10DA3000F5F205FB1233013303F0FF0304F11B0180
:10DA400011F8012F934218D811F8055C0022012625
:10DA500006FA02F72F4208D0013B13F0FF0304D16E
:10DA600002EBC00284F82420BFE70132082AEFD17C
:10DA70000130C0B20528E3D1BDE79B1ADBB2F7E75E
:10DA80002289C96904F11600FFF779FF84F82400A0
:10DA9000ABE71220AAE7D0F803300B60B0F80730EC
:10DAA0008B8070470378890123F0400301F0400127
:10DAB0000B43037070470078C0F380107047037801
:10DAC00003F07F0343EAC113037070470078C00975
:10DAD00070470278437802F00F02062A0FD8DFE879
:10DAE00002F00804080E0E0E08000C3B5842584184
:10DAF0007047981F1F288CBF00200120704700200E
:10DB00007047037803F00F03042B06D140780638E2
:10DB10001F288CBF00200120704700207047037829
:10DB200001F0030123F003030B43037070470078F7
:10DB3000C0F3800070470078C0F3C00070470078E1
:10DB4000C0F30010704708B5017A19B101290AD055
:10DB5000002008BD0368C28802218088F6F70AF811
:10DB600020B10120F5E70368C288F6E7F6F7EAF985
:10DB7000F7E702230B7001238B707047F6F766B945
:10DB800010B521B94FF410711020F3F703FA4A6071
:10DB90000B72EFF3108472B6031D0B6042681AB16A
:10DBA000127A012A08BF036003681960016004B992
:10DBB00062B6BDE81040F6F793B90222F6F7B0B9A5
:10DBC0000322F6F7ADB90422F6F7AAB90222F6F756
:10DBD000EBB914230B706FF49A7318440388A1F8FF
:10DBE0000330838FA1F80530B0F84030A1F807303A
:10DBF000C38FA1F80930B0F84230A1F80B3070475C
:10DC0000012908B503D10E30C00080B208BD022939
:10DC100002D10F308000F8E74FF42E710620F3F7A1
:10DC2000B9F930B587B004460D46F5F7EFFF90B36C
:10DC3000A4F59F74694624882046FFF790F920B127
:10DC40004FF484712C20F3F7A5F9BDF80630ADF838
:10DC50000E30BDF80830ADF81030BDF80230ADF828
:10DC6000123003A8BDF80430ADF80C40ADF8143004
:10DC7000FFF753F910B140F21111E3E7ADF80C00D2
:10DC80009DF80C30002063F307009DF80D3063F31E
:10DC90000F2007B030BD2B461B2203F8032BD4F80E
:10DCA0000920C5F80320D4F80D205A60B4F81120DB
:10DCB0001A810423ADF80C30E2E740687047C08A4F
:10DCC000704710B58A880B89CC884988A0F8501015
:10DCD000A0F85440A0F85220A0F8563010BD83831D
:10DCE000BDF8003001834283C383704738B5C58BCC
:10DCF000438C04469D42007A28BF1D46FFF780FFF3
:10DD00006389AB4228BF2B46984238BF184680B281
:10DD100038BD2DE9F04106460F46808919469846E0
:10DD20001446FFF76DFF414605463046FFF7DEFF1C
:10DD3000854228BF05469DF81810B08AFFF760FF9E
:10DD4000F38A834228BF0346ADB2A01D15FA83F3C0
:10DD500038441844BDE8F08107B590F86930009365
:10DD600090F86830002296213030FFF7D2FF03B0E0
:10DD70005DF804FB38B50D4619461446FFF7ECFF75
:10DD800096342044A84294BF281A002038BD38B5E4
:10DD90000D4611460446FFF7DFFF2844606338BD97
:10DDA0008369006B984228BF184601F19C038342A7
:10DDB0003DBF401A9C3840080020704700F05533A2
:10DDC000400800F05530034403F033329B0803F061
:10DDD00033331A4402F00F33120902F00F321344A6
:10DDE00003F0FF101B0A03F0FF13184400EB104070
:10DDF000C0B2704700F05503400800F055000344DE
:10DE000003F033009B0803F03303034403F00F00D7
:10DE100000EB1310704780EA6000FFF7CFBF322895
:10DE20000CD006D8162818BF012894BF0120002066
:10DE30007047A0F13E035842584170470120704797
:10DE400008B50246FFF7EBFF40B10846FFF7E7FFD2
:10DE500020B18A420CBF23202A2008BD8A420DD15E
:10DE6000A2F13000C0B20B2808D840F62103C3400D
:10DE700013F0010F0CBF00202320EEE70020ECE799
:10DE80004368002283F8862083F8C220A3F8BE20CE
:10DE9000704743680022A3F8C420012283F8C620FB
:10DEA00070474368002283F8C6207047436883F8B0
:10DEB0000B1183F80A217047A0F10A03042B0CD937
:10DEC000A0F14303012B08D9A0F120032E2818BF8D
:10DED000062B94BF0120002070470120704710B529
:10DEE000436893F887404CB9CA7883F80821032225
:10DEF00083F88720FFF7CDFF204610BD0124FBE704
:10DF0000008C063080B2704730F8023CF7B530F82C
:10DF1000A07C05460E4673B1012268468DF80020AC
:10DF2000ADF80170ADF80330F4F71CFC18B1952181
:10DF30006320F3F72FF80A2300243370B470A6F897
:10DF400003706B7A55F88C0C7371FEF746FB08B9B9
:10DF5000BA21EDE73846F5F78FF921463846F3F751
:10DF6000D9FB4FF4017303F00402204662F307006B
:10DF70001B0A63F30F2003B0F0BD436893F88820B9
:10DF8000063A012A81BF0A7983F88920062283F89C
:10DF9000882000207047426892F88830063B012BA9
:10DFA00084BF072382F88830704708B5436893F828
:10DFB00086201AB12A215520F2F7ECFF0B2283F8B4
:10DFC000862008BD2DE9F74F064689469046019305
:10DFD000FFF796FFD6F8BC7104465FB90023C8F876
:10DFE0000030B6F8803023449CB2019B1C8003B003
:10DFF000BDE8F08FF6F7A8FC0028EFD1D6E968322B
:10E00000D6F818C00CFB04FE1EEB030ED7E9021372
:10E010000B44D7E9001542F100025B1845F10005F9
:10E02000734575EB020114D2BEEB03016FF0010BD7
:10E0300062EB050A8B4570EB0A0A03D239215620A0
:10E04000F2F7A8FF3869471E3944B1FBF0F1E0FB55
:10E050000135B3EB0E0365EB02056FF001029A4246
:10E060004FF00002AA4101D24421E8E7B3FBF9F2E4
:10E0700009FB1233B3FBFCF291B20CFB1133C8F86D
:10E080000030B6F880301C441444A4B2ADE70B460F
:10E09000082203F8032BD0F80920C1F80320D0F898
:10E0A0000D205A60427C1A720023CB70704708B56D
:10E0B000436893F886201AB197215620F2F76AFF39
:10E0C0000D2283F8862008BD08B5436893F88620A2
:10E0D0001AB12621A320F2F75DFF1D2283F88620C6
:10E0E00008BD73B5456895F886301D3B022B064682
:10E0F0000C4623D809891A2919D96389B3F5A47F55
:10E1000015D3A2881A2A12D9E088B0F5A47F0ED3BD
:10E11000009005F13000FFF7E2FD7168284601F23A
:10E120003511F5F763FF70680421F8F7ABF90020AB
:10E1300085F8C20085F8860002B070BD0120FBE7BB
:10E14000F7B50446406890F88750002D3CD10E8901
:10E150001A2E03D94B89B3F5A47F05D2204603B00C
:10E16000BDE8F040FFF7BBBE8A881A2AF6D9CF88EF
:10E17000B7F5A47FF2D3009731463030FFF7AFFDFB
:10E18000636893F886201D2A09D163681F2283F8EB
:10E1900087202046FFF77DFE284603B0F0BD93F8A8
:10E1A0001B31002BF1D1636893F81A31002BECD1AD
:10E1B00062681E23114682F8873031F8300B02F571
:10E1C0009F72F5F761FFE4E70125E5E710B54368C5
:10E1D0000446002283F88720A3F8C420FFF761FEDD
:10E1E00060680421BDE81040F8F74CB90B230B70B0
:10E1F000D0F80930C1F8023070470B460C2203F802
:10E20000022BB0F809204A80C27A9A70704710B584
:10E210000446406890F88630172B14D100F1F002C4
:10E2200000F5FE71052300F50370FDF7B9FB636887
:10E23000002000210122C3E9380183F88B20192234
:10E2400083F8862010BD0220FCE7436893F88620FF
:10E25000142A0ED14A68C3F804228A68C3F8082237
:10E260004368CA68C3F80421172283F88620002077
:10E27000704702207047436893F88620102A01BF38
:10E280000020132283F88B0083F8862018BF022019
:10E29000704708B5436893F88620132A04D04FF4DA
:10E2A00086711F20F2F776FE012283F8C820122221
:10E2B00083F8862008BD08B5436893F88620192A9C
:10E2C00004D040F2DB111F20F2F764FE1B2283F81A
:10E2D000862008BD08B5436893F8862022B140F235
:10E2E000E1111F20F2F756FE012283F8C720102209
:10E2F00083F8862008BD08B5436893F886203AB1B4
:10E3000093F8C82022B94FF4F4711F20F2F742FEAF
:10E31000012283F8C720142283F8862008BD0B460B
:10E32000072203F8032BD0F80920C1F80320D0F806
:10E330000D205A60B0F811201A81C27C9A72704781
:10E3400008B5436893F886201AB1DD211C20F2F746
:10E3500021FE042283F8862008BD4368002283F84A
:10E360008720A3F8C420FFF79CBD0E23A0F596706C
:10E370000B7003884B807047436893F88620052A0A
:10E3800001BF002283F8B62083F8C22083F88620DC
:10E390000020704738B5456895F8874034B9FFF7D5
:10E3A00078FD022385F88730204638BD0124FBE73D
:10E3B000FFF777BD08B5436893F886201AB170213E
:10E3C0004B20F2F7E7FD052283F8862008BD10B543
:10E3D000D0E90D42A24206D30B8CC98D05334B43C5
:10E3E000121B934202D3012380F83E3010BD01235B
:10E3F0000B7000238B7030F8CA3CA1F80330437ACD
:10E400004B714389CB8083890B81704710B5446879
:10E4100094F8C9309B070ED494F886301BB1742150
:10E420004020F2F7B7FD012284F8862084F8C2204C
:10E43000A4F8BE3010BD94F887300BB9FFF731FD5A
:10E44000002384F82A31F5E710B50B794C790A6876
:10E45000012843EA042108BF41F48031104610BD71
:10E4600007B5FFF7F1FF0DF10702F6F7B3F903B0B7
:10E470005DF804FB08B5FFF72AFA002814BF142042
:10E48000002008BD30B585B01546089BC01A099B11
:10E4900061EB0304002C214602DA404264EB4401A4
:10E4A00003AB00932A4602ABFDF7C8FB002C039890
:10E4B00001DA00B1281A05B030BD0B46062203F878
:10E4C000032BB0F80920A1F80320C27A9A70704794
:10E4D00008B54FF42E713220F2F75CFD13B50346F8
:10E4E0000C4690F8BE2002F0FF0032B1A3F13600D6
:10E4F00000F0A9FA18232370042002B010BD70B5F3
:10E500000E46044620B940F201313220F2F742FDB6
:10E51000437A63BB036DD0F80E20C3F80320428A10
:10E52000A3F80720437B026D03F0FD03003B18BFF7
:10E530000123937094F8545094F889302BB194F8D7
:10E540008A301D43002384F88930204600F07BFA8E
:10E55000AB0721D025F00405002284F85450114661
:10E560002046F7F73DFDB8B940F22131CDE74089AB
:10E570000021F3F7B9F8054610B940F20D31C4E7B0
:10E580000088F4F779FE28880021F3F7C3F8002803
:10E59000D0D040F21131B8E73346132203F8032BF1
:10E5A00004F10902293452F8041B43F8041BA24267
:10E5B000F9D112781A700023B37170BD38B50446D2
:10E5C0000D4600F08EFA94F87030012B03D094F8C9
:10E5D0007030002BF7D13F2200212046FDF758FB79
:10E5E00040F207120023A4F84A20012284F8543094
:10E5F00084F8883084F8585084F84C20236684F8D6
:10E60000893038BD08B5F6F7B7FAF9F7E1FBBDE890
:10E610000840F6F7F5BB08B5F6F7AEFAF6F7AEFB2D
:10E62000F9F7D6FBBDE80840F6F7EABBF6F7B4BB4E
:10E6300008B5F6F7A1FAF9F7CBFB032008BD08B53A
:10E64000F6F79AFAF6F79AFBF9F7C2FB032008BD32
:10E6500090F83E00003818BF01207047007A00385B
:10E6600018BF0120704710B5012104460020F3F7C0
:10E670003BF810B12146FFF7A1FF01210846F3F74F
:10E6800033F810B12146FFF799FFBDE81040F7F7C6
:10E6900087BAF6F781BB80F84A10704710B5044678
:10E6A0000846194694F84030023B012B0AD994F8E9
:10E6B000400000F0FD000038BDE8104018BF012008
:10E6C000F4F77EBE0028F2D102F0FD02101E18BF42
:10E6D0000120FFF70CF80828E9D0012010BD90F8C0
:10E6E000400000F0FD00003818BF0120F4F768BEBC
:10E6F00038B504460D4690F8893003F0FF00F3B9B1
:10E7000094F85430013B012B18D8042916D1D4F8C1
:10E71000F03023B140F6EC113220F2F73BFC216DD2
:10E7200011B940F6ED11F7E704F1C80000F04EFA18
:10E7300084F88A50FF2384F88930012038BD0020F6
:10E74000FCE780F84010704701F0FD03B3FA83F353
:10E750005B0980F84B3080F85510704710B50446BF
:10E760000846002819460CBF0123002384F84C30CA
:10E770004FF0080384F8560084F84D3008D102F0B9
:10E78000FD02101E18BF0120FEF7B1FF84F84D00F6
:10E7900010BD08B522B940F633213220F2F7FAFB5A
:10E7A00080F859101368C0F85A309388A0F85E308A
:10E7B000036D90F841205A72D0F84220C3F80A2025
:10E7C000B0F84620DA8108BD80F84910704710B5CE
:10E7D000D0F8B04094420BD190F840208A4207D143
:10E7E000D0F8B4001B686730C31A5842584110BDB6
:10E7F0000020FCE7012910B5044601D1F6F7BEFA66
:10E8000004F16C00F7F700FA002384F8703010BDB3
:10E8100010B5012104460020F2F766FF20B940F64A
:10E82000CC213220F2F7B6FB637880F85430A3781D
:10E8300080F84030E178FFF787FF237980F84A308D
:10E8400010BD233070471FB5002403949DF920406C
:10E8500002949DF81C4001949DF818400094F7F72D
:10E8600047F804B010BD1FB503939DF91830CDE9EA
:10E870000123FF23009304220023F7F739F805B0A2
:10E880005DF804FB70B50C4616460546FFF713F914
:10E8900060742846FFF71AF9062EA07407D80123E2
:10E8A00003FA06F212F0550F06D19E4212D0002351
:10E8B000C4E90133637013E06370EB1C63600023F1
:10E8C000A3606B78063B13F0FF030AD0093523746D
:10E8D000E56070BD03236370EB1809356360A560C4
:10E8E00000231D46F3E7027802F00F02FFF7CABFCC
:10E8F00008B5D0F8C830D21A04D54FF46971212078
:10E90000F2F748FBD0F8B000B2FBF0F008BD10B54C
:10E9100004460120F9F7E0FC00F52343A1334FF44E
:10E920007A72B3FBF2F303F26F20D4F8F03003B144
:10E93000400010BDD0F8B430D0F8B00067331B1AD7
:10E94000584258417047D0F8F01070B506461D4641
:10E95000FFF7F0FF11B10130C0B270BDD6F8B010B2
:10E960000724A1FB041450B1D6E92630C91844EBA2
:10E9700000048A4275EB04040AD20320EDE7D6E9CD
:10E980002A30C91844EB00048A4275EB040401D212
:10E990000220E2E70120E0E72DE9F0410446FBF721
:10E9A000E7F8D4E92623074620468846FFF7CBFF41
:10E9B0000646FBF767FB3128034641D9421CD4E9E0
:10E9C0002E1513D04218AA42D4E9242028BF6B1A6E
:10E9D000D21B60EB0800012A70F100054FF0000522
:10E9E0002CDB9342854100DB13465D186D1A41F222
:10E9F00088339D4228BF1D46FBF7BAF8C7F1740360
:10EA000003449D421CD331462846FBF781FAB8B92E
:10EA1000D4F8C020D4F8B830A818D4F8BC20C4F872
:10EA2000C0002B449342C4F8B83003D1D4E9322358
:10EA3000C4E92A23BDE8F041FBF748BA2B46D4E7E6
:10EA40000020BDE8F08138B5044690F8F43003F0BA
:10EA5000FF05002B43D0FF2380F8F53090F8F70036
:10EA6000FBF7E0F994F8F700FBF716FB00212046CE
:10EA7000FFF7C0FE94F8F63004F1C805F3B1D4F8FE
:10EA8000E8302BB32846F5F7F5FF002384F8F5307E
:10EA900094F8F65015F0FF0518BF0C2584F8F630F1
:10EAA000C4F8F03084F8F43094F8F700FBF77AF803
:10EAB00090B940F2F9212120F2F76CFAD4F8F00075
:10EAC00030B1D4F8E8301BB900F5D070F5F762FF2B
:10EAD0002846F5F75FFFD8E7202384F8F73028466B
:10EAE00038BD90F8F4300BB1FFF7ADBF7047FFF7BA
:10EAF000F8BF90F86400003818BF0120704708B5CF
:10EB00000B7813F0060F04D040F2B1212120F2F768
:10EB100041FA90F8F42002F0FF0312B140F2B7215D
:10EB2000F4E70A7812F0010218BF8B684968C0F850
:10EB3000B010C0F8D81040F27121A0F8DC1012B16A
:10EB4000673BC0F8B43008BDD0F8F0300BB1FFF728
:10EB50007ABF0C20704770B506460C4690F8F53029
:10EB600083BBFBF705F80546062C20D8DFE804F048
:10EB7000241F1F27041F2C004FF40272D6F8981090
:10EB8000D6F8B8306D1AF73B1544AB428CBF012460
:10EB900000240AD83046FFF7FFFE30B1D6F8B8405F
:10EBA000F73CA5422CBF00240124204670BD40F252
:10EBB00046312120F2F7EEF94FF40472DEE74FF40C
:10EBC0005772DBE70024F0E70124EEE7F8B50D46C5
:10EBD000064601F5D077D5F8A8010021F5F730FFFA
:10EBE000B042044606D18268D5F8A8319A4213D2C1
:10EBF000816989B121463846F5F7EAFE0023336280
:10EC00002CB194E80E005B1842F1000201E00023F1
:10EC10001A46C5E96832F8BD9A422CBFB260B360AB
:10EC2000F2693762002AF2D00ECAECE770B50446EA
:10EC300088B0072967D8DFE801F0045441413C66F9
:10EC4000566390F8F5304BB10121FFF7D3FDF9F78A
:10EC500011F908B0BDE87040FAF78EBFFBF73AFA39
:10EC6000C4E926010B460246064620460D46FFF73C
:10EC70003FFEB0FA80F040098DF8100032462B4676
:10EC800020460294FFF734FE003818BF01208DF8AB
:10EC9000110002A8F6F7CEFDD4F8B800DD38C4F8AC
:10ECA000C000FBF713F9E0B940F293112120F2F70D
:10ECB00071F908B0BDE87040F9F7CEB900220092B2
:10ECC000012302A9F6F7AEFF40B194F8F70002A9BC
:10ECD000FBF714F828B940F28771E7E72046F6F70A
:10ECE000F1FD08B070BD90F8F53023B108B0BDE873
:10ECF0007040FFF7CEBCFFF74FFE0028F1D1F5E7DB
:10ED000040F2C911D2E740F2CD11CFE710B5044669
:10ED100088B090F8F43003F0FF0223B140F26A218A
:10ED20002120F2F737F9FF2380F8F43080F8F5203E
:10ED3000FFF700FE78B9D4F8B4306733C4F8D030A8
:10ED400001220091002302A92046F6F76BFF28B9A3
:10ED500040F27F21E4E741F28833EFE794F8F700CF
:10ED600002A9FAF7CBFF10B94FF42071D8E708B029
:10ED700010BD10B5044688B090F8F52002F0FF03EE
:10ED80009AB900931A4602A9F6F74CFF50B194F8CD
:10ED9000F70002A9FAF7B2FF38B940F26E712120EC
:10EDA000F2F7F8F82046F6F78DFDF9F763F808B0AA
:10EDB000BDE81040FAF7E0BE10B5044690F86910BF
:10EDC00090F86800F7F7F6F9002201462046BDE802
:10EDD0001040FEF7DCBF10B5044686B013460A4665
:10EDE00001466846F7F7FCF994F8C9016946FAF755
:10EDF00085FF20B940F2FD213520F2F7CBF8B4F8B9
:10EE000080300133A4F8803006B010BDF7F78EB91A
:10EE1000C0F8A811704710B50446FFF72BFB00F5AA
:10EE2000C5712046FEF7BCFF40F64803984228BF54
:10EE3000184680B210BD10B5044686B020B940F225
:10EE4000B3113520F2F7A6F890F8C82102F0FF03BD
:10EE500012B14FF4DA71F4E790F8C921202A02D1F7
:10EE600040F2B511EDE7014601226846F7F7B8F91F
:10EE700094F8C9016946FAF741FF10B940F2B91197
:10EE8000DFE706B010BD034690F8C20028B1B3F822
:10EE9000BE10B3F8C02091421ED293F9C6202AB109
:10EEA000B3F8C410B3F8C020914214D2B3F8BA201A
:10EEB000B3F8BC1091420ED2B3F8B80093F88A3080
:10EEC00023B9052894BF00200120704782428CBFDF
:10EED00000200120704701207047436893F81021FB
:10EEE0002AB1002283F8862083F8C220704783F875
:10EEF0008720FEF7D6BF436893F88620032A05D102
:10EF0000002283F8C22083F886207047FEF7C9BF2D
:10EF1000037D63B9837BA3F11002032A07D990F81C
:10EF2000500028B11C2B8CBF00200120704701200D
:10EF30007047A1F11203012B0AD910B9162902D882
:10EF40007047122906D91B298CBF00200120704769
:10EF5000012070470020704738B55368142893F893
:10EF600086300D4614460BD0162819D0122830D101
:10EF7000052B13D1BDE8384000211046FFF7FCB93E
:10EF80001D3B022B0AD81046FEF77AFF35B16268A6
:10EF900092F8D83023F0200382F8D830002038BD12
:10EFA000202BFBD11046FEF76BFF6DB1626892F823
:10EFB000D93023F0010382F8D930626892F8D93051
:10EFC00023F0080382F8D9301A212046F4F70CF90F
:10EFD000E4E740F265413620F1F7DCFF4368097948
:10EFE00093F886300246A3F110000C280BD9282B89
:10EFF0000BD01D2B0BD0052B0BD0202B0CBF1620BC
:10F00000FE20F7F7B5BB0320FBE72320F9E7142028
:10F01000F7E71220F5E7024640680B4690F8D81053
:10F0200041F0040180F8D81059791879F7F7A0BB9E
:10F0300038B50C460546D1E90401F2F705FC94F811
:10F04000C90120280FD0FAF7EDFE94F8C901FBF7AB
:10F0500023F894F8C901FAF7A5FD20B94FF41D6112
:10F060003620F1F797FF04F5D0742046F5F784FCBD
:10F0700010B12046F5F78EFC28460221BDE8384045
:10F08000F2F748BB00207047F5F766B8F5F7C4B84B
:10F09000F5F7DAB810B590F88A20B0F8B830014624
:10F0A000D2B9C3F1020491F8B6301BB191F88630A1
:10F0B000052B16D101F17800FFF72AFF98B1D1F89E
:10F0C000B030D1F8AC00043B181AA042A8BF2046CB
:10F0D00020EAE07080B210BDB0F8BA40E41A043CF7
:10F0E000E1E70020F1E72046EFE708B5F8F788FCF4
:10F0F000F8F73AFAF8F788F8BDE80840F8F710B9D9
:10F1000008B5C821F8F7E0F8022807D1013911F055
:10F11000FF01F7D1EB213B20F1F73CFF431E5842A2
:10F12000584108BD4FF08053D3F8A00000F0010013
:10F1300070474FF08053D3F8A420D3F8A830511C67
:10F140009BB203D14FF6FF718B4203D002608380E4
:10F1500001207047002070474FF0805330B5D3F83E
:10F160009050D3F89440D3F89810D3F89C2005EA37
:10F1700004030B40134001331FBF056044608160EE
:10F18000C2600CBF0020012030BD4FF0805330B56D
:10F19000D3F88050D3F88440D3F88810D3F88C206B
:10F1A00005EA04030B40134001331FBF05604460B0
:10F1B0008160C2600CBF0020012030BD38B504461C
:10F1C0001546F8F74BFA2A4601462046BDE8384076
:10F1D000F8F7EABD10B504460846F9F77DF84FF494
:10F1E0007A73B0FBF3F0201A10BD10B50446084640
:10F1F000F9F772F8023C00F2E7334FF47A72B3FB8E
:10F20000F2F3E01A10BD08B5FCF77CFCBDE808403D
:10F21000FBF718BD801A00F3070038B540B20D4661
:10F2200059B21446FBF7FEFC002328706B70204493
:10F2300040B238BD0023036070477047002070471C
:10F240004FF0FF3070474FF0FF30704770474FF07E
:10F25000FF30704700207047002070470023037084
:10F2600070479DF800300022FFF7D4BF4FF0FF3009
:10F270007047002070474FF0FF3070474FF0FF306D
:10F2800070477047C0B208B520B94FF080430122E3
:10F290001A6008BD5121B520FCF734FA0020FBF7B5
:10F2A00029BD4FF08043D3F8080400F001007047F7
:10F2B0004FF08043D3F8140400F0010070474FF082
:10F2C0008043D3F81C0400F0030070474FF08042E5
:10F2D000D2F81834D2F81824C3F3004302F0030222
:10F2E000824214BF002003F0010070470020FBF7AA
:10F2F0007BBD0020FBF7A6BD0020FBF7FBBC70B573
:10F30000FCF78CF9002405462646E0B2854200D879
:10F3100070BDFCF789F90134068580F82A60F4E7AE
:10F32000F8B5037904461BB11B219D20FCF7EAF9CF
:10F330004679017126B901234371217909B96171B7
:10F34000F8BD276826712046B84702280546F4D143
:10F3500003212046B84708B12F21E6E72368294654
:10F36000204698470028E8D03021DEE703460068B1
:10F37000884204D109B10A681A600846704728B962
:10F380007047884202D10A681A60F6E703460068AF
:10F390000028F6D170470346002018707047EFF33D
:10F3A000108272B603780121DBB2017002B962B635
:10F3B000012B0CBF6FF0220000207047EFF3108389
:10F3C00072B60022027003B962B600207047FCF7E3
:10F3D00073BBFCF7BBBBFCF7B9BB00280CBF6FF0DD
:10F3E000150000207047002070470723037000209D
:10F3F00070470020704700207047034611F8012B2A
:10F4000003F8012B002AF9D17047034613F8012BAA
:10F41000002AFBD1181A013870472DE9F0478646BB
:10F420008C460846089E154674461946002B40F047
:10F43000C2808542B2FA82F245D94AB1C2F12003B4
:10F4400000FA02FC2EFA03F3954043EA0C0C9440B8
:10F450004FEA154EA8B2BCFBFEF8230C0EFB18CCED
:10F4600008FB00F943EA0C43994528D9EB1808F149
:10F47000FF3704D2994502D9A8F102072B44A3EB28
:10F480000903A4B2B3FBFEFC0EFB1C330CFB00F023
:10F4900044EA0344A04214D92C190CF1FF3304D2DE
:10F4A000A04202D9ACF102032C44241A43EA0740DB
:10F4B0001EB1D440002334607360BDE8F087474636
:10F4C000DDE76346F1E792BB431B01214FEA154E8E
:10F4D000AFB2B3FBFEFC200C0EFB1C330CFB07F899
:10F4E00040EA0343984562D9EB180CF1FF3004D28F
:10F4F000984502D9ACF102002B44A3EB0803A4B257
:10F50000B3FBFEFC0EFB1C330CFB07F744EA034481
:10F51000A7424ED92C190CF1FF3304D2A74202D9CD
:10F52000ACF102032C44E41B43EA0040C0E7C2F103
:10F53000200320FA03F1954090402EFA03F3034391
:10F540004FEA154EAFB2B1FBFEFC0EFB1C10190CBE
:10F550000CFB07F841EA0041884504FA02F422D97D
:10F5600069180CF1FF3004D2884502D9ACF10200D1
:10F570002944A1EB08019BB2B1FBFEFC0EFB1C1160
:10F580000CFB07F743EA01439F420ED9EB180CF13D
:10F59000FF3104D29F4202D9ACF102012B44DB1BA4
:10F5A00041EA004192E76046E3E76146F7E76046DB
:10F5B000A3E76346B7E7834206D916B90021084698
:10F5C0007BE7C6E900E0F9E7B3FA83F78FB9834236
:10F5D00001D3724508D8BEEB020460EB030301209F
:10F5E0009C461EB9002168E73846FAE7C6E9004C98
:10F5F000F8E7C7F1200CBB4022FA0CF41C432EFAAA
:10F600000CF120FA0CF3B84001434FEA14490EFA0A
:10F6100007F5B3FBF9F81FFA84FE09FB18300B0C51
:10F6200008FB0EFA43EA00439A4502FA07F240D972
:10F63000E31808F1FF3004D29A4502D9A8F102007C
:10F640002344A3EB0A0389B2B3FBF9F809FB18338F
:10F6500008FB0EFE41EA03418E452CD9611808F1E2
:10F66000FF3304D28E4502D9A8F10203214443EAB4
:10F670000040A0FB0298A1EB0E014145CE46434657
:10F6800002D306D14D4504D2B9EB020E68EB040358
:10F690000138002EA6D0B5EB0E0261EB030101FA92
:10F6A0000CFC22FA07F34CEA0303F940C6E90031E7
:10F6B00098E74046C5E74346D9E700000000000050
:10F6C000F0B500228BB0114640F6034005F080FCF7
:10F6D000044600285ED105F0F1F8214609AA41F25E
:10F6E000030005F075FC0446002853D1099ABE4D6D
:10F6F000D168D1F80100D1F8051005F1780303C3F2
:10F70000104604F025F8214609AA41F2010005F04F
:10F710005FFC044600283DD10998C3685A7885F8F3
:10F7200070205A88A5F872201A7985F87120B3F8EC
:10F730000720A5F87420B3F80530A5F8763004F05A
:10F7400007F8214609AA41F2020005F041FC0446EF
:10F7500000BB099FFA6805F18006531C4132186806
:10F760005968344603C4083393422646F7D13846D5
:10F7700003F0EEFF95F87C3013F040030DD19B4A67
:10F780009B490093CDE901321846012217F0E4FDB0
:10F790006FF0120420460BB0F0BD09AA002142F21E
:10F7A000030005F015FC04460028F3D1099A914B9B
:10F7B000D168D1F80100D1F8051003C3104603F059
:10F7C000C7FF214609AA42F2020005F001FC0446E7
:10F7D0000028DFD1099FFE68B6F801309AB2BAB1AD
:10F7E000F278AAB1A5F80431F378032B0BD00322E9
:10F7F000CDE90332804B7E490090CDE9010302221E
:10F80000034617F0A9FDF2787C4811461AF04FFA2A
:10F81000384603F09DFF95F87C6016F0200619D15C
:10F820004FF0FF304FF0FF3105F072F8044600282A
:10F8300000F0C88002210C3004F0CCF801230370E2
:10F8400046702146324640F66D4005F0C1FB044645
:10F8500000289FD195F89C301F0712D509AA0021D6
:10F8600042F21C0005F0B4FB0446002892D109982E
:10F87000C368D3F80120D3F80530C5E9382303F075
:10F8800067FF95F8D8309E0626D50DF1220108A80D
:10F8900005F072FC044600287FF47CAF4FF0FF3087
:10F8A0004FF0FF3105F034F80646002800F08A805A
:10F8B00004210C3004F08EF8BDF820300380BDF830
:10F8C000223043802246314642F2240005F080FB7C
:10F8D000044600287FF45EAF95F8D8305C0610D55A
:10F8E00009AA002142F22A0005F072FB0446002812
:10F8F0007FF450AF0998C3685B7885F8203103F036
:10F9000027FF4FF0FF304FF0FF3105F001F80446BC
:10F91000002857D008210C3004F05CF895F8D81076
:10F9200011F0400F024640F2022308BF032388076C
:10F930004CBF43F02C0043F00C008B0695F8D930F7
:10F9400048BF40F0400013F0090F18BF40F40060BA
:10F95000CF0748BF40F01000002117F019FD2146E5
:10F96000002242F2010005F033FB044600287FF438
:10F9700011AF95F87C30B5F804119E0625D4C9B9AD
:10F9800009AA41F2050005F023FB044600287FF494
:10F9900001AFB5F80431099C4BB9E368B3F8012015
:10F9A000A5F804219A88154811461AF080F92046D6
:10F9B00003F0CEFE4FF0FF304FF0FF3104F0A8FF10
:10F9C0000446F8B96FF06804E4E60029F2D10C4B64
:10F9D00007490090CDE901030122034617F0BCFC62
:10F9E0006FF00404D6E600BFA0030020B6DD0200DD
:10F9F00068B2020078040020DADD0200A8040020CA
:10FA000020DE020008210C3003F0E4FF95F8D83026
:10FA1000D90702462ED458484FF0005117F0B8FCD1
:10FA20002146002240F6014005F0D2FA04460028A3
:10FA30007FF4B0AE014609AA4FF6014005F0C8FABE
:10FA4000E0B14E4B0094CDE9014323464C490222DC
:10FA5000184617F081FC06F075FA044600287FF47A
:10FA600099AE08F02FFB044600287FF493AE05F012
:10FA700059F88FE63EA1D1E90001CFE7099E404940
:10FA8000F468B4F80130032B96BF3E4A3E4A52F860
:10FA90002320CDE903233D4B02930023CDE900331E
:10FAA0000322184617F058FCB4F80130B4F80320CC
:10FAB000022B39D1052A37D8354B53F8223030493B
:10FAC000CDE90332334B0293002303221846CDE9DC
:10FAD000003317F041FCD4F8091063790791B4F8AA
:10FAE00007100691032BA17996BF2B4A264A52F89C
:10FAF000232003920024CDE90431284B20490293AE
:10FB0000032223462046CDE9004417F025FC304669
:10FB100003F01EFE09AA21464FF6024005F058FAEE
:10FB2000064618B11E4B8DE7174BC8E70998C36806
:10FB3000B3F80130A5F8C13003F00AFE95F8C130E2
:10FB40005B0788D509AA31464FF6034005F040FA15
:10FB500028B1144B0096CDE90163334676E7099846
:10FB6000C3685B7885F8C03003F0F2FD73E700BF2F
:10FB700090880002008000201088000243DE02000E
:10FB800068B20200C8B60200A6DB020067DE02000F
:10FB9000B0B6020080DE0200A0B6020098DE0200CD
:10FBA000C5DE0200EEDE020030B5002885B019DAAD
:10FBB000404201236A4600240A21B0FBF1F501FB13
:10FBC0001500303002F8010B013428460DB10F2C1E
:10FBD000F3D163B104F110036B442D2203F8102C10
:10FBE000013404E00FD130238DF800300124074B9D
:10FBF0009D68013C1DF8041004486B689847002C70
:10FC0000F7D105B030BD0023D4E700BF14B0020027
:10FC100008B5084607F010FA014B186008BD00BF90
:10FC20002029002070B58AB000258DF8135017F0F8
:10FC300071F9044668B1294B0390CDE90153009551
:10FC40002B4627490122184616F0EBFD20460AB044
:10FC500070BD02F0F3F8234B05AA03F11006154618
:10FC600018685968144603C40833B3422246F7D1D2
:10FC70001B7823702946032002F04CF8044630B16B
:10FC8000194B039002930023CDE90033D9E79DF887
:10FC90001330164943F004030DF113028DF81330AD
:10FCA0000DF014FD21469DF8130002F0F3F8044610
:10FCB00010B10F4B0390E5E7012002F023FA044650
:10FCC00010B10C4B0390DDE70B4B05490090CDE9DB
:10FCD00001030322034616F0A4FDB7E700BD0200AE
:10FCE00030B3020090B5020021BD020039010100CD
:10FCF00045BD02006ABD02008CBD020030B585B072
:10FD00000C4B02930023CDE9003304460D46184600
:10FD10000322094916F085FD2946204602F002FA21
:10FD2000284602F0C1FA204605B0BDE8304017F081
:10FD3000BCB800BF99BD020030B30200F0B5124B51
:10FD40008BB005AA054603F11007164618685968D6
:10FD5000144603C40833BB422246F7D11B782370F4
:10FD60000A4A0B4B3146284601F0B6FE50B1094B0A
:10FD7000029300230390CDE900330749012218467E
:10FD800016F04FFD0BB0F0BD90B502004805002005
:10FD9000DC280020B5BD020030B302001FB5064BC1
:10FDA00002930023CDE9003304490222184616F0DD
:10FDB00038FD05B05DF804FBEDBD020030B3020074
:10FDC0001FB551B1064B029300230391CDE90033D7
:10FDD00004490222184616F024FD05B05DF804FB24
:10FDE000FFBD020030B302001FB50B4659B90C4AE3
:10FDF0000091CDE9011218460A49032216F011FDBF
:10FE000005B05DF804FB084B029300230391CDE994
:10FE1000003304490222184616F003FDF0E700BF44
:10FE200016BE020030B3020028BE02001FB5064B0A
:10FE300002930023CDE9003304490322184616F04B
:10FE4000F0FC05B05DF804FB47BE020030B30200D1
:10FE50001FB5074B029300230391CDE900330549F9
:10FE60000222184616F0DDFC05B05DF804FB00BF69
:10FE700059BE020030B3020070B503788AB0044660
:10FE80000E4607AD032B20D8DFE803F002191B1D37
:10FE900011492846FFF7B1FA059563780493A378D2
:10FEA0000393E37802932379019363790093A37911
:10FEB0000A4A1E21304616F015FA0AB070BD0849EC
:10FEC000E7E70849E5E70849E3E7084A0A21284641
:10FED00016F008FAE0E700BF85BE0200A7BE0200E8
:10FEE0008CBE020093BE02009DBE0200B1FC020067
:10FEF00030B58FB006AD0C4617F062FD2946FFF70E
:10FF0000BBFF084B08490395CDE90443074B029317
:10FF10000023CDE900330222184616F082FC0FB010
:10FF200030BD00BF3608030030B30200CABE020075
:10FF300030B58FB006AD0C4617F042FD2946FFF7ED
:10FF40009BFF074B02930023CDE90354CDE9003317
:10FF500004490322184616F064FC0FB030BD00BF00
:10FF6000F0BE020030B3020010B58CB004AC17F044
:10FF700027FD2146FFF780FF064B02930023CDE9C2
:10FF80000033054903940322184616F04AFC0CB0CE
:10FF900010BD00BF12BF020030B3020030B58FB0F9
:10FFA000036806AD186829461446FFF765FF074B3E
:10FFB00002930023CDE90354CDE900330449032221
:10FFC000184616F02EFC0FB030BD00BF28BF02004F
:10FFD00030B3020070B58EB006AE0C46054617F081
:10FFE000EFFC3146FFF748FF0D4B0396CDE9044384
:10FFF0000C4E0D4B029300242346CDE900440B49DF
:020000021000EC
:100000000322204616F00DFC33689D4206D1284697
:1000100007F040F80648346011F0BAFF0EB070BD2A
:10002000360803002029002055BF020030B302002B
:10003000CC28002070B58EB006AE0C46054617F0F1
:10004000BFFC3146FFF718FFDCB1304B0396CDE91A
:1000500004432F4E2F4B029300242346CDE9004446
:100060002D490322204616F0DCFB33689D4206D161
:10007000284607F00FF82948346011F089FF0EB0C8
:1000800070BD274B24490396CDE901432046234602
:100090000094032216F0C5FB2249234B0B6028462F
:1000A0000AF026FE50B1214B0390CDE901431A49D5
:1000B000009423460222204616F0B3FB0221284674
:1000C00017F0F4FB88B11A4B02930023CDE90033FB
:1000D000039011491846022216F0A3FB0C4B1B6833
:1000E0009D4202D12846FFF729FE16F013FF002893
:1000F000C5D0104B029300230390CDE9003306498D
:100100000122184616F08DFBB9E700BF3608030040
:100110002029002078BF020030B30200CC28002044
:100120009BBF0200C8280020E9FD0000A9BF020013
:10013000C6BF0200E1BF0200F0B58FB006AD0746B2
:100140000E462946FFF798FE3946002007F08AFD43
:10015000044618B106F09EFF0FB0F0BD39460220EC
:1001600001F0D8FD60B10E4B0E490094CDE90305B6
:10017000CDE9014301222346204616F052FBEBE76E
:10018000094B08490395CDE901030090034603227A
:1001900016F047FB337843F002033370DCE700BF0F
:1001A000FEBF020030B302002AC00200F0B591B0D9
:1001B00008AF0E461446054617F002FC3946FFF715
:1001C0005BFEA4B9124B13490094CDE90143CDE97C
:1001D000037623460322204616F023FB0E4B1B68B2
:1001E0009D4202D12846FFF7A9FD11B0F0BD0B4B8F
:1001F0000849CDE905430A4B02930023CDE9037674
:10020000CDE900330222184616F00BFBE6E700BFEB
:1002100043C0020030B3020020290020360803004A
:1002200061C0020038B5054D441E14F8011F01B924
:1002300038BDAB6801485B689847F6E714B0020028
:100240002DE9F04F052A87B00C4626D90B7849785E
:10025000A52B01D101290DD0CDE904120393304B18
:1002600002930023CDE900332E490222184616F0EE
:10027000D8FA12E02679B4F8028094F80590731E3B
:10028000132B0ED9284B02930023CDE900332549C7
:1002900003960222184616F0C4FA012007B0BDE802
:1002A000F08F062303EB06139A4204DACDE90436F5
:1002B00003921E4BD4E700254FEA051A1FFA8AFA6B
:1002C0000AF106031A481FFA83FBFFF7ABFF40460B
:1002D000FFF76AFC1748FFF7A5FF2846FFF764FC05
:1002E0001548FFF79FFF4846FFF75EFC0AF116022C
:1002F00097B234F90BA011480BF102031FFA83FBEC
:10030000FFF790FF5046FFF74FFC5F45F1D10C48D7
:100310000135FFF787FFEBB2B342CDD3BDE700BF96
:1003200088C0020030B30200ABC00200C0C00200AF
:10033000E5C00200EAC00200EEC00200370203007E
:10034000ABC1020030B5484889B007F089FE60B102
:10035000464B02930023CDE900334549012218465C
:1003600016F05FFA002009B030BD424807F092FE57
:10037000054618B1404816F085FBF3E704F058FF36
:10038000044658B13D4B0390CDE9015300952B46EF
:1003900037490122184616F044FAE3E7384B34494E
:1003A00000900322CDE90103034616F03AFA16F055
:1003B00041FC3448FFF736FF334B2D490094CDE91B
:1003C000014303222346204616F02BFA2F4B0593B8
:1003D0002F48304B079405A9069316F0CFFD05462C
:1003E00088B12D4B0390CDE9014321490094234668
:1003F0000122204616F015FA284B0395CDE901435A
:1004000000942346C4E7264B194900900322CDE906
:100410000103034616F005FA012305A8CDE90555A9
:1004200007958DF8183001F035FE1E4801F062FC8A
:100430001D491E4811F084FC1D4B0D490095CDE966
:10044000015303222B46284616F0EBF9FFF7EAFB8F
:10045000002887D1174816F015FB00214FF4004003
:1004600013F064F9F9E700BF28050020F6C0020088
:1004700030B302001805002022C1020054C102005E
:1004800073C1020089C10200AEC102004102010035
:10049000DC280020C1FD0000B9C10200E3C1020058
:1004A00003C202004005002041680200CC28002061
:1004B00021C2020039C2020070B50C46002934D0B6
:1004C00002680B1F9B1AD90823F0070313445D88A9
:1004D000E8070DD4154A16491648AF2316F0E8FA76
:1004E0002146154816F0E4FAAF21104816F0D7FA65
:1004F000104616F0A7F9084432F83060801B81429C
:100500000BD00A4A0D490B48B72316F0D1FA214601
:100510000B4816F0CDFAB721E7E725F001055D801D
:10052000BDE87040104616F04ABA70BD63C20200C2
:1005300086C2020097C20200B4C20200ECC20200EE
:1005400012C30200B2F5802F2DE9F0410ED33C49D1
:100550003C4A3D4840F2132316F0AAFA3B4816F0F5
:10056000A7FA40F21321374816F099FA042A0CD85A
:100570003749344A344840F21A2316F099FA35487C
:1005800016F096FA40F21A21EDE7043ACD1D8E18C6
:1005900025F0070526F00706761B172E4FEAD6072B
:1005A0000CD82D49274A284840F2232316F080FA18
:1005B000284816F07DFA40F22321D4E7B7FA87F4F1
:1005C000C4F12002C4F12404A4000734E408631C2D
:1005D0004FF00008BB420560AF60C5F80C800CD935
:1005E0001E49184A18484FF40E7316F061FA19485C
:1005F00016F05EFA4FF40E71B5E74146920005F130
:1006000010001AF0EAFB630043F001036B8005EB76
:10061000C4023B1B5900A5F800805180AA1925F897
:100620003440A2F80280AB5305EBC70321465A8839
:1006300042F001025A802846BDE8F04116F007B9A1
:100640004EC3020063C2020097C2020064C30200EC
:100650007BC302009CC30200B5C30200DEC30200DC
:100660002DE9F04F91B00546009302F00403019389
:10067000C2F3C203013304938307DDF8689002924A
:100680000E4640F0FC81041D30B1072909D86FF0F7
:100690001B0011B0BDE8F08F01F007063444C6F12D
:1006A0000806009B4FF000084FF0040B591ECDF8D0
:1006B0000C80474643464FF0FF32DA460DB10098B2
:1006C00020600498002800F3DF809B48DDF800C01C
:1006D000844503D399488445C0F0D680DDF808C02E
:1006E000A4EB050E1CF0020F4FEA9E0000F0E7801D
:1006F0004FF0000CD1E07A2862D84B280FD8472859
:100700005ED829282DD8252859D059D820287DD021
:10071000A0F12309D9F1000343EB090376E04C383B
:100720002E284DD8DFE800F0724C4C4C4C4C4C4C11
:100730004C4C4C4C4E4C4C4C4C4C4C4C4C5C4C4EE5
:100740004E5C5C5C724E6F4C724C184E184C4C8177
:100750007E4E4C4C4E4C7E00002000234FF0040B8C
:100760003CE02A384FF0010EC0B20EFA00F04FF60E
:10077000DA7E10EA0E0F49D110F0625E30D110F02F
:10078000010343D07046013C5C44B4FBFBF40BFB1B
:1007900004F4002D5ED0AAEB050EA644B6453FF644
:1007A00076AF002868D1BAF1040F43D1E14659F879
:1007B000040B20600434CC464FF0040A26E0013AD2
:1007C000002323E011F8013C6C2B30D111F8023CDE
:1007D00000206C2B0346C1D14FF0080BDA46D2E75C
:1007E0000CF1070929F0070C0734FCE802AB24F0F0
:1007F000070435B105982044B0423FF648AFC4E93C
:1008000000AB083400234FF0080BDA4611F8010F53
:10081000002800F0BC80002B7FF46DAF2528F5D1B7
:10082000013201234FF0040BEFE7184695E7002053
:100830000346A8E7BAF1080F40F09B800CF10709C6
:1008400029F0070CFCE8029AC4E9009A08344FF03A
:10085000080ADBE780B9BAF1040F02D10CF10409F0
:10086000A8E7BAF1080F40F084800CF1070929F0DD
:10087000070909F1080CE9E70498E14601380490FA
:1008800059F8040B009019E70298800748D5A4EBAB
:10089000050E4FEA9E004FF0010CBEF5007F1DD300
:1008A0002749284A28484FF41F7316F001F92748B2
:1008B00016F0FEF84FF41F71224816F0F0F80F2FD3
:1008C0000ED8002D46D007F1400CEC440CF8200C5B
:1008D0000CF8102C03980130039020E00F2F0CD956
:1008E0001749184A184840F2812316F0E1F81848D1
:1008F00016F0DEF840F28121DEE7BDB107F1400ECF
:10090000EE44C0B20EF8200C0EF8102CBCF1000F13
:10091000E0D060F07F000EF8200C08F101080137EC
:10092000C5F108000434CC4605906FE7BCF1000F18
:1009300010D00136F3E700BF14AF020054130300D8
:100940001406030009C4020097C2020037C4020063
:1009500058C40200019802360028E0D100980592A0
:10096000CDE90631FEF751FDDDE90631059A064471
:10097000D5E7444A4449454840F2C62316F098F862
:100980005146434816F094F840F2C62194E7631BA1
:10099000B3F5806F0CD33C493A4A3C4840F2D2232D
:1009A00016F086F83B4816F083F840F2D22183E730
:1009B0001DB9A6F10804E0186BE6019A28609B08AF
:1009C0002B709DF80C30C2B1EB7085F80280B8F145
:1009D000000F05D008A80022C5F1010C97420ED1E6
:1009E000C5F101030DF120094FF0000A02930DF14A
:1009F000300B574512D1601B4BE66B70E5E710F8E2
:100A0000013B190608D50CEB040EB64503F07F0335
:100A10003FF63DAE04F8013B0132DFE7B8F1000FCD
:100A200003D099F90020002A17DB019BD3B11AF8F3
:100A30000B2004F8012B0022029B18191044B0422D
:100A40003FF625AE99F8000004F8010B00990392D7
:100A500020461AF0B4F9039A14440AF1010A09F184
:100A60000109C6E799F8002055F822300093019B50
:100A700045F822300098FEF7C8FC421CDCE76FF016
:100A80000D0006E609C402001406030097C2020026
:100A900072C4020087C40200014B1B68184700BFE4
:100AA0005405002030B585B004460D4610220021C3
:100AB00068461AF092F902238DF802302A46044B58
:100AC00001932146684615F039FC05B030BD00BFE2
:100AD000990A010080B505460E461746984612F061
:100AE000C1FE03461AF00CFADFF81890044649F8E4
:100AF0000030424630463946A84754F8090002F013
:100B000091F800BF080000002DE9F84F04460846A0
:100B1000A38B1907154612D4022803F0070165D1EB
:100B2000204615F0D2FF88B10138042800F2378141
:100B3000DFE810F05C0035018200D40004010128D8
:100B40000CBF43F0100143F02001A1831434204670
:100B500013F00CF9002840F09D819A499A4A9B486D
:100B60004FF49A7315F0A4FF2146B1E003F0070299
:100B7000501F01281ED80020062A2768C4E900005B
:100B800014D13A4603E0E08B0130E0831268002A7A
:100B9000F9D123F0070343F00202A283204615F0A7
:100BA00094FF90B342F02002A2832EE023F00703CB
:100BB0009AB2F2E7042A33D123F007039AB2A28350
:100BC000204615F082FF10B142F02002A283A38BD1
:100BD00003F00709894540F0EC80A18BCA0640F17B
:100BE000508121F01003A38301F00701D4F818808D
:100BF000A38BB8F1000FB9DA0022276823F00703AE
:100C0000C4E9002243F00103A383A38B03F0070987
:100C1000894540F0CF80002FDFD00026B24644E067
:100C20006B496C4A694840F21B1315F041FF40F2D2
:100C30001B11684815F033FF49B16749654A63489D
:100C40004FF4AB7315F034FF4FF4AB71F1E7236849
:100C50004BB962495F4A5D4840F2571315F028FFCF
:100C600040F25711E5E723691E684EB95C49594ABD
:100C700056484FF4AD7315F01BFF4FF4AD71D8E734
:100C8000A38B23F0070343F006039BB2A3830F4615
:100C900088464FF00609A268002A40F08D80002F98
:100CA00040F08D80002E98D0BA4643F0080304F13E
:100CB000140BA383584613F059F8002840F09A808B
:100CC0004049414A41484FF49A7315F0F1FE5946A4
:100CD000444815F0EDFE4FF49A71ADE0022909D0B9
:100CE00041493C4A394840F25D1315F0E1FE40F2BB
:100CF0005D119EE7E78B4FB13C49364A33484FF4CC
:100D0000AF7315F0D5FE4FF4AF7192E723695E68BB
:100D10004EB933492F4A2D4840F2611315F0C8FEF1
:100D200040F2611185E7A38B23F0070343F004032E
:100D30009BB2A383B8464FF00409ACE7012909D060
:100D40002B49244A21484FF4B27315F0B1FE4FF4F9
:100D5000B2716EE723684BB920491E4A1B4840F226
:100D6000651315F0A5FE40F2651162E723699E68E0
:100D70004EB91B49174A15484FF4B47315F098FE45
:100D80004FF4B47155E7A38B23F0070343F0050339
:100D90009BB20027A383B8464FF005097BE70C49B7
:100DA0000C4A0A4840F26B1315F082FE40F26B11B8
:100DB0003FE7002700266EE74FF0010A75E79246ED
:100DC00073E700BF82C5020055C5020097C202004A
:100DD00014060300AFC40200D4C40200E0C4020041
:100DE00003C5020099C502001AC5020030C5020001
:100DF0003FC5020085F31188BFF36F8FBAF1000F72
:100E00001CD177BB16B126492046B047EFF31185B8
:100E1000402383F31288BFF36F8F584612F098FF78
:100E200038BB204A20492148882315F041FE594605
:100E30001F4815F03DFE88211A48FBE6A1680029ED
:100E4000DFD00D680029DCD0D1F804A043464A4623
:100E50002046D0471DB12B6829461D46F2E72B4698
:100E6000FAE7394643464A4620463F6815F059FEA0
:100E7000C7E7584612F090FFA38B23F00803A38323
:100E8000ABE68B067FF562AE21F02003A38301F071
:100E9000070145E685F31188BFF36F8FBDE8F88F32
:100EA000B50E010055C50200AEC5020097C2020092
:100EB000C3C50200F8B504460D4600F11406EFF371
:100EC0001187402383F31288BFF36F8F304612F0EF
:100ED0003FFF68B90C4A0D490D48882315F0E8FD1D
:100EE0000C48314615F0E4FD0748882115F0D7FD80
:100EF000304612F051FFA5613A4620460121BDE877
:100F0000F840FFF701BE00BF55C50200AEC50200A4
:100F100097C20200C3C502002DE9F04704460F4600
:100F200015F0EFFD051E68DB04F11409EFF3118ADB
:100F3000402383F31288BFF36F8F484612F008FFF7
:100F4000804660B9384A39493948882315F0B0FDE0
:100F50004946384815F0ACFD8821334842E0484600
:100F600012F01AFFE38BA68B4FF6FF72934206F046
:100F7000070645D0022E15D10133E3833546484696
:100F800012F0F4FE002841D1274A2B4928484FF49B
:100F90009A7315F08DFD4946284815F089FD4FF4E8
:100FA0009A71DAE7062E13D8DFE806F0092D12123F
:100FB000090409006FF085054FF00008DFE7002302
:100FC0003B60636883B9C4E9007786B13546F3E7CF
:100FD0001B4917481B4A4FF4E47315F069FD194883
:100FE0004FF4E47115F05BFD1F606760EDE752465A
:100FF00002212046FFF788FD35462846BDE8F087E8
:101000006FF00A05D8E76FF00405D5E78AF3118879
:10101000BFF36F8FB8F1000FEFD00023324639468F
:10102000204615F07EFDE8E755C50200AEC502007A
:1010300097C20200C3C5020082C5020099C5020022
:101040003FC50200AFC4020008B54268816002F0EB
:101050000302022A03460AD0032A4FF0000103D0FC
:10106000012A0AD1596006E01868596008BD18685D
:1010700000225A6058B90020F8E706490648074A96
:10108000452315F015FD0548452115F008FD13F021
:101090003FF9F0E71406030097C20200D9C5020029
:1010A0002DE9F84FDFF800A1404FAAEB07038F2B83
:1010B000814688460BD93E493E4A3F484FF4A673C5
:1010C00015F0F6FC4FF4A6713A4815F0E8FC3B48E1
:1010D00015F069FD0646002837D13C4605464FF01D
:1010E000010B54452AD93649324A33484FF4AC7380
:1010F00015F0DEFC334815F0DBFC4FF4AC71E3E790
:10110000237B83B12368DB680BB120469847636873
:1011100083F806B023681B6943B963680422196821
:10112000204615F055FD01361034DAE72046984781
:101130000028F2D00BFA06F31D43F4E7E0D3B9F12F
:10114000000F02D04FF0010A0DB9BDE8F88FA94693
:1011500095FAA5F4B4FA84F40AFA04F3260107EB2D
:1011600004146FEA030B25EA0305237B5BB1BB592B
:101170001B69A3B93E44042273682046196809EA32
:101180000B0915F025FD002DE2D1B8F1000F04D0B8
:101190004FF4A470002112F0C9FA4D46D4E720465E
:1011A00098470028EFD1E5E738B3020038B30200D2
:1011B00033C6020006C6020097C202002C29002096
:1011C00063C6020084C60200134A1449002310B506
:1011D0001370134A1360134A1360134B134A1A60B7
:1011E000134B18468B4215D91249134A134840F243
:1011F000271315F05DFC124815F05AFC0E4840F21A
:10120000271115F04CFC1A1A5C6812110132227178
:101210001033E7E7F7D310BDF835002038B30200EC
:10122000242900202829002058050020A36B020053
:1012300038B3020063C6020006C6020097C202006D
:1012400084C6020070B5134D297809BB0120FFF751
:1012500027FF114C114EB44217D91149114A1248B7
:1012600040F2C51315F024FC104815F021FC0D4880
:1012700040F2C51115F013FC63685B791BB123685C
:1012800020469B6898471034E5E7F5D301232B707F
:1012900070BD00BFF835002038B3020038B302003B
:1012A00063C6020006C6020097C2020084C602009E
:1012B00010B50446084815F076FC5CB1BFF35B8FAF
:1012C000064B53E8001F013943E80012002AF8D109
:1012D000BFF35B8F10BD00BF242900202829002008
:1012E00070B5124B124C1B68124E05469847A86009
:1012F000B44218D91049114A11484FF4007315F03F
:10130000D7FB104815F0D4FB0C484FF4007115F0D2
:10131000C6FB63685B7923B1236829461B682046B6
:1013200098471034E4E7F4D370BD00BF580500209F
:1013300038B3020038B3020063C6020006C60200DA
:1013400097C2020084C602002DE9F04F87B004AFB7
:10135000D7E90EA93D6B04460E4693469846BAF16E
:10136000000F2BD0C7F80490CDF8009010217A6BB5
:1013700053460020FFF774F9011E0BDA2849294A69
:10138000294840F2651315F093FB40F2651125489A
:1013900015F085FBB1F5006F11DB40F2FF7303938D
:1013A000224B02930023CDE9003321490222184643
:1013B00015F030FC0C37BD46BDE8F08F514604F007
:1013C00007040BF0070BE40044EA8B1444EA4124C1
:1013D00044EA055417350D4425F00705ADEB050D1E
:1013E00004ADBAF1000F13D0CDF800907A6B5346DC
:1013F00005F11000FFF734F9002809DA0849094A15
:1014000009484FF4C47315F053FB4FF4C471BEE7A1
:10141000434622463146284615F0E3FBCAE700BFA3
:10142000DCC60200B0C6020097C20200E6C6020097
:10143000C8B20200014B03600020704728B60200CA
:1014400030B585B00023CDE902330546019000F0A8
:101450008DF8094B1C6844B9284600F00FF8044683
:1014600000F08EF8204605B030BD636820461B684A
:1014700001A998472468EEE7302900202DE9F047BC
:10148000DFF8CC90DFF8CCA080464FF00047002674
:10149000314C3D464C4530D93049314A31484FF402
:1014A000897315F005FB304815F002FB2C484FF40A
:1014B000897115F0F4FA2F46EAE7B8F1000F03D16D
:1014C00022694AB91834E5E720680022414615F040
:1014D000B4FB0028F4D1F5E76368BB4205DDAF42F9
:1014E00009D09D42A8BF1D46ECE7EBD19047002EE6
:1014F00008BF0646E6E71D46E4E7DED3DAF800401B
:1015000004B3183CB8F1000F03D122694AB9A469A9
:10151000F6E720680022414615F08FFB0028F4D141
:10152000F5E76368BB4205DDBD4209D09D42A8BF17
:101530001D46ECE7EBD19047002E08BF0646E6E7D4
:101540001D46E4E7AF42B6D13046BDE8F08700BFA4
:1015500038B302003829002038B3020050C7020017
:101560001EC7020097C2020084C6020003484FF063
:10157000FF324FF0FF330FF0D9BD00BF100800203D
:1015800001480FF0A3BE00BF1008002008B50448B2
:1015900015F078FABDE80840024815F073BA00BFAC
:1015A00081C70200B6C7020030B50B4D0B4B87B0A8
:1015B000002428460393CDE9044410F0E5FD03AB75
:1015C0000093284606490A234FF4A86210F0F6FD5E
:1015D000204607B030BD00BFC0190020E4C702009C
:1015E000003A002038B5C51C25F00305782D09D92F
:1015F00017491848184A702315F05AFA16487021EE
:1016000015F04DFA154CD4F8503123B1D4F85831B7
:101610002B44782B19D97C21012018F0C5FC78B116
:1016200000230360D4F854215AB9C4E95400C4F823
:101630005831D4F858311A1D1D441044C4F858517B
:1016400038BD1060C4F85401F1E7D4F85401F0E754
:101650001DC8020097C20200F2C702004029002004
:101660000A48BFF35B8F50E8003F43F0020340E8B5
:101670000032002AF7D1BFF35B8F436A1B68A0F5E5
:101680009C700BB141681847704700BF782A002052
:1016900002281FB503D8084B185C04B010BD002405
:1016A000064B02932046CDE900440549234601221A
:1016B00015F02BFB2046F0E7E0CB020067C80200E4
:1016C00060B202002DE9F0431F4CD4F83431222BD4
:1016D00085B006460F460FD91C4B02930023CDE977
:1016E00000331B490122184615F00FFB4FF000088C
:1016F000404605B0BDE8F08303681878FFF7C8FFDF
:1017000081463844FFF76EFF034630B9114A10494D
:101710000090CDE901020122E6E7D4F834516A1CB9
:101720000335ED0005F10408C4F83421A0442C442D
:10173000328A2281728AA2723844606031684A46D5
:1017400019F03DFBD4E700BF402900207EC802000D
:1017500060B202009AC802007FB5054660B9104B1E
:101760000090CDE9010303460E49012215F0CDFAA0
:101770000024204604B070BD0078FFF789FF0646BC
:10178000FFF730FF044628B9074B0090CDE901036D
:101790000346E9E73246294619F011FBE9E700BFA5
:1017A000B7C8020060B20200CBC802001FB5BFF389
:1017B0005B8F50F82C3CBFF35B8F13F001030AD111
:1017C000134A14490093CDE901321846022215F05C
:1017D0009CFA04B010BDA0F5B274A0F5AE712068FB
:1017E00009F0DEFA0028F4D00B4B0293002303909B
:1017F000CDE9003318460749012215F086FA6FF04B
:101800000B01204604B0BDE8104015F08DBA00BFB2
:10181000E0C8020060B20200F6C802002DE9F04103
:10182000894C2368834286B00D4612D0874B0293C1
:1018300000238749CDE900330122184615F065FAE7
:101840006FF00D01204615F06FFA002006B0BDE8DC
:10185000F081137C032B00F0BD800ED8022B1CD12D
:101860007C497D4A7D484FF4F97315F021F97C4895
:1018700015F01EF94FF4F9713BE0052BF0D100296A
:101880007DD1D4F83431012B6AD9238C01332382E2
:101890000323237604F5B2716DE019B9204615F0E3
:1018A00059FAD2E7CF6828460821FFF70BFF4FF01F
:1018B000000806464FF4205328688DF8108004A9CC
:1018C000ADF8123015F07BFCB0B142F60103286888
:1018D0008DF8148005A9ADF8163015F070FC58B1DC
:1018E00060495D4A5D4840F24B1315F0E1F840F263
:1018F0004B11594815F0D3F86EB95B4B544900961B
:10190000CDE9016301223346304615F0FEF94E4819
:101910006FF00B0197E7304615F030FA054648B9ED
:1019200052494D4A4D4840F25F1315F0C1F840F25C
:101930005F11DEE73B6803607B6843600068FFF788
:101940000BFF0346286030B9494A41490090CDE970
:1019500001020122D9E7AB88E382B2889A4202D120
:10196000FFF77EFE71E70023A36005232376B3888B
:10197000404901332382404818F0FEF965E700260C
:1019800042F6030328688DF8146005A9ADF81630F7
:1019900015F015FC50B908212846FFF793FE0446C0
:1019A00015F00CFA2368036001204FE73146284602
:1019B000FFF788FE03460028F6D12A8A03922F4AB1
:1019C00023490090CDE90102012215F09EF96FF044
:1019D0000B0137E70029C3D000238DF814302868A5
:1019E00042F6030305A9ADF8163015F0E8FB48B13F
:1019F0002349194A19484FF4DE7315F059F84FF48A
:101A0000DE7176E7298A204615F03BF910B96FF0B0
:101A1000020117E7EE6815F0D1F9054648B91949F2
:101A20000D4A0E484FF4E47315F042F84FF4E47198
:101A30005FE733680360736843600068FFF78CFEFC
:101A400028600028B0D1C2E74029002017C9020051
:101A500060B2020014060300F2C7020097C202003F
:101A6000AECB020039C9020052CA02007BCA020092
:101A70009ACA0200A42A0020C0190020C8CA020085
:101A800006CB020091CB020070B505460E4600243D
:101A90002146284615F0AAF90446A0B115F08EF9A2
:101AA00058B90A490A480B4A4FF40F7315F000F869
:101AB00008484FF40F7114F0F2FF0168304615F03A
:101AC0007EFB0028E4D1204670BD00BF9ACB020007
:101AD00097C20200F2C70200F0B5064685B00D4677
:101AE00019B1097811F0FD0F56D1002A54D0BFF377
:101AF0005B8F2C4C54E8001F41F0010044E80007C4
:101B0000002FF7D1BFF35B8F11F0010147D1A4F58E
:101B10009C74002DC4E9006314BF01230023C4E9B1
:101B2000541184F86031C4F85C21C4F83411C4F84D
:101B300058110AD02878FFF7ABFD2946024604F574
:101B40009E7019F03CF904F59E75174BA560E36093
:101B5000164917484FF6FF7301270025E3822782B5
:101B6000257610F0EDF81349304609F019F90446CE
:101B700078B1114B11490390CDE9015328460095E6
:101B80002B463A4615F0C1F806486FF0010115F0F2
:101B9000ADF8204605B0F0BD6FF01504F9E76FF021
:101BA0007704F6E7782A00201D180100AD17010020
:101BB000A42A002048290020C4CB020060B2020001
:101BC0001FB5094A1068516801AB03C39068074A02
:101BD00001AB044603CBC2F83E40C2F83600C2F85F
:101BE0003A1004B010BD00BF40B30200BC2A002070
:101BF000054B1822A3F8422028225A644FF4C872D9
:101C0000A3F84820704700BFBC2A00202DE9F04F00
:101C10002B4E8BB096F8293003920446884613B3B6
:101C20004B7896F830B096F828A0019300273D46EF
:101C3000574505D384F83C50BBF1000F11D131E07A
:101C4000D8F80430039A02931E4B9B5C00934FF02C
:101C50000009019B994509D3BBF1000F2CD084F8F2
:101C60003C50AA4520D00BB0BDE8F08F029B009AF3
:101C700003EB090105A815F0D0FA0028ECD0316972
:101C800005A815F09CFA10B1009B9944E1E704EB1C
:101C90008502316991630135EDB2BBF1000F0BD1C3
:101CA00084F83C50002DDED063780133637001234B
:101CB00084F83430A370D6E701371836B8E700BF90
:101CC000BC2A0020EECB0200F8B5094B1C68054683
:101CD0000E46174654B154F8043C1B68043C1BB133
:101CE0003A463146284698476468F3E7F8BD00BF96
:101CF000B42A002050B100234360054B5968021DEF
:101D000011B9C3E9002270470A605A60704700BFEA
:101D1000B42A002070B5054692B00C46002978D050
:101D20004FF0FF324FF0FF333B480FF0FFF9052D26
:101D30006CD8DFE805F0686803406868374DEB7AD7
:101D4000002B60D120686860A379A2882A81AB72D9
:101D5000237807AE032B28D8DFE803F002212325E0
:101D60002F493046FDF749FB059663780493A37825
:101D70000393E37802932379019363790093A37922
:101D8000284A1E210AA814F0ADFAEB7A0133EB724F
:101D9000002421480FF09AFA204612B070BD224963
:101DA000DFE72249DDE72249DBE7224A0A21304604
:101DB00014F098FAD8E7194B93F828201ABB227828
:101DC000012A0AD0022A0FD002BB206858611A4AA1
:101DD0001A61012283F82820DAE794E8030003F16E
:101DE000140282E80300F2E703F1140204F1100682
:101DF00020686168154603C50834B4422A46F7D105
:101E000021782970E3E76FF00B04C2E76FF0150447
:101E1000BFE76FF01504BFE7FC070020BC2A0020D5
:101E200085BE0200A7BE02008CBE020093BE020067
:101E30009DBE0200B1FC0200D02A002010B50C4C5F
:101E40004FF0FF324FF0FF3320460FF06FF9094B90
:101E500000221A709A70DA7283F8282083F82C20F6
:101E600083F82E202046BDE810400FF02FBA00BFA7
:101E7000FC070020BC2A0020054B00225A70DA70B3
:101E80001A7383F8292083F82D2083F82F207047B8
:101E9000BC2A002008B5830622D0FFF7EDFF124BC5
:101EA00010F0020F1CBF01221A73C20744BF0122A7
:101EB0005A70C20644BF0122DA70420744BF0122B1
:101EC00083F82920020744BF012283F82D208206CF
:101ED00044BF012283F82F2083F83010002008BD72
:101EE0006FF01500FBE700BFBC2A002070B586B07C
:101EF00000230E460546019315F00CF8154B0FCB49
:101F000002AC84E80F0001AB134A2146304605F0CD
:101F10003DFF0835114B50B11C68C4B154F8043C66
:101F20009B68043C0BB1284698476468F5E7019E1E
:101F30001C684CB154F8043CDB68043C13B13146D6
:101F4000284698476468F4E7019805F0A3F806B0BE
:101F500070BD00BF4CB30200FE2A0020B42A00204E
:101F60002DE9F04F464D97B0064654220C4601A885
:101F7000002118F032FF297B95F830308DF80730BA
:101F800095F829203389002936D1002A56D103F04B
:101F900001038DF80830204615F0B8F83949B4F837
:101FA0000480074601AA204601F05AFFA368A4F85E
:101FB000048013FA87F7344B2760CDE904349DF889
:101FC0000730346803969DF80860002B45D09DF8D3
:101FD00005209DF804309A4243D1324606A903A851
:101FE000FFF772FE95F834301BB1214601A8FFF7C8
:101FF0007DFF17B0BDE8F08F0121D6F800808DF885
:1020000004100ABB0B4095F80BA0204F8DF8083048
:102010004FF00009D145BED239460722404618F09C
:10202000E4FEBB460737A8B90123CDF834B08DF8DC
:1020300005308DF830308DF80630ACE79DF804207F
:1020400001328DF80420A2E702228DF8042003F06B
:102050000103D8E709F10109DCE79DF80630002B00
:10206000BBD10B4B1C68002CC3D054F8043C5B68FC
:10207000043C13B1314603A898476468F3E700BFF6
:10208000BC2A0020E36E0200FE2A0020C02A0020A5
:10209000B42A002038B5184C0546184804F080FAD8
:1020A00034220021204618F098FEEDB12B7984F8F7
:1020B00034302A688AB11368C4F836305368C4F8DB
:1020C0003A309368C4F83E30AA684AB11368C4F83D
:1020D000423053680A4A536038BDFFF771FDF3E799
:1020E000BDE83840FFF784BDFFF76AFDFFF780FDCC
:1020F00084F83450F0E700BFBC2A00205C050020C3
:10210000FE2A0020034608B1012805D10448002119
:1021100000F8363F04F0ECB96FF01500704700BFCF
:10212000BC2A00202DE9F0439BB00C46054614F074
:102130005BFE14F023FE534B076815AA03F1100C45
:10214000904618685968164603C6083363453246F8
:10215000F7D11B7833703846414615F030F8074602
:1021600028B16FF0850738461BB0BDE8F0834FF00B
:10217000FF33A360A381444B06AA03F110099446E0
:1021800018685968164603C608334B453246F7D1DE
:102190001B78337061462846FFF776FC064658B92F
:1021A0003A4B0090CDE9010303463949012214F06E
:1021B000B3FE6FF01507D6E70DF12C0C324B6246DB
:1021C00018685968E646AEE8030008334B45F44604
:1021D000F6D11B788EF800303146284614F053FEB5
:1021E000034620B92B4A0093CDE90132DDE783880D
:1021F000638100238DF8143005AA42F6021331469C
:102200002846ADF8163014F03EFE034608B9224ABF
:10221000E9E78388A381214B10AA03F110069646B3
:10222000186859689446ACE803000833B342624624
:10223000F6D11B788CF8003071462846FFF724FC55
:10224000034608B9164ACEE7144AC44610685168D6
:10225000E646AEE803000832B242F446F6D1127800
:102260008EF8002019464246284614F00CFE03461C
:1022700008B90C4AB7E783882381284614F0B2FDD9
:10228000206070E7A1B50200B2B50200FDCB0200EC
:1022900008B302001CCC02004FCC0200C3B5020000
:1022A00075CC020094CC0200F0B5061D85B0BFF3DA
:1022B0005B8F56E8005F45F0020346E80032002AD3
:1022C000F7D1BFF35B8F15F0020535D11C4B0361CD
:1022D00043890383012783894383878300F1200394
:1022E000BFF35B8F53E8001F394343E80012002A15
:1022F000F8D1BFF35B8F00F11001006809F072FBA9
:102300000446B0B10F4B0390CDE901530E4900953F
:102310002B463A46284614F0FFFDBFF35B8F56E884
:10232000003F23F0020346E80032002AF7D1BFF352
:102330005B8F204605B0F0BD6FF07704F9E700BF72
:10234000396F0200C7CC020008B3020008B5034889
:10235000034A0021121A14F032FE08BDC8090020F9
:10236000D83900200748084A084908B5121A14F05D
:1023700028FE0748074A0849BDE80840121A14F029
:1023800020BE00BF00000020C40900205413030039
:1023900000000020000000205413030070B5064622
:1023A00086B00D46002938D08B6805934B6804939E
:1023B0000B6803930024244B2449029301222346F3
:1023C0002046CDE9004414F0FEFD6B6905932B69AE
:1023D0000493EB6803931E4B1C490094CDE9014321
:1023E00001222346204614F0EEFDEB690393194BBE
:1023F00016490094CDE9014301222346204614F0FA
:10240000E2FDAB690393144B10490094CDE90143FD
:1024100001222346204614F0D6FD012E0DD1EFF304
:102420000583103B03930D4B02930023CDE900334A
:1024300006493246184614F0C6FD2946304606B015
:10244000BDE870400EF086BAE7CC020010B302007F
:1024500016CD020045CD020054CD020082CD02000F
:1024600030BFFFF7FDBF00BF2DE9F0410B4EDFF895
:10247000308006EB0807CC1B05463246094920464A
:1024800018F09DFCA01942460021083C18F0A5FC5C
:102490006C6707F10800BDE8F08100BF0000000094
:1024A0000400000038B30200054B5A699B689A4249
:1024B0001FBF044A536843F080535360704700BF06
:1024C000882E002000ED00E0F0B585B00024434BDD
:1024D0000293CDE90044234607460E4601224049B7
:1024E000204614F08BFD3F4B9B6ADB0465D53E4BC9
:1024F0003B490094CDE9014320462346012214F0D4
:102500007DFD1720374B9B6A1D050AD5374B02937B
:1025100000231846CDE900333149012214F06EFD45
:102520001820304DAB6A9C051FD50024304B029318
:10253000012223462046CDE90044294914F05EFDDE
:10254000AB6BAA6A10040FD503932A4B244900945D
:10255000CDE9014301222346204614F04FFD1FB16F
:10256000AB6A23F40043AB6219201E4B9B6A5905EA
:102570000AD5214B029300231846CDE900331849B0
:10258000012214F03BFD1A20164A936A13F480735B
:1025900015D01A4B029300231846CDE90033104999
:1025A000012214F02BFD1B200E4A936A43F47F4353
:1025B00093620023337005B0F0BD1620A2E7926A43
:1025C0009204F1D50E4A06490093CDE9013218462E
:1025D000012214F013FD1C20E6E700BF95CD020098
:1025E00010B3020000ED00E0ABCD0200BCCD020054
:1025F000CFCD0200E8CD0200FDCD020018CE0200D2
:1026000030CE02001FB50024374B0293012223462F
:10261000CDE900443549204614F0F0FC344B9B6A68
:102620009A015ED5334B31490094CDE901432046F0
:102630002346012214F0E2FC1E202D4B9B6ADB0195
:102640000AD52D4B029300231846CDE900332749C4
:10265000012214F0D3FC1F20254B9B6A1C030AD5D2
:10266000264B029300231846CDE900331F4901226F
:1026700014F0C4FC21201E4B9B6A59030AD5204B41
:10268000029300231846CDE900331849012214F0C3
:10269000B5FC2220164B9B6A9A030AD5194B02936C
:1026A00000231846CDE900331049012214F0A6FC9E
:1026B00023200F4B9B6ADB030AD5134B02930023A5
:1026C0001846CDE900330949012214F097FC242073
:1026D000074A936A6FEA03436FEA1343936204B0B5
:1026E00010BD1D20A9E700BF5FCE020010B302009D
:1026F00000ED00E077CE02008ACE0200A4CE0200F8
:10270000C2CE0200E7CE020001CF02002DE9F04365
:1027100085B00024564B0293CDE900442346804601
:102720008946204653491646012214F067FC524B55
:102730009B6AD80640D5514B0094CDE90143204611
:1027400023464C49012214F059FC11244A4B9B6A40
:1027500019070AD54A4B02930023CDE900334549B6
:102760000122184614F04AFC1224434DAB6A9A0722
:1027700024D50024434B0293CDE9004423463D4930
:102780000122204614F03AFC6F6BAB6A1B0659D548
:102790003D4B38490397CDE901430094234601227C
:1027A000204614F02BFCB9F1000F03D0AB6A23F0E4
:1027B0008003AB62132403E01024C7E76FF0150712
:1027C0002D4B9B6AD8070AD5304B02930023CDE9E5
:1027D000003328490122184614F010FC1424264B1B
:1027E0009B6A99060AD52A4B02930023CDE9003350
:1027F00020490122184614F001FC15241E4DAB6A35
:10280000DA0602D4AB6A9B070AD56B68180507D5B0
:102810004146384600F002FBB8B180F30988022433
:10282000154B9A6A920642BF5A6A22F400525A62C3
:102830009A6A42F0FF029A6220460023337005B084
:10284000BDE8F0836FF01507B4E7AB6AD906E7D5AA
:102850001049114A114840F2271314F029F9104881
:1028600014F026F90C4840F2271114F018F900BFB3
:102870002CCF020010B3020000ED00E042CF0200B6
:10288000BCCD020075CF02008DCF0200A3CF0200A5
:1028900030CE0200F4CF0200C2CF020097C2020085
:1028A0003ED002002DE9F041894B0446586890B0B3
:1028B000C0F30806002383F31188BFF36F8F02F083
:1028C0007F45B5F17F4F0CD102F00C05082D17D1D3
:1028D000804A81490093CDE901321846012214F063
:1028E0008DFB7E497E4A7F4840F2144314F0E0F8A5
:1028F0007D4814F0DDF840F21441794814F0CFF827
:10290000120746BF0C461D460125002CE9D04FF0AA
:102910000008F31E8DF81F80092B00F2BF80DFE84E
:1029200003F005B3B796BDBDBDBDBDBB6F4B6A49D6
:10293000674FCDF80080CDE90183002301221846BE
:1029400014F05CFB8DF81F80FE6A16F0020605D0BD
:10295000674BCDF80080CDE9018306E0FB6A002BD0
:102960000BDA644B0096CDE9016300235A4901223A
:10297000184614F043FB002230E0FB6A5B0076D57A
:102980005D4B55490096CDE901630122334630463F
:1029900014F034FB7B69A26943F480737B61BFF35D
:1029A0004F8FBFF36F8F7B6932F8022C23F4807353
:1029B0007B61BFF34F8FBFF36F8F4DF602739A4267
:1029C0002CD1236803934D4B43490096CDE9016315
:1029D00001223346304614F011FB22689DF81F3067
:1029E000CBB908AE04F1200720686168334603C301
:1029F0000834BC421E46F7D10F9B002D62D0C3F3B2
:102A0000080121B96FEA53236FEA43230F9308A902
:102A10001046FFF7C3FC10B0BDE8F081BB6ADBB223
:102A20003BB10DF11F0201212046FFF76FFE024668
:102A3000D4E7BB6A13F47F4F05D00DF11F010120CD
:102A4000FFF742FDF3E7BB6AB3F5803F02D3FFF720
:102A5000D9FDECE72A49224A224840F2ED2314F03E
:102A600027F8284814F024F840F2ED2145E72449DE
:102A70001B4A1C484FF43C7314F01AF8224814F017
:102A800017F84FF43C7138E70DF11F020021CBE736
:102A90000DF11F010020D3E71C4B5AE71C4A1D4BC8
:102AA0000D4910F4F87F18BF1346103ECDE90336E8
:102AB000194B02930023CDE900330122184614F08C
:102AC0009DFA58E723F4FF7323F001039EE700BF4C
:102AD00000ED00E08FD0020010B30200BAD0020077
:102AE000C2CF020097C20200CDD002000BD102007B
:102AF00022D1020043D1020051D1020070D1020064
:102B0000140603008CD10200B0D10200E0D1020013
:102B100076D0020061D0020004D20200044B5A6950
:102B200042F010025A615A6922F008025A61704755
:102B300000ED00E0EFF30880EFF3098101B5724684
:102B4000FFF7B0FE01BD00BF002080F31488BFF383
:102B50006F8F0F4880F308880DF0E8F800200D49CA
:102B60000860BFF34F8F00F02BF8402080F31188EE
:102B700009484FF40461401880F30988EFF314808A
:102B80000221084380F31488BFF36F8F00F016F919
:102B90004063002094ED00E0805100200749D1F807
:102BA00090200023C2F307221846934200DB7047AF
:102BB000C1F89830C1F8A0000133F6E700ED00E05D
:102BC00008B572B6002383F31388FFF7E7FF144BB1
:102BD0004FF0FF32C3F88020C3F88420C3F8882068
:102BE000C3F88C20C3F89020C3F89420C3F8982031
:102BF000C3F89C20C3F88021C3F88421C3F888213E
:102C0000C3F88C21C3F89021C3F89421C3F898210C
:102C1000C3F89C2162B6BFF34F8FBFF36F8F08BD1F
:102C200000E100E0084B9B6883420BD1EFF3058382
:102C300043B1064B5A6842F080525A605A6A22F4F5
:102C400000425A6210F014BE882E002000ED00E011
:102C500014498A684FF030001044EFF3098C80E883
:102C6000F01F402080F31288BFF36F8F0E4F4FF09C
:102C700000664A698A603E60506F0C4C2060906F1D
:102C80000023936780F3118804B5104600F02AF9F9
:102C9000BDE8044002F1300090E8F01F8CF3098891
:102CA00070470000882E002004ED00E0082B002073
:102CB0001EF0040F0CBFEFF30880EFF30980816969
:102CC00011F8021C0229FFD001B5724614F08BF9ED
:102CD00001BD00BF40B2002807DB044A41090123BF
:102CE00000F01F00834042F82130704700E100E00F
:102CF00040B200280CDB4309064900F01F002033D6
:102D00000122824041F82320BFF34F8FBFF36F8F22
:102D1000704700BF00E100E0054B420900F01F00D2
:102D200053F82220012303FA00F01040704700BF3F
:102D300000E100E038B5D30704460D4612D48B1CE1
:102D4000072B10D9114A124912486B2313F0B0FE19
:102D5000114829460623224613F0AAFE0B486B2190
:102D600013F09DFE002360B20028ACBF00F160406C
:102D70000A4A4FEA4313B8BF00F00F00DBB2AABF04
:102D800000F56140135480F8003338BD17D20200BB
:102D90004ED2020097C2020069D2020014ED00E098
:102DA000044B054A23F07F039360BFF34F8FBFF3BB
:102DB0006F8F70470000000000ED00E008B5FFF7DE
:102DC000EFFF074AD2F8883023F47003C2F8883046
:102DD000FFF7BCFAFFF7C6FA00F05AF80DF00CFF47
:102DE00000ED00E042F8203C009B42F81C3C0A4900
:102DF000019B42F8183C029B42F8143C21F001016F
:102E00004FF0807342F8043C42F8081C0023203A3B
:102E100002658367704700BFD50A0100094A03466F
:102E2000906870B113F1160F406E05D0A0F140020A
:102E30009A4205D8834203D2814228BF00207047BE
:102E400000207047882E002008B515460B4A0C4B11
:102E50009060426F1A600E4600F044F82C4686F3EC
:102E600009880020034B98472046002100220023B8
:102E7000014C20472B700200D50A0100882E00204B
:102E8000082B0020014B10221A61704700ED00E072
:102E9000044800234021C2180133272B82F8001375
:102EA000F9D1704700E100E008B5EFF30583064A69
:102EB000103B02EBC30152F8330049688847BDE874
:102EC0000840FFF7F1BA00BF54B00200024B034ABA
:102ED0000348012100F096B8000001200000002006
:102EE00028B60200426E054B403A1A60044A40215F
:102EF000C3E901121846012100F0AAB80C2B0020EA
:102F000000000B151FB5144AD2F89030C3F3072305
:102F1000013B98420FD9114B029300230390CDE956
:102F2000003318460E49012214F0B2F86FF0150074
:102F300005B05DF804FBC2F898000B6823F01F038E
:102F4000034343F01003C2F89C308B6843F0010345
:102F5000C2F8A030ECE700BF00ED00E0ADD2020007
:102F6000E0B20200F0B50E4689B01F4604460025C7
:102F7000B54212DA606838B3BFB1431E18420FD0B1
:102F8000134B02930023CDE900331249039501222C
:102F9000184614F07DF86FF01502104609B0F0BD28
:102FA0001F28EDD921680B42EAD12368059314F05C
:102FB0005FF8A36805A90343D0B20793FFF7A2FF08
:102FC00010F1160FE7D0421C01350C34D0E700BFDA
:102FD000D3D20200E0B20200044B0522C3F89420D1
:102FE000BFF34F8FBFF36F8F704700BF00ED00E05E
:102FF000BFF35F8F024B0022C3F89420704700BFDD
:1030000000ED00E038B50D4D01232A780C46FFF79E
:10301000A9FF287016300FD1094A0A490A484FF40F
:10302000BF7313F045FD0948214613F041FD0448E4
:103030004FF4BF7113F033FD38BD00BFF9350020E8
:10304000F6D202001406030097C2020025D3020044
:1030500010B5144A002312780C46FFF783FF10F1D5
:10306000160F08D0104A0021D2F89030C3F307237E
:10307000984210DB10BD0D4A0D490E4840F29D13D9
:1030800013F016FD0C48214613F012FD074840F2DC
:103090009D1113F004FDC2F89800C2F8A010013091
:1030A000E2E700BFF935002000ED00E0F6D20200B3
:1030B0001406030097C2020051D302002DE9F04F1D
:1030C0007B4C7C49D4F890300D68C3F307239D42B4
:1030D00085B013D9784A7949794840F2F71313F04B
:1030E000E7FCD4F8902077482946C2F3072213F072
:1030F000DFFC40F2F711704813F0D1FCFFF778FFC6
:1031000049680022954201F10C012DD16E4C6F4FA0
:1031100025706846FEF78EF9DFF8B481DFF8B491C8
:1031200006460025AE4232D1237861490020D1F80D
:103130009020C2F307229342C0F2AF80FFF74CFF0A
:10314000D1F89030C3F30723082B00F0AC8062491C
:10315000594A5B4840F2692313F0AAFC5F4813F018
:10316000A7FC40F26921C6E7C4F8982051F80C3C4E
:1031700023F01F03134343F01003C4F89C3051F8AD
:10318000043C43F00103C4F8A0300132BAE7009ACE
:1031900002EB05132901D3F80CA00AEA0700B0F5E9
:1031A000000F60D00AD8B0F5001F38D0B0F5800FFE
:1031B0004ED0B0F5801F12D00135B3E7B0F1807F5B
:1031C0005CD0B0F1007FF7D19868D3F804A05258D2
:1031D00013F04EFFCDE901A240F480200BE0986887
:1031E000D3F804A0525813F043FFCDE901A240F0F8
:1031F000885040F430200390207801A9FFF782FE28
:10320000002846DA2D492C4A2D4840F2212313F09C
:103210004FFC334813F04CFC40F221216BE79868D7
:10322000D3F804B0525813F023FF1AF0010F40EA0C
:103230000800CDE901B20390DED02A491E4A204899
:10324000832313F035FC284813F032FC832152E726
:103250009868D3F804A0525813F00AFFCDE901A2F0
:1032600040EA0900C7E79868D3F804A0525813F061
:10327000FFFECDE901A240F08270BCE79868D3F868
:1032800004A0525813F0F4FECDE901A240F088707A
:10329000B1E72378013323708EE7C1F89830C1F885
:1032A000A000013343E7002005B0BDE8F08F00BF68
:1032B00000ED00E034B60200F6D20200140603006E
:1032C00097C202007ED30200F93500200000F0FF13
:1032D000000008110000020631D4020081D402006F
:1032E00007D40200B2D30200D8D3020008B50248C6
:1032F00012F0D8FFFEE700BFB1D4020008B5024BC0
:103300001B689847002008BD182B002008B5064907
:10331000064821F00701C1F1005202F58032FDF7A5
:1033200011F9002008BD00BFB77F00201C2B002032
:1033300070B54169867A0B4D044659B1437ADB0773
:1033400006D4342303FB0653DB6A1B689B6898474B
:10335000002363613420214606FB0050BDE8704025
:1033600016F097BC58080020024B342202FB0030B4
:10337000704700BF58080020827A074B342101FBB8
:1033800002331A6B93F824301B33801A23F00303A3
:10339000B0FBF3F0704700BF5808002038B5074B6A
:1033A000827A342404FB0233DB6AD3E901240C6003
:1033B0001568FFF7E1FF04FB005038BD58080020F6
:1033C00008B5437A4BB10C490C4A0D485A2313F007
:1033D0006FFB5A21094813F062FB43683BB109496E
:1033E000064A07485B2313F063FB5B21F2E7038285
:1033F0004369C36008BD00BFDBD40200B6D402003D
:1034000097C20200ECD402002DE9FF47054668464A
:10341000039117461C4616F037FDDDE9008955B9C2
:103420005D495E4A5E484FF4817313F041FB4FF4EF
:1034300081715A4818E005F11C06EFF3118A402308
:1034400083F31288BFF36F8F304610F081FC68B9A8
:10345000544A55495248882313F02AFB31465348B1
:1034600013F026FB88214F4813F019FB304610F06B
:1034700093FC6B8C002B5CD02A8C9A4239D90022A9
:10348000002328460EF0DAF80446002831D03046F2
:1034900010F06CFC68B9434A454941484FF49A73AF
:1034A00013F006FB3146434813F002FB4FF49A71C8
:1034B000D9E78AF31188BFF36F8F039D002D5BD08E
:1034C00042464B46684616F004FDA27A3A4B342138
:1034D00001FB02332046DB6A1B6803A91E68DDE995
:1034E0000023B0476061002839D12046FFF720FF54
:1034F00030E06C8C631E6B84304610F037FC002883
:10350000C9D08AF31188BFF36F8F95F824302A8CC5
:103510001B33121B2C6B23F0030302FB0344264BCB
:10352000264AEB1A9B105343A37295F82430E3729A
:10353000C3E7304610F01AFC0028ACD08AF311889B
:10354000BFF36F8F23463A4628460EF077F80446BD
:103550000028B2D10024204604B0BDE8F087039BC8
:103560009D420AD916490D4A0D4840F2571313F0EF
:103570009FFA40F257115CE7656101230021238126
:10358000039BE27A6160638204F1180017F025FC66
:103590002046FFF715FFDEE785F10200B6D40200F2
:1035A00097C2020055C50200AEC50200C3C50200A5
:1035B00082C5020099C5020058080020C54EECC41F
:1035C00006D5020070B50C46054658B92849294A67
:1035D00029484FF4CF7313F06BFA4FF4CF7125489D
:1035E00013F05DFA49B92549224A234840F29F1356
:1035F00013F05EFA40F29F11F1E7EFF311864023DA
:1036000083F31288BFF36F8F1D4810F0A1FB60B9E0
:103610001C4A1D491848882313F04AFA18491B48C8
:1036200013F046FA88211748DAE7154810F0B4FB82
:10363000002323606B689BB9C5E90044104810F073
:1036400095FB80B90F4A12490B484FF49A7313F057
:103650002FFA0B490F4813F02BFA4FF49A71E2E757
:103660001C606C60EAE786F31188BFF36F8F70BD52
:10367000B1E20200B6D4020097C20200C4D902002F
:10368000282B002055C50200AEC50200C3C50200AC
:1036900082C5020099C5020070B5044658B9234995
:1036A0002348244A40F2AB1313F002FA214840F2B7
:1036B000AB1113F0F4F9EFF31186402383F3128872
:1036C000BFF36F8F1C4810F043FB60B91B4A1C49C5
:1036D0001748882313F0ECF917491A4813F0E8F952
:1036E00088211648E5E7144810F056FB25682DB1EF
:1036F00062682B682360954208BF63600E4810F033
:1037000035FB68B90D4A104909484FF49A7313F014
:10371000CFF909490D4813F0CBF94FF49A71E0E75E
:1037200086F31188BFF36F8F284670BDB1E20200A7
:1037300097C20200B6D40200282B002055C5020013
:10374000AEC50200C3C5020082C5020099C50200D1
:10375000F8B5054698B1194E34272C466D68237A82
:10376000CBB9174A174918484FF4E17313F0A0F981
:103770002146164813F09CF94FF4E17108E0144912
:103780000F4A11484FF4DE7313F092F94FF4DE71D3
:103790000B4813F084F9013BDBB2237253B9E360A9
:1037A0006360A37A07FB036320469B6A1BB19847BB
:1037B000002DD2D1F8BDFFF7BBFDF9E75808002076
:1037C000B6D4020017D5020097C2020020D502002D
:1037D000C4D9020008B558B907490848084A40F258
:1037E000E71313F065F9064840F2E71113F057F9B3
:1037F000027A0132027208BDC4D9020097C20200E7
:10380000B6D4020008B5034658B908490848094A21
:1038100040F2322313F04CF9064840F2322113F003
:103820003EF918465B68002BFBD108BDC4D90200E5
:1038300097C20200B6D4020070B50D46044658B9CE
:103840000F49104A104840F23D2313F031F940F27D
:103850003D210C4813F023F949B90C49094A0A489B
:1038600040F23E2313F024F940F23E21F1E746688E
:103870001EB10846FFF7C6FF4660656070BD00BF19
:10388000F9D60200B6D4020097C2020035D5020074
:1038900038B505460C4659B90C490D480D4A40F259
:1038A000492313F005F90B4840F2492113F0F7F8CA
:1038B00020B9BDE838400846FFF78CBFFFF7A2FFEC
:1038C0002146FFF7B9FF284638BD00BF35D50200B5
:1038D00097C20200B6D4020008B548B90B490C4A99
:1038E0000C482B2313F0E4F82B21094813F0D7F8E8
:1038F00083883BB10849064A06482C2313F0D8F8C0
:103900002C21F2E783680B44036008BDC4D9020090
:1039100042D5020097C202006ED5020008B50346E8
:1039200000689A68821A91420BD9094909480A4AE3
:1039300040F2551313F0BCF8074840F2551113F04C
:10394000AEF89A88401A11441860998008BD00BFEB
:103950008DD5020097C2020042D5020008B58288C8
:103960008A4203460BD2094909480A4A40F2C31366
:1039700013F09EF8074840F2C31113F090F8521A62
:10398000828000680844186008BD00BF7DD5020031
:1039900097C2020042D5020008B5034600689A8823
:1039A0008A420BD208490948094A40F2CF1313F062
:1039B0007FF8074840F2CF1113F071F8521A014412
:1039C0009A80196008BD00BF7DD5020097C2020031
:1039D00042D50200F8B5858803680E4604465F1993
:1039E00013F098FBB04209D206490748074A3E2324
:1039F00013F05EF805483E2113F051F83544A580D8
:103A00003846F8BDB1D5020097C2020042D5020087
:103A1000044A0123C2F840354FF080420020C2F82A
:103A20007835704700E0014048B1054B054A1B68F6
:103A3000B3FBF2F35843044B43F0010318477047BC
:103A4000F006002040420F0010B6020008B50448FE
:103A5000044A3F23C0E900230CF0A4FA002008BD6B
:103A60002C2B0020FFFF01000E4B402970B528BF12
:103A700040210D4C46181D46B04203F1020304D10B
:103A8000002305F81130074870BD02781209A25CC6
:103A900003F8022C10F8012B02F00F02A25C03F8CD
:103AA000012CE9E718360020FBD5020030B5037879
:103AB0008BB0044607AD032B21D8DFE803F0021AD0
:103AC0001C1E12492846FBF798FC05956378049361
:103AD000A3780393E37802932379019363790093A6
:103AE000A3790B4A0B481E2112F0FCFB09480BB0CE
:103AF00030BD0949E6E70949E4E70949E2E7094A2F
:103B00000A21284612F0EEFBDFE700BF85BE020067
:103B1000A7BE0200FA3500208CBE020093BE020050
:103B20009DBE0200B1FC020030B50B4D0B4B87B0BF
:103B3000002428460393CDE904440EF025FB03AB93
:103B40000093284606490A234FF4E8620EF036FB3C
:103B5000204607B030BD00BF601A002013D6020017
:103B6000803F0020014601480EF01CBC601A002076
:103B70000146014816F000B9601A00200378012BB5
:103B800030B513D0022B27D07BB9194B0A4603F16D
:103B9000100453F8045B42F8045BA342F9D11B788C
:103BA000137043884B731B0A8B7330BD104B0A464E
:103BB00003F1100453F8045B42F8045BA342F9D10B
:103BC0001B78137043684B73C3F307221B0CCB7332
:103BD0001B0A8A730B74E8E700F1100350F8042BFA
:103BE00041F8042B9842F9D103780B70DDE700BF50
:103BF0001CD6020010B513F04DFB16F0CDF80E4C9C
:103C000030B1BFF35B8F2368BFF35B8F7BB910BD0F
:103C10000FF068FBBFF35B8F2368BFF35B8F1BB9AB
:103C2000BDE810400FF0D0BB0A209847F8E7BDE888
:103C300010400A20184700BF342B0020811EC9B253
:103C40001E2938B5044604D81A4820FA01F1C907DC
:103C50000CD41949194A1A487A2312F029FF194835
:103C600012F026FF15487A2112F019FF164813F0BA
:103C700025FA0546D0B1082C1AD00CD8022C10D049
:103C8000042C15D011490E48114A522312F010FF8E
:103C90000F485221E8E7102C01D0202CF2D1052149
:103CA00000E0042105F10C0013F048FA284638BD65
:103CB0000221F7E7410000405CD602002DD6020049
:103CC00097C20200A1D602005C090020140603007E
:103CD000C1D60200054BBFF35B8F53E8002F43E8CA
:103CE00000010029F9D1BFF35B8F7047342B00200E
:103CF0000F2810B50CD80D280CD90A4813F0DEF99E
:103D0000044618B104210C3013F018FA204610BDF7
:103D10001328F2D009B10448F0E7BDE810400220B2
:103D2000FFF78CBF90090020C008002038B50B6851
:103D300005460C464BB90E490E480F4AFA2312F0BD
:103D4000B7FE0D48FA2112F0AAFE4A68DA600B6845
:103D50004A895A820868FFF7FBFC2046102200219E
:103D600017F03BF82846BDE8384013F093BA00BF7F
:103D7000F3D6020097C202002DD602002DE9F843C7
:103D800005460C461F4616464AB92649264A274884
:103D9000D62312F08DFED621234812F080FE38B9CA
:103DA0002349214A2148D72312F082FED721F3E785
:103DB00001F10C09484613F0A9F938B91D491A4A0E
:103DC0001A48DB2312F074FEDB21E5E7204613F0EE
:103DD00079FA804638B11849134A1448DD2312F0A5
:103DE00067FEDD21D8E705F10C01484613F070F9B4
:103DF000484613F08BF9012310FA86F068826B7243
:103E00002E8231464846FFF7A9FDE3687B60638A4E
:103E1000C4F80C807B81A4F812803C602846BDE881
:103E2000F88300BFADD502002DD6020097C2020074
:103E300000D7020005D7020022D702007FB50BABE6
:103E400005930393054B02930023CDE9003302222F
:103E50001846FDF779FA07B05DF804FB42D7020077
:103E6000F0B5054689B00E461746AB88012B13D92D
:103E7000284613F03BF9044670B1AB8898420DD93F
:103E8000CDE903030F4B02930023CDE900330E4924
:103E900002221846FFF7D2FF09B0F0BD284613F002
:103EA00025F9013C2B688DF81800394606A88DF8D5
:103EB00019400793B0470028EED021462846FFF767
:103EC0004DFDD2E742D7020048B2020070B5C66885
:103ED0003378B6F8014083B90F21204603F050FA39
:103EE000F378054650B90A4A118831B96FEA04508F
:103EF0006FEA10501080074A137070BD03730121E0
:103F000003F04AF92846BDE8704003F0C3B800BF8B
:103F1000D83500209936002030B502EBC3030446A3
:103F200087B008469A4202D16FF05E0016E0114653
:103F300011F8085BA54217D1038A517899420FD92D
:103F4000CDE90334094B029300231846CDE9003331
:103F50000749012213F000FA6FF0150007B030BDD9
:103F6000536898470020F9E70A46DBE76DD702005F
:103F700068B2020070B5012186B004460C30FFF72C
:103F80000BFD05780D4A002321462846FFF7C4FFA4
:103F90005F3011D1268AE0683146FFF765FD084B96
:103FA00002930023CDE90460CDE900330549039570
:103FB0000222184613F0D0F906B070BD90B7020087
:103FC0008FD7020068B202001FB5C36807491B788B
:103FD0000393074B02930023CDE9003302221846D6
:103FE00013F0BAF905B05DF804FB00BF68B2020037
:103FF000C1D7020070B5C568B5F8016086B001216F
:10400000304603F0BDF9044658B9394B3949039697
:10401000CDE9010300900346012213F09DF906B09B
:1040200070BD2B781A2B19D1C378012B5CD14FF4BA
:104030008041043013F07AF943040FD4D4F88C3063
:10404000049304A9D4F894300593204604F066FB49
:10405000204606B0BDE8704003F01CB82B78002B5A
:1040600042D1B5F80320244840F2E2414A43C4F863
:104070008820B5F80510A4F89010B5F80710A4F83A
:104080009210A2F5EA510C39814209D903921B4AD8
:1040900018490093CDE901321846022213F05CF969
:1040A000B4F89030B3F5FA7F0AD30393144B02931C
:1040B0000023CDE900330F490222184613F04CF9D2
:1040C000B4F89220A2F10A039BB240F676418B42EB
:1040D0000AD90C4B029300230392CDE90033054922
:1040E0000222184613F038F9204603F04BFCAFE7E4
:1040F000E9D7020068B2020095F03C000DD802003A
:1041000034D802005BD802001FB501460B48FFF708
:1041100059FA0B490B4815F02FFE00280ADA0A4B12
:10412000029300230390CDE9003308490122184689
:1041300013F012F905B05DF804FB00BFEC04002099
:10414000F8050020001B002087D8020068B202009A
:1041500070B586B005460C46FFF7DEFE5F3011D124
:10416000268AE0683146FFF77FFC074B0293002365
:10417000CDE90460CDE900330449039502221846D5
:1041800013F0EAF806B070BDA4D8020068B20200CD
:1041900010B5012104460C30FFF7FEFB2146034A0F
:1041A0000078BDE810400223FFF7D2BF08B7020035
:1041B00010B5012104460C30FFF7EEFB2146034AFF
:1041C0000078BDE810400923FFF7C2BF48B70200DE
:1041D0001FB501210C30FFF7DFFB03780393064B7B
:1041E00002930023CDE9003304490122184613F05D
:1041F000B3F805B05DF804FBC6D8020068B202004F
:104200001FB5C3681C880121204603F0B9F8034696
:1042100050B9084A08490394CDE9010200900122EF
:1042200013F09AF804B010BD04B0BDE8104002F0DD
:1042300031BF00BFE9D7020068B202001FB5C368F2
:10424000B3F801400121204603F09AF8034650B923
:10425000074A08490394CDE901020090012213F0B6
:104260007BF804B010BD04B0BDE8104002F012BFEE
:10427000E9D7020068B202007FB5C3681D788DB926
:10428000B3F801600F21304603F07AF8044658B9BC
:10429000194B1A490396CDE9010300900346012208
:1042A00013F05AF804B070BD294602F075FFA378E8
:1042B000012B05D0204604B0BDE8704002F0EABEF4
:1042C000BFF35B8F6368BFF35B8FDB07F2D52046DC
:1042D000032102F061FF032013F020FA0028E9D047
:1042E000074B0390CDE90153044900952B46022268
:1042F000284613F031F8DDE7E8D8020068B2020082
:104300000ED902007FB5C568B5F8016001213046BD
:1043100003F036F8044658B9104B11490396CDE91D
:10432000010300900346012213F016F804B070BD9B
:104330002B783BB9D5F80330C0F89830D5F8073062
:10434000C0F89C304FF40031201D12F0EFFF2046E2
:1043500004B0BDE8704002F09DBE00BFE9D7020086
:1043600068B202002DE9F04F884687B0174606462E
:10437000C8B1BFF35B8FDFF838914FF0000A59E8FE
:10438000004F49E800A3002BF9D1BFF35B8F6CB954
:10439000484B49490396CDE9014300942346012245
:1043A000204612F0D9FF07B0BDE8F08F2046FEF797
:1043B000E3FF424D4FF00C0B0BFB00504388B34220
:1043C0002AD02046FEF7D8FF0BFB00503A4943881D
:1043D000CDF800A0CDE90363394B0122CDE901A35B
:1043E0005046534612F0B8FFBFF35B8F59E8003FC9
:1043F00049E80042002AF9D1BFF35B8F002BD2D0ED
:1044000030493148314A40F6042312F051FB2F481D
:1044100040F6042112F043FBA74208D02046FEF7E5
:10442000CFFF3A8AF96804F10C0012F07BFE2046B7
:10443000FEF7A2FF0C2606FB00504368ABB1B8F1B3
:10444000000F12D12046FEF797FF06FB0050012116
:104450004268D2E90003127A03F01F06B1405B09FB
:10446000FAB100EB830012F061FF2046FEF784FFF3
:104470000C2606FB005083686BB12046FEF77CFFDC
:10448000704305F800802046FEF776FF06FB0055D6
:10449000A8680DF05DF9204607B0BDE8F04FFFF7C2
:1044A00057B9C94300EB830012F065FFDDE700BF99
:1044B000E804002034D9020068B20200382B002042
:1044C0005CD90200C3D9020097C202008FD9020052
:1044D0002DE9F0430C4685B00EF004FFE168238A15
:1044E0000A78022A7ED0042A10D0434B029300237C
:1044F0001846CDE9003341490392012212F02CFF06
:104500002046FFF725F96FF0150410E0022B14D8B0
:1045100003933B4B029300231846CDE90033374900
:10452000012212F019FF2046FFF712F900240EF0C5
:104530004BFF204605B0BDE8F08348783E280BD1FC
:10454000032B02D103932F4BE4E7CB78012B01D04F
:104550000A2B47D1032604E012F0D5FE0646F007E9
:104560003ED504F10C05284612F0D0FD0121074686
:104570002846B4F81090FFF7F1F902212846FFF71A
:104580000BFA804600783E2816D1E3681B78012B91
:104590002CD00A2B2AD002251B4A1C491C4841F268
:1045A000451312F085FA002383F31188BFF36F8F50
:1045B0000323184602DF04E012F0A5FEC1070546FA
:1045C000EAD5144A98F8000006232146FFF7C0FDFB
:1045D000AA070DD56369A4F8109013FA87F7E7606E
:1045E000B307A3D52046FFF78FFD9FE70325E8E734
:1045F0002046FFF7ADF8F3E71DDA020068B20200CB
:10460000C8D90200E4D902008FD9020004DA0200FE
:1046100097C20200D8B6020070B5494886B0FFF7CD
:104620003BF80446002867D000F10C05284612F03C
:104630005DFD022804D0042860D0424B039004E0C2
:10464000238A032B09D803933F4B02930023CDE920
:1046500000333E49012218462BE004212846FFF78B
:104660009BF9FF23428806882376238AC6F30B0032
:104670009A4260830FD0CDE90332354B0293002379
:10468000CDE9003331490122184612F065FE20467B
:10469000FFF75EF81BE00F2102F072FE054658B9E5
:1046A000638B03932B4B29490090CDE90103012231
:1046B000034612F051FEEAE702F08EFE320B20763E
:1046C0002146284602F022FC284602F0E3FC224B59
:1046D000D3F84C3183B12149214815F04DFB002816
:1046E0000ADA204B029300230390CDE900331749E7
:1046F0000122184612F030FE06B070BD2846022195
:10470000FFF74AF9054600783E2812D012F0FBFD6B
:1047100010F002060DD1144A1449154840F6A8437A
:1047200012F0C6F986F31188BFF36F8F0323184682
:1047300002DF104A287806232146FFF709FDA6E785
:10474000EC040020C6DA020031DA020068B202008E
:1047500052DA020076DA0200A0030020F8050020F9
:10476000001B002087D802008FD9020098DA0200CF
:1047700097C2020018B702002DE9F04FD0F80C8064
:10478000008A98F80030012202EB8301814287B051
:104790007FD90393414B02930023CDE90410CDE967
:1047A00000333F49184612F0D7FD07B0BDE8F08F3F
:1047B000CDE902B5CDE9000039490346012212F0E6
:1047C000CBFD013698F800309E42EEDA08EB860306
:1047D0000F21B3F80150B3F80370284602F0D0FD62
:1047E00004460028E4D000F1BC091FB9204602F0BD
:1047F00051FCE6E76569ADB92A4B29490095CDE939
:10480000015301222B46284612F0A6FD2649274ACD
:10481000274840F29D2312F04BF940F29D21234896
:1048200012F03DF9A2692B686361954208BFA3614C
:10483000204602F0EFFA0CF08BFFC5F800A0236AC7
:10484000A3B9C4E90755BFF35B8FD9F80030BFF3B4
:104850005B8F013FBFB263B91649144A144840F256
:10486000A62312F025F940F2A621D8E71D602562A3
:10487000E9E7BFF35B8F59E8003F013B49E80032AD
:10488000002AF8D1BFF35B8F0021204602F0CEFA58
:10489000ABE70026DFF820B0B24693E7DADA020091
:1048A00068B2020021DB0200140603008FD9020067
:1048B00097C2020038DB020005DB020008B501F0F8
:1048C00097FCBFF35B8F084B1A68BFF35B8F02F056
:1048D0000B02BFF35B8F53E8001F43E80020002862
:1048E000F9D1BFF35B8F08BD7404002010B5C1E996
:1048F00000239DF808300B720C46FEF73DFD034B7C
:104900000C2202FB00335C6010BD00BF382B00207E
:10491000F8B502460B46104812F0D0FB0446C0B171
:1049200004210C30FEF7D8FF2046FEF725FD0B4D85
:104930000C2707FB0050002646802046FEF71CFD92
:1049400007FB005086602046FEF716FD07FB00556A
:104950006E602046F8BD00BF28090020382B0020DB
:1049600029289ABF014B185C0920704742E00200D9
:10497000F0B5C368B3F801601D7885B00F213046EB
:1049800002F0FEFC044658B91E4B1F490396CDE9C0
:10499000010300900346012212F0DEFC05B0F0BDD9
:1049A0006DB12846FFF7DCFF29460246204603F09A
:1049B000EDF8204605B0BDE8F04002F06BBB87780B
:1049C000012FEED108F094FD204612F084FC06463B
:1049D0000028E6D10520FFF7C3FF05210246204647
:1049E00003F0D4F8094B08490096CDE9016330463D
:1049F00033463A4612F0B0FC0521204602F080FD15
:104A0000D7E700BFE8D8020068B2020051DB02001D
:104A1000F0B5C668B6F80170357885B00F21384614
:104A200002F0AEFC044658B92A4B2B490397CDE956
:104A3000010300900346012212F08EFC05B0F0BD88
:104A400045B12846FFF78CFF29460246204603F071
:104A50009DF80EE0F378C27A9A4210D11F4B039270
:104A6000CDE901531C4900952B460222284612F03D
:104A700073FC204605B0BDE8F04002F00BBB827825
:104A8000C372012A05D00020FFF76AFF0021024609
:104A9000DCE70BB108F02CFD204612F01CFC0546AB
:104AA0000028F0D10520FFF75BFF052102462046D4
:104AB00003F06CF80A4B08490095CDE901532846EC
:104AC0002B46012212F048FC0521204602F018FD79
:104AD000CFE700BFE8D8020068B2020077DB02002F
:104AE00051DB020010B592B004460749442201A8E8
:104AF00016F065F9102C9BBF12AB03EB840403483E
:104B000054F8440C12B010BD5CB30200A6DB0200E6
:104B1000034B0146D3F8700182689268104700BFCA
:104B2000A00300202DE9F043042189B03848394D15
:104B3000394EDFF8E880DFF8E89012F0F7FB01F07B
:104B400057FB384B03930024374B3549029303221C
:104B500023462046CDE9004412F0FEFBEA79334BB0
:104B60002846012A88BF1E46FEF7A0FF304B2C497D
:104B70000094CDE90360CDE901430322234620469A
:104B800012F0EAFB2F460126EB799E4207F1070758
:104B90002EDB95F870402046FFF7A4FFB5F876307D
:104BA0000693B5F872301E490390CDE90443002402
:104BB000204B0293032223462046CDE9004412F005
:104BC000CBFB95F871603046FFF78CFFB5F8743079
:104BD00013490390CDE90463174B0094CDE90143D9
:104BE00003222346204612F0B7FB09B0BDE8F0834C
:104BF0003846FEF75BFF0023CDE90360CDE90148AD
:104C0000009403224946184612F0A6FB0136BBE782
:104C100074040020A003002036080300D7DB020044
:104C200068B20200B2DB0200B6DB0200AEDB0200BB
:104C3000C8DB0200E8DB020026DC02000048704707
:104C40004DDC020001480DF0A3B900BFE8050020CB
:104C50007FB505460C4661B94FF0FF304FF0FF318C
:104C6000FFF756FE044620B96FF06805284604B0E9
:104C700070BD2046FEF780FB1B4B0C2202FB00336D
:104C8000A61830465D8012F041FA03280BD90321A3
:104C90003046FEF743FE0580238A033B83700121E3
:104CA000304612F01CFA40F635439D4213D120469F
:104CB000FFF72EFF0546A0B10C4B02930023039093
:104CC000CDE9003318460A49012212F045FB20467F
:104CD000FEF73EFDCAE70748214614F0CFFFFFF775
:104CE000B1FF0025C2E700BF382B002054DC0200D2
:104CF00068B20200F4040020F0B5C4682688B7B298
:104D000089B00121384602F03BFB054658B92B4BD0
:104D10002B490397CDE9010300900346012212F0CD
:104D20001BFB09B0F0BD04AFD4F80220D4F8063064
:104D300001976189009114F00CFA60B34FF0FF30D5
:104D40004FF0FF31FFF7E4FD044660B91D4B1C49ED
:104D50000094CDE901430122234612F0FDFA2846D2
:104D600002F098F9DDE712210C30FEF733FE02461F
:104D70003B4622F8026B08AF1E4603CEBE421060CF
:104D80005160334602F10802F6D1214642F21A0080
:104D9000FFF75EFFE3E74FF0FF304FF0FF31FFF723
:104DA000B7FD04460028D1D002210C30FEF712FED8
:104DB0002146068042F21B00EAE700BFE9D7020065
:104DC00068B2020076DC02007FB506460D464FF061
:104DD000FF304FF0FF31FFF79BFD044650B90C4BFD
:104DE0000C490090CDE901030122034612F0B4FA08
:104DF00004B070BD03210C30FEF7ECFD21460680A7
:104E0000857042F2210004B0BDE87040FFF720BF7A
:104E10008DDC020068B2020070B5C368D9789A7858
:104E20001E8886B042EA0122ADF8102059791A791D
:104E300042EA0122ADF81220D9799A7942EA012298
:104E4000ADF814201A7A5B7AB5B242EA0323012145
:104E50002846ADF8163002F093FA044678B91F4B95
:104E60001F490090CDE9010303950346012212F08A
:104E700073FA02212846FFF7A7FF06B070BD04A908
:104E800002F0E8FD38B91E212846FFF79DFF2046B5
:104E900002F000F9F1E74FF0FF304FF0FF31FFF77C
:104EA00037FD05460028F2D00E210C30FEF792FDAA
:104EB00000230680C0F80A30BDF810304380BDF8EA
:104EC00012308380BDF81430C380BDF816300381E2
:104ED000294642F22000FFF7BBFED8E7E9D70200DF
:104EE00068B202007FB502460B46304DD5F854112A
:104EF00011B9002004B070BD05F598700CF0ACFC41
:104F00000028F6D10022002305F5AA700CF096FBCC
:104F1000044668B9264A2749274840F6B84311F0A5
:104F2000C7FD84F31188BFF36F8F0323184602DF98
:104F3000D5F8483183B10026204B21490293012244
:104F400033463046CDE9006612F006FAD5F848013E
:104F5000FEF7FEFBC5F848612046FEF73BFCC5F8AE
:104F600048012046FFF7D4FDF0B1164B0293002311
:104F70000390CDE9003312490122184612F0ECF9F2
:104F800011480CF0E5FB2046FEF7F6F90F4B0C221A
:104F900002FB00301F2140882246FFF7E3F920463C
:104FA000FEF7D6FBFFF74EFE0120A3E7A00300208B
:104FB0008FD90200C4D9020097C20200A7DC020008
:104FC00068B2020054DC0200D0040020382B00201C
:104FD0002DE9F04F06468DB017460C4669B94FF0E3
:104FE000FF304FF0FF31FFF793FC0446B8B96FF084
:104FF000680528460DB0BDE8F08F887AFEF7B4F951
:105000004D4B83420BD04D494D484E4A40F2C5139B
:1050100011F04EFD4B4840F2C51111F040FD0DF16D
:10502000180901220021484614F041FE2046FEF7EF
:10503000A3F9DFF814B10C2303FB00B0C0F808900B
:105040002046FEF7C7FB01463046FFF701FE054646
:1050500018B12046FEF77CFBCBE715F051FF3B4B28
:105060001A583B4B9A421ED13A4814F01CFE0021BC
:1050700082464FF4A020FFF735FF804688B9314AB9
:1050800035492F484FF4F97311F012FD334831467A
:1050900011F00EFD88F31188BFF36F8F03231846BC
:1050A00002DF5445E0D14FF4A022002348460CF023
:1050B000D3FB804698B14FF4FC73224A284920481C
:1050C00011F0F6FC27484246314611F0F1FC00236E
:1050D00083F31188BFF36F8F0323184602DF204646
:1050E000FEF74AF90C2358431BF80080B8F1000F73
:1050F0001BD01D4B1D490396CDE904831C4B029325
:1051000000231846CDE900330222A8F1090812F065
:1051100023F95FFA88F82046FEF71AFBB8F1090F69
:1051200007D8144B13F9085063E7002F91D03C6067
:105130005FE76FF004055CE7280900201406030010
:1051400097C202008FD90200382B0020080000000F
:1051500088270020F4040020C2DC0200CADC020020
:105160006EFB0200EADC02003608030068B20200AF
:105170002FDD020038E0020070B586B006460D460D
:1051800005AA002142F22F00FFF722FF044660B17A
:105190001D4B02930023CDE900331C490122184620
:1051A00012F0DAF8204606B070BD0598C368B3F86F
:1051B00001203280B3F803302B80FEF7C9FA338820
:1051C000A3F11B02E02A0AD90393114B0F49009463
:1051D000CDE9014302222346204612F0BDF82A8879
:1051E000A2F5A4739BB244F248118B42DAD9094B61
:1051F000029300230392CDE90033044902221846AA
:1052000012F0AAF8CEE700BF4EDD020068B202003D
:105210006EDD020093DD020010B5FAF751FA034B80
:105220001B6813B1BDE81040184710BD5C2B00206F
:10523000F0B52F4E074685B0D6F8700114F0AFFCDC
:10524000034660B92B4A2C490090CDE901020122A6
:1052500012F082F86FF01204204605B0F0BD6FF036
:10526000020106F1D40012F086F8012112F05EF876
:1052700010EA010539D1214B1F600A4606F59870E6
:1052800014F015FD06F5AA7014F0EBFC1C480CF0A8
:105290007BFF1C491A4800956FF007034FF4C0626A
:1052A0000CF08CFF1849164814F07CFDD6F87001FC
:1052B000164983681B689847044658B1144B0390FD
:1052C000CDE901530C4900952B460122284612F0E6
:1052D00043F8C1E727B905B0BDE8F040FAF7F0B9E7
:1052E00006F1C4000CF054FEB6E76FF07704B3E7A4
:1052F000A003002017DF020068B202005C2B002030
:10530000001B0020004700202FDF0200D1440100D5
:1053100038DF0200F0B587B006460DF10B01002022
:1053200000F0FAFD0546002845D14FF0FF304FF060
:10533000FF31FFF7EDFA074600283FD019210C3066
:10534000FEF748FB29460446192215F046FD1D4A82
:105350009DF80B30237392F8211192F82031994275
:1053600094BF06F1700106F17E01601D11F0EDFFA2
:1053700093892380D3896380B6F88C30A4F80D30EC
:10538000B6F88E30A4F80F30B6F89030A4F811308B
:10539000B6F89230A4F8133001230B4A009303A906
:1053A00007233846FFF7A2FA0022394642F20D00E1
:1053B000FFF70EFE0546284607B0F0BD6FF0680502
:1053C000F9E700BFA003002074040020F0B5022814
:1053D00087B0064653D100210246084602F0B4FCCD
:1053E0000446C8B92D4B2E490090CDE90103012296
:1053F000034611F0B1FF032012F090F950B1294B90
:10540000029300230390CDE9003325490222184678
:1054100011F0A2FF07B0F0BDBFF35B8F4768BFF389
:105420005B8F17F0010706D0032101F0B5FE20467F
:1054300001F030FEDFE740300CF05CFF10F00C05AF
:105440000DD1194B16490095CDE9015328462B463D
:10545000324611F081FF267329462046E5E72046B3
:10546000FFF758FF0028E2D0104B0D490097CDE917
:10547000017301223B46384611F06EFFD7E70C4B13
:105480000749CDE903030B4B02930023CDE9003319
:105490000222184611F060FFBCE700BF54DF020093
:1054A00068B202000ED9020072DF020098DF02002B
:1054B00036080300B4DF020030B54FF0FF3087B08C
:1054C0004FF0FF31FFF724FA044670B10025084A77
:1054D000009503A90723FFF709FA2A46214642F25D
:1054E0000E00FFF775FD07B030BD6FF06800FAE7FA
:1054F000740400202DE9F041047888B005465CB1C1
:105500005A495B485B4A40F2975311F0D1FA594827
:1055100040F2975111F0C3FA574BB0F80180198847
:1055200048F47042914205BF1C80544B27461F78B7
:1055300000F024FAEB78012B08BF514B05F104066B
:10554000304608BF93F86F4011F0A0FE314620B3FB
:1055500006A811F090FED5F81130CDF81130B5F84D
:105560001530ADF8153001238DF81030E87800B310
:105570003046FEF79BFA434B0293002342490390C7
:10558000CDE900331846012211F0E6FE1321404612
:1055900011F03EFF08B0BDE8F081204612F068F837
:1055A000014606A811F0D1FE314604A811F0CDFE47
:1055B000DCE7022206A902F0C7FBEB78044623B918
:1055C00032486FF0800111F0D6FE002CD0D020467A
:1055D000B5F8013020F8703B06A911F0B6FEB5F819
:1055E000173040F2E2425343C4F88830B5F819301E
:1055F000A4F89030B5F81B30A4F89230EB78E37043
:10560000002222736BB904A904F17E0011F09DFE03
:10561000217A1B4BC1EBC101194404F1770011F051
:1056200094FE0721204601F0B7FD27B12773012121
:10563000204601F0B1FD204601F052FF204601F066
:1056400029FDE478002CA5D1032012F067F800288A
:10565000A0D00F4B0390CDE901430B4900942346A2
:105660000222204611F078FE94E700BFD0DF02004E
:1056700097C202008FD90200D83500209936002049
:10568000A0030020E4DF020068B2020074040020DE
:105690000ED9020000B5C168087889B020B109B000
:1056A0005DF804EBFFF792BEB1F80130ADF80130C0
:1056B000CB788DF800008DF80330B1F80B30ADF8E1
:1056C0001730B1F80D30ADF81930B1F80F30ADF832
:1056D0001B304B7C8DF81D30043101A811F035FED4
:1056E000084B68461A689B88CDF80B20ADF80F3040
:1056F000CDF81120ADF81530FFF7FCFE09B05DF8CC
:1057000004FB00BFF5D5020038B5042104460C3077
:10571000FEF742F94578017840882246FEF722FEDE
:1057200035B104480CF014F8BDE83840FFF78ABAE8
:1057300038BD00BFD004002030B50321044687B037
:105740000C30FEF729F9E3680578B0F80100197804
:1057500040F6354398420ED10D4BCDE903130D4B66
:1057600002930023CDE900330B490222184611F0C1
:10577000F3FD07B030BD2246FEF7F4FD002DF8D052
:1057800006480BF0E5FF07B0BDE83040FFF75ABA16
:105790003608030000E0020068B20200D0040020D6
:1057A000F8B50A4DEF7906460024E3B29F4202D8CD
:1057B0006FF0010007E02946304611F0BEFE0735C4
:1057C000631C08B12046F8BD1C46EEE7A00300208C
:1057D00037B504460D4671B11249284611F0ADFEA9
:1057E00048B91148C4EBC4042946204411F0ADFE69
:1057F000002003B030BD684611F02FFD0028F8D11D
:105800006846FFF7CDFF0028F5DA074BC4EBC4006C
:105810001844694611F099FE002DE9D0014628464A
:10582000E4E700BFE8D50200A00300207FB51D4ECD
:1058300006223146054615F0D8FA68B34FF0FF301E
:105840004FF0FF31FFF764F8044638B306222946CB
:105850000C3011F067FC2146002242F20500FFF7F0
:10586000B7FB044678B110F10D0F09D10E4B02932E
:105870000023CDE900330D490222184611F0AFFE96
:10588000204604B070BD33462A6843F86929AA88C7
:10589000B280012283F868200024F1E76FF06804E9
:1058A000EEE700BF090400207BE1020070B20200B5
:1058B00038B505460C4659B92049214A214840F2DD
:1058C000D73311F0F5F840F2D7311D4811F0E7F861
:1058D000086848B91C491A4A1A484FF4767311F0FF
:1058E000E7F84FF47671F0E74DB91849144A1548B6
:1058F00040F2D93311F0DCF840F2D931E5E7037A10
:105900005A0709D512490E4A0E4840F2DB3311F00E
:10591000CFF840F2DB31D8E74B686BB90B7A13B99B
:105920002B7A5B0708D52A7803789A4204D0294657
:1059300011F07DFE00B1656038BD00BFB8E1020026
:105940008AE1020097C20200D0E10200F3E1020006
:105950000BE20200084BBFF35B8F53E800CF4CF41F
:10596000806C43E800C2002AF7D1BFF35B8F037A53
:1059700019430172704700BF740400200A4BBFF343
:105980005B8F53E8002F22F4806143E80010002869
:10599000F7D1BFF35B8F530504D5044900220220E1
:1059A00007F0C6BE704700BF74040020B97602003D
:1059B0001FB50023CDE9023301908DF80C1001AA28
:1059C0000349022007F0B4FE029805B05DF804FB1D
:1059D000B15801002DE9F041054686B070B15D4C2B
:1059E00094F8202194F821310AB19A4209D2013366
:1059F00084F821312B7A43F004032B7206B0BDE802
:105A0000F08100210222084602F09EF9064648B1C4
:105A100028460121FFF79EFF304606B0BDE8F04161
:105A200001F038BB04F1D40011F096FD8306C0F3F9
:105A3000401702D5304600F0F3FB94F82131ABB1AA
:105A4000002011F0DBFD88B1434B02930023CDE928
:105A5000003302224149184611F0C1FD002FCDD07C
:105A6000012006B0BDE8F04100F0DABB94F8212136
:105A700094F820319A4222D10026394B37490293BB
:105A800002223046CDE90066334611F0A8FD3246C9
:105A9000314642F22900FFF79BFA30B1314B0096B4
:105AA000CDE9016301223346D4E794F82131013373
:105AB00084F821312B7A43F004032B72CEE72A4677
:105AC00005F1010812F82A0B414611F04BFD06467C
:105AD00040B1254B02930023CDE900331F49012239
:105AE000184613E094F82131013384F821312B7AE0
:105AF00043F004032B7294F8A73013F004030BD186
:105B00001A4A16490093CDE90132022211F067FDCD
:105B1000012011F073FDA1E7414604A811F015FD25
:105B200001234FF0FF304FF0FF318DF81730FEF7B3
:105B3000EFFE044660B1082204A90C3011F0F2FA1D
:105B40003246214642F24E00FFF742FA0028DFD0EB
:105B5000074BBFE7A003002040E2020070B2020042
:105B600065E2020096E20200B6E20200D6E202001E
:105B700000E302002DE9F043044685B068B34D4DC3
:105B800095F8202195F821319AB1013293421DDC1C
:105B900000210222084602F0D7F8064600B320464C
:105BA0000221FFF7D7FE304605B0BDE8F04301F013
:105BB00071BA5BB940494148414A40F2DF4310F0B5
:105BC00077FF3F4840F2DF4110F069FF013B85F865
:105BD0002131237A23F00403237205B0BDE8F0835A
:105BE00005F1D40011F0B8FC8306C0F3401802D5CB
:105BF000304600F015FB002011F000FD0646C8B14C
:105C0000304B029300230390CDE900332E4901224B
:105C1000184611F0E4FC95F8213113B1012011F080
:105C2000EDFCB8F1000FD8D0012005B0BDE8F0437D
:105C300000F0F6BA95F8213195F820219A420CD25D
:105C4000013B85F82131237A204923F004030246E1
:105C50002372022007F06CFDDDE74FF0FF304FF0BC
:105C6000FF31FEF755FE04F10109074668B107212F
:105C70000C30FDF7AFFE494611F067FC324639465D
:105C800042F22800FFF7A4F950B1114B0293002310
:105C9000CDE900330C490122184611F0A0FCBAE707
:105CA00095F82131013B85F82131237A23F0040353
:105CB0002372B0E7A00300201BE3020097C202009A
:105CC0008AE1020034E3020070B20200C9750200EA
:105CD00061E302007FB50446D9B9F0B1224911F061
:105CE0002CFCD0B92046FFF75BFD002835DA23787D
:105CF000012B04D1A37903F0C003C02B0DD01B4BA3
:105D000002930023CDE9003319490122184611F00E
:105D100066FC6FF0150004B070BD164DEB79012BD9
:105D20001ED005F1D40011F017FCC30707D4002CD6
:105D3000EFD00D49204611F000FC0028E9D1EE79A2
:105D40002146731C3046EB71FFF742FD08B930461F
:105D5000E1E7EB79013BEB71DDE76FF07700DAE724
:105D60006FF00B00D7E700BFE8D5020086E3020022
:105D700070B20200A00300202DE9F041044686B075
:105D800060B9204B20490090CDE90103022203466F
:105D900011F025FC002006B0BDE8F08105AA002125
:105DA00041F20900FFF714F9054640B1174B029381
:105DB0000023CDE90033144902221846E8E7059E86
:105DC0001349D6F80C8008F101070622384615F071
:105DD0000CF828B10F490622384615F006F818B914
:105DE0003046FDF7B5FCD5E7D8F80130C4F80130EE
:105DF000BB88A4F8053030462570FDF7A9FC0120CA
:105E0000C9E700BFB4E3020070B20200CDE30200B4
:105E1000F5D50200EFD5020007B56846FFF7ACFFE5
:105E2000044BD87118B169460020FFF7D1FC03B0CC
:105E30005DF804FBA0030020F0B5324DEC798DB085
:105E4000002C58D195F8C26016F0010615D12E4BE2
:105E50002E490094CDE9014302222346204611F049
:105E6000BEFBEC71162600240127EB79E0B29842C4
:105E70002CD3002B3FD000203BE004AA21464FF654
:105E80000940FFF7A5F808B1214BE1E7DDF810C0A4
:105E9000DCF80C104B7823B96046FDF759FC1D4B1C
:105EA000D6E78B1C06AA01F1120418685968174638
:105EB00003C70833A3423A46F7D1186838609B8875
:105EC000BB806046FDF744FC3446CAE70CAB06FBDA
:105ED000003304A953F8182C33F8143CCDF81120E2
:105EE000ADF815308DF81070FFF772FC0134002802
:105EF000BBD00DB0F0BD002108460DB0BDE8F040AC
:105F0000FFF7E8BEA0030020EBE3020070B202003E
:105F100017E4020037E4020038B50C4661B10848C6
:105F20000578012D04D10130FFF780FC08B138BDA0
:105F3000002525700020FAE76FF01500F7E700BF95
:105F4000A00300207FB5134EF5791DB10024204633
:105F500004B070BDFFF760FF044650B10E4B0F490F
:105F60000095CDE9015301222B46284611F037FB5D
:105F7000EDE7F579002DE9D1FFF75EFF0446002833
:105F8000ECD1701CFFF752FC04460028DED0044B15
:105F9000E5E700BFA003002060E4020070B2020049
:105FA0007FE4020070B5054686B00E464FF0FF3024
:105FB0004FF0FF31FEF7ACFC0446A0B102210C30DB
:105FC000FDF708FD094A4670057003A920460095B3
:105FD0000523FEF78BFC0022214642F20C00FEF75F
:105FE000F7FF06B070BD6FF06800FAE77404002098
:105FF00008B50C4B0246400903EB800011F079FB19
:1060000002F01F0340FA03F313F0010006D122B996
:10601000054811F06EFB40F3C01008BD6FF077002B
:10602000FBE700BF602B0020740400200A4ABFF386
:106030005B8F430902EB830200F01F0001238340C2
:10604000DB4352E8000F184042E800010029F8D174
:10605000BFF35B8F704700BF602B002030B587B067
:106060005D48002200230BF061F8002840F0928088
:106070005A485A4D11F03DFB10F0010345D02B1D3D
:1060800093E8070006AB03E90700554811F031FB20
:10609000C0F34013514811F02CFB014600286BD08F
:1060A00073B10C224F490DEB020014F09EFE002844
:1060B0006BD000210846FFF775FF0446002865D124
:1060C00000239DF80C00ADF80930BDF80E30ADF896
:1060D0000530BDF81030ADF80730431E8DF80400D0
:1060E00058420DF10901584111F0F6FA0446002812
:1060F0004CD14FF0FF304FF0FF31FEF709FC054661
:10610000002849D16FF0680440E03548364A11F064
:10611000F0FA10F0800F0ED09089D1891269ADF895
:106120000E004FF48074ADF80C40ADF81010ADF8CF
:1061300012300592A9E72D4C2068616803AB03C3B8
:10614000A068186092F8D930180748BF0523234883
:1061500048BF8DF80D3011F0CCFA810706D53023F9
:10616000ADF810306023ADF80E308EE71B4811F00B
:10617000C0FA4207F3D488E73BB1FFF713FF0446A8
:1061800020B9184B2861C3E90100002412480BF024
:106190009DF8204607B030BD072201A90C3010F051
:1061A000C1FF2246294642F20B00FEF711FF0446CA
:1061B0000028EBD19DF80D10012001F00101FFF73F
:1061C000F1FE04460028E1D106AA12E90700054BBA
:1061D00083E80700D9E700BF7C2B0020602B00205C
:1061E00074040020702B0020A003002010B50200D2
:1061F00010B5094C44220021204614F0EEFD04F1B4
:106200001C0013F01BFD04F1300013F017FD034BCD
:1062100000221A6010BD00BF602B0020AC2B0020B4
:10622000044B597C003801F0010118BF0120FFF731
:10623000B9BE00BF602B0020032838B5054603D146
:10624000BDE83840FFF70ABFFFF7D2FE0446C8B9E1
:10625000BFF35B8F0C4B6A0903EB820305F01F0150
:1062600001228A4053E8000F104343E8000100294F
:10627000F8D1BFF35B8FFFF7F1FE044610B128465B
:10628000FFF7D4FE204638BD602B00202DE9F04FEB
:1062900000F10C0691B00446304610F027FF05903F
:1062A0008B48DFF830A211F024FA00F0010388488F
:1062B000089311F01EFAC0F380030793059B83B186
:1062C000089B0BB9079B63B1238A082B0CD8824B20
:1062D00002930023CDE9003380490122184611F0D2
:1062E0000EFA11B0BDE8F08F09213046FDF754FBDE
:1062F000037A228A01339A420546E8D30123ADF896
:106300003C307F238DF83630037A034400F10108D6
:106310005B7A8DF83530FF238DF834300023ADF8EB
:106320003A3002788DF83720042A9CBF6C4B9B5C76
:10633000ADF83830037A6648069311F0DAF900F0C8
:106340000107634811F0D5F981466FB1BDF83830C7
:106350005A0709D5297A30460131FDF7FFFA059B26
:10636000013BDBB20593A9E7404610F08FFF002800
:106370004ED041460AA810F07EFF17B919F0040F5D
:106380005CD1DAF80030B3B1304610F0BFFE069BA6
:10639000B4F810B0DAF800702382814633469DF8D5
:1063A00037209DF935100AA8B8476369A4F810B0E2
:1063B00013FA89F3E3600AAB0C934A4B1A68002A7C
:1063C0003AD0136803B1083B52F8081CB9B11F4614
:1063D000A2F108033046099310F098FE069BB4F82A
:1063E00010B02382099B81461B6831460CA8984750
:1063F0006369A4F810B013FA89F3E3603B46DBB19C
:106400009F681A68B7B1083F002AE3D13B46F7E717
:106410006B78FF2B09D1344B18680A909A889B79C6
:106420008DF82E30ADF82C20A7E7414611F020F969
:106430000346F1E7002ACDD100230C932448BDF890
:10644000383011F056F910F0010783D1DB0781D500
:1064500003220AA9384601F077FC814600283FF460
:1064600079AF022011F05AF9D5F80130C9F87E3021
:10647000B8F80430A9F8823098F8063089F88430EA
:10648000484610F0C3FFD0B11F2389F80C303946BD
:10649000484600F081FE484600F0FCFDFFF7DEFDB7
:1064A00000283FF457AF114B0390CDE901730B491E
:1064B00000973B460222384611F021F94AE7484648
:1064C000022100F069FE484600F0E4FD42E700BF0B
:1064D000602B0020AC2B0020A2E4020090B202004E
:1064E000BBE40200A42B0020E8D502000ED9020074
:1064F000F8B50546224811F0FCF843070F463CD595
:106500002A78012A03D96FF015042046F8BD6B786C
:106510000F2BF8D86888031F9BB243F6FC74A34284
:10652000F1D8A9880B1F9BB2A342ECD88842EAD3CA
:106530007AB91448002200230AF0F8FD0446002826
:10654000E3D1FFF755FD044640B10E480AF0BEFE08
:10655000DBE711F0AFF80028EBD1D4E728686968D1
:10656000094E0A4B03C6A868306020461F60FFF73B
:1065700063FE044606F12400E8E76FF00A04C4E76E
:1065800074040020902B0020642B0020AC2B0020F2
:10659000024B0020186011F0C1B800BFAC2B0020E6
:1065A0000A4B196800F1080231B98160596839B99C
:1065B000C3E90022002070478A4204D00968F3E74B
:1065C0000A605A60F6E76FF010007047A42B0020B5
:1065D00008B5034811F08DF800F0010008BD00BFB8
:1065E000602B0020884208B501F1200310D99842A1
:1065F00013D20E490E4A0F4840F2B32310F058FA56
:106600000D4810F055FA0A4840F2B32110F047FA4D
:10661000EFD000F120029142EAE7013813F8012D92
:1066200000F8012F8B42F9D108BD00BFF2E402004F
:10663000C0E4020097C2020049E5020070B59EB0B6
:10664000464B06931822002107A814F0C6FB44F21B
:1066500001030DA80D9311F06AF80D9B089304A98E
:106660003F4B099306A813F0B1FF044630B13D4BF0
:10667000039002930023CDE900330CE0049805ABAE
:1066800041220DA913F074FE68B3374B0390CDE996
:1066900001430094234635490122184611F054F86D
:1066A0001F25334BBFF35B8F53E8001F21F001011F
:1066B00043E80012002AF7D1BFF35B8F2D4E0CF098
:1066C00011FE3468002C42D0002DA4F104042A4DA0
:1066D00018BF002523680BB1284698476468002C32
:1066E00035D0043CF6E7254A0DF135030DF175016F
:1066F00053F8040B42F8040B8B42F9D1204904985B
:1067000005AB202213F0E2FD044610B11D4B0390AF
:10671000AFE704980EF0B0FB054610B11A4B03909A
:10672000B5E716491448FFF75DFF18491848FFF709
:1067300059FFBFF35B8F174B53E8001F41F0100167
:1067400043E80012002AF7D1BFF35B8FA9E70023CB
:10675000C6E900330CF038FE1EB070BD12710001A6
:10676000000002097BE5020099E5020050B2020038
:10677000B02B0020B82B0020FA360020BA360020BB
:106780009A360020BCE50200E0E50200DA3600207F
:106790001A3700207404002030B5A7B004233D222E
:1067A000002116A8159314F018FB374B06931822F6
:1067B000002107A814F011FB44F201030DA80D936A
:1067C00010F0B5FF0D9B0893304B0993304904AB93
:1067D000202206A80EF092FB30B32E4B03900293BA
:1067E0000023CDE900332C490122184610F0ACFFFC
:1067F0006FF004050CF076FD284B1C6884B1002076
:106800001860274BBFF35B8F53E8001F21F0020194
:1068100043E80012002AF7D1BFF35B8F6DB3A047A6
:106820000CF0D2FD27B030BD1E4B0DF1550203F127
:106830004000194653F8044B42F8044B8342F9D107
:1068400005AB02932023CDE900131048049941239E
:1068500015AA13F06DFE044610B1134B0390BEE76A
:1068600004980EF009FB05460028C3D00F4B039097
:10687000CDE9014300942346B5E70DA80949FFF788
:10688000B1FE0DA8CBE700BF1271000100000209A4
:106890009A36002000E6020050B20200B42B00201D
:1068A000B02B0020BA36002036E6020052E6020085
:1068B00008B50449402214F098FAB0FA80F0400973
:1068C00008BD00BFBAE6020010B59EB0182204460B
:1068D0001E4B0693002107A814F07FFA4FF4804363
:1068E0000DA80D9310F023FF0D9B0893184B0993EF
:1068F000214604230DF135008DF83430FFF772FE88
:1069000004F120010DF15500FFF76CFE05AB4122AB
:106910000DA906A80EF0F2FA044606A813F0CEFE62
:106920002CB905980EF0A8FA01201EB010BD094B35
:106930000394002402932046CDE9004406492346EF
:10694000012210F001FF2046EFE700BF12410001D5
:10695000000002096FE6020050B202001FB50028D5
:1069600045D0264A136823B1043B834242D05B687A
:10697000F9E7234BBFF35B8F1968BFF35B8F890780
:106980000DD5204B029300231846CDE900331E4954
:10699000022210F0D9FE6FF00F0004B010BD146891
:1069A0004460011D5068116000B95160BFF35B8FF6
:1069B00053E8002F42F0010143E800100028F7D10E
:1069C000BFF35B8FD30701D50020E6E70F4BBFF382
:1069D0005B8F53E8001F21F0100143E80012002AEA
:1069E000F7D1BFF35B8F0A48FDF7C2F8ECE76FF011
:1069F0001500D2E76FF07700CFE700BFB82B00207B
:106A0000B02B002093E6020050B202007404002074
:106A100018060020054BBFF35B8F1B680448BFF3CB
:106A20005B8F13F0100F08BF002070477404002024
:106A3000FA36002070B505461E4803688B4232D0F6
:106A4000BFF35B8F1C4B1B68BFF35B8FDA062DD542
:106A5000036813B16FF00F0070BD184ABFF35B8F6E
:106A60001368BFF35B8FDB07F4D4BFF35B8F52E88F
:106A7000003F43F0020442E80046002EF7D1BFF386
:106A80005B8F13F00204E5D101600D482946FFF742
:106A9000A9FD0C4805F12001FFF7A4FD0A48FDF708
:106AA00067F82046D8E76FF07700D5E76FF07C00F5
:106AB000D2E700BFB42B002074040020B02B0020CC
:106AC000BA360020DA3600200806002010B5044649
:106AD000FCF752FC044901EB00112046FDF726F9B2
:106AE000BDE81040FEF7AEB8C02B002070B5144BC7
:106AF0001C68054644B154F81C3C1C3C13B1297B6E
:106B000028469847E469F5E70E4C0F4EB44215D974
:106B10000E490F4A0F4840F279730FF0C9FF0E4833
:106B20000FF0C6FF0A4840F279710FF0B8FF2368F2
:106B300013B1297B284698472034E7E7F7D370BD87
:106B4000F42B0020F8B1020018B2020031E7020075
:106B500001E7020097C2020084C6020070B5044635
:106B600049B90E490E480F4A4D230FF0A1FF0D48B9
:106B70004D210FF094FFD1E901560022C1E9012215
:106B8000094813F07BF83DB1314620462B466FF0A3
:106B90006D02BDE87040184770BD00BF4CE70200B1
:106BA00097C2020001E702003C08002010B50C4625
:106BB000817801290BD00C490C480D4A40F2F13381
:106BC0000FF076FF0A4840F2F1310FF068FFA1693B
:106BD0001160E2691A60E27A04F118000021BDE850
:106BE000104014F0FAB800BF4FE7020097C202004D
:106BF00001E7020070B505461748002200230AF09D
:106C00002BFE38BB154B1C6834B154F8143C1C3CAB
:106C100003B19847E469F7E7114C124EB44213D917
:106C20001149124A124840F27B630FF041FF1148AC
:106C30000FF03EFF0D4840F27B610FF030FFA3687C
:106C400003B198472034E9E7F9D32846BDE87040FE
:106C50000BF09EB970BD00BF24080020F42B00206B
:106C6000F8B1020018B2020031E7020001E70200A9
:106C700097C2020084C602002DE9F843204B044667
:106C800014F03EF9D3F880201E4B1B589A4211D1C4
:106C9000DFF8748040270025EFF3118387F3128813
:106CA000BFF36F8FE16989B983F31188BFF36F8FE9
:106CB000BDE8F88315491648164A4FF493730FF050
:106CC000F7FE14484FF493710FF0E9FE206A0A684A
:106CD000E261814208BF226283F31188BFF36F8FA4
:106CE000D1E901694046C1E9015512F0C7FF1EB163
:106CF000002249462046B047FDF7A4FFCCE700BF7D
:106D000088270020080000003C08002061E70200FE
:106D100097C2020001E7020070B5437B072B86B0E3
:106D200004466AD1BFF35B8F043050E8003F43F460
:106D3000806240E800210029F7D1BFF35B8F5D0539
:106D40005BD410F020FD80033ED52D4E96F8D9304F
:106D5000D90716D50025022300951A462946204654
:106D600010F0B4FB50B1274B0390CDE901532649F5
:106D700000952B460122284610F00BFD637B072B64
:106D80003BD196F8D8309B0637D510F011FB002880
:106D900033D00DF1160105A8FEF7EEF9054660BBEC
:106DA000BDF81620BDF81410204610F070FB20B37B
:106DB000164B0390CDE90153134900952B46012250
:106DC000284610F0E6FC18E0E37823B10C4B93F86A
:106DD000D8301A07B9D5204610F03EFB50B10C4B05
:106DE000029300230390CDE900330749012218469E
:106DF00010F0CFFC637B072BA7D006B070BD00BF9F
:106E0000A0030020C8E7020038B20200DFE702005A
:106E1000A7E702000448B0F80431002B00F58470A5
:106E200008BF0020704700BFA003002070B50446D3
:106E300014F066F8164A0E4616490858D2F8801023
:106E400088428AB005D120460AB0BDE87040FFF7FD
:106E500013BF24342146104612F08EFF051E0FDAB0
:106E60000D4A0E490E484FF4AF730FF021FE0D4846
:106E700029460FF01DFE08484FF4AF710FF00FFECA
:106E80001EB1694620460BF089F80AB070BD00BFFC
:106E9000882700200800000001E70200FBE702004D
:106EA00097C2020004E8020038B5002204468A4274
:106EB00002D10024204638BD04F1C4030120BFF3F1
:106EC0005B8F53E8005F002D04D143E8000CBCF158
:106ED000000FF6D1BFF35B8F02D0C8340244E6E75F
:106EE000002CE6D0C4220021204613F076FF04F1E6
:106EF000400004490BF0D2F9034904F124000AF0E0
:106F00001FFFD7E7097F0100B1770200F0B51646F1
:106F100087B00D4601210446FFF788FF012E2ED0D1
:106F2000022E65D1236963B13D4B029300231846BD
:106F3000CDE900333B49012210F02BFC204610F034
:106F400055FC256121690A8A012A66D9CB681B880C
:106F500004339BB29A4260D356D9CDE90323324B16
:106F6000029300231846CDE900332E49012210F088
:106F700010FC204607B0BDE8F04010F037BC236994
:106F800063B92A4A27490093CDE9013218463246AF
:106F900010F0FFFB204610F029FC01E02F8A2FB9EA
:106FA000284607B0BDE8F040FCF7D2BB03F10C0067
:106FB00010F0B0F8874211D900271D4B19490293F0
:106FC00032463B463846CDE9007710F0E2FB2169B6
:106FD0003A46204601F06AFB2761E1E720692A8AE8
:106FE000E9680C3010F09EF82846FCF7B1FBA9E7E1
:106FF000104B02930023CDE900330A490396012286
:10700000184610F0C6FBC5E7002301222046236185
:1070100007B0BDE8F04001F049BB07B0F0BD00BFCC
:107020001FE8020038B202009FE802003CE80200BC
:107030005AE8020081E8020010B50346B0B100F141
:10704000C402104610F09FFBE0B1BFF35B8F411C00
:1070500052E8004F844204D142E8001CBCF1000F0A
:10706000F6D1BFF35B8FECD1184610BD0649074837
:10707000074A40F2B9530FF01BFD054840F2B951E1
:107080000FF00DFD0346EFE7F6EB020097C202009A
:1070900001E7020010B5044670B92349234A244889
:1070A00040F2E1530FF004FD22480FF001FD40F2E1
:1070B000E1511E480FF0F3FC2430C4340AF0B6FE50
:1070C000BFF35B8F54E8003F5A1E44E800210029BB
:1070D000F8D1BFF35B8F002B0CDC1749134A14481F
:1070E00040F2F3530FF0E4FC14480FF0E1FC40F2DF
:1070F000F351DEE7012B15D160B111490B4A0C4861
:1071000040F2FC530FF0D4FC0E480FF0D1FC40F2DB
:10711000FC51CEE70C480AF01BFBBDE810400B48C1
:107120000AF036BF10BD00BFF6EB020001E7020017
:1071300097C20200BAE80200D9E80200E1E80200C2
:10714000FFE8020013E902002408002038060020AE
:1071500010B50446FFF770FF0CF0C4F80C4BD3F8E1
:10716000243104F1B8012BB90A4810F0FCFA0CF0F4
:107170002BF906E0994208D10CF026F92046FFF7DA
:1071800089FFBDE81040FDF75DBD1B68EBE700BF60
:10719000A0030020C40400207FB5457B8D42044637
:1071A0000E4611D1082D96BF5B4B5C4B53F8253032
:1071B00003935B4B02930023CDE90033594902222C
:1071C000184610F0E6FA1FE0417365B1022D0DD0AC
:1071D000637B082B00F29C80DFE803F018705216E6
:1071E0001616160F1600FFF727FFF1E78378012B1D
:1071F000EED140300BF0E8F9EAE74B4800210DF002
:1072000087F80023C4E90D3304B070BD082DFBD806
:10721000DFE805F0330528192D2D2833330004F15C
:10722000400528460BF0D0F901212046FFF7FEFD6E
:10723000204610F0DBFA00220023284604B0BDE807
:1072400070400BF0BBB9022010F068FA50B1374B18
:10725000029300230390CDE90033324902221846FD
:1072600010F097FA237B13B12046FFF73FFC20462E
:1072700004B0BDE87040FFF70DBF2D4B039699E7B2
:10728000A378012BC0D12B4B9D8A002DBCD00A23A3
:107290005D434FF4004640F2E73000214FF47A722C
:1072A0000023C5FB0601F4F7DFFD02460B4604F19F
:1072B000400004B0BDE870400BF0F8B8237B3E2BD3
:1072C0000AD11D4B02930023CDE9003315490394E5
:1072D0000222184610F05DFA164D05F584766169B4
:1072E00021B904B0BDE87040FDF7ACBCA2690B68E1
:1072F0006361914208BFA3612046FFF72FFCB5F8F8
:107300000431002B14BF304600200AF021FAE6E7D2
:107310000A4B03964EE700BFA4B702004AE90200F9
:1073200054E9020038B202004806002065E9020074
:1073300096E90200A0030020ADE90200D4E90200B2
:10734000F8B5074609480D461646FFF775FE044690
:1073500050B183781F4203D1BDE8F840FFF79ABED1
:107360003146A8472046F7E7F8BD00BFA01B002024
:10737000024900220120FFF7E3BF00BF196D0100A1
:107380007FB5064611480D46FFF756FE0446C0B1CC
:10739000437B012B02D0073B012B10D82388B3423B
:1073A0000CD1A3782B400DD1094A0A490396CDE9A7
:1073B000013200930222184610F0EBF92046FFF745
:1073C00069FE0024204604B070BD00BFA01B002051
:1073D000F0E9020038B2020008B5114B98420AD316
:1073E00003F1C802904206D2C01AC822B0FBF2F3E1
:1073F00002FB130373B10B490B4A0C4840F21A63AA
:107400000FF056FB0A480FF053FB074840F21A6191
:107410000FF045FB074BC0105843C0B208BD00BF7A
:10742000A01B002007EA020001E7020097C2020049
:1074300086EB0200295C8FC22DE9FF4706460F4606
:1074400090461D4691469A4612F0A6FC044658B155
:107450001B491C481C4A40F236630FF029FB1A48AE
:1074600040F236610FF01BFB55EA080512D0174BAE
:1074700013F046FDD3F88020154B1B589A420CD1CF
:10748000144B15490094CDE90143022223462046BE
:1074900010F07FF94FF00009CA4610494A4653469A
:1074A000002E14BF304608460FF008FE044618B1FF
:1074B000791D0C30FCF710FA204604B0BDE8F087C7
:1074C000A0EB020097C2020001E70200882700201B
:1074D00008000000AFEB020038B20200580800209C
:1074E00010B5044605480AF053FD204600F07CFF25
:1074F0002046BDE81040FFF7F9BA00BF280600207B
:1075000010B5437B023B0446062B35D8DFE803F079
:107510000D0434343427320001730021FFF73CFEA0
:10752000BDE810400220FEF787BE8378012B06D10C
:1075300040300BF049F8BDE81040FDF7BDBF104AE0
:107540001049114840F263730FF0B2FAA1780F4866
:107550000FF0AEFA0A4840F263710FF0A0FA00880B
:107560000FF056FF38B9637B072B03D10821204663
:10757000FFF712FE002010BD6FF07F00FBE700BF99
:1075800001E702001406030097C20200D8EB0200D4
:107590002DE9F04F8DB0002309930B93984B5A8C33
:1075A00032B1984DD5F8244134B90DB0BDE8F08F13
:1075B0001B68002BF5D1F8E754F8B83903B1B83B94
:1075C0009149002611E0B5F80421002A00F0C88195
:1075D000D5F81021BAB904F1B806002BE5D0D3F8DC
:1075E000B82002B1B83A1C461346A342EBD18749F2
:1075F000874A88484FF46F730FF05AFA4FF46F714F
:1076000083480FF04CFA0A68002AE4D0D4F8A4208A
:10761000002AE0D0D4F8A820002ADCD0D4F8AC208E
:10762000002AD8D0637B072B3BD120469047002807
:1076300037D004F1BC0010F0A6F8022831DC204657
:10764000FFF7FAFC04460028AFD0637B072B40F01D
:107650008481D4F8A430B5F804110AAA20469847CA
:107660000646002800F06781B5F804210A9B9A427B
:1076700006D30146D4F8A8700BAB09AA2046B84738
:10768000338ADDF82C80DDE9099A002B3BD1624971
:107690005F4A60484FF424730FF00AFA4FF42471E4
:1076A000AEE704F1B803B34209D15C49584A5948DE
:1076B00040F2D9330FF0FCF940F2D931A0E7D4F809
:1076C000B820C6B9D5F82811C5F824218B4201D1BC
:1076D000C5F828210023C4F8B8302046D4F8AC30CF
:1076E00098470028B1D0637B072B40F036812046B5
:1076F000FFF72EFDA9E73260D5F82821934208BF95
:10770000C5F82861E6E730460FF0DCFD48B1424994
:107710003F4A404840F297230FF0CAF940F29721C0
:107720006EE7B5F804313E48002B08BF0020002268
:1077300000230AF091F860B13749354A354840F2E4
:10774000A7230FF0B5F937480FF0B2F940F2A7219F
:1077500056E72D480022002309F070FF074660B964
:107760002D492B4A2B4840F2B2230FF0A1F92E48A5
:107770000FF09EF940F2B22142E7C0E90198B5F856
:1077800004B1337ADA4503F1FF3398BF1FFA8AFB5D
:10779000012B09D925491E4A1E4840F2D2230FF079
:1077A00087F940F2D2212BE730460FF08BFD81465E
:1077B00038B11F49164A1748AC230FF079F9AC21AC
:1077C0001EE7014600220E480023FBF71DFE8046FF
:1077D00058B1FBF7D1FD174B5A4603EB0013314666
:1077E0004046FCF7CBFA804640BB1349084A09489B
:1077F00040F2DB230FF05CF940F2DB2100E700BF31
:10780000F4080020A00300203C080020EFEB020059
:1078100001E7020097C2020014060300FBEB02001E
:10782000A804002016EC02002BEC02003BEC020046
:1078300063EC0200C02B00207DEC0200B5F804319F
:1078400094F8C0609A458CBF4FF00109023684F865
:10785000C09098BFF6B204F1BC09BFF35B8F59E842
:10786000003F013349E80032002AF8D1BFF35B8FB3
:1078700004F1140B394658460FF075FF94F802A036
:10788000BAF1010F5BD108F10C03042118460793EC
:10789000FCF744F82288079B06F0FD0642EA063210
:1078A0000280B8F81020043A4280022118460FF0F6
:1078B00016FC4046FDF72CF9064600284DD0BFF3D4
:1078C0005B8F59E8003F013B49E80032002AF8D1BC
:1078D000BFF35B8F394658460FF06DFF0396214B7F
:1078E000214902930026334652463046CDE90066D0
:1078F0000FF04FFF4046FBF72BFF20463946FFF7BE
:107900002DF9B5F804311948B34208BF304609F0E3
:107910001FFF6FF004030393154B13490494CDE943
:10792000016330460096334652460FF032FF132172
:107930002046FFF7E5FD2046FFF7ACFB35E60D4A94
:107940000D490E4840F2FF230FF0B2F8A1780C4821
:107950000FF0AEF840F2FF2152E6FDF773F9EAE7C7
:107960009368FFDE54DC020038B20200A804002055
:10797000AEEC020001E702001406030097C2020009
:1079800091EC02002DE9F04140F2E243D0F888602A
:10799000B6FBF3F6031D044618460FF0F4FE82040E
:1079A000B6B217D5B4F88C20B24213D8B4F88E20F2
:1079B000B2420FD3D4E9241291420BD1BFF35B8FB3
:1079C00053E8001F21F4005143E80012002AF7D1C8
:1079D000BFF35B8F184B1D6865B155F80C7C1C3DDF
:1079E00037B1B4F89230B4F8902031462046B84709
:1079F000ED69F1E7114DDFF84880454519D9114986
:107A0000114A124840F2BF730FF052F810480FF0BD
:107A10004FF80D4840F2BF710FF041F82F6937B1B0
:107A2000B4F89230B4F8902031462046B84720355B
:107A3000E3E7F3D3BDE8F081F42B0020F8B10200B6
:107A400018B2020031E7020001E7020097C202000B
:107A500084C602002DE9F041074608460D460FF0A6
:107A6000A9FC064618B900263046BDE8F0811C4B3B
:107A70001C6884B154F8103C1C3C0BB9E469F8E76D
:107A80002946384698470028EDD028460FF092FC4A
:107A90000028F3D1E7E7134CDFF84C80444518D9B0
:107AA0001249134A13484FF400630FF001F81248CB
:107AB0000EF0FEFF0E484FF400610EF0F0FF294675
:107AC000384698470028CED028460FF073FC20B9DE
:107AD000C9E7C9D2E368002BF1D12034DEE700BF4B
:107AE000F42B0020F8B1020018B2020031E70200C6
:107AF00001E7020097C2020084C602002DE9F041AE
:107B0000C37804468BB900F17E06194B1D687DB120
:107B10001C3D04F170076B691BB13A4631462046A3
:107B20009847ED6925B11C3DF5E700F17706ECE7D4
:107B3000104D114F04F17008BD4216D90F49104A7B
:107B4000104840F68E130EF0B3FF0F480EF0B0FF52
:107B50000B4840F68E110EF0A2FF6B691BB1424636
:107B60003146204698472035E6E7F6D3BDE8F08158
:107B7000F42B0020F8B1020018B2020031E7020035
:107B800001E7020097C2020084C60200F8B5437AFA
:107B90008372054616460FF0CFFF154B1C684CB19B
:107BA00054F8043C1C3C1BB1697A3246284698477D
:107BB000E469F4E70F4C104FBC4216D90F49104A44
:107BC000104840F6EA130EF073FF0F480EF070FFF6
:107BD0000B4840F6EA110EF062FFA3691BB1697A07
:107BE0003246284698472034E6E7F6D3F8BD00BF72
:107BF000F42B0020F8B1020018B2020031E70200B5
:107C000001E7020097C2020084C6020038B50546AB
:107C10000C460F480121FFF747F9C0B105722368F0
:107C20000367A388A0F87430A37980F87630012325
:107C3000437283728370074BC0F8A430064BC0F8C0
:107C4000A830064BC0F8AC30054BC0F88C3038BDBE
:107C5000A01B0020A9820100AD6B01007B77020010
:107C60001800280070B505460A480E46FFF7E4F9EB
:107C7000044620B18378012B04D0FFF70BFA0024CF
:107C8000204670BD324629460FF07AFE0028F7D113
:107C90002046F2E7A01B002030B587B00D46FFF765
:107CA000E1FF0446D0B12846FBF700FF637B0C4997
:107CB0000394082B96BF0B4A0B4B52F82330CDE9A7
:107CC00004030A4B029300231846CDE90033022235
:107CD0000FF05FFD2046FFF7DDF9012007B030BD52
:107CE00038B20200A4B702004AE90200D1EC020057
:107CF00038B5044613480FF046FD420702D46FF032
:107D00000A0038BD08460FF055FB10B96FF015009A
:107D1000F7E7FEF75DFC0028F1D10A480FF033FDCC
:107D20000306C0F3C0150AD40FF0C4FC0028EDD040
:107D300021462846FFF7B0FF0028E2D0E6E76FF0C3
:107D40007700DEE774040020F8B505460E480E46BD
:107D50001746FFF771F9044620B18378012B03D051
:107D6000FFF798F900240DE036B1324629460FF0AE
:107D700007FE08B92046F3E7637BBB42FAD1237ABA
:107D8000AB42F7D12046F8BDA01B00202DE9FF41F2
:107D900004460F4615469846002B73D01B684BB11E
:107DA0003B4B02930023CDE900333A4902221846A7
:107DB0000FF0EFFC29462046FFF79AFF0646002801
:107DC00035D1204629460FF0B2FD044600285CD08C
:107DD00097E80F00304D05F1080C8CE80F00AB8AD6
:107DE000002B08BF4FF49673AB822B8A03B9AB8983
:107DF0002B826B8A03B9EB8995F821216B8295F868
:107E000020319A421AD903212046FFF7C5F90220F2
:107E1000FEF712FA054670B102200FF07FFC002138
:107E20002046FFF7B9F92046FFF734F92E463046D1
:107E300004B0BDE8F081C8F80040F8E70221204610
:107E4000FFF7AAF920460FF0E1FA07460028F2D022
:107E50000025294620462573FFF79EF92046FFF7A7
:107E600019F90320FEF7E8F950B10C4B0390CDE966
:107E70000153084900952B46022228460FF089FC41
:107E80003E46D4E76FF01506D1E76FF00B06CEE75C
:107E90000AED020038B20200A00300200ED9020051
:107EA00038B5044608460D460FF084FA38B3154B32
:107EB00093F8D830990707D4E37873B12946204660
:107EC000BDE8384000F02ABC94F898309A07F3D502
:107ED000201D0FF058FC4304EED4294620460FF035
:107EE00075FD58B92B88A4F88C306B88A4F88E30B7
:107EF000AB88A4F89430EB88A4F8963038BD6FF0C6
:107F00001500FBE7A0030020F0B510F8333C87B064
:107F10000446A0F140068BBB30460FF0B0FD464B47
:107F20001D684DB155F8183C1C3D1BB114F8341CAC
:107F300030469847ED69F4E7404D414FBD4216D9B0
:107F40004049414A41484FF4F1630EF0B1FD4048C9
:107F50000EF0AEFD3C484FF4F1610EF0A0FD6B68F1
:107F60001BB114F8341C304698472035E6E7F6D3A9
:107F7000304607B0BDE8F040FFF78CB810F83E3C43
:107F8000012B4AD110F83D5CB5B9FDF795FA69307F
:107F900043D1304B30490095CDE9015328462B465B
:107FA00002220FF0F6FB4FF4A4720023204607B024
:107FB000BDE8F0400AF002BBA0F13C05BFF35B8FC7
:107FC00055E8003F23F4005245E800210029F7D18D
:107FD000BFF35B8F9B0414D5E36C049304A9636D1A
:107FE00005933046FFF75CFFC8B9BFF35B8F55E8D8
:107FF000003F23F4805345E80032002AF7D1BFF355
:108000005B8FBFF35B8F55E8003F43F4006345E8A7
:108010000032002AF7D1BFF35B8F07B0F0BD0F4BE2
:10802000029300230390CDE900330B490222184646
:108030000FF0AFFBE5E700BFF42B0020F8B1020022
:1080400018B2020031E7020001E7020097C2020005
:1080500084C602003FED020038B2020072ED020059
:108060000B4B58B11A6862B902693AB902685AB939
:1080700042684AB982683AB942692AB91860002050
:1080800070476FF0770070476FF01500704700BFC2
:10809000042C002008B568B1094B1A6800F10C01E6
:1080A00022B907480FF05FFB104608BD914204D08B
:1080B0001268F5E76FF01500F7E76FF07700F4E767
:1080C000FC2B002038B5154811F0CBFD144913489E
:1080D00011F0D4FD1349114811F0D0FD12490F4899
:1080E00011F0CCFD10F035F905F0A2FA054698B96B
:1080F0000FF071FD0D48FEF79FFF044660B104309C
:108100000FF041FBC30704D5257203212046FFF77A
:1081100043F82046FEF7BEFF284638BD3C08002045
:10812000D02B0020DC2B0020E82B0020A01B0020FF
:1081300010B50268D2F8B0305BB90D490D480E4A4F
:1081400040F2FA230EF0B4FC0B4840F2FA210EF094
:10815000A6FCD2F8B4401968C2F8B010A34200F1EE
:108160004C0008BFC2F8B4108342E6D110BD00BF76
:1081700051EE020097C2020020EE02001FB50B4C28
:10818000226800232AB90A4B636010460C6004B0D1
:1081900010BD084A0390CDE9013218460649009304
:1081A00001220FF03DFC6FF00B00F0E7082C0020DF
:1081B000F0B702006BEE020080B2020070B5044618
:1081C00052EA03000AD012F09BFE074D074ED5F885
:1081D00080503058854204BF0022134620460431A7
:1081E000BDE87040FFF728B988270020080000008C
:1081F000F0B50F46002185B00546164600234FF422
:1082000080320846FFF7DAFF044660B90A4B0B4993
:108210000395CDE901030090034601220FF000FC15
:10822000204605B0F0BD04210C30FBF7D3FB0570F0
:1082300047704680F4E700BF92EE020080B2020071
:1082400070B50546006886B038B3407B072824D156
:10825000002A0E7A14BF0220012086420FDD104B47
:1082600002930023CDE90306CDE900330D49012235
:1082700018460FF0D5FB6FF0150006B070BDC87A38
:108280000728F8D98A61CB6105F1300011F0F6FCBE
:1082900028460FF0D4FB0020EFE76FF07F00ECE7FB
:1082A000BAEE020080B202002DE9F043D0F8B040EF
:1082B00085B007460E4690464CB14C3C236B6BB1E3
:1082C00004F13009484611F0EEFC054658B9FCF7B8
:1082D000B9FC0025284605B0BDE8F0832046FFF72D
:1082E00027FFE46CE8E77B7B072B0BD03749384A44
:1082F00038484FF478730EF0DBFB4FF47871344854
:108300000EF0CDFB0EF0DEFF58B1334B029300238D
:10831000CDE9003331490395012218460FF080FB67
:10832000D7E72846FBF756FA236D05469BB9A38C81
:10833000078A403B9BB23F2B03D8238D9F4228BF27
:108340001F46042105F10C00FBF7E8FA0780A38C17
:10835000438004372765236D2A8A9E420ED39342B9
:1083600015D0A38C403B9BB23F2B2CD92046FFF766
:10837000DFFE236B13B120460FF061FB236DC8F8BD
:1083800000309E4234BF9E1B00262665A2E70022D5
:108390000023484609F052F9854209D010490C4A99
:1083A0000C4840F212430EF083FB40F21241A6E764
:1083B000FBF7CEF9A38CA3F140023F2AD6D8094A95
:1083C000AA61EB61D2E700221346F9E7DAEE020078
:1083D00020EE020097C20200FBEE020080B2020013
:1083E00013EF0200877B02002DE9F341424D434F1A
:1083F00004464FF00008BD4279D94149414A4248FC
:108400004FF4D7730EF054FB40480EF051FB4FF47D
:10841000D77110E029884B1E3E2B0FD9394A3C49B1
:10842000394840F2B1130EF043FB298839480EF069
:108430003FFB40F2B11133480EF031FB20460FF004
:1084400098FB0646019068B12E4A33492E4840F207
:10845000B5130EF02DFB298830480EF029FB40F2B1
:10846000B511E8E76B6801A920469847002839DB79
:10847000019B2A889A829A8403F11002BFF35B8FD2
:1084800052E8001F42E800600028F9D1BFF35B8F7B
:10849000DE641E659E60A16B03F1080221BBC4E986
:1084A0000D221C60C3F80C8003F1300011F0D9FBE1
:1084B000019843681B6803B19847019BBFF35B8F2A
:1084C000103353E8001F41F0010143E80012002A75
:1084D000F7D1BFF35B8F01984368DB6913B100F1FB
:1084E00010019847083586E70A60A263D9E791D35F
:1084F00002B0BDE8F08100BFE0B10200F8B10200B7
:10850000BCEF020020EE020097C2020084C6020007
:1085100023EF020052EF02007DEF020091EF020014
:10852000F0B50B8A032B89B007460E460CD8574B83
:1085300002930023CDE900330122554918460FF07C
:108540006FFA002009B0F0BD042106F10C00FBF722
:1085500023FA328A4388934205460CD0CDE903239F
:108560004C4B02930023CDE90033494901221846C0
:108570000FF056FAE5E7417829B9474B0091CDE96C
:1085800001130B46D8E70278122A28D0132A1FD0ED
:10859000012AD6D00024414B3D4903920293022286
:1085A00023462046CDE900440FF03AFA69783E6848
:1085B00002220120FFF71CFE05460028C1D002213F
:1085C0000C30FBF707FA29460470447030462BE064
:1085D000022BB6D00222CDE90332314BC1E7082B82
:1085E0003C68F26804D00822CDE903322D4BB8E78D
:1085F000637B072B06D02C4B02930023CDE900337D
:1086000002229AE7E77897B102220120FFF7F0FDF6
:108610000546002895D002210C30FBF7DBF900233A
:1086200003704370294620460FF0BAFA89E7138891
:10863000ADF818305388ADF81A309388ADF81C3077
:10864000D388ADF81E3002221320FFF7D1FD054676
:1086500000283FF476AF06A92046FFF7FBF9022178
:10866000064605F10C00FBF7B5F956B107704770E7
:10867000294620460FF094FA06A920460FF0A6F9E5
:108680005FE7012303704670CCE700BFE3EF020011
:1086900080B2020001F0020022F00200AEF00200FF
:1086A00043F002006EF00200A0F0020030B50B8A29
:1086B000032B85B005460C460FD8154B02930023BB
:1086C000CDE900331349012218460FF0A9F92046DD
:1086D00005B0BDE83040FBF73BB8042104F10C00C5
:1086E000FBF75AF9418828460FF06BFA034648B960
:1086F000094A0391CDE901020649009002220FF0D8
:108700008FF9E4E7436821465B699847DFE700BFDC
:10871000D6F0020080B20200F3F0020070B5124BF6
:108720000C4619780131C9B2012938BF012105462B
:10873000082212201970FFF75BFD064688B1082158
:108740000C30FBF747F92288028062884280A288B9
:108750008280E288C28031462846BDE870400FF032
:108760001FBA6FF00B0070BD3A37002023281FD8C6
:108770001A2804D8431E182B0ED906207047A0F1E2
:108780001B03082B1ED8DFE803F0051D1B231D1952
:10879000251D0500032070470F4A012383401A401E
:1087A000C2B90E4A1A40002A14BF012006207047A1
:1087B00000F07F03522B05D1002070470120704745
:1087C0000520704710F0400F0CBF062000207047B6
:1087D0000420704702207047AAAA8A025455450116
:1087E000011F014808F0C2BB5407002010B5044621
:1087F000807AFAF7B9FD0B4B83420BD00A490B483C
:108800000B4A40F221130EF053F9094840F22111AE
:108810000EF045F92046FAF7AFFD064B182202FB91
:10882000003010BD8C0800205EF1020097C20200EB
:108830002FF102005C2C00202DE9F04F93B0166858
:1088400080460F46002542F601030068D6F80490E2
:108850008DF834500DA91446ADF836300EF0AFFC4B
:10886000002876D04FF42053D8F800008DF834500B
:108870000DA9ADF836300EF0A2FC38B1A3681BB1DB
:108880005A88BA4200D25F8001200EE06168084633
:108890000FF0ACF9728B738D9A4294BFC0EB02005B
:1088A000C0EB0300032803D8002013B0BDE8F08F0D
:1088B0000846FAF7A7FF054660680FF097F9728D32
:1088C000738B05F10C0B9A4294BFC0EB020AC0EB0C
:1088D000030A58460EF01EFC82453DD260680FF038
:1088E00085F9728D738B9A4294BFC0EB0200C0EB86
:1088F000030070B96368987AFAF736FD0022002306
:108900000EF0DCFB05460028CED001466068FAF781
:10891000BFFF002300931023D8F804600DEB03027F
:1089200041464846B047061E13DB227CE068B2424F
:1089300031D001460DA80EF070FC034680B9227CB0
:108940000392174A17490093CDE9013202220FF032
:1089500061FA0023A36097E758460EF0DBFBC8E7F7
:10896000F2B204A908A80EF058FC034610B90E4A4A
:108970000396E7E708A90DA80EF021FC0028E8D12E
:1089800000236374042105F10C00FBF723F8A060B9
:108990000780A36877E704A912F027FAEEE700BF83
:1089A0008AF1020028B20200A9F10200F0B54FF4EA
:1089B000702285B00746002311480D460EF07EFB5D
:1089C000044660B90F4B10490395CDE901030090AF
:1089D000034601220FF01EFA204605B0F0BD00F15B
:1089E0000C0609213046FAF777FF2046FFF7FEFE16
:1089F000012187603046FAF7EDFF0570ECE700BF14
:108A00008C08002092EE020028B2020070B50E46DB
:108A1000438B418D8B4202F1010228BF0B469A42E3
:108A200086B005460FD9CDE903321E4B02930023D1
:108A3000CDE900331C49022218460FF0EBF900245F
:108A4000204606B070BD3046FFF790FE022812D0D7
:108A5000042810D012F054FA144B1958144BD3F8C0
:108A600080308B421BD0134B1B685A1A18BF4FF033
:108A7000FF32134602E04FF4702200230E4800211B
:108A8000FFF79CFB04460028D9D0FFF7AFFE012179
:108A9000856004F10C00FAF79DFF0670D0E7002214
:108AA000E7E700BFC8F1020028B20200080000009A
:108AB00088270020A42C00208C08002070B50378A3
:108AC0008AB004460E4607AD032B20D8DFE803F03A
:108AD00002191B1D11492846F6F78FFC059563788E
:108AE0000493A3780393E378029323790193637942
:108AF0000093A3790A4A1E2130460DF0F3FB0AB019
:108B000070BD0849E7E70849E5E70849E3E7084A8F
:108B10000A2128460DF0E6FBE0E700BF85BE020013
:108B2000A7BE02008CBE020093BE02009DBE0200E2
:108B3000B1FC02002DE9FF4105460E464FF000084A
:108B40004FF42053006817688DF8088002A9144676
:108B5000ADF80A300EF033FBA0B142F601032868ED
:108B60008DF80C8003A9ADF80E300EF028FB48B14B
:108B700023691BB15A88B24200D25E80012004B042
:108B8000BDE8F081616828680EF019FB10B1002380
:108B90002361F3E7E368A0681A786AB1B7F82AC0DE
:108BA000798B038A8C4594BFC3EB0C03C3EB0103A1
:108BB000934201DA0020E2E704210C30FAF70AFFC1
:108BC0002061068023695E80074B00930194A268B0
:108BD0000023294638460FF02CF90028EADB2069EB
:108BE000003818BF0120CAE7F57D020010B500F17A
:108BF00054030446BFF35B8F53E8001F41F00101AB
:108C000043E80012002AF7D1BFF35B8F201F0FF05B
:108C10001EF804F17C00044909F040FB2068BDE81F
:108C2000104003F07BB800BFBD9B01002DE9F34766
:108C300017680546894600685168D7F804A01446AD
:108C40000EF0BDFA804600284BD1952229465046A9
:108C500010F000F80646207540B1E3681B780BB1B0
:108C600084F81480002002B0BDE8F0872946504601
:108C700010F035F910B908232375F3E7A0682675BD
:108C8000FAF7C0FD02210C30FAF7A4FE164B206162
:108C9000A0F8009000930194A26833462946384614
:108CA0000FF0C7F8002807DA10F1FF0F26BF404287
:108CB000C0B20E202075D5E72369002BD2D0A06862
:108CC0000EF094FF7B8B7A8D9A4294BFC0EB02002A
:108CD000C0EB0300E3681B78984294BF002001209A
:108CE000C1E70120BFE700BFFD7B0200F0B587B000
:108CF00004460F4635480022002304A908F0AAF8CC
:108D0000054678B1324B02930023CDE9003303943A
:108D10000122304918460FF07DF86FF00B063046FF
:108D200007B0F0BD12F0ECF82B4B049E1A582B4BF9
:108D300029461A60301D2C2212F04FF83460049C32
:108D400027480595C4E90155C4E90A5500220023C6
:108D500005A908F07FF8064640B123680393214B2C
:108D60000095CDE9015302222B46D2E7059B01462F
:108D7000B822184612F031F81B4A8260603010F0B9
:108D800070FF059BBFF35B8F583353E8002F43E818
:108D900000610029F9D1BFF35B8F059B1C60A36ABA
:108DA000059D1BB904F10C0010F05BFFA26AC5F829
:108DB000B020E26A05F1B003A36202B9E362059B49
:108DC00017225A855A8304333B60A8E734070020F2
:108DD000EDF1020028B2020008000000A42C0020DF
:108DE0005407002012F20200580600201FB5437BF2
:108DF000072B08D0154B02930023CDE90033022244
:108E0000134918460AE004210EF0DBFE034658B968
:108E1000104A0F490090CDE9010201220EF0FAFF3D
:108E2000002005B05DF804FBBFF35B8F426DBFF31C
:108E30005B8F12F0010206D1074B0092CDE90123AE
:108E400013460122DCE750F8040CEAE7A0F0020028
:108E500028B2020037F2020052F202002DE9FF4769
:108E6000074608460C46FFF7C1FCE268D0F80890B8
:108E7000BFF35B8FBB6DBFF35B8F13F0010306463F
:108E80000ED1324A32490093CDE90132184601220F
:108E90000EF0C0FF6FF01505284604B0BDE8F0875E
:108EA000238A5BB92B492C482C4A40F26D130DF0F4
:108EB000FFFD2A4840F26D110DF0F1FDE3684FF01F
:108EC00000081B780371C0F800801378D22B15D1ED
:108ED0003B682146186810F0AEF9054670B1204B8A
:108EE0001B49CDF80080CDE901834046434601226D
:108EF0000EF090FF2046FAF72BFCCDE704F10C00B2
:108F00000EF004F90023B4F810A0B76080461A46AA
:108F10002146381DFFF794F905460028BCD010F112
:108F2000690F09D10F4B02930023CDE900330849A3
:108F3000012218460EF06EFF6369A4F810A013FA20
:108F400088F3E360C6F808903560A5E752F20200A6
:108F500028B202006CF2020097C202002FF1020058
:108F600092F20200A5F202002DE9F04F85B005460D
:108F7000FFF73CFC00211822D0E90246D0F800A0FF
:108F800090F80490C788D0F8108011F026FFA87AD6
:108F9000FAF7EAF96969834651B16B7AD80705D4C3
:108FA000DBF82C301B6828469B68984700236B61D0
:108FB0002946584610F06DFEB9F1000F13D094B158
:108FC000236883B11B6873B1BAF1000F0ED0334B25
:108FD00002930023CDE900333149CDF80CA00122E2
:108FE00018460EF017FF05B0BDE8F08F4846FFF7B2
:108FF000BDFB0546201D0FF0F4F8052D3ED80123DA
:10900000AB4013F01409EED113F0090F21D113F086
:10901000220F33D0BFF35B8FA36DBFF35B8FDA07F3
:109020000AD4204B02930023CDE900331C490122CE
:1090300018460EF0EFFED6E7E36D002BD3D04FF4C9
:109040007022002304F1800005B0BDE8F04F09F064
:10905000B5BA23681D68BFF35B8FA36DBFF35B8F49
:10906000DB07DED5002EBED01FFA89F3BB42BAD291
:1090700041462846B04709F10109F5E70A4A0B497C
:109080000B4840F2CF230DF013FD0A4829460DF09E
:109090000FFD054840F2CF210DF001FDC8F202009E
:1090A00028B2020052F202002FF10200140603005F
:1090B00097C20200E7F202007FB5044601F10C00FE
:1090C0000D460EF01BF826682B8AEA6801463068C8
:1090D0000FF0BCFE00221E212046FFF797FC03463E
:1090E00050B9084A08490090CDE9010201220EF06A
:1090F00091FE002004B070BD014620460FF0A6F896
:10910000F7E700BF00F3020028B202002DE9FF419B
:10911000064690461F460D4671B104220121FFF715
:1091200075FC044658B90D4B0D490090CDE901037B
:10913000012203460EF06EFE04B0BDE8F08104216A
:109140000C30FAF747FC21460570A0F80180C77083
:10915000304604B0BDE8F0410FF078B81DF30200CE
:1091600028B20200F0B50B8A076887B004460D46A6
:109170005BB9304A30490093CDE9013218460122EB
:109180000EF048FE002007B0F0BD012105F10C00F3
:10919000FAF702FC7B7B072B0646F3D154F8043C1C
:1091A000002BEFD001782548043C002310F83370E1
:1091B0008F4200EBC30214D12B8A507897789842E3
:1091C0002CD9CDE903311E4B02930023CDE90033A6
:1091D0001949012218460EF01DFE012FD2D1042399
:1091E00025E001331C2BE1D10025164B039102939E
:1091F00011492846CDE900552B4602220EF00AFE01
:1092000031780846FFF7B2FA0028BBD00528B9D05C
:1092100006232A462046FFF779FFB3E7536829461D
:1092200020469847012F0346ACD10028AAD03178B8
:109230000022EFE73AF3020028B2020018B8020059
:109240006FF3020055F302002DE9F0410E8A043E4F
:10925000F6B2022E04468CB0084601D0102E64D11E
:1092600004210C30FAF798FB0DF1080805884788AF
:10927000011D324640460DF0D0FF002857D09DB367
:10928000002687B3BD422FD84FF4205301A9404692
:109290008DF80460ADF806300DF091FF40BB14224C
:1092A000002107A811F099FD11212046FFF77EFB50
:1092B0000990002837D001210C30CDE90748FAF792
:1092C00089FB00230A901B4A037039460B932846FA
:1092D00007AB0EF028FD0A9B1B78FBB90998FAF73B
:1092E00037FA0A2301E03D4601232A4610210EE009
:1092F00042F6010307A940468DF81C60ADF81E3008
:109300000DF05DFF0028CAD010232A4619462046DA
:10931000FFF7FCFE00200CB0BDE8F0810999204663
:109320000EF094FFF6E71120F5E70420F3E70E2096
:10933000F1E700BF358B01002DE9F043036885B0EC
:1093400004460D46186801210FF091FD40B904F163
:1093500058000EF02EFEB0BB122005B0BDE8F08321
:1093600010220021684611F038FD21212046FFF728
:109370001DFB029048B3DFF85890009405F10C07EC
:109380004FF001082B8A012B04D8029920460EF0D9
:109390005DFF18E038460DF0B1FE6B464A460146C7
:1093A00006468DF80C800EF0BEFC9DF80C30002BAC
:1093B000E8D00298FAF7CCF99DF80C30324620211B
:1093C0002046FFF7A3FE0020C7E71120C5E700BF36
:1093D000318002002DE9F043036885B004460D4654
:1093E000186801210FF043FD40B904F158000EF058
:1093F000E0FDB0BB122005B0BDE8F08310220021D3
:10940000684611F0EAFC0F212046FFF7CFFA0290E0
:1094100048B3DFF85890009405F10C074FF00108AD
:109420002B8A012B04D8029920460EF00FFF18E07A
:1094300038460DF063FE6B464A46014606468DF8F7
:109440000C800EF070FC9DF80C30002BE8D00298D8
:10945000FAF77EF99DF80C3032460E212046FFF7D0
:1094600055FE0020C7E71120C5E700BFD17F0200ED
:10947000F0B51D46036885B004460E461868012104
:1094800017460FF0F4FC38B904F158000EF091FDC6
:1094900048BB122005B0F0BD65B31022002168461C
:1094A00011F09BFC39462046FFF780FA029018B372
:1094B000BDF82830ADF8043001238DF80C300F4A88
:1094C00000946B46294628460EF02DFC9DF80C3082
:1094D0005BB10298FAF73CF99DF80C302A46314608
:1094E0002046FFF713FE0020D4E7029920460EF035
:1094F000ADFEF8E70120CDE71120CBE7D17F0200D8
:109500002DE9F0410E8A043EF6B2022E04468CB0DC
:10951000084601D0102E76D104210C30FAF73CFA1F
:109520000DF1040805884788011D324640460DF0BC
:1095300074FE002869D085B377B3BD422DD860682A
:1095400001210FF094FC064678BB8DF8000042F62E
:10955000020369464046ADF802300DF030FE20B3FC
:1095600042F6030306A940468DF81860ADF81A309C
:109570000DF025FEC8B1012D03D14FF6FF739F42B8
:1095800013D004F158000EF014FD002814BF002081
:1095900012200CB0BDE8F0813D4601232A46082187
:1095A0002046FFF7B3FD0020F3E7182200210DEB62
:1095B000020011F012FC09212046FFF7F7F908908C
:1095C000F8B101210C30CDE90648FAF703FA00237F
:1095D000099003700A238DF82C300D4A06AB3946EA
:1095E00028460EF0A0FB9DF82C302BB10898FAF716
:1095F000AFF89DF82C30D1E7089920460EF026FEF2
:10960000D1E71120C5E70420C3E70E20C1E700BF62
:109610002D8C01002DE9F0430F4687B0044606214A
:1096200007F10C00FAF7B8F90588B0F802808288D3
:10963000D7F80C90C5B10023B8F1000F13D0A8459E
:1096400012D38DF800308DF8043001A94FF4205367
:109650006846ADF80220ADF806300DF0B0FD0646C4
:1096600060B10A2301E0454601232A46062120462F
:10967000FFF74CFD002007B0BDE8F083014614223F
:1096800001A83F7C11F0A9FB07212046FFF78EF9C6
:109690000290D8B10A238DF815300D4A019401AB20
:1096A00041462846CDE903698DF814700EF03BFB66
:1096B0009DF815302BB10298FAF74AF89DF815304D
:1096C000D3E7029920460EF0C1FDD3E71120D2E77F
:1096D000398801007FB5CB681D885E88044685B156
:1096E00076B1AE420DD310220021684611F075FB11
:1096F00005212046FFF75AF9019058B9112007E0DB
:10970000354601232A4604212046FFF7FFFC0020AE
:1097100004B070BD6B46094A0094314628460EF0ED
:1097200002FB029B23B90198FAF712F80A23E9E732
:10973000019920460EF08AFDE9E700BF3D7D020059
:10974000F0B51D4603680E4600398BB0044618BFBD
:109750000121186817460FF08AFB40B904F1580040
:109760000EF027FC00284AD000200BB0F0BD002DE1
:1097700047D01822002104A811F02FFB8FB100223E
:1097800039462046FFF742F90346059048B91E4A7C
:109790000090CDE901021D4901220EF03BFB112092
:1097A000E3E723681A4A1B6804930023ADF82230CC
:1097B000109B0793BDF84430ADF8203001238DF89D
:1097C0002430294604AB28468DF818600EF0ABFA19
:1097D0009DF8243063B1002FC6D00598F9F7B8FF83
:1097E0009DF824302A4631462046FFF78FFCBBE720
:1097F00005990029B8D020460EF028FDB4E71220C4
:10980000B3E70120B1E700BF8EF3020028B20200E7
:10981000B57C0200F0B585B00F461646FFF7E6FAB4
:10982000E0B1836A18461BB150F8B03903B1B03BC0
:10983000741C214638B1428D458BAA4228BF2A4666
:10984000A2420ED2A3B90E4B02930023CDE90033FE
:109850000C490394022218460EF0DCFA002005B0F1
:10986000F0BD3246394605B0BDE8F040FFF7CEB84E
:10987000D3F8B05005B1B03D18460C462B46DAE798
:10988000A7F3020028B2020007B50B4602460021EA
:1098900011F036FB01910F4909580F4800688842C2
:1098A00004D00E48D0F88000884201D1002213462F
:1098B00001A90B4807F0CEFA014648B9019B1C22CA
:1098C000184611F08AFA0346184603B05DF804FB07
:1098D0000023F9E708000000A42C002088270020BE
:1098E0007407002010B50446806818B1F9F730FFFE
:1098F0000023A36021460248BDE8104007F036BBB4
:10990000740700202DE9FF47044680301D460E46AF
:10991000174608F059FEE36D7BB91A4A1A490093BD
:10992000CDE90132184602220EF074FA204600F00A
:109930001FF9002004B0BDE8F087144A93424FF0AD
:10994000000805D12068C4F85C800EF003FCF0E745
:10995000D3F80490C3F80480E06DD0F818A0FFF7A6
:10996000C1FF2068C4F85C800EF0F4FBB9F1000F71
:10997000DFD02068CDF800A000683B46324629467B
:10998000C847D6E7C2F3020028B20200A82C002084
:1099900070B5C36DCA68044643B319498B4225D0DC
:1099A000D5781DB3052D406806D00F2D1FD1437A01
:1099B000012B1CD8022107E0437A012BFAD9022B94
:1099C00012D0032B13D104210DF070FF08B1103019
:1099D0000DD104F1800008F0F7FDE26D137C43F037
:1099E00001031374002070BD0321EDE70E25002252
:1099F0002B4620461146BDE87040FFF783BF00BFED
:109A0000A82C00207FB5064650F8043C56F80459AF
:109A10000446002B41D039B1836D002B3DD01B7C17
:109A2000DA073AD5052321E0284602F0C3F96B7A1C
:109A3000012B32D0A56D002D2FD02B7CDB072CD530
:109A4000EB68002BEED06A69697C3046FEF7DEFFDA
:109A5000044698B96B7C0393114B12490090CDE9F1
:109A60000103012203460EF0D5F90E230022114610
:109A7000304604B0BDE87040FFF744BFD5E9051299
:109A8000EB68984718B12046F9F762FEEDE72146EA
:109A90003046FFF7E3F90028F5D104B070BD00BFF0
:109AA000D9F3020028B20200F7B550F8044C05467D
:109AB000002C59D000F1AC0104F128000EF060FA3E
:109AC0002E1F05F15C0700220023384607F0B6FD83
:109AD000024678BBAB6D2BB101466FF06703304691
:109AE000FFF710FF002345F8043C05F15403BFF3D2
:109AF0005B8F53E8001F21F0010143E80012002AA8
:109B0000F7D1BFF35B8FA36A73BB04F10C0600228D
:109B10000023304607F092FD78B9666886B913488D
:109B20002660214607F022FA286803B0BDE8F0401D
:109B300002F090B9F9F70CFEC5E7F9F709FEE6E780
:109B4000A26833686360964208BFA36077683FB13C
:109B5000B3690093002320681A466FF06701B84785
:109B60003046FFF7BFFED8E703B0F0BD3407002052
:109B700030B505468DB055F8043B044618680DF025
:109B80001FFF04A9FEF79AFF2846FFF78DFF6068C4
:109B90001321FDF7B5FC50B1064B0293002303904F
:109BA000CDE900330449012218460EF033F90DB017
:109BB00030BD00BFF9F3020028B2020030B5044600
:109BC0008DB054F8803D04AD18680DF0F9FE2946BB
:109BD000FEF774FF074B029300231846CDE90033CC
:109BE0000549039501220EF015F92046FFF7C0FF45
:109BF0000DB030BD17F4020028B2020070B50E4659
:109C000058B92149214A224840F67F730CF050FF91
:109C100040F67F711D480CF042FF49B91D491B4AAF
:109C20001B484FF478630CF043FF4FF47861F1E781
:109C3000FFF7DCF8044628B93046F9F789FD6FF0E4
:109C40007F0070BD00F10C052846314610F016F873
:109C5000A06A38B150F8B04904B1B03C29460EF0C2
:109C6000A7FA20B90020ECE71C466FF00100002C99
:109C7000F8D0D4F8B03023B90230F5D020461C46D5
:109C8000ECE7B03BF8E700BFF6EB02002FF1020073
:109C900097C20200C4D9020038B50C46054658B92F
:109CA0001849194A194840F694730CF001FF40F620
:109CB000947115480CF0F3FE49B91549124A13483E
:109CC00040F695730CF0F4FE40F69571F1E709F05B
:109CD00009FB2846FFF78AF820B909F075FB6FF0F9
:109CE0007F0038BD0023236083683BB9C0E901448D
:109CF0000EF030FA09F068FB0020F2E71C60846087
:109D0000F6E700BFF6EB02002FF1020097C2020057
:109D100043F4020010B50C4620B319B3FFF766F800
:109D200000B3836AC3B153F8B02902B1B03AD96D18
:109D30008C420AD082B11346D2F8B020002AF6D065
:109D4000D96D8C42A2F1B002F5D1074ADA652046FE
:109D5000BDE81040FFF7C6BD043021460EF010F9F3
:109D60002046F5E710BD00BFA82C002070B5144DAB
:109D7000064640B115F8011C2A466C1E0DF000FE87
:109D800098B120460CE00F4928460EF08CFB40B9F4
:109D90000C4905F110000EF086FB20B105F10F0013
:109DA00070BD681EFCE70020FAE7217C04F1110277
:109DB00030460DF0E5FD0028F5D004F11000EFE786
:109DC000DD2C0020E8D5020070B50D4C23788342CD
:109DD00005460E4603D1601C0EF065FB60B9237B7F
:109DE000AB420BD1074831460EF05DFB18B10120A4
:109DF0000C2303FB004070BD0020F9E70020FAE7C8
:109E0000DE350020EB35002038B54A1C0C460546EF
:109E100068B90E4910460EF046FB30B90B4904F103
:109E20000B000EF040FB70B10A3420460CE00978BC
:109E30000DF0A6FD0028F8D1A17A04F10B02284606
:109E40000DF09EFDEFE7002038BD00BFE8D5020011
:109E500070B5144D064640B115F8011C2A466C1E1B
:109E60000DF08EFD98B120460CE00F4928460EF00B
:109E70001AFB40B90C4905F110000EF014FB20B19B
:109E800005F10F0070BD681EFCE70020FAE7217C99
:109E900004F1110230460DF073FD0028F5D004F1F5
:109EA0001000EFE7092D0020E8D5020008B583680F
:109EB0005BB1094909480A4A40F606630CF0F8FD0F
:109EC000074840F606610CF0EAFDBDE80840054988
:109ED00001300EF005BB00BF7EF4020097C2020005
:109EE0004EF40200E8D502002DE9F04385B01E468D
:109EF000BDF83030D1F80C8081460F46002B4AD196
:109F0000731E012B4AD8012E4146157818BF1588BB
:109F1000FFF77AFF0446E8B91DB9304605B0BDE841
:109F2000F0834146FFF770FF044658B91D4B00907F
:109F3000CDE901031C49034602220EF0DFFC6FF05D
:109F40001000EBE709F1700101300EF0C9FA99F841
:109F500008302370D8F81C308BB92581B8F814303C
:109F6000AB4203D0414638460EF0D0FA002DD4D192
:109F70000E49601C0EF0B4FA25702581CDE72A4603
:109F80003946484698470028C8DB01380128E4D9FB
:109F90006FF00D00C2E76FF00600BFE76FF00C0036
:109FA000BCE700BF95F4020058B20200E8D50200F9
:109FB0001FB510F065FA60B1074B029300230390C0
:109FC000CDE900331846054901220EF097FC6FF0E9
:109FD000040005B05DF804FBAFF4020058B20200C3
:109FE000024608B5084901300EF07AFA00231372D0
:109FF0000C32BFF35B8F52E8001F42E800300028AC
:10A00000F9D1BFF35B8F08BDE8D502002DE9FF4110
:10A0100080460F4616461D46FFF7D6FE0446A8B9F1
:10A020001149FFF7D1FE044658B9104B1049009072
:10A03000CDE90103012203460EF060FC04B0BDE847
:10A04000F08100F8018B39460EF04AFA22896389C3
:10A050001AB92BB926816581F0E7B24288BF268103
:10A06000AB42EBD2F7E700BFE8D50200C5F402002F
:10A0700058B202002DE9F047284B164682689A42F2
:10A0800007462BD1C568AB8A43B36C1C05F1150993
:10A090004FF00008B4F807309BB114F8011C2246B9
:10A0A00030460DF06DFCE0B914F8010C2146FDF7C7
:10A0B000D9FD30B1437B072B08BF4FF00108FCF7F7
:10A0C000E9FF0A344C45E5D1B8F1000F06D1AB6980
:10A0D000A5F8148013B14146384698470120BDE8E1
:10A0E000F08706F1700A307A51460DF086F978B99A
:10A0F0000B4B9D4202D130460EF0BEFC0949204672
:10A100000EF0EEF9002304F8013CA4F80730D8E77C
:10A11000514620460EF0E4F9D3E700BFE99E010066
:10A1200098060020E8D5020073B50C4605460821C4
:10A1300004F1100016460EF0C4F912230422CDE9F2
:10A1400000323146034B224628460EF0C0FC02B0D6
:10A1500070BD00BF4F8B02002DE9FF411F46BDF8C7
:10A160002830012B0646904639D83B44012B3D460A
:10A1700038DCFFF7FBFD044690B9FFF7F7FD044616
:10A1800070B91B4B1B490090CDE901030222034625
:10A190000EF0B4FB6FF01005284604B0BDE8F08166
:10A1A00097B1217A98F80020002321FA03F0C7071D
:10A1B00003D522FA03F0C00717D50133032BF4D1DE
:10A1C00002F0070211432172601C06F170010EF0CB
:10A1D00087F9337A237020460EF0CEFCDCE76FF06F
:10A1E0000605D9E76FF00C05D6E76FF01205D3E747
:10A1F000E4F4020058B2020010B56FF00201044608
:10A200000E480EF074F90D480EF055F9C20704D54A
:10A210000B480022002308F0D1F920460EF0E9F89F
:10A2200050B12046FFF7A2FD30B1037ADB0703D51A
:10A23000BDE810400EF0A0BC10BD00BF201D0020E6
:10A24000F01C002010B51E4801210EF03AF9C3079A
:10A2500035D402211A480EF034F908401FD11949AB
:10A26000194A0B88194CA24216D900B10B80184923
:10A27000184A194840F20A630CF01AFC17480CF00F
:10A2800017FC144840F20A610CF009FC50680344C2
:10A290009BB208320120E6E7F8D300B10B801049E9
:10A2A000104807F0FBFF0F484FF4A4720023F9F7A2
:10A2B00059FCBDE810400C490C4807F0EFBF10BD39
:10A2C000FC2C0020F635002018B2020028B2020053
:10A2D00017F502004EF4020097C2020084C6020085
:10A2E000BDA50100781C002005AA0100F01C00207B
:10A2F0002DE9F041034698B3008A88BB1A49DFF87C
:10A300006CE001244FF0140C714528D91849194A02
:10A31000194840F286730CF0CBFB18480CF0C8FBD0
:10A32000144840F286710CF0BAFBD1E90076BB42CA
:10A3300004D30CFB0672143A93420ED93444A2B2F1
:10A3400008311446E0E70CFB057843450AD0013597
:10A350006219B54292B2F6D1F2E70025F8E7E4D3EC
:10A36000BDE8F0811046FBE718B2020028B20200F7
:10A3700010F502004EF4020097C2020084C60200EB
:10A380002DE9F74FBDF83050009199464FF6FF7315
:10A39000002D08BF1D462B4B1B8883420746904665
:10A3A00032D203B0BDE8F08F8958019340460CF0DB
:10A3B00006FF019B90B101340AF1010AA4B273684F
:10A3C00053452CD9009B31689C42EAD8BC42F2D359
:10A3D0000BFB0AF28B18B8F1000FE5D1B9F1000FB1
:10A3E0000BD1013DADB218460E9A0D9B2146984700
:10A3F000002DD6D00028DED1D3E7DA689145DAD136
:10A40000EFE74FF0000ADAE70F4E01244FF0140B8C
:10A4100006E0C6D273682344BB42F2D29CB208362F
:10A420000A4B9E42F5D90A490A4A0B4840F64E03A8
:10A430000CF03EFB09480CF03BFB064840F64E0191
:10A440000CF02DFBF635002018B2020028B20200F5
:10A4500010F502004EF4020097C2020084C602000A
:10A4600070B50025E8B0182229460AA8CDE905559F
:10A47000CDE9075510F0B1FC4FF41053ADF824307E
:10A480002B4E8023ADF826304FF48063CDE90B3698
:10A49000102266AB05A909A80AF030FD044630B1C8
:10A4A000244B0390CDE9015300952B4612E0014661
:10A4B0004FF4AC7210A810F090FC6699324610A8C8
:10A4C0000FF0DBFF054660B11B4B0390CDE9014364
:10A4D000009423461949012218460EF00FFA68B07D
:10A4E00070BD174A10AB4FF6FF7101200EF0A7FBAD
:10A4F000144909AB102210A80FF0D6FF0446669845
:10A500000AF0BAFC14B1104B0394CBE70D4B214673
:10A5100003F110020131187812F8014D03F8014BD4
:10A5200008291070F6D109480DF0CBFFD7E700BF1E
:10A530000002C0033FF5020068F5020058B20200B5
:10A540001B890200681C002086F50200201D0020E7
:10A550002DE9F0411649BDF818700446A1F130000C
:10A5600015461E4608F08CF812480DF0A4FF0107AE
:10A5700001D4FFF775FF2046FFF7F8FB68B1037AB7
:10A58000DA070AD500F10C0420460DF094FFC3074A
:10A5900003D4022120460DF094FF102306933A467F
:10A5A00031462846044BBDE8F0410EF01AB900BF11
:10A5B000A81C0020201D0020681C002008B50548AC
:10A5C0000DF079FF030703D4BDE80840FFF748BF4B
:10A5D00008BD00BF201D002007B500230193FFF731
:10A5E00087FE411C89B20846034A01AB0EF027FBE7
:10A5F000019803B05DF804FB5B8402002DE9F04193
:10A600000C468AB01646804670B97749774A784832
:10A6100040F6AD530CF04CFA76480CF049FA40F68F
:10A62000AD5172480CF03BFA61B973496F4A7048FA
:10A6300040F6AE530CF03CFA6E480CF039FA40F696
:10A64000AE51EEE7437B072B40F0CA8000238DF824
:10A650002430206842F6030309A9ADF826300CF037
:10A66000AEFD0546002845D167684FB9634B644984
:10A670000097CDE9017301223B460EF03FF9AFE0B0
:10A680000090012308AA2146B84700280CDA5D4B48
:10A690005B490095CDE90340CDE9015301222B46EA
:10A6A00028460EF02BF99BE001280BD0564B039067
:10A6B000CDE90153524900952B46012228460EF060
:10A6C0001DF98DE09DF8203013F0300F00F08880E8
:10A6D0002046FFF781FF044660B94749434A444892
:10A6E00040F6CC530CF0E4F948480CF0E1F940F6A0
:10A6F000CC5196E7002320688DF8243009A942F652
:10A700000213ADF826300CF05AFD88B12046FFF751
:10A7100063FF044660B93849344A354840F6D2539D
:10A720000CF0C6F939480CF0C3F940F6D25178E77D
:10A73000002542F6021720688DF8185006A9ADF8DA
:10A740001A700CF03CFD08BB002320688DF8243003
:10A7500009A942F60213ADF826300CF030FD05468B
:10A7600000283DD16768002F80D00090022309AAFD
:10A7700021464046B847002889DB022896D1BDF81B
:10A7800024301E4214BF012000202AE020688DF8EA
:10A790001C5042F6030307A9ADF81E300CF00FFD64
:10A7A0000028D1D020688DF820504FF4205308A9FC
:10A7B000ADF822300CF003FD0028C5D020688DF8DC
:10A7C000245042F6010309A9ADF826300CF0F7FC3D
:10A7D0000028B9D02046FFF7FFFE04460028AAD182
:10A7E00000200AB0BDE8F081F6EB02004EF4020052
:10A7F00097C202009CF50200B1F50200B6F5020016
:10A8000058B20200CAF50200F0F5020009F6020093
:10A810002DE9F843154689469422696806460EF0EC
:10A8200019FA8046002842D1696802223046FFF7B3
:10A83000E5FE00283ED04FF470200021AF8AFFF7DC
:10A8400023F80237044680B11C4B47611D21417437
:10A85000C0F80C80436085613A463046FEF7DAFF67
:10A86000074638B92046FFF73DF86FF00B0528463C
:10A87000BDE8F8830123424641460DF0E2FDA98A76
:10A8800007F10C000231F9F7A5F820F8029BAA8A1B
:10A89000296910F094FAA76021463046FFF7FCF9C9
:10A8A00005460028E3D02046FFF71CF8DFE74FF00D
:10A8B000FF35DCE76FF01505D9E700BF61840200C2
:10A8C00030B505468BB00C4671B94649464A4748F3
:10A8D00040F652430CF0ECF845480CF0E9F840F62D
:10A8E000524141480CF0DBF84B6873B90B6863B90F
:10A8F00040493D4A3D4840F653430CF0D9F83C48A6
:10A900000CF0D6F840F65341EBE73B480DF0D3FD91
:10A91000420761D515B16B7B072B60D1606805904C
:10A92000FFF7E6FC2268ADF818003AB305A90291DA
:10A93000324901910121002300914FF6FF710593E7
:10A94000FFF71EFD059B1BB96FF001000BB030BD7A
:10A950006360059B186800238DF8103004A942F647
:10A960000303ADF812300CF02AFC70B90598C368E7
:10A970009B799B0605D46FF01500E7E70028E8D126
:10A98000E2E70EF015F9ADF81800BDF818003DB17A
:10A9900001230146A37522462846FFF739FFD5E774
:10A9A0006FF07F0307930223ADF8203042F60213C5
:10A9B000ADF8123005ABA5750293114B019301233D
:10A9C000009304AA2B464FF6FF7109948DF810509E
:10A9D000FFF7D6FC0798B9E76FF00A00B6E76FF00B
:10A9E0007F00B3E71FF602004EF4020097C2020098
:10A9F00026F602003CF60200740400208F84020058
:10AA0000C9AB0100F7B500F130050446A0F12007FD
:10AA100028460DF050FD8307C0F340060ED51949B6
:10AA2000194A1A4840F259530CF042F818480CF0F1
:10AA30003FF8154840F259510CF031F854F8083CF1
:10AA400001936FF0010128460DF051FD114B44F8C0
:10AA50001C3C114B44F8183C01AB44F8103C042357
:10AA600024F8086C24F8066C24F80C3C394630466F
:10AA7000FFF726FF18B9022128460DF022FD03B08A
:10AA8000F0BD00BF59F602004EF4020097C202006A
:10AA90008AF6020034B90200F9A101002DE9FF474E
:10AAA000404B1468174682689A42054675D1D0F823
:10AAB0000C8008F1010608F11509B6F80730D3B18A
:10AAC00016F8011C324620460CF05AFF98B14FF49C
:10AAD0009572294620460EF0BDF808B303280ED122
:10AAE000314B02930023CDE9003330490395022214
:10AAF00018460DF003FF0A364E45DED14DE005281D
:10AB000020460CBF4FF0030A4FF0020A0CF009FF79
:10AB1000824505D93B795345EDD287F804A0EAE791
:10AB2000414628460DF0F2FC214B984535D1207A5C
:10AB300004F17001FFF748F9054670B303890BB9BA
:10AB4000438953B32046FCF747FC1A4A2B8922F865
:10AB5000203002EB8003698959801749174D18236B
:10AB600003FB001300B202EB800200EB40005D60CB
:10AB70001A61134D9D60042201EBC00120469A82A8
:10AB8000FFF79EFE48B10F4B02930023CDE900333F
:10AB90000649012218460DF0B1FE012004B0BDE8BF
:10ABA000F08700BFE99E0100A5F6020058B202003E
:10ABB00098060020DA350020C42C002034B90200A9
:10ABC000818B0200B9F602002DE9F84F444B144680
:10ABD00082689A42814636D1D0F80CA0414B9A4502
:10ABE00019D1414D414F0026394628460DF05BFCF6
:10ABF00078B915F8010C07222946FDF7A5F838BBEE
:10AC0000236915F8010C1A69294653881288FFF741
:10AC1000FDF90C35D6B10AF101070AF1150BB7F8A9
:10AC20000720A3899A420BD117F8010C3946FDF78A
:10AC300019F8054620B1437B072B0CD0FCF72AFA04
:10AC40000A375F45EBD14FF0010846E00126CBE71C
:10AC5000FCF720FADDE7DAF8203023B149469847BF
:10AC600008B92846EAE79422494628460DF0F2FF43
:10AC700080460028F5D1A389022B15D1B7F80730FB
:10AC800013F0020604D12846FCF704FAA660D7E7C1
:10AC90002269A1882846FFF7BBFD0646B8B922699C
:10ACA000937D01339375EEE7012B05D02846FCF721
:10ACB000F1F9C4F80880C3E7B7F8073013F00106CC
:10ACC000E1D02269A18828460DF0FFFF06462846FC
:10ACD000FCF7E0F9002EA660B2DA4046BDE8F88F36
:10ACE000E99E010098060020DF350020E8D502002B
:10ACF00073B50D46044670B92149224A224840F6F0
:10AD0000F1630BF0D5FE21480BF0D2FE40F6F16165
:10AD10001C480BF0C4FE09B10B6863B91C49194A01
:10AD2000194840F6F2630BF0C3FE1A480BF0C0FE60
:10AD300040F6F261ECE7437B072B1AD1061D4FF476
:10AD4000803130460DF0BDFBC30315D40223CDE99D
:10AD500000332046104B11492A460DF0B8FE044638
:10AD600020B16FF4803130460DF0C1FB204602B0B7
:10AD700070BD6FF07F04F9E76FF07704F6E700BF6E
:10AD8000F6EB02004EF4020097C202009CF50200AE
:10AD9000D6F6020026F602005585020097840200CE
:10ADA00070B50C4688B0054670B97649764A774842
:10ADB00041F276230BF07CFE75480BF079FE41F2F0
:10ADC000762171480BF06BFE09B14B6863B971498C
:10ADD0006D4A6E4841F277230BF06AFE6C480BF027
:10ADE00067FE41F27721ECE70A890AB1CB8963B9A2
:10ADF0006949654A654841F278230BF059FE644879
:10AE00000BF056FE41F27821DBE79A420CD96349F8
:10AE10005D4A5E4841F27A230BF04AFE5C480BF033
:10AE200047FE41F27A21CCE7437B072B40F0A78015
:10AE30000B7C062B16D8DFE803F004046060689BE7
:10AE40002E000B68FBB11B787BB1022B19D003934A
:10AE5000534B02930023CDE9003352490122184697
:10AE60000DF04CFD6FF0150009E008230193062357
:10AE700000934D494D4B224628460DF028FE08B060
:10AE800070BD1623F2E710230421CDE900312246DC
:10AE9000474B4849F0E708680028E3D00678002EC1
:10AEA000E0D14FF4245304A98DF81060ADF81230AE
:10AEB0000CF085F908B342F6021320688DF814608F
:10AEC00005A9ADF816300CF07AF9B0B142F60313CB
:10AED00020688DF8186006A9ADF81A300CF06FF9EB
:10AEE00058B142F6041320688DF81C6007A9ADF82C
:10AEF0001E300CF064F90028B4D108230422CDE9F7
:10AF000000322D492D4B2246B6E7086880B3002653
:10AF10004FF4205304A98DF81060ADF812300CF0F6
:10AF20004EF900289ED042F6010320688DF8146087
:10AF300005A9ADF816300CF042F9002892D042F67F
:10AF4000020320688DF8186006A9ADF81A300CF0DD
:10AF500036F9002886D042F6030320688DF81C607D
:10AF600007A9ADF81E300CF02AF900283FF47AAF9B
:10AF70000423CDE900331249124B22467CE76FF0DF
:10AF80007F007CE7F6EB02004EF4020097C202005D
:10AF900026F60200D6F60200EDF602001AF70200CD
:10AFA00047F7020058B20200758D0200C189020005
:10AFB000C3850200C9AF010005B10100F38502009D
:10AFC00009B601007F8502002DE9F04792B00646E0
:10AFD0001A9F15461C4631B17B683A46002112B0D3
:10AFE000BDE8F047184783B9434A44490093CDE987
:10AFF0000132184602220DF081FC7B683A4600219E
:10B000003046984712B0BDE8F0871378062B0ED073
:10B01000142B0BD003933A4B0091CDE901130B464F
:10B020000122364918460DF069FCE6E70221013C91
:10B030004FF000098DF82010A4B205F10108CA46AE
:10B040002B78A3420CD9002CD7D1B9F1000FD4D062
:10B050003A464946304612B0BDE8F0470DF06CBEA6
:10B06000142200210DA80FF0B8FEB8F8002093B20A
:10B07000002BC2D0B8F802101FFA81F9B9F1000F05
:10B08000BBD04B45B9D89DF8203013B3022B25D047
:10B090003B7CADF81C10002B42F6010308BF4FF4B7
:10B0A0002053ADF8163008AB069305AB0D9306ABF5
:10B0B000ADF8442010938DF814A07B683A460DA992
:10B0C0003046984700289DD02A78A41AA4B290440C
:10B0D000B6E7B8F80430ADF82230D9E708F1040338
:10B0E0000DF1210008F1140C53F804EB40F804EBC7
:10B0F0006345F9D1CCE700BF5CF7020058B202000B
:10B1000066F702002DE9F04F93B081461C9E17466A
:10B110001C4631B173683246002113B0BDE8F04FD0
:10B120001847327C022A40F08E806BB99A4900930E
:10B13000CDE90131994920460DF0E0FB73683246B4
:10B1400000214846984762E03B78062B0ED0082B3A
:10B150000BD00393924B0091CDE901130B460122D2
:10B160008E4918460DF0CAFBE8E70A46013C8DF807
:10B170002020A4B207F1010B002542F6020A3B7819
:10B18000A3420BD9002CD9D1002DD7D03246294665
:10B19000484613B0BDE8F04F0DF0CEBDBBF80080BF
:10B1A0001FFA88F5002DC9D0BBF80200ADF81C00CD
:10B1B0009DF82020BBF80410ADF81E1062B1022AE1
:10B1C00015D0316831B308A80BF0F9FF10B33B7804
:10B1D000E41AA4B29B44D2E708AA06929BF8062080
:10B1E0009BF8071042EA0122ADF82220E9E70A2382
:10B1F0007081B181A6F808806A49019200933246B5
:10B20000694B48460DF063FC85B2002DBED113B0EA
:10B21000BDE8F08F4FF00003102200210EA88DF83A
:10B220001430ADF816A00FF0D8FD05AA0D9206AAAD
:10B2300010927368ADF8448032460DA9484698478D
:10B240000028C4D1E3E7032A6BD12BB9524A0093FB
:10B25000CDE9013202226DE73B78072B03D0152B95
:10B260007FF477AF0221013C8DF82010A4B207F1E2
:10B27000010800250DF1200A3B78A34282D8B8F8D6
:10B2800000B01FFA8BF5002D3FF458AF9DF8203029
:10B2900063B1022B13D03168F1B150460BF08FFF30
:10B2A000D0B13B78E41AA4B29844E5E798F80530A9
:10B2B00098F8062043EA0223ADF82230EBE708F1C4
:10B2C00005030DF1210208F1150153F8040B42F8B2
:10B2D000040B8B42F9D1DEE798F80230B8F803206E
:10B2E0008DF81E304FF00003ADF81C208DF814309F
:10B2F000102242F6030300210EA8ADF81630CDF857
:10B3000018A00FF06AFD05AB0D9306AB1093ADF8D6
:10B3100044B0736832460DA9484698470028C0D10A
:10B3200075E73268157855B952886BB91A4A1B49C6
:10B330000093CDE90132184602220DF0DFFA73685E
:10B34000324600214846E8E6B8465C1E18F8013B44
:10B35000A4B2A34200F2EE80012C08D8134B029352
:10B360000023CDE900330D4902221846E5E7B7F87E
:10B370000150002DE3D0A2F52453042BDFD801A205
:10B3800052F823F0FDB301003FB3010051B40100B6
:10B39000A7B401002DB501005CF7020058B202000D
:10B3A00066F7020055B501006B8502007AF70200CE
:10B3B000B8F80230D6F800A0ADF8203010220021F5
:10B3C0000EA80FF00AFD08AB1093CDF834A07368F7
:10B3D000ADF8445032460DA94846984700283FF43E
:10B3E00016AF3B78E41AA4B2A342984400F2A280BC
:10B3F000012CB3D9B8F80050002DA0D0032CD7D819
:10B40000504BACE7B8F80230D6F800A0ADF82030C9
:10B41000102200210EA80FF0E0FC08AB1093CDF82D
:10B4200034A07368ADF8445032460DA94846984799
:10B4300000283FF4ECAE3B78E41AA4B2A34298444F
:10B4400078D8012C8AD9B8F80050002D3FF477AF96
:10B45000032CD7D83C4B82E7B8F80230D6F800A0CE
:10B46000ADF82030102200210EA80FF0B6FC08AB7A
:10B470001093CDF834A07368ADF8445032460DA94E
:10B480004846984700283FF4C2AE3B78E41AA4B27D
:10B49000A34298444ED8012C7FF660AFB8F8005014
:10B4A000002D3FF44CAF032CD6D8284B57E798F823
:10B4B00002308DF8203098F803308DF8213098F85C
:10B4C000052098F80430D6F800A043EA0223ADF82E
:10B4D000223098F806308DF8243098F8082098F833
:10B4E0000730002143EA02230EA81022ADF82630CF
:10B4F0000FF073FC08AB1093CDF834A07368ADF86F
:10B50000445032460DA94846984700283FF47FAE84
:10B510003B78E41AA4B2A34298440BD8012C7FF6DE
:10B520001DAFB8F80050002D3FF409AF082CBED86D
:10B53000074B14E7002C7FF402AF002D3FF4FFAE61
:10B5400024E600BF88F7020096F70200A4F7020085
:10B55000B2F70200F0B593B0102B189C054613D03B
:10B5600000260393264B029330463346CDE900660E
:10B57000244901220DF0C2F963682246314628466B
:10B5800013B0BDE8F04018476389ADF81C30A389BB
:10B59000ADF81E3008A8022326898DF820300690C9
:10B5A0000DF1210302F1100152F8047B43F8047BF2
:10B5B0008A42F9D12168C1B9002142F60203102262
:10B5C0000EA88DF81410ADF816300FF006FC05AB80
:10B5D0000D9306AB1093ADF84460636822460DA945
:10B5E0002846984728B913B0F0BD0BF0E8FD0028B5
:10B5F000E2D02189224628460DF09EFBF3E700BFEA
:10B6000066F7020058B202002DE9F04F93B00746EA
:10B610001C9D184641B96BB9594A5A490093CDE966
:10B62000013202220DF06AF96B682A460021384681
:10B630009847A1E01378012B0DD0022B26D003935D
:10B64000514B0091CDE901130B4601224D4918469B
:10B650000DF054F9E8E70B464FF00409013880B2C9
:10B6600081458DF82030DFD8B0FBF9FB4FF00008A2
:10B67000541CCDF81080C24608AEBBF1000F08D1B3
:10B6800004992A4638460DF057FB75E04FF0120931
:10B69000E4E723880593BDF814300493B8F1000F54
:10B6A00053D19DF82030002B37D0022B3CD0296895
:10B6B000002945D12B7C042B4DD14FF4205306A9F2
:10B6C00030468DF818A0ADF81A300BF078FD002840
:10B6D0003BD042F6010307A930468DF81CA0ADF817
:10B6E0001E300BF06CFD80B342F602030DA930460C
:10B6F0008DF834A0ADF836300BF061FD28B342F67A
:10B7000003030DA930468DF834A0ADF836300BF0A8
:10B7100056FD00BB4FF0010819E0A378E27843EA38
:10B720000223ADF82230C2E7A31C0DF1210204F17F
:10B73000120153F8040B42F8040B8B42F9D1B6E71F
:10B7400030460BF03CFD0028B4D04FF000080BF160
:10B75000FF3B4C4491E7102200210EA80FF03DFB67
:10B76000BDF81430ADF844300D966B682A460DA92B
:10B77000384698470028EAD113B0BDE8F08F00BFE3
:10B780005CF7020058B20200C0F7020007B50A4693
:10B7900070B92949294A2A4841F2DC330BF088F96B
:10B7A00028480BF085F941F2DC3124480BF077F999
:10B7B00009B1096861B92449204A214841F2DD33C1
:10B7C0000BF076F91F480BF073F941F2DD31ECE72D
:10B7D000437B072B2CD153683BB908234FF0040E51
:10B7E000CDE9003E194B1A4909E0012B11D0117B1C
:10B7F0005B00019341B1202300931649164B0DF0D5
:10B8000066F903B05DF804FB0E2300931349144B53
:10B81000F5E7538933B10C234FF0040CCDE9003C1C
:10B82000104BE0E70A230221CDE900310E4BDAE7A5
:10B830006FF07F00E5E700BFF6EB02004EF4020078
:10B8400097C2020026F60200D6F602000D8A020018
:10B850006DB8010061870200578602005B86020016
:10B860002F860200AB850200978502002DE9F04B80
:10B8700086B080460E9C91461E460D4641B96BB976
:10B88000266800230E932246E9B24046B4467AE089
:10B89000B1F5807F266828BF0E25F2E76368002B8C
:10B8A0007DD1013E27896589B6B202F1010B002ED8
:10B8B00052D099F80030B34228BF3346012B11D83B
:10B8C00000250393434B4449029302222B46CDE9C2
:10B8D000005528460DF012F80E9526682B46224694
:10B8E0000421D2E7BBF80010023B9AB28BB25BB9DD
:10B8F0003A4A39490093CDE90132184601220CF049
:10B90000FDFF06B0BDE8F08B9F4201D89D4213D2E7
:10B91000CDE9047503930025314B0293CDE9005521
:10B920002D492B46022228460CF0E8FF0E9526688A
:10B930002B4622460E21A8E721810092D4F800C0B0
:10B940000BF10203224600214046E0470028D8D0F0
:10B9500099F80030B3420BD921464046FFF716FF55
:10B960000028CEDA00230E93256822460E2108E037
:10B97000238962899A420AD100230E9325682246C0
:10B9800019464046AC4606B0BDE8F04B604701336F
:10B99000238199F80030F61AB6B29B4487E70096E7
:10B9A000134627682246B8470028AAD0238A013BBD
:10B9B0009E4205DA0E9526682B462246294664E704
:10B9C00063891E44668121464046FFF7DFFE00285A
:10B9D00097DAABE7D2F7020058B202000AF8020089
:10B9E00019F8020070B50D46064670B94249434A3F
:10B9F000434841F288530BF05BF842480BF058F88B
:10BA000041F288513D480BF04AF809B10B6863B91F
:10BA10003D493A4A3A4841F289530BF049F83948CE
:10BA20000BF046F841F28951ECE78B8963B937494D
:10BA3000324A334841F28A530BF03AF831480BF05E
:10BA400037F841F28A51DDE74B8963B930492B4A17
:10BA50002B4841F290530BF02BF82A480BF028F8B2
:10BA600041F29051CEE7437B072B3BD1FEF7F0F933
:10BA7000044658B9FEF7ECF90446002835D006F123
:10BA8000700101300CF02CFD337A2370A3687BB178
:10BA9000143B00229D422BD018892989884204D169
:10BAA0009889A989884228BF01225B6973B97AB94C
:10BAB0003046184A2946FEF737FB064640B1A368D0
:10BAC00013B92046FEF7F2F9304670BD143BE1E7AA
:10BAD000A2686A61E26805F11403A36002B9E36039
:10BAE0000026F1E76FF07F06EEE76FF00B06EBE75D
:10BAF0006FF07706E8E700BFF6EB02004EF40200B5
:10BB000097C2020026F6020080F8020099F80200AF
:10BB1000A7F80200DB860200F8B50C46064670B9AD
:10BB200039493A4A3A4841F2EE530AF0C1FF3948DE
:10BB30000AF0BEFF41F2EE5134480AF0B0FF61B99D
:10BB40003549324A324841F2EF530AF0B1FF3148E9
:10BB50000AF0AEFF41F2EF51EEE7437B072B4DD1E8
:10BB6000FEF776F9054600284BD08368002B48D0B5
:10BB70000022143B17469C4208D01889218988422C
:10BB800008BF01275B691BB1143BF4E70122F9E709
:10BB9000002A36D004F110000CF08DFC430703D5C9
:10BBA000214630460DF033F99FB104F1140105F13F
:10BBB00008000CF046FFAB683BB1002325681A462D
:10BBC00021463046A8470020F8BD2846FEF76EF90A
:10BBD000F3E7124AA78121463046FEF7A5FA00286E
:10BBE000F2D104F1140105F108000CF02AFFAB6852
:10BBF000002BE8D12846FEF759F9E4E76FF07F0003
:10BC0000E2E76FF01500DFE7F6EB02004EF402000A
:10BC100097C2020026F602001FF60200DB86020031
:10BC20002DE9F0438C6885B007469046994684B369
:10BC3000256805B1143D34F80C3C434526D1143C2D
:10BC400007E02C466D69238935B34345A5F11405FA
:10BC5000F7D17A7AA37B9A4218D32668BDF83030A0
:10BC60004A4621463846B047064678B92146384606
:10BC7000FFF752FF50B10A4B0390CDE90163094928
:10BC800000963346022230460CF038FE2C46002D3A
:10BC9000D8D105B0BDE8F0834345DAD0F9E700BF5D
:10BCA000BAF8020058B20200F0B58BB007460E4653
:10BCB0001546FEF7CDF80446F0B12A46314607A8EE
:10BCC0000BF000FABDF82030042B15D9042107A889
:10BCD000F7F762FEBDF8201046880288B1420DD207
:10BCE0000C4B02930023CDE90365CDE900330A49EB
:10BCF000012218460CF002FE0BB0F0BD031D2146D8
:10BD000038460096FFF78CFF314607A8F7F744FE48
:10BD1000D8E700BFD9F8020058B2020010B586B0CB
:10BD20004FF6FF71104A0490044604AB01208DF8D1
:10BD300014000CF084FF20460BF0F3FD9DF8141066
:10BD400088420ED220460BF0B1FD50B1074B029352
:10BD500000230390CDE900330549022218460CF078
:10BD6000CDFD06B010BD00BF9DAA0100F2F8020093
:10BD700058B20200F8B50E4B1B6805460E46174632
:10BD8000A3B11C6804B1043C53F8043C1BB13A460F
:10BD90003146284698474CB1234664681B681CB15D
:10BDA000043C002BF3D1F7E7002BF0D1F8BD00BF26
:10BDB000002D002070B588B006460690012300F1E2
:10BDC0007001007A8DF81C300BF017FB60B91D4A2A
:10BDD00006AB4FF6FF7101200CF031FF0021304619
:10BDE0000DF045F808B070BD3046FEF731F8002878
:10BDF000EDD08468002CEAD0143C04F110031846FE
:10BE00000CF059FB02071AD418460CF054FB8307B8
:10BE1000C0F3400513D40C4A21463046FEF784F99E
:10BE200000280CDA094B0A490396CDE90440CDE914
:10BE3000015300952B46022228460CF05FFD6469F1
:10BE4000D8E700BF9DAA0100558702001EF9020035
:10BE500058B202002DE9F84F2F4A034604464FF628
:10BE6000FF7101200CF0EBFE2046FDF7F1FF0646C6
:10BE700038B92046FDF77AFF0546002839D1BDE8DC
:10BE8000F88F8568002DF4D055F8147907B1143F68
:10BE90004FF0000804F17009C24601E03D461F461C
:10BEA00005F1100B6FF0080158460CF020FB207ACA
:10BEB00049460BF0A2FA70B9A5F80CA02B464246F1
:10BEC000314620460CF0E9FB002FD2D07B69002BD5
:10BED000E4D0143BE2E758460CF0EDFAC307EBD48C
:10BEE00073781BB14946701C0CF0FAFA05F114087E
:10BEF000EAE704F17006207A31460BF07EFA20B9A9
:10BF00002846BDE8F84FFEF76BB83146681CBDE81F
:10BF1000F84F0CF0E5BA00BF75A0010008B50A4B58
:10BF200042689A420ED183695BB908490848094AB8
:10BF300041F6C2130AF0BCFD064841F6C2110AF0F0
:10BF4000AEFD198208BD00BF6DB801001FF60200EA
:10BF500097C202004EF4020008B5054B0146184690
:10BF60000CF0C3FF043B002814BF1846002008BD96
:10BF70002C1D002010B50C4A11680C4ABFF35B8FD2
:10BF800000F5B87353E8004F944204D143E8001C15
:10BF9000BCF1000FF6D1BFF35B8FBFF35B8FD0F81E
:10BFA0007001BFF35B8F10BD042C0020281D002002
:10BFB00008B5FFF7DFFF0346C8B1D0E9001221B989
:10BFC000002A0CBF0320022010E032B1836813B9AD
:10BFD000094B1B7833B9042008E00749087828B1D9
:10BFE0009B6833B9003A18BF0122500008BD0320F6
:10BFF000FCE70120FAE700BF3B37002030B5002303
:10C0000085B004461A46EC300D46FCF719F988B1A4
:10C01000693009D10C4B02930023CDE900330B4961
:10C02000012218460CF0B0FF284605B0BDE83040AC
:10C03000F7F78EBB4FF47022002304F5A07005B013
:10C04000BDE8304006F0BABAA5F20200A8B202007C
:10C050001FB506210BF0B5FD044658B9074B08493A
:10C060000090CDE90103012203460CF08DFF20462C
:10C0700004B010BDA0F1EC04F9E700BF4EF90200D6
:10C08000A8B202001FB50D4B0246D3F8EC0038B938
:10C090000B4AC3F8F020EC330B6005B05DF804FBED
:10C0A000084B0293002303921846CDE9003306495A
:10C0B00001220CF069FF6FF00B00EEE7281D002055
:10C0C00010BA020069F90200A8B202001FB5D0F848
:10C0D000A04084B97030F7F7E9FC084B0390CDE934
:10C0E0000143204606490094234601220CF04CFFF0
:10C0F000082004B010BD0020FBE700BF8EF902004D
:10C10000A8B202002DE9F041D0F8EC50EE7890B0E2
:10C110000446002E76D1CF68102231460CA80EF0CE
:10C120005CFE237A052B56D8DFE803F006030306EE
:10C130005544D4F8D8300C9305F177030DF120085D
:10C1400002937E3504F111030093CDF80C80019524
:10C150000CAB04F1270204F1370104F1C7000DF024
:10C160008BF9002842D11022394640460EF03DFEA0
:10C170000546002844D1227D637B9A4294BF0092F9
:10C180000093CDE90600ADF8140004F14703D4F89C
:10C19000EC0005AA06A90BF049FB00282BDA1A4B84
:10C1A0001A490095CDE9015301222B4628460CF08F
:10C1B000EBFE1BE0D4F8E030002BBDD00DF1300CCD
:10C1C00003F1100E18685968624603C208337345BC
:10C1D0009446F7D1B0E703930D4B02930023CDE9CA
:10C1E00000330A49012218460CF0CEFE08263046DC
:10C1F00010B0BDE8F0810121201D0CF0EEFEF6E745
:10C200000B26F4E70026F2E7BFF90200A8B202000D
:10C21000A3F9020030B5051D85B004460821284663
:10C220000CF0DBFE0B4904F15700FAF703FC70B188
:10C23000082128460CF097FE074B0293002318466E
:10C24000CDE90033054901220CF09EFE082005B01F
:10C2500030BD00BF13930200DAF90200A8B2020059
:10C26000F0B50B4685B006460D2104300CF03DFEBE
:10C2700030B3DD68D6F8EC3003F17007197A3A462E
:10C28000022001F031FB044680B93846F7F70EFC76
:10C290000E4B0390CDE9014320460D4900942346FF
:10C2A00001220CF071FE082005B0F0BD2B462A34A7
:10C2B00005F1100253F8041B44F8041B9342F9D112
:10C2C000304609210CF089FE0020EDE7F3F9020069
:10C2D000A8B2020070B50C2105460CF092FE04468F
:10C2E000F0B140210C30F7F775FB0E4B1B6802468E
:10C2F000014603F1200053F8046B41F8046B8342BC
:10C30000F9D1203203F1200153F8040B42F8040B59
:10C310008B42F9D128462146FFF770FE002070BD00
:10C320000820FCE7282D002070B5CD68D0F8EC601F
:10C33000EB78102B044601D0062070BD2A7990F8C6
:10C34000E830134080F8E8306A7990F8E93013401B
:10C3500080F8E930022303742B68C0F81130AB88F1
:10C36000A0F81530AB781A0706D5037B1B0703D559
:10C37000052104300CF031FEAB78980606D5237BFE
:10C38000990603D51421201D0CF027FEAA78237BE3
:10C39000D20728D5DB0726D50D21201D0CF01DFE68
:10C3A000237BE17C2D7803EA0102100704D5E27AB1
:10C3B000A07C0243D2071AD4042D1AD80B4313F0E1
:10C3C000040307D02046FFF7F3FD314B05EB85054D
:10C3D0002B441B5C2372D6F8A01020460CF08EFD77
:10C3E00048B90320A9E70023A4F8E830D8E70523DB
:10C3F000F0E70023EEE7D4F8EC309B7A032B14D05F
:10C4000004D8013B012B1CD9082096E7042BFBD153
:10C41000237D627B934228BF1346102B8CD10521CC
:10C42000201D0CF062FD0028DBD0237A002BD8D031
:10C430000521201D0CF059FD18B9237A013B012B71
:10C44000CFD9261D052130460CF04FFD0028C8D05D
:10C450002046FFF78FFD002384F8E83094F8E93098
:10C4600003F0020384F8E9300A4B1D682DB9304609
:10C4700006210CF0B2FD28465FE720460C210CF0A7
:10C48000ACFD0B210CF06FFDBDE87040FFF722BF43
:10C49000D0FD0200282D00202DE9F0478CB0044685
:10C4A00008AE1022002130460EF097FC237A052BAF
:10C4B0003AD8DFE803F0060303063929D4F8D83068
:10C4C0000893D4F8EC3004F1470204F1C708CDE931
:10C4D000018204F1270903F17E0204F1370A009278
:10C4E00077335246494604F1970001F06FFA074648
:10C4F00048B3314B02930023CDE900332F49012289
:10C5000018460CF041FD1AE0D4F8E430002BD8D0E6
:10C51000354603F11007186859682A4603C20833E4
:10C52000BB421546F7D1CCE70393254B029300237A
:10C53000CDE900332149012218460CF025FD0820E1
:10C540000CB0BDE8F087D4F8EC3003F17E0277330D
:10C5500004AD019304F10A0302920093039533465C
:10C560005246494640460CF087FF28B1154B0097CC
:10C57000CDE901733B46C1E70D2120460CF02DFDAE
:10C580000D210CF03EFD07460028D8D010210C30BC
:10C59000F7F720FA2A460346154603CDB542186040
:10C5A00059602A4603F10803F6D120463946FFF7C1
:10C5B00025FD0020C4E700BF0DFA0200A8B202006A
:10C5C000A3F9020022FA02007FB5047A022C054684
:10C5D00023D844B190F8DC30D0F8D840DC4004F0E7
:10C5E000010444F08004032128460CF00AFD0646AD
:10C5F00008B310210C30F7F7EDF9009015482346E9
:10C60000006805F1270205F157010CF010FF044600
:10C61000B0B13046F7F79CF80DE0032C4FF0000363
:10C620000CD00D4A0D490394CDE90132009301224B
:10C6300018460CF0A9FC082004B070BD1C46D2E7D7
:10C6400031462846FFF7DAFC281D21460CF08BFC0A
:10C650002046F1E7282D0020A3F90200A8B202002D
:10C66000F0B50E4687B00446FFF784FCF36804F18A
:10C67000570705463A4603F1200153F8040B42F8E8
:10C68000040B8B42F9D104F1770203F1200153F836
:10C69000040B42F8040B8B42F9D13846FAF708F93B
:10C6A00030B3744B029300231846CDE9003372492E
:10C6B00003220CF069FC0E21201D0CF08EFCD4F836
:10C6C000EC60D6F8A03033B9307A06F1700100F092
:10C6D000BDFFC6F8A000D6F8A030C3B1DA8902F0D9
:10C6E0002402A2B15B7B990711D4032007B0F0BDEF
:10C6F0003846FAF7E9F8034648B9604A0090CDE9B0
:10C7000001025D4902220CF03FFC0B20EEE7D4F859
:10C71000EC30DB780BB10020E8E7261D0E21304617
:10C720000CF0E3FB88B9564B2022196838460EF00E
:10C730005CFB034648B9534A4F490090CDE90102DA
:10C7400002220CF021FC0820D0E7237A052B00F20E
:10C750008280DFE803F0034808038052032120466B
:10C760000CF03BFC30E02046D4F8EC70FFF702FC04
:10C770004FF0FF330546042105A8059303F050F957
:10C780000028E0D1059B404AB3FBF2F102FB1133D4
:10C790000593C4F8D83084F8DC0055B12B6843B158
:10C7A0000B2130460CF019FC2B68D4F8D810384611
:10C7B0009847032120460CF010FC0E210CF00DFCD4
:10C7C000FFF702FF002891D1304607210CF005FC4D
:10C7D0000820FFF7C1FB00289DD1204607B0BDE827
:10C7E000F040FFF717BD0A2130460CF0F6FB6B68EE
:10C7F000D4F8EC0098470E21B1E7102104F127008E
:10C8000003F00EF900289ED18DB3EB687BB31F4B6C
:10C81000D4F8EC101B88ADF81430C978E27AA37C08
:10C82000B9B9D20703F0010311D4002B08BF0320CC
:10C830000023C4E938338DF815000C2130460CF084
:10C84000CCFBEB68D4F8EC0005A99847BCE7581C72
:10C85000EEE70320ECE703930D4B02930023CDE9B1
:10C8600000330549012218460CF08EFB6BE70220CD
:10C870003CE700BF45FA0200A8B2020066FA0200D7
:10C88000282D002082FA020040420F00D4B5020099
:10C89000A3F902002DE9F0410D4688B00446FFF7E8
:10C8A00069FBEB6804F1370706463A4603F11001CD
:10C8B00053F8040B42F8040B8B42F9D1D4F8EC3056
:10C8C000DD78002D40F08E80237A052B6DD8DFE8CF
:10C8D00003F0270303276C3294F8DC20D4F8D83017
:10C8E000D34003F0010343F080033F490DF11008EA
:10C8F000CDF8008009683A4604F157000CF097FD26
:10C9000080B13A4B02930023CDE90033384901222C
:10C9100018460CF039FB0825284608B0BDE8F08120
:10C920000023E2E71022414604F117000EF05DFA01
:10C9300008B10425F0E7237A052B36D8DFE803F0A9
:10C94000411D1D03354104AB2748009300683B4659
:10C9500004F1270204F1570101F0A0F80028DAD110
:10C96000201D0A210CF039FB09210CF036FBB368BD
:10C970000499D4F8EC009847CEE794F8DC30013302
:10C98000DBB2142B84F8DC301BD0102104F127001B
:10C9900003F046F80028BED1032120460CF01DFB11
:10C9A00008B0BDE8F041FFF70FBE0393114B0293AF
:10C9B0000023CDE900330E49012218460CF0E4FAB9
:10C9C000A9E7231D072118460CF08FFA20B1092191
:10C9D00018460CF002FB9FE7204608B0BDE8F04186
:10C9E000FFF75ABD052597E7282D00209DFA020084
:10C9F000A8B20200A3F9020038B512490446A0F11A
:10CA0000EC05543005F04AFC28460CF056FBBFF309
:10CA10005B8F0D4A04F1840353E8001F43E80020B4
:10CA20000028F9D1BFF35B8FBFF35B8F88344FF0E1
:10CA3000FF3354E8002F44E800310029F9D1BFF357
:10CA40005B8F38BD99D40100281D00202DE9F041ED
:10CA50000546FFF7FDFA0446002800F0D580071DC3
:10CA6000042138460CF041FA002840F0D080022121
:10CA700038460CF03AFA002840F0BF8003213846CF
:10CA80000CF033FA18B16FF00F00BDE8F08101210E
:10CA900038460CF02AFA0028F5D12046FFF76AFA4A
:10CAA000D4F8EC309B7A032B064615D005D8013B11
:10CAB000012B1BD96FF01500E7E7042BFAD12046B4
:10CAC000FFF776FA032804D1002EF3D0F368002B89
:10CAD000F0D0504B1B7807E02046FFF769FA032897
:10CAE00004D1002EE6D0F368002BE3D0D5F8A030B7
:10CAF0006BB10021EC2220460EF06FF9102104F1F9
:10CB0000270002F08DFF70B16FF06800BDE7287A52
:10CB100005F1700100F09AFDC5F8A0000028E8D1E9
:10CB20006FF00B00B1E7052120460CF056FAF9F73B
:10CB300071FF394B0121186020460CF062FA8046E3
:10CB40000028E1D006210C30F6F744FF314B1B786A
:10CB50000546002B204614BF09260126FFF728FAB8
:10CB60002E4A032818BF46F0040604F5BA7312785B
:10CB7000BFF35B8F53E8001F013103D143E800206E
:10CB80000028F7D1BFF35B8FBFF35B8FD4F874310C
:10CB9000BFF35B8F9BB346F00106AE702046FFF7F4
:10CBA00007FA1F4B28701B7863BB1E4B1B786B70FA
:10CBB0001023EB70AB7813F0010314BF03220022A3
:10CBC0006A712B7184F8E8306B7984F8E9300123BD
:10CBD00063722B68C4F80A30AB88E3814146204673
:10CBE000FFF70CFA204602210CF0F7F90B210CF0AC
:10CBF000F4F9032138460CF0F0F9002045E706F07F
:10CC00000C06CAE70123D2E76FF07F003DE76FF023
:10CC100004003AE73B370020282D002020070020A1
:10CC20003C3700203D3700202DE9F043061DD0F8A9
:10CC3000EC40CB6885B08046022130460CF055F9B7
:10CC400000287DD1032130460CF04FF9002877D120
:10CC5000012130460CF049F9002871D13A4A127886
:10CC6000002A6FD01D782A0705F00F076AD5D4F87F
:10CC7000A03053B1DB8903F02403BBB92046FFF792
:10CC8000E5FE002854DB0F2157E004F17009217AFA
:10CC90004A46202000F06CFDC4F8A00030B9217A8B
:10CCA0004A46042000F064FDC4F8A000D4F8A010A7
:10CCB0000029E3D06B071BD54D7B15F0010517D17B
:10CCC0004046FFF775F90328039706D01F4B0095E0
:10CCD000CDE901532B46032205E01D4B0095CDE91C
:10CCE000015302222B461B4918460CF04DF9C5E7AB
:10CCF000CB8913F0200305D1144A0397CDE9013203
:10CD00000093E8E70B7B009301F1180201F11A038D
:10CD1000204610310AF08AFD00280DDA0E4B0293EE
:10CD20000023CDE900330B49012218460CF02CF901
:10CD3000082005B0BDE8F083012130460CF04DF924
:10CD40000020F6E70320F4E73B370020B6FA0200A4
:10CD5000DDFA0200A8B20200BFF90200F0B5D0F877
:10CD6000EC40D4F8A03085B00646051D002B36D126
:10CD7000404A41490093CDE90132184602220CF0A5
:10CD800003F907213D4B5F5CD4F8A0304BB11B7B0E
:10CD9000002B57D1D4F8A00000F0CAFD0023C4F83E
:10CDA000A030022128460CF0A0F840B9072F96BF0A
:10CDB000334B1F21D95D3A462046FAF7E7FE03219F
:10CDC00028460CF092F838B32E4B1B6823B31D682D
:10CDD00005B10C3D53F8083C002B3CD13EE059BB5B
:10CDE000284B0D2128460CF080F81B6807469BB1A4
:10CDF0001D6805B10C3D53F80C3C13B13946204673
:10CE000098474DB12B46ED681B681DB10C3D002BBA
:10CE1000F4D1F7E7002BF1D130460CF04EF9637BEB
:10CE2000072B25D1627AA37A9A4221D0204605B0F9
:10CE3000BDE8F0400CF002BA0139C9B20E29A1D9FF
:10CE40000927A1E7022128460CF04FF80028A1D1BC
:10CE5000A7E70C3D23B1394620469847002DDBD08B
:10CE60002B46ED685B68002DF3D1002BF3D1D3E79F
:10CE700005B0F0BD95FB0200A8B20200C1FD0200A2
:10CE8000B0FD0200FC2B0020F0B5031D85B0064666
:10CE90000F46184602210CF028F8044620B1B6F8D7
:10CEA000E840B4FA84F46409032118460CF01DF834
:10CEB000B0B139463046FFF751FFF4B11C4B029335
:10CEC00000231C491846CDE9003302220CF05CF81F
:10CED000D6F8EC000521FAF713FB002005B0F0BDF1
:10CEE000012118460CF001F80028E2D10F21184664
:10CEF0000BF0FBFF0028DCD1DFE7052130460CF00A
:10CF000080F8054688B101210C30F6F763FD234611
:10CF100007702246294606F1EC00FBF791F900283C
:10CF2000DBD02846F6F714FCD7E76FF06800D5E7AA
:10CF3000BFFB0200A8B202001FB52B4B04461860CD
:10CF40002A484FF0FF324FF0FF3304F0EFF858B1AA
:10CF50002749284A284841F23B3309F0A9FD41F20C
:10CF60003B31244809F09BFD244805F041FC1F4853
:10CF700004F0ACF948B11E491E4A1F484FF49A53B9
:10CF800009F096FD4FF49A51EBE754B91C4B1D493B
:10CF90000094CDE90143022223460BF0F5FF04B0D3
:10CFA00010BD194CBFF35B8F2368BFF35B8F5B062B
:10CFB000F5D5D4F8E830DB78043C002BEFD12046DF
:10CFC000FFF788F9014610B12046FFF75DFFBFF378
:10CFD0005B8F54E8003F43F4805344E80032002A5A
:10CFE000F7D1BFF35B8FDAE7282D0020CC060020B5
:10CFF0006EFB02000CFB020097C20200E00600205C
:10D0000017FC0200A8B202002C1D00202DE9F043FD
:10D010000B8A87B005460F4663B93E4A3E490093E6
:10D02000CDE90132184601220BF0AEFF002007B017
:10D03000BDE8F083012107F10C00F6F7ADFCA5F186
:10D04000EC06E83D8046042128460BF04EFF98F898
:10D050000010044658B1314B02930023CDE9003350
:10D0600003912D49022218460BF08EFFDEE70E29B0
:10D0700008D92B4B0391CDE90103274900900346C2
:10D080000222F1E7DFF89C9059F831306BB9264A5B
:10D090000391CDE901322049009302220BF074FF85
:10D0A00007213046FFF7F0FEC0E730460BF07FFF68
:10D0B00098F80020034680B903921C4A1649009054
:10D0C000CDE9010202220BF05FFF032128460BF09D
:10D0D0000CFF0028AAD00821E3E709EBC2013B8A34
:10D0E000097999420DD0CDE90332114B0A490094D8
:10D0F000CDE901430122234620460BF045FF0A21DA
:10D10000CFE7394659F83230304698470146002873
:10D110008CD0C6E730FC0200A8B202004BFC020033
:10D120007CFC020038BA02009EFC0200B8FC02003F
:10D130006FF302002DE9F04190F8E930CF68D0F8A4
:10D14000EC6023F0020380F8E9303B7888B00546B4
:10D1500006F170082BB3BB7903F0C003C02B20D0BD
:10D160003846F6F7A3FC0024684B69490390012276
:10D17000029320462346CDE900440BF005FF4046CC
:10D18000F6F794FC634B0390CDE9014320466049D8
:10D190000094234601220BF0F7FE0A2008B0BDE8F8
:10D1A000F0810722394640460DF01FFE68B1307A03
:10D1B000394600F05BFB044638B1014628460BF0C7
:10D1C0009DFEE8B1204600F0B3FB0D21281D0BF0B9
:10D1D0008CFE00287CD0317A4246022000F084FB8D
:10D1E000044678B94046F6F761FC4B4B0390CDE915
:10D1F0000143474900942346012220460BF0C4FE18
:10D200000820CBE7F378002B3CD106F17E03187899
:10D21000012826D19A7902F0C002402A21D1D3F800
:10D220000120C4F83A20B3F80530E38796F870304F
:10D23000BBB196F8763003F0C003C02B11D037494C
:10D24000079405AACDE90587FAF77AF83B68C4F890
:10D250000130BB88A4F80530BB79E3713046FAF79A
:10D260004DFC95F8E97017F002070ED02C492D4AB5
:10D270002D4841F2280309F01BFC41F228012948FE
:10D2800009F00DFC06F17703C1E739462046F8F7AF
:10D290008FFB014658B1254B1D490097CDE901731D
:10D2A00038463B4602220BF06FFE032076E720460D
:10D2B000F8F77EFB48B11E491A4A1B4841F24C035D
:10D2C00009F0F6FB41F24C01D9E72046F8F782FB62
:10D2D00095F8E9305B0703D50A2128460BF07DFE5F
:10D2E000F37823B1B5F8E81061B1002056E795F85E
:10D2F000E930002BF6D1D5F8EC00FEF7E7FE002868
:10D30000F0D04BE72846FFF729FDEEE7D3FC0200FB
:10D31000A8B202009BF90200F3F902000B9102008F
:10D32000E7FC02000CFB020097C2020002FD0200B3
:10D330003DFD02002DE9FF410E460446D0F8EC8089
:10D34000FEF718FEF668144933780393134B0293E3
:10D350000023CDE90033054601221846271D0BF0B6
:10D3600013FE0A2138460BF022FE40B175B9204663
:10D370003178FFF7F3FC002004B0BDE8F0810B2109
:10D3800038460BF014FE0028F0D1F0E72B69002B93
:10D39000EDD040469847EAE7A8B202005FFD0200E0
:10D3A0002DE9F0410546A0F1E80604460F46304657
:10D3B000012155F8EC890BF0FAFD00285FD0CFB1C0
:10D3C000032130460BF091FD002858D03846F7F77E
:10D3D000C7FA0138C0B208289ABF2E4B1C5C002443
:10D3E000022130460BF0F9FD21462846BDE8F04108
:10D3F000FFF7B4BC98F80B30002B40D00321304627
:10D400000BF073FD20B92846BDE8F0410BF055BE86
:10D41000052130460BF069FDB8B114F8043C1F0734
:10D4200007D514F8033C180703D5112130460BF03B
:10D43000D4FD14F8043C23F0080304F8043C14F869
:10D44000033C23F0080304F8033C14F8033CD90719
:10D4500017D5062128460BF0C0FD022130460BF0FF
:10D46000BCFD98F8033013B914F8033C3BB92068AD
:10D47000FEF72CFE18B934F8041C0029B5D0BDE81D
:10D48000F0819A0701D50821E4E75B07E5D50A2179
:10D49000E0E700BFB8FD020030B5A0F5A075A0F52B
:10D4A0009E74BFF35B8F2368BFF35B8FBFF35B8F0B
:10D4B0002A68BFF35B8F87B0CDE903320A4B029332
:10D4C00000231846CDE90033012208490BF05CFD2A
:10D4D00028460821FFF742FC0421204607B0BDE89A
:10D4E00030400BF07ABD00BF81FD0200A8B20200FF
:10D4F0002DE9FF410446FEF7ABFD0546002800F08C
:10D500008C80071D032138460BF0EFFC002800F04B
:10D510008480D4F8A00008B100F00AFA04F1700881
:10D52000207A414600F092F80646C4F8A000A0B95F
:10D530004046F6F7BBFA3C4B0390CDE90163304619
:10D540003A490096334601220BF01EFD0821284679
:10D5500004B0BDE8F041FFF797BC0E2138460BF050
:10D56000C4FC28B1D4F8A020537B43F002035373CA
:10D570002B7A032B11D823B1052138460BF0B5FCCB
:10D58000A0B9D4F8A020537B23F020035373D4F820
:10D59000A020537B23F001030DE0053B012BF0D8C5
:10D5A000D4F8A020537B43F020035373D4F8A02079
:10D5B000537B43F0010353732B7D697BD4F8A02088
:10D5C0008B4228BF0B461373052138460BF08DFCA8
:10D5D000D4F8A0305A7B18B342F010025A730D21D0
:10D5E00038460BF082FCC0B1D4F8A000202100F036
:10D5F00063F9D4F8A03005F147021A33573552F8D1
:10D60000041B43F8041BAA42F9D1D4F8A02000233C
:10D6100013615361D4F8A020138304B0BDE8F081F6
:10D6200022F010025A73F8E7F3F90200A8B20200E0
:10D6300008B5044B044801221A70F9F78FF900204D
:10D6400008BD00BF3B370020E80600202DE9F0416F
:10D6500005460C4609B3174F3E464FF0010816F831
:10D66000013B984204D1072230460DF0BEFB88B141
:10D67000B8F1000F05D01049072230460DF0B5FB78
:10D68000A8B93D702268C7F801200C4BA2889A8087
:10D69000A2799A710748BDE8F081094909480A4A08
:10D6A000632309F005FA0848632109F0F8F900201E
:10D6B000F1E700BF2C2D0020E8D502002D2D002021
:10D6C00020FE020097C20200F0FD0200F7B50546F9
:10D6D00016460C46F9B911491148124AAA2309F015
:10D6E000E7F91048AA2109F0DAF991B1AA4210D15C
:10D6F0000D4B18689A8800909B798DF8063031465A
:10D700006846ADF80420A0470123F9893A78002B38
:10D71000EBD003B0F0BD054F0023F6E734FE020066
:10D7200097C20200F0FD02002D2D00202C2D0020BC
:10D730000B4610B51146044663B9094909480A4A1F
:10D74000BD2309F0B5F90848BD2109F0A8F9BDE8E5
:10D75000104018470548C2892242F8D110BD00BFC9
:10D7600034FE020097C20200F0FD02002C2D0020C2
:10D77000F8B50E460546114652B10F4CE3892046D6
:10D780002B4010F8012B4FF000070BD11846F8BDC5
:10D790000A490B480B4ACA2309F08AF90948CA21E9
:10D7A00009F07DF9B24203D107220DF01EFB08B14A
:10D7B0003846ECE72046EAE72C2D002020FE020048
:10D7C00097C20200F0FD0200F8B506460C4649B9C2
:10D7D00020492148214AF32309F06AF91F48F3211F
:10D7E00009F05DF90B78012B01D00020F8BD8B7991
:10D7F00003F0C003402BF8D1194DEF892946BF072C
:10D8000011F83A2B4FF0000304F1010006D5B242A3
:10D8100004D106220DF0E9FAD0B10023EA89297873
:10D8200002F00202002BE0D1002ADED0B142DCD1AE
:10D83000671C0C48394609F0AFFC01230028EDD0E5
:10D84000D4F80130C5F83A30074BB4F805209A8077
:10D850000348CBE720FE020097C20200F0FD020061
:10D860002C2D0020562D0020662D002010B529B14A
:10D870000D4C237883420DD0002010BD0B490C487D
:10D880000C4A4FF4927309F013F90A484FF492715D
:10D8900009F005F90722601C0DF0A7FA00280CBF5B
:10D8A00020460020E9E700BF2C2D002020FE0200CA
:10D8B00097C20200F0FD020008B558B907490848B0
:10D8C000084A4FF49A7309F0F3F806484FF49A7136
:10D8D00009F0E5F8C3891943C18108BD48FE02007B
:10D8E00097C20200F0FD0200F8B506460F46154645
:10D8F0004AB90C490C480D4ADC2309F0D9F80B4809
:10D90000DC2109F0CCF8FFF733FF044640B9294683
:10D910003846FFF79BFE044610B13146FFF7CCFFB7
:10D920002046F8BD20FE020097C20200F0FD020072
:10D9300010B5044658B90C490C480D4A4FF4A2736F
:10D9400009F0B6F80A484FF4A27109F0A8F8037A72
:10D950005B0701D5F8F70EF920464022BDE81040DC
:10D9600000210DF03ABA00BF48FE020097C2020043
:10D97000F0FD0200884210B500EB020311D98C18AB
:10D98000A04211D20D490E4A0E4840F2B32309F0CD
:10D990008FF80D4809F08CF8094840F2B32109F0DE
:10D9A0007EF8EFD09942ECE7013A114411F80129D1
:10D9B00000F8012B8342F9D110BD00BFF2E4020050
:10D9C000C0E4020097C2020049E502002DE9F047D9
:10D9D0009AB01D46DDE923972E4B16460CAA8446C5
:10D9E0008A4603F1300E904618685968144603C4FD
:10D9F000083373452246F7D118681B7920602371DC
:10DA00006146202204A8FFF7B5FF23486B46202279
:10DA100004A900F071F80446C0BB102251460DF174
:10DA20003500FFF7A7FF102231460DF14500FFF743
:10DA3000A1FF2946062211F8013B8DF855300DF162
:10DA40005600FFF797FF2299062211F8013B8DF847
:10DA50005C300DF15D00FFF78DFF4B4635224146EE
:10DA6000684600F049F8044680B948460BF0D1FCFE
:10DA700001238DF8303035223B464146684600F0A0
:10DA80003BF8044610B938460BF0C3FC20461AB0E8
:10DA9000BDE8F087D6B5020064FE020070B598B00C
:10DAA0000E4614460146202204A81D46FFF762FFD9
:10DAB000202231460CA8FFF75DFF1022294614A84A
:10DAC000FFF758FF102221466846FFF753FF6B46C9
:10DAD000502204A9184600F00FF840B9039B054AEC
:10DAE0001BBAB3FBF2F102FB11331C9A136018B09E
:10DAF00070BD00BF40420F002DE9F0418EB00446DA
:10DB00000D4616460021182208A81F460DF065F99B
:10DB10004FF41053ADF81C30DFF870808023ADF85F
:10DB20001E304FF44063CDE90938214605AB102281
:10DB300007A807F0E3F9044678B1154B02930023D8
:10DB4000CDE9003303901846124901220BF0E4FCA2
:10DB50006FF004000EB0BDE8F08106AB0293102315
:10DB60002A46CDE900734146334605980CF0D3FCB4
:10DB70000546059807F080F92843EBD0064B03953E
:10DB8000CDE9014300942346DDE700BF0002C00356
:10DB90007EFE020040B202009AFE020037B50C463B
:10DBA0000A490B4A411A402300934911054623466E
:10DBB00008480BF0C1FC011E05DA2846234603B0D5
:10DBC000BDE83040184703B030BD00BF802D0020B5
:10DBD000A1950200B4AF0200C9B2012908B509D964
:10DBE00008490948094A7E2308F062FF07487E2158
:10DBF00008F055FF03690C2201FB0233986C00F01A
:10DC0000070008BDF0FE020097C20200B3FE02004A
:10DC100070B5C9B2012903690BD918491848194AC6
:10DC200040F2D71308F044FF164840F2D71108F02D
:10DC300036FFEFF31185402484F31288BFF36F8F12
:10DC40000C2606FB0134A46C14F0C00408D0A242D8
:10DC500006D085F31188BFF36F8F4FF0FF3070BD92
:10DC600071430B4401229A6485F31188BFF36F8FCF
:10DC700043680B445B6898470020F0E7F0FE020021
:10DC800097C20200B3FE020070B50D460649411A64
:10DC90000446491105484022FFF7BAFF2B460146CA
:10DCA0002046BDE870401847802D0020B4AF020028
:10DCB0000022F8B5012105461046F5F73BF810485B
:10DCC00002F012F80446B8B90BF0FAFD2F690D49BD
:10DCD000384608F03CFF031E09DB0126BE642D69AF
:10DCE000084905F1200008F032FF031E02DA1C4645
:10DCF0002046F8BD6E65FBE76FF00404F8E700BF4F
:10DD0000E5DD0100B0BA02007FB500220123CDE9B4
:10DD1000022304ABCDE90433094ACDF800D06B46A9
:10DD2000CDF804D00BF035FC002805DB4FF4804221
:10DD30000023684603F090FD07B05DF804FB00BFC8
:10DD4000AD95020010B5064C23782BB94FF4A570A1
:10DD50000BF021FF01232370BDE810400BF0ADBD97
:10DD60003E37002010B5EFF31184402383F312886F
:10DD7000BFF36F8F074A136823F00201DB071160BE
:10DD800002D4012001F090FF84F31188BFF36F8F5C
:10DD900010BD00BFD82D002030B4104B0C2202FB68
:10DDA000003301460020D3E910521864EFF31180CC
:10DDB000402484F31288BFF36F8F9C6C04F0C0047E
:10DDC00044F002049C6480F31188BFF36F8F1DB18F
:10DDD0002B46034830BC184730BC7047802D0020CC
:10DDE000B4AF0200012808B506D0032808D098B9BE
:10DDF0000F4B9B6C5B0719D1BDE80840FFF7CCBF08
:10DE00000C490D4A0D4840F2FE2308F051FE40F245
:10DE1000FE21094808F043FE0649074A07484FF427
:10DE2000427308F045FE4FF44271F2E708BD00BFAF
:10DE3000802D002014060300B3FE020097C20200EA
:10DE400010B4EFF31182402383F31288BFF36F8F76
:10DE50001748016841F002040460C80707D482F340
:10DE60001188BFF36F8F012010BC01F0F3BE4FF09B
:10DE70008041D1F80C04D1F80C14C907EFD5EFF3A9
:10DE8000118083F31288BFF36F8F0A498B6C03F004
:10DE9000C00343F002038B6480F31188BFF36F8FDC
:10DEA00082F31188BFF36F8F002010BCFFF774BF9F
:10DEB000D82D0020802D00202DE9F0414449BFF3EA
:10DEC0005B8F0646012251E8003F41E80020002810
:10DED000F9D1BFF35B8FA3B93E493F484B60CB609C
:10DEE0008A60F3F719F800280BDA3C493C4A3D48B0
:10DEF00040F2AA2308F0DCFD40F2AA21384808F0DD
:10DF0000CEFD76B3731E012B58D8012E07D14FF0EA
:10DF10008043D3F81C3403F00303012B21D00BF012
:10DF20003BFF0546F8B9304B1B78E3B14FF0804317
:10DF30000222C3F808230746DFF8B0804FF0804480
:10DF4000D4F81824D4F81834D20315D503F00303F9
:10DF5000012B01D0012E0FD155B387F31188BFF3E8
:10DF60006F8FBDE8F081EFF31187402383F31288B0
:10DF7000BFF36F8F0125DFE7ADB1384609F069F8CF
:10DF8000D4F81835002BDBD1D4F80421002AD7D0DF
:10DF9000C4F80431D4F804310123C4F81835C8F8A2
:10DFA0008031A360CCE70021212005F0BFFBE7E72B
:10DFB0004FF080430222C3F80423D2E70C49084AF9
:10DFC00008484FF42F7308F073FD4FF42F7195E755
:10DFD0007C2D00206C2D0020A02D0020FBE70200EE
:10DFE000B3FE020097C20200D439002000E100E035
:10DFF00014060300EFF31182402383F31288BFF36A
:10E000006F8F0A4BD3F8001161B10021D3F80805D6
:10E01000C3F80011D3F80031C0B282F31188BFF306
:10E020006F8F70476FF00A00F7E700BF00D0004025
:10E03000F0B5034610469C7893F803C0EFF31182C5
:10E04000402585F31288BFF36F8F1F7893F801E0A6
:10E05000E41B04EA0C04A04288BFA0B23E180CEAFC
:10E0600006063D461E7082F31188BFF36F8F0A18B3
:10E070008A4216D177450CD1EFF31182402181F30A
:10E080001288BFF36F8F1978597082F31188BFF32C
:10E090006F8F1B79241AA34222BF064B01221A60FC
:10E0A000F0BD5E190135767901F8016B05EA0C05C2
:10E0B000DEE700BF00D000402DE9F0472D4D00699C
:10E0C000A8420E4614460BD02B492C482C4A40F24D
:10E0D000031308F0EDFC2A4840F2031108F0DFFCBE
:10E0E000DB4313F0010504D03030FFF7A1FFBDE89A
:10E0F000F0879AB3EFF31188402383F31288BFF3BC
:10E100006F8F0D20F4F708FE07460D20F4F7F0FDA1
:10E1100088F31188BFF36F8FDFF868A0DFF868809D
:10E12000CAF80051DAF800314FF400590123CAF857
:10E1300000302546C8F88091DAF8003183B1FFF746
:10E1400059FF031EC8F88091F6DB013DADB273554F
:10E15000002DF1D117B10D20F4F7BCFD2046C6E724
:10E16000EFF31180402383F31288BFF36F8F08F021
:10E1700070FFE1E7DC2D00206FFF020097C2020074
:10E180003DFF020000D0004000E100E02DE9F04139
:10E19000194B07699F420D46144605D107F1450802
:10E1A00064B92046BDE8F08114491548154AE523B5
:10E1B00008F07EFC1348E52108F071FC4FF0FF33B6
:10E1C0004FF0FF32384603F047FB224629464046CF
:10E1D000FFF72EFF0646384603F0BAFA3EB94FF075
:10E1E000FF324FF0FF33084803F036FBE6E7A41B8D
:10E1F000A4B23544D4E700BFDC2D00206FFF02003D
:10E2000097C202003DFF0200F42D002038B5214BDB
:10E2100004699C420BD020492048214A40F2471310
:10E2200008F046FC1E4840F2471108F038FC012275
:10E23000114620460BF03BFD0122002104F118009D
:10E240000BF035FD40F20743A4F848304FF07063FF
:10E2500023630C2384F834300025124B84F8455096
:10E26000A4F84650D3F8042522F00102C3F804258F
:10E270000121C3F80051D3F80021C3F804132A4642
:10E2800019600D20F4F756FD0D20F4F723FD284604
:10E2900038BD00BFDC2D00206FFF020097C20200D6
:10E2A0003DFF020000D0004010B5FFF7A3FE00289C
:10E2B00020DB174B93F8322093F8314093F833105A
:10E2C000141B31EA0404C0B20DD193F8472093F82F
:10E2D000464093F84810141B31EA04040BD10D4B4F
:10E2E00001225A600EE09C180132114084F835007A
:10E2F00083F8321010BD9C180132114084F84A0096
:10E3000083F847100448BDE8104003F021BA00BF6D
:10E31000DC2D002000D00040F42D002010B5036952
:10E3200061B92049204A21484F2308F0C1FB204809
:10E3300008F0BEFB4F211C4808F0B1FB486850B9FB
:10E340001C49194A1948502308F0B2FB1A4808F032
:10E35000AFFB5021EFE75868F8B1884219D19C68AB
:10E3600008685860A14200D19860002008602AB176
:10E370005A680A609A68596002B99960002010E0F2
:10E38000814206D10868206098688142EDD19C6086
:10E39000EBE7044600680028F2D1002AE8D16FF0CC
:10E3A000150010BDDBFF02009FFF020097C20200B4
:10E3B000E4FF0200F3FF02000500030008B5026855
:10E3C000530904D14FF0FF33D340DB070BD4074987
:10E3D0000748084A4FF4747308F06AFB05484FF485
:10E3E000747108F05CFB4FF0A04008BD4F000300C3
:10E3F00097C202001C00030070B54468207C01F045
:10E400001F0545EA4015A06886B000286DD0B2F51A
:10E41000001F04D1294602F071F9002049E001A84B
:10E420000026B2F5800F0196466031D1B3F1007F2E
:10E4300014BF052304238DF804300023CDE9040321
:10E440000393E368CB40D90735D4B2F1A07F32D132
:10E4500068460095FFF7B2FF05F5E07350F82330EA
:10E46000DB0728D4A0686A46294601F0E7FF16308A
:10E4700019D0CDF808D0A06803AA294601F094FE6F
:10E48000002816DBA0680122294602F0B7F8C4E78D
:10E49000B3F1C06F05D0B3F1007F14BF0123022395
:10E4A000C9E70323C7E7A068694602F087F8002898
:10E4B000DFDA06B070BDA0686A46294601F0BEFFEB
:10E4C0000028D8D19DF80010A06802F05BF8002861
:10E4D000D1D007490748084A40F2E51308F0E8FAA6
:10E4E000054840F2E51108F0DAFA6FF08500E0E740
:10E4F0006EFB020097C2020072000300430970B570
:10E5000007D1124B596821B101250C68104E854086
:10E5100001B970BD8A682A4010D04B6863B90D49B3
:10E520000D4A0E48742308F0C3FA0D4808F0C0FAEB
:10E530000948742108F0B3FA304698471CB12368A3
:10E5400021461C46E4E72346FAE700BF302E0020B0
:10E55000D4AF02009E0003009FFF020097C202009A
:10E56000050003002DE9F043476840F206363B7C86
:10E57000D00687B001F01F0502EA060645EA4315FA
:10E5800054BFC2F340130323B6F5837F14468DF8BE
:10E59000033044D00DD8062E16D005D8A6B1022ED1
:10E5A0003FD06FF0150037E0B6F5807FF9D1012636
:10E5B0000AE040F20222964235D0B6F5407F34D0D0
:10E5C000B6F5007FEDD102260123220303FA01F103
:10E5D0002DD57B68C3F80815B86870BB03A80395F0
:10E5E000FFF7ECFE84F4803300EB8500C3F30043B7
:10E5F000C4F34044D0F8002744EA43049DF80330B4
:10E6000022F4E16244EA830422F0070244EA06238A
:10E610001343C0F80037002007B0BDE8F083072699
:10E62000D2E70426D0E70526CEE70326CCE763032E
:10E6300044BF7B68C3F80C15CEE70DF102022946F2
:10E6400001F0FCFE14F4403F804617D1B86829461B
:10E6500001F080FFB8F1000FDDD19DF80210B8681D
:10E6600001F090FF0028D6D01E491F481F4AF4230E
:10E6700008F01EFA1D48F42108F011FA4FF00009C5
:10E6800001ABCDE90199CDE90439CDF80C90B8681A
:10E6900003AA294601F088FD4845BCDB14F4003389
:10E6A00014D084F480349DF803308DF80E30C4F318
:10E6B00000448DF80C608DF80D40B8684B4603AAF5
:10E6C000294601F023FE0028C4DAA4E7CDE904338B
:10E6D0000DF103030393B86803AA294601F064FD12
:10E6E000F1E700BF6EFB020097C202007200030058
:10E6F00038B54568A86890B101F012FF014670B9BD
:10E70000A86801F0CDFE044658B902460649A8683B
:10E7100001F07CFE224605210620F4F70BFB0020C9
:10E7200038BD6FF00400FBE7FDE4010008B50268A6
:10E73000530904D14FF0FF33D340DB070BD4074913
:10E740000748084A4FF4747308F0B2F905484FF4CB
:10E75000747108F0A4F94FF0A04008BD4F00030009
:10E7600097C202001C0003002DE9F04FDFF854B1FE
:10E7700085B01546824600EB810840F2FF19D0456E
:10E7800003D1002005B0BDE8F08FDAF800305A045C
:10E79000C3F3C321C3F3080400F18E804A4A1B0E61
:10E7A000575C4C4508BF4FF0FF34192B00F28780AF
:10E7B000DFE803F00D141A1D20261D85858585359B
:10E7C0006185858585858585858564797C7FC5F8A6
:10E7D0000C45631C5CD10AF1040AD0E7C5F8144566
:10E7E000661CF8D000265CE0C5F80845F1E7C5F8DE
:10E7F0001045F5E7601CC5F80845ECD0002604E09C
:10E80000611CC5F80C45E6D0012603A80394FFF768
:10E810008DFF012101FA04F3C0F80C3508E0C5F8BA
:10E820000845002FDCD1631CD5D0002631460627D1
:10E83000DAF80030019303F40040002818BF0021EB
:10E8400003A8009118BF01260394FFF76FFF019BF7
:10E85000009900EB8400C3F3412CD0F800473B0241
:10E8600043EA8C030B4304EA0B04234343EA4603C5
:10E87000C0F80037AFE7C5F80C45D2E7C5F86045EA
:10E88000621CDAF80030A6D0C3F30043002BBBD0E3
:10E8900003A80394FFF74AFF012606FA04F3C0F821
:10E8A00008353146C4E7C5F86445E9E7C5F8684569
:10E8B000E6E7C5F86C45E3E76FF0150062E76FF037
:10E8C00085005FE7F0F8FCFFB80003007FB50BABF5
:10E8D00005930393054B02930023CDE900330122F6
:10E8E0001846F2F731FD07B05DF804FBC0000300E5
:10E8F0002DE9F041044647680D460BF04DFA4FF004
:10E90000400888B9264B1B7873B1642660680AF00A
:10E91000B3FEF0B901200AF0E7FF013EF6D1002175
:10E92000212004F003FFF0E7EFF31186314688F36E
:10E930001288BFF36F8F60680AF09EFEA8B986F355
:10E940001188BFF36F8FEFE786F31188BFF36F8FE6
:10E95000E5E7EFF31186314688F31288BFF36F8F36
:10E9600060680AF089FE0028EED0BB691D706368FC
:10E97000BA691B680020C3F844250122C3F8482562
:10E98000C3F82001D3F82041C3F85801D3F8580147
:10E990009A6081F31188BFF36F8FBDE8F08100BFEB
:10E9A000D43900202DE9FF41054600220121022033
:10E9B000F4F7C0F90220F4F78DF96C680121E068E2
:10E9C0000AF08BFE6B681A682369C2F82435637DF0
:10E9D000217D0B43C2F86C356F68D7E9004313F013
:10E9E00001034CD0D5F8108004F10C0108F10802A5
:10E9F00004F590700AF0B5FF061E0DDA2D4B029358
:10EA00000023CDE900332C4901221846FFF75EFFB1
:10EA1000304604B0BDE8F08198F8080001F0E6FA4D
:10EA20000823C4F80035BB69C4F844350023C4F892
:10EA300048350123A360D4F85831002BFBD00026C1
:10EA4000C4F800656B683146D8680AF046FE6D6808
:10EA500031462C68E8680AF040FE0823C4F8003507
:10EA60002A7A52B9EB69C4F834350123C4F8383531
:10EA7000C4F81021D4F8102123600026C8E708222A
:10EA8000C4F80025BA69C4F84425C4F84835012300
:10EA9000A360D4F82031002BFBD00023C4F8203130
:10EAA000D4F820310123E3604FF48073C4F80433B9
:10EAB000C1E700BFC000030028B3020070B40E49D4
:10EAC000D1E90034D01AC31844F10004C2F30E0691
:10EAD000C1E90034A6F58053B3F5C04F09D2074B06
:10EAE0001B685A0CDB039C19054B42F10005C3E976
:10EAF000004570BC05F0C0BAC01E0020542E002096
:10EB0000C81E0020E0B1BFF35B8F0E4B53E8001F1F
:10EB100041F0020143E80012002AF7D1BFF35B8FF6
:10EB2000094A4FF40033C2F80433084ABFF35B8F3D
:10EB30001268BFF35B8F920744BF054AC2F80031E9
:10EB4000704700BF502E002000100140482E0020CA
:10EB500000E100E00C4BBFF35B8F53E8000F20F0A7
:10EB6000020243E800210029F7D1BFF35B8F074B76
:10EB70004FF40032C3F80823BFF35F8FBFF36F8FEA
:10EB8000C0F34000704700BF502E0020001001402D
:10EB900030B5144B1868410CC003BFF35F8F124BA4
:10EBA000D3F8043547F6FF7293420AD10F4AD2E9EF
:10EBB0000045844275EB010209D3C01841F1000100
:10EBC00030BD181841F10001B3F5006FF8D2074BC2
:10EBD000D3E90023904271EB0303F1D210F500401A
:10EBE000ECE700BF542E002000100140C81E00209A
:10EBF0002DE9F743334CD4F80433D90319D5402316
:10EC00000022990810290CD1D4F84031002B3BD0B8
:10EC10000023C4F84031D4F840314FF4803244230B
:10EC2000EFE70433502BECD11AB1274A13680133B4
:10EC30001360D4F804339A0323D5BFF35B8F234BBF
:10EC400053E8002F22F0020143E800100028F7D11A
:10EC5000BFF35B8F930702D4D4F844318BB1002506
:10EC6000C4F84451D4F84431FFF792FFEFF3108217
:10EC700072B6174BD3E90667B042B94106D282F3A8
:10EC8000108803B0BDE8F0834423BAE74FF0FF38A3
:10EC90004FF0FF39C3E90689D3E904101D614FF431
:10ECA0000033C4F84833C4F84451D4F8443182F3F3
:10ECB00010880029E5D0009032463B460120884765
:10ECC000DFE700BF00100140542E0020482E002036
:10ECD000A01E00202DE9F74F0D461F460446019265
:10ECE0009DF83080FFF736FF0090FFF751FFA042FC
:10ECF00071EB05034CD2201A44F2010365EB0101CC
:10ED0000984271F1000146D2324BD3E906239D426D
:10ED100008BF944255D0304B4FF4003E4FF00009ED
:10ED2000C3F848E3C4F30E0CC3F84491D3F844216C
:10ED3000032062466FF0020A43F6FD7BC2F30E0128
:10ED4000002908BF0122C2F30E01C3F84415C3F81D
:10ED500044E3D3F80465AAEB06011144C1F30E01A4
:10ED600059452ED9D3F8442162B1D3F80465A6EBF6
:10ED70000C02C2F30E02B2F5804F22D9C3F84491BF
:10ED8000D3F84421B8F1000F05D182190130D5E73D
:10ED9000B8F1000F08D06FF015040098FFF7B2FE2D
:10EDA000204603B0BDE8F08F0C4BBFF35B8F53E8F8
:10EDB000001F41F0020143E80012002AF7D1BFF31F
:10EDC0005B8F044B019AC3E90645C3E9042700247D
:10EDD000E3E700BFA01E002000100140482E0020E5
:10EDE0007FB5284C284BC4F80833C4F84833274B68
:10EDF000274A00254FF0FF304FF0FF314FF48036A7
:10EE0000C4F80855C3E90201C4F80463C3E9060164
:10EE10004FF40033C4F804330121C2F880311120CB
:10EE20002A46F3F787FF1120F3F754FF0123A3606D
:10EE30002360184B03221A600021174A00952B46C5
:10EE400043F6FF70FFF746FF0220FFF735F8134A3D
:10EE500013491368134823F00103136047F6FF7347
:10EE6000C4F844630DF10F02C4F840350AF079FD8F
:10EE7000002804DB9DF80F0001F0B8F8284604B024
:10EE800070BD00BF0010014001000F00A01E002057
:10EE900000E100E0502E0020BDEA01004C2E0020D1
:10EEA0000810014040110140421C13B5034643F6CF
:10EEB000FF7020D08342A8BF0346012B1C46B8BF79
:10EEC0000124FFF765FE0E4BD3E90021801AB0F54F
:10EED000804F43F6FF7310D22044984228BF184653
:10EEE00080184FF00003074A009341F10001FFF73B
:10EEF000F1FE02B010BD0446E3E71846F0E700BF9C
:10EF0000C01E0020BDEA010008B5FFF741FE024B1C
:10EF10001B68C01A08BD00BFC01E002002460B4679
:10EF2000014802F003B900BFE8070020014802F0E1
:10EF3000CDB900BFE80700201FB500230D4C019399
:10EF40000A220293CDF80B300091014601A80BF084
:10EF50005CFF094909484FF4AC73224607F0A8FD4D
:10EF60000748009A01A907F0A3FD4FF4AC712046B1
:10EF700007F095FDFD0003001406030097C2020090
:10EF80003601030010B503460A46114881680C6833
:10EF900064B91049104A11485D2307F089FD1048F3
:10EFA00007F086FD0C485D2107F079FD1946A04762
:10EFB00068B10C490C4A09484FF4357307F078FDE5
:10EFC0000A4807F075FD08484FF43571ECE710BDAD
:10EFD000F4AF0200920103005E01030097C2020039
:10EFE000B20103006EFB0200FD000300D801030024
:10EFF000F0B506468FB038480D46384902F0A0FEFD
:10F0000009A8E2F7DFF8364B0393364B029300244E
:10F010001423CDE90034344909AB032220460AF019
:10F0200089FB32480AF0BBFD034660B9304A2E49DD
:10F030000090CDE9010201220AF07CFB6FF012047E
:10F0400020460FB0F0BD2B4B069306A8E2F7DEF882
:10F0500068B1294B0390CDE9014300942346204633
:10F06000214901220AF066FB6FF01504E8E74FF032
:10F07000FF304FF0FF31FFF751FF04460028DFD18A
:10F080001E491F48E2F760F8044610B1FFF74EFF33
:10F09000D6E741F64C5707A80797EDF771F920B16D
:10F0A000FFF744FF6FF08504CAE7012305A88DF838
:10F0B0001430EDF75DF90028F2D108A80897EDF7B4
:10F0C00061F90028ECD1FFF731FF33690D481D606D
:10F0D000F4F700FEB4E700BF5C2E0020C9970200E1
:10F0E0001202030027C00200A0B20200F4AF020027
:10F0F0003902030085EF010059020300D01E0020F1
:10F1000041F2010015F2010030B52E488BB0E1F755
:10F1100095FF044600284FD10125E2F765F8ECF78A
:10F12000BDFEECF7BDFEECF7BDFEECF7BDFE07AA99
:10F13000294620468DF81C50E1F7B2FF00283ADB43
:10F14000082307AA07212046ADF81C30E1F7A8FFE5
:10F15000002830DB4FF04513079307AA40F2032342
:10F1600003212046ADF82030E1F79AFF002822DB8A
:10F17000032307AA052120468DF81C30E1F790FFF4
:10F18000002818DB40F21473984218DDCDE90330F3
:10F190000D4B0E490094CDE901432A4623462046F3
:10F1A0000AF0C8FA84F31188BFF36F8F042318465E
:10F1B00002DF6FF00B00044620460BB030BD204646
:10F1C000F9E700BF39EF01007D020300A0B20200A1
:10F1D00008B50A490A480AF0CFFD00280CDA0949A7
:10F1E000094A0A482F2307F063FC094807F060FC2E
:10F1F00005482F2107F053FC08BD00BF5C2E0020FE
:10F20000E825002014060300A002030097C20200B4
:10F21000C9020300094B93F84A30042B02D181073D
:10F2200009D47047022B02D1020704D47047082B7F
:10F2300003D1830601D5FFF7CBBF704741370020CC
:10F2400070B5524C94F84A3086B083B394F84A3083
:10F25000042B67D120783E283CD0FF2840D00025E1
:10F26000637802334A2B40D94A22CDE90332484B16
:10F2700002930023CDE900331846464901220AF0E3
:10F2800059FA6FF00B0300250393434B0293CDE92A
:10F29000005540492B46012228460AF04BFA85F3D7
:10F2A0001188BFF36F8F0423184602DF26E04FF06A
:10F2B000FF304FF0FF31FFF731FE48B904F14A014A
:10F2C000204600F097FB0546FFF730FE002DBDD02D
:10F2D00006B070BDA578022D14BF00250125BFE73B
:10F2E000A57805F0FD05802DF6E7002200232946CC
:10F2F000F4F7FEFC064648B9002DE9D0002384F857
:10F300004A3006B0BDE87040FFF762BF62781F491F
:10F3100002320C3007F006FF204B1B6831462048B4
:10F320009847EBE7022B0FD1002200230820F4F7C7
:10F3300085FC05460028CBD0628804324A2A0FD9C2
:10F340004A23CDE9032392E7082B12D100220023A0
:10F350002020F4F773FC628805460028EDD1B7E75A
:10F360000A4905F10C0007F0DDFE0C4B29461B682D
:10F37000D5E703930B4B02930023CDE900330549F6
:10F38000012218460AF0D6F9B8E700BF413700203D
:10F39000EC020300A0B2020046030300582E002036
:10F3A00034B002000D030300F7B5A44E33780446D1
:10F3B000002B40F01A8304238DF80730A04B0588FA
:10F3C0001F68B7B10DF106030DF10702711CB847B4
:10F3D00001280ED09DF80630002B40F047819DF8A3
:10F3E0000730B3700E2201237270F370B580B071D4
:10F3F00045E1B5F5105F4FEA95230AD2002B4ED0B8
:10F40000013B072B08D8DFE803F00907367A070726
:10F4100007C13F2B00F0E181012055E0204640F27A
:10F42000064230F9033B93420FD040F21D42934213
:10F430001ED0012040F206439D4200F0178140F2A9
:10F440001D439D4200F012813EE0ECF7F7FF42F2CF
:10F4500064039D4240F29D8242F285039D4233D86F
:10F4600042F267039D4200F2A98242F26603E8E796
:10F47000ECF7E6FFEBE7204640F6634230F9033B4A
:10F48000934230D00DDC40F6034293421FD040F649
:10F490002D4293421ED040F60142934212D00120E9
:10F4A000E4E040F67B42934220D040F67C42934217
:10F4B000F5D19DF80730634902338DF80730ECF73A
:10F4C000AFFE01E0ECF79EFE0128E8D087E7E1F708
:10F4D00057FFF9E79DF807305A4903338DF8073095
:10F4E000ECF795FEF0E7ECF794FEEDE79DF80730BA
:10F4F000544904338DF80730ECF790FEE4E7238895
:10F50000A3F58053013B082BC9D801A252F823F080
:10F5100035F5010047F501005BF501009FF401009E
:10F520009FF401009FF401009FF401009FF401008B
:10F530007BF501009DF80730424808338DF807300D
:10F54000ECF739FFC0E79DF807303E4840338DF8AF
:10F5500007300AF03BF9002041E79DF807300833F7
:10F560008DF80730374B00221A605A60F37A23F087
:10F57000600343F06003F372EDE79DF80730314814
:10F5800006338DF80730ECF718FF9DE7204630F87A
:10F59000033BA3F50053013B4D2B55D8DFE813F097
:10F5A0005F0074007D005400860054005400540035
:10F5B0005400540089008C008F00920054005400C5
:10F5C00054005400950098009B00A400A700B000D0
:10F5D000B90054005400BC005400540054005400BE
:10F5E0005400CC00D500DE0054005400E100E400DB
:10F5F000E700EA0054005400F300F600F9000201AD
:10F600000B010E01540054005400540054005400E7
:10F61000540054005400540054005400540054004A
:10F62000540054005400540054005400540054003A
:10F63000540054001101540054001A018C3700206A
:10F640006C2E00209337002042F264039D423FF469
:10F6500026AF40F29D8142F285030120FEE6ECF7E1
:10F66000AEFE42F264039D427FF4F1AE0F2373704D
:10F670000423B3700123F0703371A6F80550012301
:10F680003370002003B0F0BD9DF80730CA48033343
:10F690008DF80730ECF798FEE3E79DF80730C64891
:10F6A00008338DF80730ECF791FEDAE7ECF790FEBF
:10F6B000D7E7ECF78FFED4E7ECF78EFED1E7ECF757
:10F6C0008DFECEE7ECF78CFECBE7ECF78BFEC8E7C0
:10F6D000ECF78AFEC5E79DF80730B74907338DF888
:10F6E0000730ECF783FEBCE7ECF782FEB9E79DF844
:10F6F0000730B14910338DF80730ECF77BFEB0E7E7
:10F700009DF80730AC4808338DF80730ECF774FEED
:10F71000A7E7ECF773FEA4E79DF8073008338DF8F0
:10F7200007307023F3714023F37242F264039D4269
:10F7300040F02981002099E79DF807309E49023367
:10F740008DF80730ECF75CFE8BE79DF807309A48A0
:10F7500004338DF80730ECF755FE82E7ECF754FEE2
:10F760007FE7ECF753FE7CE7ECF752FE79E7ECF726
:10F7700051FE76E79DF807308F4801338DF807304A
:10F78000ECF74AFE6DE7ECF749FE6AE7ECF748FE56
:10F7900067E79DF80730884808338DF80730ECF7A5
:10F7A00041FE5EE79DF80730834904338DF807304A
:10F7B000ECF73AFE55E7ECF739FE52E7ECF738FE86
:10F7C0004FE79DF807307C4802338DF80730ECF79F
:10F7D00031FE46E7ECF730FE43E720464FF60B429A
:10F7E00030F8033B934223D8B3F57C4F01D8012076
:10F7F0006CE0A3F57C43013B0A2BF8D801A252F838
:10F8000023F000BFBDF80100D9F80100EFF70100B7
:10F81000EFF70100EFF7010027F90100EFF7010012
:10F82000EFF7010003F9010015F901002DF90100BE
:10F8300003F2FE2292B21B2AD9D8A3F57D43023BE4
:10F840001B2BD4D801A252F823F000BF3FF90100CE
:10F8500045F901004BF9010051F90100EFF70100F2
:10F86000EFF70100EFF70100EFF70100EFF70100FC
:10F87000EFF70100EFF70100EFF70100EFF70100EC
:10F88000EFF70100EFF70100EFF7010057F9010072
:10F89000EFF701005DF90100EFF701006FF90100DA
:10F8A000EFF70100EFF70100EFF70100EFF70100BC
:10F8B00075F901007BF9010081F901009DF807301D
:10F8C0003D480C338DF80730ECF7ACFC25F008030D
:10F8D0004FF602529342B5E59DF8073040338DF85C
:10F8E0000730354B00201880F37923F0230343F0D1
:10F8F0002303F371337A23F0070343F007033372D2
:10F90000E4E79DF807302C4817338DF80730ECF703
:10F91000A6FCDBE79DF80730274820338DF8073039
:10F92000ECF7C1FCD2E7ECF798FCCFE79DF8073085
:10F93000214801338DF80730ECF7D2FCC6E7ECF72D
:10F94000E5FCC3E7ECF714FDC0E7ECF713FDBDE7FA
:10F95000ECF716FDBAE7ECF715FDB7E79DF80730B1
:10F96000154904338DF80730ECF70EFDAEE7ECF7E0
:10F970001AFDABE7ECF719FDA8E7ECF718FDA5E7D2
:10F98000ECF717FDA2E714D942F28503002065E5E4
:10F99000012042F219039D421BD842F20C039D4202
:10F9A0007FF648ADA5F500530D3B9BB241F24122D5
:10F9B00009E00020EDE700BF93370020A5F50153D3
:10F9C000283B0B4A9BB222FA03F3DB077FF57CADA1
:10F9D0004CE642F232039D423FF448AEA5F5015396
:10F9E000033B012B3FF670AD40E64FF0FF3049E698
:10F9F0002F80402038B5094C23780D461BB9BDE84F
:10FA00003840ECF7EFBBA278611C02320BF0D7F95B
:10FA10000020042320702B7038BD00BF8C370020DD
:10FA200070B506460C460F4D28460AF0B8F8A8B146
:10FA3000A2B2AB681B6863B90B490C4A0C485D2342
:10FA400007F036F80B4807F033F808485D2107F057
:10FA500026F831462846BDE8704018476FF012007E
:10FA600070BD00BFF4AF0200920103005E0103000D
:10FA700097C20200B201030002484FF4007104F083
:10FA8000BBBE00BFD43700201FB500230D4C01932F
:10FA90000A220293CDF80B300091014601A80BF029
:10FAA000B4F90949094840F24113224607F000F829
:10FAB0000748009A01A906F0FBFF40F241112046D9
:10FAC00006F0EDFF9E0303001406030097C2020038
:10FAD000CB03030037B53223ADF80430124A0023BC
:10FAE0000125192168468DF80630ADF800508DF8D3
:10FAF0000230EBF733FE044698B909F05FFD80B29F
:10FB0000EBF786FC2A4621460820F3F713F92A462C
:10FB100021460B20F3F70EF92A4621462846F3F733
:10FB200009F9204603B030BD89FA010008B54FF04D
:10FB3000FF304FF0FF31FFF7F1F948B107490848AE
:10FB4000084ADA2306F0B4FF0648DA2106F0A7FFD8
:10FB5000EFF73DFCBDE80840FFF7E8B9E20303001A
:10FB600097C202009E03030008B50A490A480AF03A
:10FB700003F900280CDA0949094A0A482F2306F03C
:10FB800097FF094806F094FF05482F2106F087FFEC
:10FB900008BD00BF702E0020E825002014060300D9
:10FBA000A002030097C20200C902030037B50D4D41
:10FBB0000D49002400946FF009034FF48062284639
:10FBC00002F0FCFA094928460AF0ECF8084909480D
:10FBD00002F0B6F8224604211920F3F7ABF82046CC
:10FBE00003B030BDE8250020404D0020EF030300A6
:10FBF0002DFB0100702E00207FB50BAB0593039306
:10FC0000054B02930023CDE9003302221846F1F799
:10FC10009BFB07B05DF804FB030403001FB528B984
:10FC2000094B1B6805B05DF804EB1847074B0293BE
:10FC300000230390CDE90033054902221846FFF75F
:10FC4000DBFF05B05DF804FB802E002003040300F9
:10FC500000B3020010B538B101280BD1BDE8104047
:10FC60000B490020EBF732BB0A4BBDE810401B6884
:10FC7000012018470849094A09484C2306F018FF93
:10FC8000084806F015FF05484C2106F008FF00BFA4
:10FC90001DFC0100802E0020140603001F04030039
:10FCA00097C202005C04030008B598B1012804D192
:10FCB000BDE808400020EBF725BB0749074A084884
:10FCC0005F2306F0F5FE074806F0F2FE03485F21C9
:10FCD00006F0E5FE08BD00BF140603001F04030084
:10FCE00097C202005C040300014B186000207047BB
:10FCF000802E00204FF0704393F8E02F062A09D1A0
:10FD0000D3F8E83FC3F30313033B042B02D8024AA2
:10FD1000D05C7047002070478B040300024AD2F881
:10FD20000034002BFBD0704700E0014010B509F013
:10FD3000CAFD40B14FF080538E4AD3F82433C3F349
:10FD40000423C2F84035FFF7D5FF10B18A4B8B4A28
:10FD50005A6709F0B8FD48B14FF080534FF0804228
:10FD6000D3F84432C3F34233C2F83C35FFF7C2FF45
:10FD700030B1834AD2F8FC3023F08073C2F8FC30F3
:10FD800009F0A1FD40B14FF080430022C3F80C21DF
:10FD9000C3F81021C3F83825FFF7ACFF20B14FF0AE
:10FDA00080430322C3F8A025FFF7A4FF60B1754B81
:10FDB0000522C3F810260122C3F888260022C3F8C2
:10FDC00018263F22C3F814264FF08053D3F8302171
:10FDD000511C09BF4FF07043D3F8343193F8E02F32
:10FDE000D3F8E83F08BFC3F30313062A4DD1033B02
:10FDF000042B03D8644AD35C002B46D04FF08052CA
:10FE0000624BD2F80414C3F82015D2F80814C3F8D2
:10FE10002415D2F80C14C3F82815D2F81014C3F81E
:10FE20002C15D2F81414C3F83015D2F81814C3F8EE
:10FE30003415D2F81C14C3F84015D2F82014C3F8B6
:10FE40004415D2F82414C3F84815D2F82814C3F87E
:10FE50004C15D2F82C14C3F85015D2F83014C3F84E
:10FE60005415D2F83414C3F86015D2F83814C3F816
:10FE70006415D2F83C14C3F86815D2F84014C3F8DE
:10FE80006C15D2F84424C3F8702509F01CFD48B164
:10FE90004FF080534FF08042D3F8583203F04F03B5
:10FEA000C2F8E43E09F00FFD48B14FF08043D3F8AB
:10FEB0000024D20744BF6FF00102C3F800244FF0C2
:10FEC0008053D3F83021062A26D1D3F83431033BAE
:10FED000042B02D82E4AD35C63B12E4AD2F83C37A9
:10FEE00043F48063C2F83C374FF08053D3F830318D
:10FEF000062B11D14FF08053D3F83431033B042B40
:10FF000002D8254AD35C3BB14FF01023D3F8082226
:10FF10004FF08043C3F858254FF01023D3F8002248
:10FF2000002A03DBD3F80432002B22DA1B49012319
:10FF30004FF01020C1F804351524FFF7EFFEC0F88C
:10FF40000042FFF7EBFEC0F80442FFF7E7FE002394
:10FF5000C1F80435FFF7E2FEBFF34F8F0849104B9D
:10FF6000CA6802F4E0621343CB60BFF34F8F00BF57
:10FF7000FDE710BD0030014000C007400DF0ADBAF4
:10FF800000ED00E0005000408604030000C0004087
:10FF900081040300001000407C04030000E00140E5
:10FFA0000400FA05014B1860704700BF842E002042
:10FFB00010B50A4B1868144648B9094909480A4A55
:10FFC0003B2306F075FD08483B2106F068FD09F06B
:10FFD0008DFC0028A4BF2070002010BD842E0020BE
:10FFE000CC04030097C2020090040300024A0123DC
:10FFF0008340C2F80435704700F001404FF0805351
:020000022000DC
:10000000D3F83021511C09BF4FF07043D3F834317D
:1000100093F8E02FD3F8E83F08BFC3F30313062A91
:1000200005D1033B042B04D8034AD05C7047002061
:1000300070470120704700BFBE05030008B5026885
:100040000146104609F0A3FC58B90F490F4A104861
:100050004FF4747306F02CFD4FF474710B4806F0E6
:100060001EFD02F01F0352090B6009D00949074A1F
:10007000074840F2D93306F01BFD40F2D931EDE7D5
:100080004FF0A04008BD00BF4F0003001C0003005C
:1000900097C2020014060300072808B50BD90849C7
:1000A0000848094A40F2A73306F002FD064840F22C
:1000B000A73106F0F4FC800000F5807008BD00BF99
:1000C0001705030097C20200E204030010B5CBB28B
:1000D00000EB43039A8AD1051BD5C2F3432122F4D6
:1000E000F8529A8200F1520400F1120232F8023FF3
:1000F00013F4807F03D0C3F34323994209D0944281
:10010000F4D100EBC10300225A60583009F00CFC16
:1001100000B910BD05490648064A4FF4DB7306F0E6
:10012000C7FC04484FF4DB7106F0B9FC6EFB02001B
:1001300097C202002105030073B5CEB200EB46065C
:100140000546B38ADB070C4628D509F0FFFC21469B
:10015000284609F026FC48B1B28A2B68520B03EB03
:1001600082030022C3F81025C3F810252846214633
:100170000025FFF7ABFFB58201A80194FFF75EFFF2
:10018000019B00EB8300074BD0F80027134043F09E
:100190000203C0F80037284602B070BD6FF01500AA
:1001A000FAE700BFF0F8FCFFF0B50D4685B0164643
:1001B000044658B952495348534A40F23A4306F06C
:1001C00077FC514840F23A4106F069FC1768CFB11C
:1001D00009F0F5FB00BBCDE900008DF80E008DF8AD
:1001E0000F003B460DF10F020DF10E01284609F0FC
:1001F00010FCEAB204EB4202938A23F0020343F0BC
:1002000001039382736853B3294620461A785F68C6
:1002100009F0CEFB18B1CFB16FF0150022E0E9B2C2
:1002200004EB41018B8A23F4604323F020038B828B
:1002300067B1032AF0D8736858682368077803EB1E
:1002400087038AB9C3F81025C3F81025E9B204EB77
:1002500041018B8A23F01C0343EA82038B82B3683B
:100260004BBB002005B0F0BDD3F8100520F0030013
:10027000C3F81005206800EB8700D0F8103523F490
:10028000473323F44073C0F810352B02D0F810C563
:1002900003F4F85343EA024343EA0C03C0F8103571
:1002A00004EB4703A3F85C508B8A43EA473343F0DF
:1002B00020038B82CAE7D3E9006729462046FFF76F
:1002C00005FF002ECDD063689E4206D004F1580091
:1002D00009F00CFB002804DAC4E7A3689F42F5D1BB
:1002E000002004EBC003C3E90167EDB204EB450550
:1002F000C0B2AB8A43EA402343F48073AB82B0E7D9
:100300009E05030097C2020021050300F0B50C46CC
:1003100085B01E46054658B939493A483A4A40F22E
:10032000444306F0C5FB384840F2444106F0B7FBB1
:1003300012B309F03DFB20B92146284609F031FBF4
:1003400008BBE7B205EB4707BB8A13F01C0F02D0CE
:100350005378012B17D001238DF80F300023CDE9FE
:1003600000230DF10F01931C2046013209F051FBCF
:10037000BB8A43F00303BB82002E3FD021462846B0
:1003800009F016FB18B96FF0150005B0F0BD37780D
:100390002B6803EB87030022C3F81025C3F8102550
:1003A000E2B205EB42024FEA870C938A23F46043E2
:1003B00023F020039382707800B32968B6786144F3
:1003C0000004D1F8103523F4981323F4F853C1F83E
:1003D0001035230200F4403003F4F8530343300592
:1003E000D1F8105500F4801003432B43C1F81035A9
:1003F000938A43EA473343F0200393820020C4E703
:100400009E05030097C202002105030008B558B9F4
:1004100007490848084A40F24D4306F049FB0648A0
:1004200040F24D4106F03BFBC0E9031208BD00BF9E
:100430009E05030097C202002105030010B5034684
:100440000C4658B91249134A134840F2564306F075
:100450002FFB40F256410F4806F021FB4AB90F49E5
:100460000C4A0D484FF4457306F022FB4FF44571DA
:10047000F1E709F096FA38B1E4B203EB4403002047
:100480009B8A5B0B137010BD6FF01500FBE700BF7C
:100490009E0503002105030097C20200A905030081
:1004A000F8B5054658B91B491B481C4A40F264433D
:1004B00006F0FEFA194840F2644106F0F0FA90F8AE
:1004C0006C4024BB4022214614300AF086FC2E6882
:1004D0002746E0B2FFF7E0FDA0F580739B081F2BD5
:1004E00008BF375004F1010408BF3358082CF0D17D
:1004F0000024C6F87C4146F30730D6F87C31F2F789
:10050000E9FB012385F86C30AB652046F8BD6FF040
:100510007700FBE79E05030097C202002105030058
:1005200008B558B908490948094A40F26B4306F032
:10053000BFFA074840F26B4106F0B1FA90F86C0040
:10054000003818BF012008BD9E05030097C20200B5
:100550002105030008B558B907490848084A40F280
:10056000794306F0A5FA064840F2794106F097FA79
:10057000BDE80840FFF7E0BD9E05030097C20200FA
:100580002105030008B558B908490948094A4FF43C
:10059000906306F08DFA07484FF4906106F07FFAF9
:1005A000BDE80840044809F0BFB900BF9E0503003C
:1005B00097C2020021050300F406002010B50C4686
:1005C00058B90A490A480B4A40F2874306F070FAC4
:1005D000084840F2874106F062FA074809F086F9B8
:1005E0000028A4BF2070002010BD00BF9E0503009E
:1005F00097C2020021050300F40600202DE9F34113
:100600000D461646044658B93749384A384840F22C
:10061000045306F04DFA40F20451344806F03FFA14
:10062000CBB200EB43039A8A12F01C0F09D1314977
:100630002E4A2F4840F2114306F03AFA40F2114197
:10064000EBE709F0AEF92768F0B12946204609F03A
:10065000AFF98046C0B9550B2846FFF71DFD47F896
:1006600000803B58236803EB8503D3F8102542F044
:100670000102C3F8102526B122680123AB40C2F85D
:10068000043302B0BDE8F081D7F80423002AA4BFE8
:100690004FF00042C7F804234EB91749134A1448D3
:1006A00040F22B4306F004FA40F22B41B5E79B8A57
:1006B000C3F38203042B12D0052B12D001A801959D
:1006C000FFF7BCFC019BD0F81015D94001F00101E7
:1006D0000231284602B0BDE8F04109F0E7B9032134
:1006E000F7E70221F5E700BF9E050300210503009F
:1006F00097C202007D050300B305030008B558B991
:1007000007490848084A40F20B5306F0D1F9064859
:1007100040F20B5106F0C3F9BDE8084009F016BAE3
:100720009E05030097C20200210503002DE9F04F4A
:10073000074685B058B961496148624A4FF4C763BA
:1007400006F0B6F95F484FF4C76106F0A8F9804695
:10075000082258F8049BD9F80413C9B241F00041AB
:10076000484609F0C6F9051E16DA0023012102A841
:10077000029309F0AAF94FF0010A029A92B94FF0D8
:100780000041484609F0B5F9012102A809F09DF998
:100790000028F2D125F000450124002D78D105B0C4
:1007A000BDE8F08F92FAA2F4B4FA84F407EB4403A4
:1007B000E0089E8A039402ABB2081B5C019204F02D
:1007C000070102AA0AFA01F123EA0103135403A85C
:1007D000FFF734FC039B019A03F5E073C6F3820B29
:1007E00050F8233052075E46C3F3014332D53246F8
:1007F000214640465FFA83FB09F0EEF803A8039414
:10080000FFF71CFC039B03F5E07350F82330C3F3A0
:1008100001439B4507D10021204609F047F959467D
:10082000204609F043F903A80394FFF707FC039B54
:100830000AFA03F3C0F820350446FFF7DFFB00286F
:100840009BD0D4F82035D4F82035D4F82035D4F80E
:10085000203592E7022B0DD10321204609F026F91D
:100860000BF00503012BDED132462146404609F04C
:10087000B3F8D8E702212046019309F017F9BBF13C
:10088000030FF1D0019B032BCDD1BBF1020FEAE79F
:1008900095FAA5F3B3FA83F304FA03F225EA020505
:1008A00003F5A27207EB430359F82220B3F85C105A
:1008B000C2F30142404609F08FF86EE79E0503003F
:1008C00097C202002105030038B5436905463BB9CC
:1008D0000024EA68537843F001035370604238BD46
:1008E000984704460028F3D000F1FF03FE2B0ED9F1
:1008F000094A0A490A482E2306F0DAF82968094805
:10090000224606F0D5F804482E2106F0C8F8EB6818
:1009100044421C70DDE700BFC3050300FE05030071
:1009200097C20200160603001FB50446F0F78AFCC2
:10093000064B029300231846CDE9003304490122F7
:1009400009F038F9204609F045F900BF3B060300DD
:1009500010B302002DE9F041044686B00E46EFF3D5
:100960001188402383F31288BFF36F8F042898BF48
:100970002B4B2C4A98BF53F82030976888BF2A4BDE
:10098000127C2A4903900025CDE90432284B0293BA
:10099000CDE900552B460122284609F00BF96EB12E
:1009A000F369C3F308034BB1224B20490095CDE90D
:1009B000015301222B46284609F0FCF82FB1384696
:1009C00009F0F3F908B1037803B91B481B4B0293F4
:1009D0000023CDE90370CDE9003318461349012205
:1009E00009F0E8F831462046FFF79EFF042C0CD1B1
:1009F0001349144A1448872306F05AF8134806F09E
:100A000057F81048872106F04AF888F31188BFF399
:100A10006F8F384606B0BDE8F041F2F703B900BF6A
:100A200050BB0200882E00204A06030010B30200CB
:100A30005806030080060300A6DB0200A10603009F
:100A4000DB060300B906030097C20200F8060300A4
:100A500038B50A4B53F82040013053F82050A542D6
:100A600000D838BD606830B1037FDB0701D4FFF7E1
:100A70002BFF0834F3E723689847FAE764BB0200CA
:100A800070B5384B384C394D012286B003201A70AE
:100A9000FFF7DEFFF0F77AFD0420FFF7D9FFAC4245
:100AA000264628D93249334A3348442306F000F811
:100AB000324805F0FDFF44212E4805F0F0FF54F8C0
:100AC0000C3C059354F8103C049354F8143C0393E5
:100AD00054F8183C029354F81C3C019354F8203C01
:100AE000009354E90A2354E90C0101F017FF54F86C
:100AF000303C5E65D3E7AE4204F13004DFD302F050
:100B0000F1FB194C1E4EAC421FD91949194A1A481B
:100B1000682305F0CDFF194805F0CAFF6821CBE72F
:100B2000D4E90A23B3F1FF3F08BFB2F1FF3F05D07C
:100B300052EA0301206803D102F03CFE3034E2E7C0
:100B40003146183003F05EF9F8E7E9D302F03CFCD7
:100B5000EFF7F8FB0B4A137B23F00103137306B086
:100B600070BD00BFD43900208CB102008CB10200EE
:100B7000980703007707030097C2020084C60200AB
:100B80000F9E02000827002070B5002386B00122C6
:100B9000CDE90423134E144D01930F22CDE9023207
:100BA0001249142303FB005506EBC01604464FF40C
:100BB000C07000FB04110E4B00954FF4A07230463C
:100BC00001F0ACFE737B0B4AEE6023F004037373F9
:100BD0004FF4046304FB033313442C746B6006B0BE
:100BE00070BD00BF88260020882E0020C05900203C
:100BF000E5100200805100207FB50020FFF728FF9C
:100C0000344B83F30888344C636943F400736361A5
:100C1000E02384F822302023E377002323766376D1
:100C2000A37684F82030626A42F4E022626284F89B
:100C30002330F1F773FFF2F725F94FF0FF33A3628A
:100C4000E362F2F73BFAF2F741F9F0F7BDFA234815
:100C500001F01CFF224B234A93420ED92249234A1A
:100C60002348CC2305F024FF224805F021FF1F482C
:100C7000CC2105F014FF2033EEE7FCD30120FFF771
:100C8000E7FE0220FFF7E4FE02F02EFC1A4B1B4C9D
:100C90005C611B4B0593002501231A4900954FF415
:100CA0000062CDE90353CDE90155174B204601F011
:100CB00035FE637B064623F004032046637302F08F
:100CC00079F82846FFF760FF0F4A31462046F2F7D1
:100CD000BBF800BFC059002000ED00E0282800202C
:100CE000B4AF020054B00200E6050300770703002A
:100CF00097C2020084C60200882E00200827002028
:100D0000C5070300405B0020810A020038B50D4C86
:100D10000D4DAC4213D90D490D4A0E48252305F05F
:100D2000C7FE0D4805F0C4FE0948252105F0B7FEB1
:100D3000D4E90112204608F055FF1834E9E7F7D34B
:100D4000002038BD94070020AC07002037080300BE
:100D5000CD07030097C2020084C60200F8B505461D
:100D60000E4600F11404EFF31187402383F3128839
:100D7000BFF36F8F204602F0EBFF68B91B4A1C4996
:100D80001C48882305F094FE21461B4805F090FE80
:100D90008821164805F083FE204602F0FDFF284614
:100DA0003146EFF789FB05F10C0009F03EF828B158
:100DB00039462046BDE8F84002F03ABA204602F033
:100DC000D5FF68B9094A0D490A484FF49A7305F0EE
:100DD0006FFE21460A4805F06BFE4FF49A71D8E782
:100DE00087F31188BFF36F8FF8BD00BF55C50200B0
:100DF000AEC5020097C20200C3C5020082C5020050
:100E000099C5020038B50D4C0D4D0020AC4213D9E8
:100E10000C490D4A0D48952305F04AFE0C4805F093
:100E200047FE0948952105F03AFE204608F0E4FE09
:100E3000002802DB2034E9E7F7D338BD340700206F
:100E400094070020750803005008030097C20200B1
:100E500084C602002DE9F74305460F4691461C461D
:100E600000F10806EFF31188402383F31288BFF3E3
:100E70006F8F304602F06CFF60B9324A3249334816
:100E8000882305F015FE3146314805F011FE882112
:100E90002C4826E0304602F07FFF2B691BB33B60F5
:100EA0001C68EB692C610133EB6114B96A699342E8
:100EB0001FD0EB68E41A09D4D5E905235A43A242AE
:100EC00004D9B4FBF3F203FB124494B12149224A42
:100ED0001E48EA2305F0ECFD204805F0E9FD1E4818
:100EE000EA2105F0DCFD59EA040214D13B606FF001
:100EF0000B04304602F03AFFF0B9124A1849134881
:100F00004FF49A7305F0D4FD3146164805F0D0FD34
:100F10004FF49A71BCE7CDE900942A464146304629
:100F200002F02AF8044618B90F4B9B681B693B6016
:100F3000204603B0BDE8F08388F31188BFF36F8FBC
:100F4000F6E700BF55C50200AEC5020097C2020019
:100F5000C3C5020092080300500803000E090300F5
:100F600082C5020099C50200882E00202DE9F843B1
:100F7000C368CB1A05460E4623D4D0E90512514367
:100F800099421ED9B3FBF2F102FB1133CBB900F148
:100F90000807EFF31189402484F31288BFF36F8FA1
:100FA000384602F0D5FED8B9414A42494248882322
:100FB00005F07EFD3946414805F07AFD88213C4820
:100FC0000CE03F493F4A3C484FF4897305F070FDFF
:100FD0003D4805F06DFD3B484FF4897105F05FFD1C
:100FE000384602F0D9FED5F81080B8F1000F40D194
:100FF000EFF3118384F31288BFF36F8F83F31188AB
:10100000BFF36F8F5BB93149314A2B48A42305F0F8
:101010004FFD304805F04CFDA4212D48DEE72C683B
:10102000A54226D02CB3A3683BB92B49284A2248B5
:101030008D2305F03DFD8D21EFE7D4E900321360EB
:101040005A60637BC4F8088023F002036373C4E929
:10105000008804F1180002F0B1FF2046C4F87C803B
:10106000266101F0A7FE49463846BDE8F84302F084
:10107000DFB82B693360EB692E61013BEB613846C9
:1010800002F074FE68B90A4A14490B484FF49A7387
:1010900005F00EFD3946124805F00AFD4FF49A712D
:1010A0008DE789F31188BFF36F8FBDE8F88300BF28
:1010B00055C50200AEC5020097C20200C3C50200BA
:1010C00014060300500803002909030076090300F1
:1010D0004B090300340803008E09030082C5020097
:1010E00099C5020008B50D4B9B6893F90E30002B93
:1010F00009DB4024EFF3118384F31288BFF36F8F71
:1011000005F09AFFF6E706490648074A1C2305F052
:10111000CFFC05481C2105F0C2FC00BF882E002032
:10112000C609030097C20200A50903002DE9F34197
:10113000044617461E46EFF3058565B15849594ADE
:1011400059486F2305F0B4FC584805F0B1FC5548E8
:101150006F2105F0A4FCEFF31188402383F312887C
:10116000BFF36F8F524802F0F3FD60B9514A524904
:101170004D48882305F09CFC4D49504805F098FCEB
:1011800088214C48E5E74A4802F006FEE3684C4AED
:101190009BB1A0689168884229D057EA06032ED1F6
:1011A000434802F0E3FDA0B188F31188BFF36F8FCD
:1011B0006FF00F0002B0BDE8F081916891F90E1058
:1011C0003B4821610133E3609368A36002F0CEFDE8
:1011D00078B9384A3B4934484FF49A7305F068FCB3
:1011E0003349394805F064FC4FF49A71C9E7216925
:1011F000E6E788F31188BFF36F8F0020DAE791F9F3
:101200000E1090F90E309942A8BF19466FF07E0279
:101210009142B8BF11468B4202DD08F007FD05463A
:10122000CDE9007622482246414601F0A5FE00287D
:10123000E3D0EFF31186402383F31288BFF36F8F5F
:101240001B4802F085FD002890D0194802F0A4FD4B
:10125000A068C0B1236821699C420AD04BB193F9C0
:101260000E309942A8BF19466FF07E039942B8BF6D
:10127000194608F0DBFC30B10D48314601F0D8FFCB
:101280006FF00A0096E7002DF6D1094802F06EFDD6
:1012900000289ED086F31188BFF36F8FF0E700BF60
:1012A000100A0300EE09030097C20200220A03009D
:1012B000A82E002055C50200AEC50200C3C502001D
:1012C000882E002082C5020099C50200F8B50546A7
:1012D000EFF3058363B15449544A5548D72305F0C9
:1012E000E7FB544805F0E4FBD721504805F0D7FB55
:1012F0008368002B00F092804F4A9268934240F03E
:101300009080C3683BB94D49484A4948EF2305F0EE
:10131000CFFBEF21E9E7012B03D0013BC3600020A5
:10132000F8BDEFF31187402484F31288BFF36F8F69
:10133000434802F00DFD60B9424A43493C488823C6
:1013400005F0B6FB3E49414805F0B2FB88213D4817
:10135000CCE73B4802F020FD2969A86808F066FC4C
:10136000EFF3118384F31288BFF36F8F83F3118837
:10137000BFF36F8F5BB93649364A2D48A42305F079
:1013800097FB354805F094FBA4213248AEE72C6862
:10139000A54215D10023C5E90233294802F0E6FC35
:1013A000002836D1274A2D4921484FF49A7305F079
:1013B0007FFB23492A4805F07BFB4FF49A71C6E76F
:1013C000002CE7D0A3683BB92649224A18488D2350
:1013D00005F06EFB8D21D8E7D4E9003213605A6026
:1013E000637B002623F002036373C4E90066A660F2
:1013F00004F1180002F0E2FDAC6094F90E302B61AC
:101400002046E66701F0D6FC0D48394601F010FF92
:1014100085E787F31188BFF36F8F80E76FF01500C2
:101420007EE74FF0FF307BE7100A0300EE09030070
:1014300097C20200220A0300882E0020470A0300F8
:10144000A82E002055C50200AEC50200C3C502008B
:10145000760903004B0903003408030082C502002B
:1014600099C502008E09030008B583684BB90B4982
:101470000B480C4A8D2305F01BFB0A488D2105F013
:101480000EFBD0E9003213605A60427B0023C0E9B2
:10149000003322F002024273836008BD8E0903000C
:1014A00097C202004B0903002DE9F04704469DF85E
:1014B00020800F4691469A4600F10805EFF3118609
:1014C000402383F31288BFF36F8F284602F040FC5D
:1014D00060B9514A51495248882305F0E9FA294632
:1014E000504805F0E5FA88214B481DE0284602F0F7
:1014F00053FCB8F1000F00D06768EFF3118340226E
:1015000082F31288BFF36F8F83F31188BFF36F8F5D
:1015100063B94549454A4248A42305F0C9FA4448FD
:1015200005F0C6FA4148A42105F0B9FA234653F85C
:101530000C8F984519D0B8F1000F16D04046FFF730
:1015400093FF08F1180002F039FD0023C8F87C3041
:10155000C8F81090404601F02DFC3146284601F0B5
:1015600067FE00242046BDE8F087BAF1000F14D0D2
:10157000082002F0D3FF002846D00122C0F80490D2
:101580000260016801F003015FB922680A4302604A
:10159000626820606AB960600BE0C9F800A0484644
:1015A000EFE73A68032A24D801606168D9B9C4E931
:1015B000000004F11400042102F052FE0446002849
:1015C000CBD1284602F0D2FB08BB134A1949144874
:1015D0004FF49A7305F06CFA2946174805F068FA3B
:1015E0004FF49A7180E70A6802F0030202430A602E
:1015F000D1E722F003020A4302603A6802F00302D4
:1016000040EA02033B60D4E76FF00B04D9E786F3AE
:101610001188BFF36F8FA5E755C50200AEC5020064
:1016200097C20200C3C50200760903004B090300FC
:101630003408030082C5020099C502002DE9F74372
:10164000064690461F4600F10805EFF31189402336
:1016500083F31288BFF36F8F284602F079FB68B9D5
:10166000244A25492548882305F022FA294624489A
:1016700005F01EFA88211F4805F011FA284602F0ED
:101680008BFB3468F4B12368726823F0030394423F
:101690002046336008BF7360012108F0D6FA044683
:1016A000284602F063FBE8B9124A164913484FF482
:1016B0009A7305F0FDF92946134805F0F9F94FF43E
:1016C0009A71D8E758EA0703EAD0CDE9008706F116
:1016D0000C024946284601F04FFC38B90B4B9B6879
:1016E0001C6903E089F31188BFF36F8F204603B0B4
:1016F000BDE8F08355C50200AEC5020097C20200E6
:10170000C3C5020082C5020099C50200882E0020D0
:1017100008B583684BB90B490B480C4A8D2305F07B
:10172000C7F90A488D2105F0BAF9D0E900321360F3
:101730005A60427B0023C0E9003322F00202427368
:10174000836008BD8E09030097C202004B090300A5
:1017500070B50446EFF31186402585F31288BFF378
:101760006F8F334802F0F4FA60B9324A3249334895
:10177000882305F09DF92E49314805F099F9882113
:101780002C4818E02A4802F007FBEFF3118385F399
:101790001288BFF36F8F83F31188BFF36F8F63B924
:1017A0002849294A2548A42305F082F9274805F04D
:1017B0007FF92548A42105F072F92568AC4212D0C2
:1017C0008DB12846FFF7A4FF05F1180002F0F6FBE3
:1017D0000023EB67284601F0EDFA31461448BDE8D6
:1017E000704001F025BDD4E902329A4218BF01339E
:1017F000A360022104F1100002F032FD0028ECD1B8
:101800000B4802F0B3FA68B90A4A11490B484FF481
:101810009A7305F04DF906490E4805F049F94FF461
:101820009A71ADE786F31188BFF36F8F70BD00BF6B
:10183000AC2E002055C50200AEC5020097C20200C2
:10184000C3C50200760903004B09030034080300F6
:1018500082C5020099C50200F7B5044616461D462A
:10186000EFF305837BB152EA05030CD02D492E4AD4
:101870002E48882305F01CF92D4805F019F92A484F
:10188000882105F00CF9EFF31187402383F31288C8
:10189000BFF36F8F274802F05BFA60B9264A2749E9
:1018A0002248882305F004F92249254805F000F96B
:1018B00088212148E5E71F4802F06EFAA368D3B1FA
:1018C000013B1C48A36002F051FA68B91A4A1D494D
:1018D00016484FF49A7305F0EBF816491A4805F0CC
:1018E000E7F84FF49A71E4E787F31188BFF36F8F3D
:1018F000002003B0F0BD56EA05030BD10D4802F0FD
:1019000035FA0028E2D087F31188BFF36F8F6FF0AC
:101910000F00EEE7CDE9006522463946054801F0A3
:101920002BFBE6E77E0A03005E0A030097C2020073
:1019300034080300AC2E002055C50200AEC50200DD
:10194000C3C5020082C5020099C5020007B5074B56
:101950000093074907484FF0FF334FF4006200F04F
:101960002DFC002003B05DF804FB00BF7CBB02002F
:1019700080630020882700202DE9F043764E774FC2
:1019800085B00446EFF31188402383F31288BFF338
:101990006F8F304602F0DCF968B9714A71497248BC
:1019A000882305F085F86C49704805F081F8882196
:1019B0006B4805F074F8304602F0EEF9D4F8845024
:1019C000F5B9022104F19C0008F081F9002840D00B
:1019D00004F1940500220121284602F071F8002844
:1019E000F8D1002302934FF0FF324FF0FF33CDE9DF
:1019F0000023414604F18C02304602F0BFF8C1E7F3
:101A0000D4F888202B68C4F88430954208BFC4F805
:101A10008830D4F89C3043F00203C4F89C30EB6863
:101A2000D5F8049023F0040343F00103EB60304643
:101A300002F09CF9F8B94A4A4D494B484FF49A7361
:101A400005F036F844494B4805F032F84FF49A71E6
:101A5000AEE7D4F89C30DD06C3D5C4F89C003E4800
:101A600002F084F90028E6D088F31188BFF36F8F65
:101A700005B0BDE8F08388F31188BFF36F8FB9F12B
:101A8000000F0AD13C4938483C4A4FF4387305F0FE
:101A90000FF83A484FF438718BE72846C847EFF300
:101AA0001188402383F31288BFF36F8F304602F012
:101AB0004FF900283FF471AF304602F06DF9EB6842
:101AC000D90623F0010231D4EA60EB689A0716D5F3
:101AD000386823F00203EB6088B10368002170B11D
:101AE0004268954230D1036841BB7A683B608242CC
:101AF00000D17B60002340F8083BFFF729FED4F8B3
:101B00009C3023F00203C4F89C303046C3F3002518
:101B100002F02CF900288ED088F31188BFF36F8F64
:101B2000002D7FF42FAF01F0E7FC2BE723F011032A
:101B3000EB6005F11000FFF70BFEC6E70B607B685A
:101B4000834208BF7960D5E723B11A680146184679
:101B50001346C4E71A46F9E7B82E0020B02E00203D
:101B600055C50200AEC5020097C20200C3C50200FF
:101B700082C5020099C50200160B0300D40A0300B7
:101B800070B5C368C3F340069B0705460C460DD5E8
:101B90000122002104F1080008F089F800232360E5
:101BA000054B65605A681AB9C3E90044304670BDF8
:101BB00014605C60FAE700BFB02E0020F8B5C3687F
:101BC0009A0704460F46C3F340063BD45B0727D46D
:101BD0000B680BB983680B60E368DD0723D5A36846
:101BE0005BB9294929482A4A40F2571304F060FF9B
:101BF000274840F2571104F052FF3B6002263D682F
:101C0000002D3ED0234B9A68D5F880309A420CD0F4
:101C1000D5F89C30D807C3F3800216D46FF01206B3
:101C200000233B6027E00126E9E708F0B5F8D5F886
:101C30009C300028EED1D907C3F3C002EED552B1D3
:101C40005B0708D46FF00F06EAE7002AFAD1C3F366
:101C5000C003002BF6D100232360D5F8883063B988
:101C6000C5E92144284608F04DF8E36843F0040331
:101C7000E3603B68A3603046F8BD1C60C5F888404F
:101C8000F0E76FF01506CBE7F50A030097C20200F4
:101C9000D40A0300882E002073B50446EFF31185A3
:101CA000402383F31288BFF36F8F1E4802F050F871
:101CB00068B91D4A1D491E48882304F0F9FE1949D8
:101CC0001C4804F0F5FE8821174804F0E8FE15488A
:101CD00002F062F800230321201F0193A4F11006F3
:101CE00007F0F5FF28B1A369019301A93046FFF77A
:101CF00065FF0C4802F03AF868B90B4A0E490C48E7
:101D00004FF49A7304F0D4FE06490C4804F0D0FE58
:101D10004FF49A71D8E785F31188BFF36F8F02B043
:101D200070BD00BFB82E002055C50200AEC5020030
:101D300097C20200C3C5020082C5020099C5020015
:101D400038B50D46044648B90C490D4A0D489C2348
:101D500004F0AEFE9C210A4804F0A1FE39B90A49FC
:101D6000074A08489D2304F0A3FE9D21F3E71022B3
:101D7000002109F032F8656038BD00BFB10B0300E7
:101D8000D40A030097C20200160B0300F8B5C3681B
:101D900003F00503002B06460C4614BF012700275D
:101DA00029D085685DB91D491D481E4A40F2C113FE
:101DB00004F07EFE1B4840F2C11104F070FE0122C7
:101DC000002104F1100007F072FF17492046FFF7C9
:101DD000B7FFE36843F01003E360F3685B0712D5D5
:101DE000336823606BB9D5F8883033B9C5E921442D
:101DF000284607F087FF3846F8BD1C60C5F88840C4
:101E0000F6E73460F4E7D5F884302360D5F88830FD
:101E1000C5F88440002BEBD1F0E700BFFB0A0300BC
:101E200097C20200D40A0300E59C020038B50446BC
:101E3000EFF31185402383F31288BFF36F8F1848A7
:101E400001F086FF68B9174A17491848882304F03B
:101E50002FFE1349164804F02BFE8821114804F088
:101E60001EFE0F4801F098FFE4680D4804F01F04BF
:101E700001F07CFF68B90B4A0E490C484FF49A7385
:101E800004F016FE06490C4804F012FE4FF49A7155
:101E9000E4E785F31188BFF36F8F204638BD00BF9C
:101EA000B82E002055C50200AEC5020097C2020040
:101EB000C3C5020082C5020099C5020037B50C46B1
:101EC000019059B92849294A294840F27D1304F064
:101ED000EFFD40F27D11254804F0E1FD4B684BB960
:101EE0002449224A22484FF4BF7304F0E1FD4FF425
:101EF000BF71F0E7EFF31185402383F31288BFF33E
:101F00006F8F1D4801F024FF60B91C4A1C49184816
:101F1000882304F0CDFD18491A4804F0C9FD882132
:101F20001648D9E7144801F037FF204601A9FFF70A
:101F300045FE0446104801F019FF68B90F4A1249DE
:101F40000B484FF49A7304F0B3FD0B490F4804F0AB
:101F5000AFFD4FF49A71E3E785F31188BFF36F8FFC
:101F6000204603B030BD00BFB10B0300D40A03000C
:101F700097C20200100B0300B82E002055C50200C6
:101F8000AEC50200C3C5020082C5020099C50200A9
:101F90000146014807F0F0BE8827002070B50C46C6
:101FA000054658B93849394A394840F2CD1304F04A
:101FB0007FFD40F2CD11354804F071FDC368DB05AB
:101FC00009D53449314A32484FF4E77304F070FDC3
:101FD0004FF4E771EFE707F0DFFE48B12E492B4AD7
:101FE0002B4840F2CF1304F063FD40F2CF11E2E73B
:101FF0004CB92A49254A26484FF4E87304F058FDA5
:102000004FF4E871D7E7EFF31186402383F312888A
:10201000BFF36F8F224801F09BFE60B9214A22492D
:102020001B48882304F044FD1D49204804F040FD6E
:1020300088211C48C0E71A4801F0AEFE2846214618
:10204000FFF7A4FE0546164801F090FE68B9154A50
:1020500017490F484FF49A7304F02AFD10491548A8
:1020600004F026FD4FF49A71E3E786F31188BFF37D
:102070006F8F3DB14FF0FF324FF0FF3304F110008E
:10208000FFF7EAFB284670BDB10B0300D40A03003A
:1020900097C202002D0B0300A0EB02005C0B0300B3
:1020A000B82E002055C50200AEC50200C3C502000F
:1020B00082C5020099C5020038B5044658B92849BE
:1020C000284A294840F22B2304F0F2FC40F22B214D
:1020D000244804F0E4FCC368DB0509D52349214A00
:1020E00021484FF40B7304F0E3FC4FF40B71EFE75E
:1020F000EFF31185402383F31288BFF36F8F1C48E1
:1021000001F026FE60B91B4A1B491748882304F0DA
:10211000CFFC1749194804F0CBFC88211548D8E7B3
:10212000134801F039FE204607F0F3FD044610483D
:1021300001F01CFE68B90F4A11490B484FF49A731D
:1021400004F0B6FC0A490F4804F0B2FC4FF49A714F
:10215000E4E785F31188BFF36F8F204638BD00BFD9
:10216000B10B0300D40A030097C202002D0B030039
:10217000B82E002055C50200AEC50200C3C502003E
:1021800082C5020099C5020008B558B90849094836
:10219000094A40F2053304F08BFC074840F2053150
:1021A00004F07DFCA022002108F017FE08BD00BF4E
:1021B000FB0A030097C20200D40A0300F0B589B0FD
:1021C00004460E9D58B92F492F4A304840F2323309
:1021D00004F06EFC40F232312B4804F060FC49B947
:1021E0002B49294A294840F2333304F061FC40F27C
:1021F0003331F1E7D0F89C0010F0010009D02549F7
:10220000214A22484FF44D7304F052FC4FF44D71B3
:10221000E2E7C4E9210004F18C00C4E9230004F1E1
:102220009400C4E9250055B32879002840F2011034
:1022300008BF0120C4F89C0000204FF0FF364FF08B
:10224000FF37CDE90330CDE90100CDE90667124B38
:102250000094204600F0D4FB55B1296811B1204606
:1022600007F0A0FD6B791BB1237B43F001032373BF
:10227000204601F09FFAC4F8804009B0F0BD01206B
:10228000D8E700BFA40B0300D40A030097C20200E2
:10229000AA0B0300700B03007919020038B50D4634
:1022A000044658B90F49104A104840F2DB3304F095
:1022B000FFFB40F2DB310C4804F0F1FB49B90C495B
:1022C000094A0A484FF4777304F0F2FB4FF4777130
:1022D000F1E73022002108F080FD4FF48073656043
:1022E000E36038BDB00B0300D40A030097C20200BC
:1022F000160B030038B5044658B921492148224A33
:102300004FF47C7304F0D4FB1F484FF47C7104F04D
:10231000C6FBEFF31185402383F31288BFF36F8F61
:102320001A4801F015FD60B9194A1A491548882361
:1023300004F0BEFB1549184804F0BAFB8821144884
:10234000E5E7124801F028FDE468104804F01F0496
:1023500001F00CFD68B90E4A10490A484FF49A730F
:1023600004F0A6FB09490E4804F0A2FB4FF49A7151
:10237000E5E785F31188BFF36F8F204638BD00BFB6
:10238000B00B030097C20200D40A0300B82E00204D
:1023900055C50200AEC50200C3C5020082C50200D9
:1023A00099C50200F7B50C46019016461D4658B96E
:1023B0003349344A344840F2564304F079FB40F242
:1023C0005641304804F06BFB49B930492D4A2E483C
:1023D00040F2574304F06CFB40F25741F1E7EFF352
:1023E0001187402383F31288BFF36F8F284801F0D1
:1023F000AFFC60B9274A28492348882304F058FBDA
:102400002349264804F054FB88212248DAE7204873
:1024100001F0C2FCE36813F01E0F27D155EA060253
:1024200016D1204601A9FFF7C9FB0446184801F060
:102430009DFCE8B9174A1A4913484FF49A7304F0FF
:1024400037FB1349174804F033FB4FF49A71DCE76C
:1024500043F00803E360019BA36204F110001249FA
:1024600032462B4601F0CEFC0124DFE70024DDE7F5
:1024700087F31188BFF36F8F204603B0F0BD00BF14
:10248000FB0A0300D40A030097C20200B00B03004A
:10249000B82E002055C50200AEC50200C3C502001B
:1024A00082C5020099C50200991C0200014601483C
:1024B000FFF778BF88270020F7B50C460190164635
:1024C0001D4658B93249334A334840F2794304F043
:1024D000EFFA40F279412F4804F0E1FA49B92F4967
:1024E0002C4A2D4840F27A4304F0E2FA40F27A4155
:1024F000F1E7EFF31187402383F31288BFF36F8F67
:10250000274801F025FC60B9264A2749224888233C
:1025100004F0CEFA2249254804F0CAFA882121485D
:10252000DAE71F4801F038FC204607F0DCFB55EAEB
:10253000060316D1204601A9FFF740FB04461848C0
:1025400001F014FCE0B9174A194913484FF49A7383
:1025500004F0AEFA1249174804F0AAFA4FF49A713F
:10256000DDE7E368144943F00803E360019BA362DD
:1025700004F1100032462B4601F044FC0124DEE752
:1025800087F31188BFF36F8F204603B0F0BD00BF03
:10259000FB0A0300D40A030097C20200B00B030039
:1025A000B82E002055C50200AEC50200C3C502000A
:1025B00082C5020099C50200991C0200014601482B
:1025C000FFF77ABF8827002038B5044658B9234959
:1025D0002348244A40F29B4304F06AFA214840F21F
:1025E0009B4104F05CFAEFF31185402383F31288DA
:1025F000BFF36F8F1C4801F0ABFB60B91B4A1C494D
:102600001748882304F054FA17491A4804F050FA7E
:1026100088211648E5E7144801F0BEFB204607F084
:1026200062FB204607F075FB04460F4801F09EFB55
:1026300068B90E4A10490A484FF49A7304F038FA00
:1026400009490E4804F034FA4FF49A71E1E785F332
:102650001188BFF36F8F204638BD00BFB00B030059
:1026600097C20200D40A0300B82E002055C502000C
:10267000AEC50200C3C5020082C5020099C50200B2
:10268000F8B50D46044658B93E493F4A3F4840F226
:10269000AC4304F00DFA40F2AC413B4804F0FFF9C2
:1026A00049B93B49384A394840F2AD4304F000FA91
:1026B00040F2AD41F1E707F06FFB48B13549324ACE
:1026C000324840F2AE4304F0F3F940F2AE41E4E7A1
:1026D000EFF31186402383F31288BFF36F8F2E48E8
:1026E00001F036FB60B92D4A2D492848882304F0B3
:1026F000DFF929492B4804F0DBF988212748CDE789
:10270000254801F049FBE36803F01F03002B14BFC9
:102710000127002717D1204801F028FB68B91F4A7C
:1027200021491A484FF49A7304F0C2F91A491F4814
:1027300004F0BEF94FF49A71E0E786F31188BFF315
:102740006F8F3846F8BD204607F0CDFA204607F0D7
:10275000E0FA20462946FFF713FA04460E4801F036
:1027600005FB0028DBD086F31188BFF36F8F002CA8
:10277000E7D04FF0FF324FF0FF3305F10800FFF7CD
:102780006BF8DEE7B00B0300D40A030097C2020027
:102790005C0B0300A0EB0200B82E002055C5020020
:1027A000AEC50200C3C5020082C5020099C5020081
:1027B00008B583684BB90B490B480C4A8D2304F0CC
:1027C00077F90A488D2104F06AF9D0E900321360E4
:1027D0005A60427B0023C0E9003322F002024273B8
:1027E000836008BD8E09030097C202004B090300F5
:1027F0002DE9F8430546EFF31188402787F3128847
:10280000BFF36F8F3B4801F0A3FA60B93A4A3B49E6
:102810003B48882304F04CF936493A4804F048F91B
:102820008821354818E0334801F0B6FAEFF31183F8
:1028300087F31288BFF36F8F83F31188BFF36F8F15
:1028400063B93149314A2E48A42304F031F93048A4
:1028500004F02EF92D48A42104F021F92C68A5429A
:1028600034D09CB32046FFF7A3FF04F1180001F019
:10287000A5FB0026B146C4F87C90204600F09AFAE9
:102880000136EFF3118387F31288BFF36F8F83F361
:102890001188BFF36F8F002BD3D02C68A54210D0C6
:1028A0007CB12046FFF784FF04F1180001F086FB9D
:1028B000E1E788F31188BFF36F8F00263046BDE84B
:1028C000F8830C48414600F0B3FCF7E7094801F0F3
:1028D0004DFA0028EDD1084A0E4909484FF49A7381
:1028E00004F0E6F803490C4804F0E2F84FF49A715A
:1028F00097E700BFBC2E002055C50200AEC5020000
:1029000097C20200C3C50200760903004B09030009
:102910003408030082C5020099C502002DE9F04386
:1029200085B005460F9C0F2C0E461F4645D12E4BF9
:102930009F4246D1073222F007027F321099297355
:1029400005F1580322F03F02C5E9163304210023A4
:102950003F2AC5E90633AB606973AC73EB7306F1CC
:102960004009A2F1400805D883F31188BFF36F8FA7
:10297000084602DFB41821462846EFF775FD0730F8
:102980000E9B20F00700E866C5E9199802930D9B9D
:102990000193241A0C9B009322463B46314628465D
:1029A000F0F720FA00236B65104B9B6803B11B6F97
:1029B0002B67204605B0BDE8F08304F110031E2B01
:1029C000B8D90B4A0B490C4840F2452304F070F883
:1029D0000A4821466FF00F030E2204F069F80448FC
:1029E00040F2452104F05BF8E5100200882E00203B
:1029F000C50B0300E80B030097C20200680C03003C
:102A0000F0B587B0DDE912760446EFF3058575B1C0
:102A100019491A4A1A4840F2D62304F049F81948CD
:102A200004F046F8154840F2D62104F038F8059530
:102A3000109D04950F9D03950E9D02950D9D01958A
:102A40000C9D0095FFF76AFFB6F1FF3F08BFB7F195
:102A5000FF3F05D056EA070305D1204600F0AAFE45
:102A6000204607B0F0BD3A46334604F11800064947
:102A700001F0C8F9F4E700BF100A0300C50B03001A
:102A800097C20200990C03000F9E020040F201134E
:102A900010B583810023C0E91933044601F038FDE5
:102AA000014B9C6010BD00BF882E002038B590F906
:102AB0000D20437B002A014611DA03F07F034373A4
:102AC0001B4B984209D11B491B481C4A562303F053
:102AD000EFFF1A48562103F0E2FF07F068F9184D9E
:102AE0002A46AB6852F8184F944200D004B9EC68FB
:102AF0008B4214D05BB91349134A0F48DA2303F011
:102B0000D7FF124803F0D4FF0F48DA21E3E75A7BDE
:102B1000D20604D1DA897F2A01D9A2692AB1A34257
:102B200002D0204601F088F823466B6138BD00BF13
:102B300088260020E00C030097C20200BE0C0300B0
:102B4000882E00202D0D0300010D03003408030022
:102B500008B583684BB9094909480A4A8D2303F02F
:102B6000A7FF08488D2103F09AFF07F020F9437B67
:102B700023F0020343730023836008BD8E09030022
:102B800097C202004B09030070B590F90D20437BFA
:102B9000002A50DBD9064ED163F07F034373274BE5
:102BA000984209D126492748274A4F2303F080FF3E
:102BB00025484F2103F073FF244C2246E16952F867
:102BC000183F934207D1C0E900210860E06111E09D
:102BD0009942F8D01B68002BF5D090F90E5093F96C
:102BE0000E60B542F4D0AE42F2DD5968C0E9003162
:102BF00008605860A569954200D005B9E568A368EA
:102C00005BB91349134A0F48DA2303F051FF124806
:102C100003F04EFF0F48DA21CCE75A7BD20604D1ED
:102C2000DA897F2A01D9AA6932B1AB4202D028469B
:102C300001F002F8656170BD6361FCE78826002041
:102C4000E00C030097C20200BE0C0300882E002097
:102C50002D0D0300010D03003408030008B5124ACE
:102C6000936880B1597B11F0090F0CD10F49104ABC
:102C70001048D22303F01CFF0F4803F019FF0C4843
:102C8000D22103F00CFF6FF00A01D9670B49986756
:102C90004B6843F080534B60002383F31188BFF3EC
:102CA0006F8F9368D86F08BD882E00207E0D0300BB
:102CB000540D030097C20200E70D030000ED00E091
:102CC00070B590F90D20437B324C002A014610DA92
:102CD00003F07F03A042437309D12F492F4A3048A4
:102CE000562303F0E5FE56212C4803F0D8FE07F0EA
:102CF0005EF84B7BA14263F07F034B7307D12649FB
:102D0000264A27484F2303F0D3FE4F21ECE7254CFA
:102D10002246E06952F8183F934207D1C1E90020EA
:102D20000160E16111E09842F8D01B68002BF5D0FA
:102D300091F90E5093F90E60B542F4D0AE42F2DD37
:102D40005868C1E9003001605960A569A3689542DF
:102D500000D005B9E5688B4214D05BB91249134A1B
:102D60000F48DA2303F0A4FE114803F0A1FE0F4838
:102D7000DA21BAE75A7BD20604D1DA897F2A01D94F
:102D8000AA692AB1AB4202D0284600F055FF2B4673
:102D9000636170BD88260020E00C0300BE0C0300B8
:102DA00097C20200882E00202D0D0300010D0300A4
:102DB0003408030038B50446EFF31185402383F34C
:102DC0001288BFF36F8F174800F0C2FF68B9164A28
:102DD00016491748882303F06BFE1249154803F083
:102DE00067FE8821104803F05AFE0E4800F0D4FF19
:102DF0002046FFF7C9FE0B4800F0B8FF68B90A4A41
:102E00000D490B484FF49A7303F052FE05490B48E5
:102E100003F04EFE4FF49A71E4E785F31188BFF397
:102E20006F8F38BDC02E002055C50200AEC5020010
:102E300097C20200C3C5020082C5020099C5020004
:102E400038B50446EFF31185402383F31288BFF3AE
:102E50006F8F184800F07CFF68B9174A1749184867
:102E6000882303F025FE1349164803F021FE88212C
:102E7000114803F014FE0F4800F08EFFA36813B151
:102E80002046FFF765FE0B4800F070FF68B90A4A5C
:102E90000D490B484FF49A7303F00AFE05490B489D
:102EA00003F006FE4FF49A71E2E785F31188BFF351
:102EB0006F8F38BDC02E002055C50200AEC5020080
:102EC00097C20200C3C5020082C5020099C5020074
:102ED00038B50446EFF31185402383F31288BFF31E
:102EE0006F8F1E4800F034FF68B91D4A1D491E4807
:102EF000882303F0DDFD19491C4803F0D9FD882122
:102F0000174803F0CCFD154800F046FF637B13F033
:102F1000280F0BD1A36813B12046FFF719FE637B7E
:102F200023F0040363732046FFF72EFE0B4800F0E6
:102F30001DFF68B90A4A0E490B484FF49A7303F013
:102F4000B7FD06490B4803F0B3FD4FF49A71D7E77C
:102F500085F31188BFF36F8F38BD00BFC02E0020EE
:102F600055C50200AEC5020097C20200C3C50200EB
:102F700082C5020099C502002DE9F047DFF8D4A010
:102F8000354D364B1746A842DAF808201A60DDE9BD
:102F9000089804460E460BD131493248324A40F275
:102FA000722303F085FD304840F2722103F077FD73
:102FB000EFF31183402383F31288BFF36F8F28460A
:102FC00000F0C6FE60B9294A29492648882303F043
:102FD0006FFD2946274803F06BFD88212348E5E76C
:102FE000284600F0D9FEDAF808503946284606F09F
:102FF000E6FEB8F1FF3F08BFB9F1FF3F06D01E491A
:103000004A46434605F1180000F0FCFE204600F059
:10301000ADFE68B91949154A12484FF4B77303F069
:1030200047FD2146164803F043FD4FF4B771D5E73D
:10303000094800F09BFE40B910490C4A09484FF47A
:10304000B77303F035FD0449ECE73046BDE8F047BF
:10305000FFF704BE882E0020C02E0020C42E0020C2
:103060000F0E030097C20200BE0C030055C50200FC
:10307000AEC50200C3C502000F9E020082C5020059
:1030800099C502002DE9F04104460D46EFF3118782
:10309000402383F31288BFF36F8F584800F058FE27
:1030A00060B9574A57495848882303F001FD5349EE
:1030B000564803F0FDFC8821514818E04F4800F0C5
:1030C0006BFE637B03F01F02002A0CBF0126002663
:1030D0005DD103F07F0363734D4B9C4209D14D4991
:1030E00049484D4A562303F0E3FC4B48562103F070
:1030F000D6FC204606F05BFEDFF82081637B42466B
:1031000063F07F036DB2A573637352F8183F934267
:103110003AD1D8F81C10C4E900210C60C8F81C4052
:103120000FE09942F7D01B68002BF4D093F90E0002
:103130008542F6D0A842F4DD5968C4E900310C603C
:103140005C60D8F81840944200D00CB9D8F80C4014
:10315000D8F808309C4202D0204600F06DFDC8F837
:103160001440264800F002FE00283FD1244A2C4992
:1031700025484FF49A7303F09BFC2049294803F03B
:1031800097FC4FF49A7197E7D8F81C10CCE79B078F
:103190002AD5A16841B924491B48244A8D2303F04C
:1031A00087FC22488D21A2E720466DB206F0FFFD84
:1031B000A5730B68994209D14B68C4E900131C60E0
:1031C0004C60CEE74A689342F6D01B68002BF3D0E0
:1031D00093F90E209542F5D0AA42F3DD5A68C4E96E
:1031E000003214605C60BCE7A573BAE787F311880E
:1031F000BFF36F8F3046BDE8F08100BFC02E0020C6
:1032000055C50200AEC5020097C20200C3C5020048
:1032100088260020E00C0300BE0C0300882E00204E
:1032200082C5020099C502008E0903004B09030004
:1032300070B504460D46F9B9EFF30586E6B91A4BA9
:103240005A699B689A4217D000F090FD78B9174AE6
:10325000174918484FF4B77303F02AFC2146164863
:1032600003F026FC4FF4B771104803F018FC304609
:10327000BDE87040FFF7F2BC204600F077FD68B96A
:103280000A4A0B490B484FF49A7303F011FC21468C
:10329000094803F00DFC4FF49A71E5E785F31188B6
:1032A000BFF36F8F70BD00BF882E002055C5020090
:1032B00082C5020097C2020099C50200034648B9C0
:1032C000EFF3058232B9064A51699268914201D002
:1032D000FFF7C4BC83F31188BFF36F8F704700BF43
:1032E000882E002010B5EFF31184402383F3128859
:1032F000BFF36F8F284800F02BFD60B9274A28499B
:103300002848882303F0D4FB2349274803F0D0FB47
:103310008821224812E0204800F03EFDEFF30583AB
:1033200073B12249224A1F4840F2063303F0C0FB22
:10333000204803F0BDFB40F206311D4803F0AFFB0F
:103340001D4B9A68D37B012B0CD11C49184A154898
:1033500040F2073303F0ACFB164803F0A9FB40F240
:103360000731EAE7013BD3730B4800F0FFFC68B973
:103370000A4A13490B484FF49A7303F099FB064924
:10338000104803F095FB4FF49A71C2E784F311885B
:10339000BFF36F8F10BD00BFC02E002055C50200C7
:1033A000AEC5020097C20200C3C50200100A0300A6
:1033B000BE0C030034080300882E0020480E0300D2
:1033C00082C5020099C5020070B5EFF31186402353
:1033D00083F31288BFF36F8F374800F0B9FC60B9F0
:1033E000364A37493748882303F062FB324936486A
:1033F00003F05EFB8821314813E0344D2E4800F085
:10340000CBFCAB68DA7B72B93149324A2D4840F2C5
:10341000123303F04DFB304803F04AFB40F2123107
:103420002C4803F03CFBEFF3058161B12B49294A9D
:10343000244840F2133303F03BFB274803F038FBEA
:1034400040F21331ECE70132DA732A4652F8184F92
:10345000944200D004B9EC685A7BD20604D1DA89D0
:103460007F2A01D9A2692AB1A34202D0204600F0E6
:10347000E3FB234610486B6100F078FC68B90F4A03
:10348000174910484FF49A7303F012FB0A49154884
:1034900003F00EFB4FF49A71ADE786F31188BFF38A
:1034A0006F8FEFF31180402383F31288BFF36F8F88
:1034B000BDE87040FFF702BFC02E002055C50200D6
:1034C000AEC5020097C20200C3C50200882E0020CC
:1034D000790E0300BE0C030034080300100A030039
:1034E00082C5020099C50200024B03F11802C3E92C
:1034F00006227047882E002070B5EFF3058373B164
:1035000039493A4A3A4840F23E4303F0D1FA394841
:1035100003F0CEFA354840F23E4103F0C0FAEFF333
:103520001186402383F31288BFF36F8F324800F077
:103530000FFC60B9314A32492D48882303F0B8FAAC
:103540002D49304803F0B4FA88212C48E5E72E4C89
:10355000294800F021FCA168E0690B68814214BF92
:103560001A46002249680B605960A368E1692AB9CC
:10357000264AC3E900210B60E3610CE093F90E00D9
:1035800092F90E50A84225D0854223DD5168C3E947
:1035900000210B605360A5691C4B9D4200D005B90A
:1035A000E568A3689D4202D0284600F045FB12481A
:1035B000656100F0DBFB88B9104A15490C484FF4EF
:1035C000B77303F075FA0C49124803F071FA4FF41F
:1035D000B771BAE78A42CBD01268C8E73046BDE877
:1035E0007040FFF73BBB00BF100A0300BE0C030096
:1035F00097C2020034080300C02E002055C5020007
:10360000AEC50200C3C50200882E0020A02E0020F7
:1036100082C5020099C502002DE9F04106460C461C
:10362000EFF3058777B13449344A354840F25643C1
:1036300003F03EFA334803F03BFA304840F256417B
:1036400003F02DFA50EA010304D1FFF755FF0020E3
:10365000BDE8F081EFF31188402383F31288BFF3B4
:103660006F8F294800F074FB60B9284A2849244824
:10367000882303F01DFA2449264803F019FA88210B
:103680002248DDE7244D204800F086FB234BA86844
:103690001860FFF70BFAA868214923463246183014
:1036A00000F0B0FBAA68537B43F004030446537355
:1036B000154800F05BFB68B9144A1A4910484FF4EA
:1036C000B77303F0F5F91049174803F0F1F94FF417
:1036D000B771D5E74046FFF7C1FAAB68D3E90A23D3
:1036E000B3F1004F08BFBA42B1D106F0C9FB201AAE
:1036F00020EAE070ACE700BF100A0300BE0C030034
:1037000097C2020034080300C02E002055C50200F5
:10371000AEC50200C3C50200882E0020C42E0020C2
:103720000F9E020082C5020099C5020070B50446D2
:103730000E46EFF3058575B11A491B4A1B484FF435
:10374000906303F0B5F91A4803F0B2F916484FF444
:10375000906103F0A4F9FFF75FFFB6F1FF3F08BFE8
:10376000B4F1FF3F0246204616D047F6FF704FF4F3
:103770007A7403462946C2FB0431B3F5004F71F158
:1037800000020AD36FF400429A4243F6FF728A4164
:1037900005D3D80B40EA414070BD2846FCE76FF0E6
:1037A0000040F9E7100A0300BE0C030097C20200B4
:1037B0003408030038B50446EFF31185402383F342
:1037C0001288BFF36F8F204800F0C2FA68B91F4A11
:1037D0001F492048882303F06BF91B491E4803F05A
:1037E00067F98821194803F05AF9174800F0D4FA0C
:1037F000637B5B0710D504F1180000F0DFFB637BEF
:1038000023F0040320466373FFF7BEF929460E48F0
:10381000BDE83840FFF70CBD0B4800F0A7FA68B9C7
:103820000A4A0E490B484FF49A7303F041F90649CE
:103830000B4803F03DF94FF49A71D3E785F31188F3
:10384000BFF36F8F38BD00BFC02E002055C50200EA
:10385000AEC5020097C20200C3C5020082C50200C5
:1038600099C50200014B9868704700BF882E002060
:103870002DE9F8430446077BEFF31185402383F3DA
:103880001288BFF36F8F7D4800F062FA68B97C4AF6
:103890007C497D48882303F00BF978497B4803F085
:1038A00007F98821764803F0FAF8744800F074FAB2
:1038B000637B190717D5714800F058FA68B9704A48
:1038C000734971484FF49A7303F0F2F86B497148E9
:1038D00003F0EEF84FF49A71E4E785F31188BFF333
:1038E0006F8FBDE8F883D90943F0080240F0838068
:1038F0006273A36813B12046FFF72AF904F1180098
:1039000000F05CFBA66D04F15808B04511D04FF0F3
:10391000000976B13046FFF71BF906F1180000F0F8
:103920004DFBC6F87C903046FFF72EF9A66DB045EA
:10393000EFD1DFF86481D8F808309C4270D1EFF302
:103940000589B9F1000918BF4FF00109D8F81860CE
:10395000524A964200D00EB9D8F80C60B34202D059
:10396000304600F069F92046C8F8146003F05AFBAD
:10397000B9F1000F02D04A48FFF788F8D8F80830AC
:103980009C4260D1EFF30586002E5CD1237BDA07E1
:103990001FD53A4800F0EAF9002890D085F3118845
:1039A000BFF36F8F86F31188BFF36F8F0423184620
:1039B00002DFEFF31185402383F31288BFF36F8F8B
:1039C0002E4800F0C5F900283FF461AF2B4800F005
:1039D000E3F92A4800F0CAF928BB294A2C492A48A9
:1039E0004FF4B77303F064F824492A4803F060F8F1
:1039F0004FF4B77156E703F07F0343F00803637396
:103A0000284B9C4208D12849284A1F48562303F0D6
:103A10004FF85621254846E7204606F0C8F968E7E2
:103A20004FF0000992E72846FFF718F920491F4A8E
:103A300015484FF4DD7303F03BF81E4803F038F8E7
:103A40004FF4DD71E6E70D4800F090F900283FF4EF
:103A500036AF85F31188BFF36F8FFB077FF541AF5A
:103A6000124A1549084840F2555303F021F82146FF
:103A7000124803F01DF840F25551CBE7C02E00204C
:103A800055C50200AEC5020097C20200C3C50200C0
:103A900082C5020099C50200882E0020A02E0020B9
:103AA0002828002088260020E00C0300BE0C03001C
:103AB000AA0E0300B50E0300D70E0300E20E0300AA
:103AC0002DE9F843064688461746EFF3118940234F
:103AD00083F31288BFF36F8F214800F039F9054650
:103AE00068B9204A20492148882302F0E1FF1C4997
:103AF0001F4802F0DDFF88211A4802F0D0FF184865
:103B000000F04AF93468A6421FD004B32046C4F836
:103B10007C802761FFF71CF804F1180000F04EFAD2
:103B20002046FFF731F80E4800F020F988B90D4A19
:103B300010490E484FF49A7302F0BAFF08490E4834
:103B400002F0B6FF4FF49A71D6E70025EBE7254661
:103B5000E9E789F31188BFF36F8F2846BDE8F88342
:103B6000C02E002055C50200AEC5020097C202005B
:103B7000C3C5020082C5020099C50200D3B5DDE9C4
:103B80000667089CCDE90067FFF7F6F91CB1034B07
:103B90009B681B69236002B0D0BD00BF882E002047
:103BA00008B568B10F4B98420AD303F1180290424E
:103BB00006D2C01A1822B0FBF2F302FB13034BB17A
:103BC00009490A480A4A382302F072FF0848382196
:103BD00002F065FF074BC0105843074B01221A54EF
:103BE00008BD00BFA8280020280F030097C20200CC
:103BF000000F0300ABAAAAAAD5390020C3897F2BE6
:103C000012D80A4B1B6863B1094B90F90E201B6850
:103C10009A4209DB437BDB0606D1064BC31A18BF69
:103C2000012303F0010070470023FAE7F8060020A3
:103C3000C82E00208826002070B50E4B0E4C1E7C2E
:103C400006EB460304EBC3040546204600F0B6F934
:103C50000A4B002228469A55FFF7D0FF48B1084B7F
:103C600008491A68013A2046D317BDE8704000F0B1
:103C7000C9B870BD882E0020A8280020D5390020A2
:103C8000F8060020A13B020038B5EFF31185402370
:103C900083F31288BFF36F8F234800F059F868B997
:103CA000224A23492348882302F002FF1E49224862
:103CB00002F0FEFE88211D4802F0F1FE1A4800F0D5
:103CC0006BF81E4B1E4A9C681068A04213D1FFF788
:103CD000B3FF154800F04AF808BB144A19491548C3
:103CE0004FF49A7302F0E4FE0F49174802F0E0FE29
:103CF0004FF49A71DFE700211B7C1160134AD35CFB
:103D0000002BE6D02046FFF779FF0028E1D0637B47
:103D1000DB0602D12046FEF7D3FF2046D7E785F326
:103D20001188BFF36F8F38BDC02E002055C502002B
:103D3000AEC5020097C20200C3C50200882E002053
:103D4000C42E002082C5020099C50200D53900208A
:103D5000006838B1044B1B7C00F00300C01A18BF88
:103D60000120704701207047882E00200023026840
:103D70000360EFF30581074B19B19968497BC907C7
:103D800006D4197C98680843831A584258417047F2
:103D900001207047882E0020024B1A7C9B68134339
:103DA00003607047882E0020024B1868984208BFB5
:103DB00000207047FC060020034B1B680BB9FBF783
:103DC000A3B80020704700BFCC2E002030B570B1E2
:103DD0000B4B5B6898420AD0036843B1D3E90421D6
:103DE000D0E90445121941EB0501C3E90421D0E9EA
:103DF000003213605A600023C0E9003330BD00BFB9
:103E0000FC060020B3F1FF3F08BFB2F1FF3F2DE9F0
:103E1000F84F04469B4615461F4600F0B280D0F886
:103E20000090B9F1000F0CD05749584A58486F23F9
:103E300002F03EFE574802F03BFE54486F2102F06C
:103E40002EFE8160EFF31188402383F31288BFF3C5
:103E50006F8F5148FFF77CFF824660B94F4A504947
:103E60004B48882302F024FE4B494E4802F020FEC6
:103E700088214A48E3E74848FFF78EFFBBF1000F6F
:103E8000494A1FDBFFF798FF474A0135D2E900177F
:103E90004BF1000B2D184BEBE073C4E904536D1884
:103EA000064643EB0707FFF77FFFDFF800E1DEF888
:103EB00004900346EBB9C4E900E9C9F80040CEF824
:103EC000044028E0D2E900126FF001035B1A4FF0C2
:103ED000FF3161EB02025B1B62EB0B02012B72F103
:103EE0000001BCBF01234A46C4E904324FF0000A76
:103EF000D9E7D3E9041CD4E904208A4270EB0C0B07
:103F00002EDA891A5A686CEB0000C3E90410C4E980
:103F1000003214605C60FFF747FF84420ED1244BEF
:103F20001B685BB9BAF1000F02D1FFF745FF0646E7
:103F3000304605F08EFF0021FAF7B6FF1648FFF76E
:103F400015FFB0B9154A1B4911484FF49A7302F096
:103F5000AFFD1149184802F0ABFD4FF49A7188E7A4
:103F6000521A60EB0C009945C4E90420A3D01B68E9
:103F7000A0E788F31188BFF36F8F28463946BDE864
:103F8000F88F00252F46F8E7FF100300DB10030031
:103F900097C2020034080300D02E002055C502004D
:103FA000AEC50200C3C50200C0280020FC060020E8
:103FB000CC2E002082C5020099C5020070B50446CF
:103FC000EFF31186402383F31288BFF36F8F2348EA
:103FD000FFF7BEFE68B9224A22492348882302F02F
:103FE00067FD1E49214802F063FD88211C4802F04C
:103FF00056FD1A48FFF7D0FE236833B3FFF7D4FE0F
:1040000005462046FFF7E2FE00224FF00043A5429E
:10401000C4E9042306D1FFF7CFFE05F01AFF002103
:10402000FAF742FF00240D48FFF7A0FE80B90C4AC2
:104030000F490D484FF49A7302F03AFD07490D48B5
:1040400002F036FD4FF49A71D0E76FF01504EAE7FD
:1040500086F31188BFF36F8F204670BDD02E0020ED
:1040600055C50200AEC5020097C20200C3C50200DA
:1040700082C5020099C502002DE9F0470446EFF31E
:104080001188402383F31288BFF36F8F4448FFF7F2
:104090005FFE68B9434A44494448882302F008FD5A
:1040A0003F49434802F004FD88213E4802F0F7FCF6
:1040B000DFF800913A48DFF800A1FFF76DFEC9F87C
:1040C0000040FFF771FE002604460027D9F80030B3
:1040D000DAE900C0D91754B1D4E90452AB4271EB0C
:1040E000020E20DAED1A62EB0102C4E9045213EB6E
:1040F0000C034FF0000440EB01012046CAE90031F7
:10410000C9F8004005F0A5FE2146FAF7CDFE244887
:10411000FFF72CFEB0B188F31188BFF36F8FBDE8B5
:10412000F047FFF7B1BD15EB0C0340EBE570CAE9B2
:104130000030C4E904672046FFF748FE1848FFF73F
:1041400015FE68B9174A1D4918484FF49A7302F0D2
:10415000AFFC13491A4802F0ABFC4FF49A71A4E784
:1041600088F31188BFF36F8FA36820469847EFF359
:104170001188402383F31288BFF36F8F0848FFF73D
:10418000E7FD002886D00648FFF706FED9F8003084
:104190005B1BC9F80030FFF707FE044696E700BF37
:1041A000D02E002055C50200AEC5020097C2020005
:1041B000C3C50200CC2E0020C028002082C502000A
:1041C00099C5020070B5EFF31186402383F312887E
:1041D000BFF36F8F1A48FFF7BBFD68B9194A1A4938
:1041E0001A48882302F064FC1549194802F060FC63
:1041F0008821144802F053FC1148FFF7CDFDFFF76A
:10420000DBFD144AD2E90045041945EBE0750C4882
:10421000FFF7ACFD68B90B4A0F490C484FF49A738D
:1042200002F046FC06490D4802F042FC4FF49A7138
:10423000DFE786F31188BFF36F8F2046294670BDF4
:10424000D02E002055C50200AEC5020097C2020064
:10425000C3C50200C028002082C5020099C5020023
:10426000F8B505460E46EFF31187402383F3128815
:10427000BFF36F8F1F48FFF76BFD68B91E4A1F49D8
:104280001F48882302F014FC1A491E4802F010FC53
:104290008821194802F003FC1648FFF77DFD2C68C1
:1042A000A5421CD0D4E9003213605A600023C4E94F
:1042B00000333146204605F02DFE0E48FFF756FD2F
:1042C00078B90D4A10490E484FF49A7302F0F0FB8A
:1042D00008490E4802F0ECFB4FF49A71D9E700242C
:1042E000EBE787F31188BFF36F8F201E18BF012003
:1042F000F8BD00BFD42E002055C50200AEC5020097
:1043000097C20200C3C5020082C5020099C502001F
:1043100070B504460D46EFF31186402383F31288EF
:10432000BFF36F8F2148FFF713FD68B9204A214979
:104330002148882302F0BCFB1C49204802F0B8FB4E
:1043400088211B4802F0ABFB1848FFF725FD2068C9
:10435000E56001218442A16011D11448FFF706FDF8
:10436000E8B9134A164914484FF49A7302F0A0FBB7
:104370000E49144802F09CFB4FF49A71E1E7D0E932
:10438000003213605A600023C0E9003305F0C2FD1B
:10439000314604460548FEF74BFF204670BD86F3C4
:1043A0001188BFF36F8F0024F7E700BFD42E0020E1
:1043B00055C50200AEC5020097C20200C3C5020087
:1043C00082C5020099C502002DE9F84F4F1E0F4229
:1043D00006460D469A460BD02F49304A30481723DF
:1043E00002F066FB2F4802F063FB17212B481CE00C
:1043F000141D4DD241F0040B00F11408EFF31189A4
:10440000402383F31288BFF36F8F4046FFF7A0FC71
:1044100068B9254A25492248882302F049FB4146CC
:10442000234802F045FB88211F4802F038FB404634
:10443000FFF7B2FC224659463046D0470446404674
:10444000FFF794FC68B9184A1A4915484FF49A7353
:1044500002F02EFB4146184802F02AFB4FF49A71F5
:10446000E2E789F31188BFF36F8F8CB144F8046BD6
:104470007DB13C420DD0094A10490948342302F06D
:1044800017FB21460E482A4602F012FB3421ADE705
:1044900000242046BDE8F88F861203006212030054
:1044A00097C20200A112030055C50200AEC502006A
:1044B000C3C5020082C5020099C50200BE120300F6
:1044C000F01203002DE9F04105460E46174605F0AF
:1044D00063FC28B9074B9B681C6F14B9BDE8F081D9
:1044E000054C3B46324629462046BDE8F041FFF7E1
:1044F0006BBF00BF882E0020940700200246024BAD
:1045000002480021FFF760BF7B6A02009407002089
:10451000014B0367704700BF940700200146024A21
:104520000020FFF7CFBF00BF7B6A020001680E4A80
:104530009142034615D1C169A2F11022A2F1EF12F6
:1045400091420ED18268012A0BD8C26812B101696A
:104550008A4206D0586928B19B691B1A58425841B3
:1045600070470120704700BF55AA00FF70B50D4B82
:104570009E68A6B13046FFF7D9FF044678B9F368C4
:104580006BB935690DB9204670BD2846FFF7CEFFDF
:1045900028B9EB68B34202D12E462D69F2E7012417
:1045A000F1E700BFD82E00202DE9F041444B454CE7
:1045B0001B68054620468846984718B100242046C7
:1045C000BDE8F081A4F1140754F8144CFB68DCB189
:1045D000BC68CCB1002D66D0B8F1000F65D008FBE7
:1045E00005F6B6FBF5F5A84561D1311D5FD8B207D8
:1045F00011D026F0030204321C4603E061689142A8
:1046000057D2A469002CF9D12F4B2E481B6898472C
:104610000028D4D0D2E73246EEE7891A232904F1E4
:1046200020051CD80123A360D4E90523AAB1936116
:10463000A3690BB162695A610023C4E905333B6980
:10464000DB0703D5FFF792FF002835D13246002162
:1046500028462C4606F0C1FBD6E7FB60E8E702F1EE
:10466000200C04EB0C032039C3E90110DC6017486F
:104670002169196144F80C00A0F11020A0F1EF109D
:10468000D86101B1CB6061695961A069986141B19C
:104690008B61996901B14B610121C4E90121236159
:1046A000CAE7FB60F5E72C46AEE74446ACE70446B4
:1046B000AAE7A0680028B0D0012001F0E5FD00BF06
:1046C00014070020EC2E00201007002055AA00FF40
:1046D00070B5464B464C1B68054620469847002857
:1046E00040F08280002D43D054F8143CA4F114060D
:1046F000002B3DD0B268002A3AD09D4203D37268A5
:1047000013449D4202D3012001F0BEFDA5F1200417
:104710002046FFF70BFF0028F5D155F8183C012B78
:10472000F1D155F8143C45F8180C3BB39A682ABBF4
:1047300055F81C2C02F120015A680A445A6055E9C8
:1047400005321A6155F8145C2B6903B1DD60202233
:104750000021204606F041FB286910B18368002B38
:104760002ED033699B0703D5FFF700FF0028CAD17D
:10477000204B1F481B68BDE87040184755F8100CC7
:1047800000282AD0836843BB4268636813442033FF
:10479000636003692361D4E905239AB9CBB94369FE
:1047A00063618269A261B3B19C61A36903B15C6179
:1047B000236903B1DC602022002106F00EFBD0E764
:1047C0002C46E1E79361A369002BE8D062695A6146
:1047D000E5E7F360F7E7F460E7E7F36845F8083CDE
:1047E00003B15C61F460BCE770BD00BF140700203A
:1047F000EC2E00201007002038B528220C46054674
:104800000021154806F0E9FA144B15481B68984733
:104810001449154800F038F8232C1CD915F003036F
:104820001FBF043CE418C3F10403ED182246002125
:10483000284606F0D2FA084B0C499D60C3E90054A3
:10484000203C6C609A6811609A68DA60A1F11021CE
:10485000A1F1EF11D16138BDD82E00201C07002036
:10486000EC2E0020D1460200A945020055AA00FF07
:10487000014B1B68184700BF08070020014B1B684D
:10488000184700BF04070020024B1860024B0020AD
:1048900019607047080700200407002010B50A4679
:1048A000044619B1024B00211B68984710BD00BF98
:1048B0000C070020F8B50D4E0D4C0E4D33680E4818
:1048C000984767782B680C48984733680B48984797
:1048D000022F08D12478E31F5C425C412B68074813
:1048E00098472046F8BD0024F8E700BF14070020D1
:1048F000002F002010070020D4070020C007002050
:104900000E4B0340B3F1607F06D1B1F5885F14BF51
:104910006FF0860000207047B3F1707F0BD101F477
:10492000E043B3F5005F06D111F4E06F0CBF6FF008
:104930008600002070476FF0860070470000C07F3F
:104940008A4270B506460D4600F0ED80784922F4A3
:10495000FF7323F001038B4213D022F0FF0001F517
:10496000885188420DD0734C22F47F7121F00301ED
:10497000A14206D07049884203D001F574518B42A0
:104980002CD16E4B25F0FF0199420FD115F0FF009D
:104990000BD06B4B40F00070984240F0C68082EA2A
:1049A0000500FF288CBF0020012070BD654B994297
:1049B000ECD0A3F588539942E8D025F4FF7323F097
:1049C0000103B3F1062FE1D05B488142DED05E499E
:1049D0008B42DBD0A1F584418B42D7D005F0FE435A
:1049E000B3F1A06F13D102F0FE43B3F1A06F40F01A
:1049F000888082EA050333F47E1340F082802E041F
:104A00007FD5C5F30540C2F305429042CAE74F493E
:104A10008D420BD14E4B9A4200F085804D4B22F4D3
:104A20007E10984214BF00200120BEE7B3F1407F02
:104A300067D102F0FE43B3F1407F62D182EA050004
:104A400030F47E145DD131462846FFF759FF002827
:104A50006BD1414B12F47C1103EA020318D0B3F17D
:104A6000607FC2F305413DD13C48D3B243F00073AF
:104A700083423BD003F17E43043B112B01D83848DD
:104A8000C45C15F47C1FC5F3054331D18C42C9E7E2
:104A9000B3F1607F0DD13148D3B243F0007383424C
:104AA0001ED003F17E43043B112BDDD82D49C95C98
:104AB000DAE7B3F1707FE4D106F4E043B3F5005FC9
:104AC00003D1C6F302230121994006F4E043B3F574
:104AD000005FD6D1C6F30226012000FA06F4D0E723
:104AE0001021C1E7B3F1707FCBD1EEE71024C8E706
:104AF00012F47C1F01D1A34215D02C0401D58B42A6
:104B000050E725F0004323F47F03B3F1106F0CD17D
:104B100002F0FE43B3F1106F07D11348104040F08C
:104B20001060A8427EE701203FE700203DE700BF7C
:104B3000000200060004000600090006000300064B
:104B4000FF00000200130006004600060093C004A8
:104B50000013C004000140050000C07F03000002F4
:104B600018130300181303000000FFF62DE9F843A3
:104B7000884617461C4600F013FC054688BBD8F84B
:104B80000060B6F8009009F4E043B3F5804FB368D5
:104B900008BF27F0010737EA03031AD10CB3274BEC
:104BA00024F0FF029A421FD114F0FF0304D0244ADC
:104BB00043F00073934236D0F16822464846FFF72F
:104BC000BFFE074668B9316922464846FFF7B8FE7E
:104BD00090BB6FF084050023C8F80030304600F029
:104BE00013FC2846BDE8F883164B9A42DCD0A3F5A7
:104BF00088539A42D8D024F4FF7323F00103B3F111
:104C0000062FD1D010498A42CED0104A9342CBD041
:104C1000A2F584429342C7D004F0FE43B3F1407F33
:104C200004D12304C8D56FF08605D4E7B3F1A06F93
:104C3000F7D0034B9C42BEE73D46D2E70003000697
:104C4000FF000002001300060009000600460006EF
:104C500070B5114B05461B6810480E469847044630
:104C600018B16FF08F04204670BD6B6933602B7FE5
:104C7000012B04BF02232B77094B18BF30601B6840
:104C8000064818BF6FF0960498470028EBD0002C18
:104C9000E7D06FF09604E6E714070020AC07002089
:104CA0001007002038B500F0FE43B3F1407F044602
:104CB0000D4602D06FF0860038BDFFF721FE0028B8
:104CC000FAD114F47C1F12D0C4F30543032B1370E4
:104CD00022D9284A2240B2F1607F3DD1264AE4B26F
:104CE00044F0007494422BD1102BE5D9E2E7214B1C
:104CF0002340B3F1607F15D11F49E3B243F0007345
:104D00008B4202D110231370D6E703F17E43043B9C
:104D1000112B04D9002313706FF08500CCE71749DD
:104D2000CB5CD3E7B3F1707FF4D101F4E043B3F58A
:104D3000005FEFD1C1F3022101238B40DBB2C5E755
:104D400004F17E44043C112CB4D80D4A125D934208
:104D5000B0D8142BB0D9DFE7B2F1707FAAD105F437
:104D6000E042B2F5005FA5D1C5F302250122AA40B9
:104D7000EDE700BF0000C07F03000002181303002E
:104D8000181303002DE9F341002313604768D0F89E
:104D9000148004460E463846114605F0B9FC054617
:104DA00088B9384605F0B6FC054660B9FFB277B958
:104DB000B8F1000F05D1A36823F0031323F47F4358
:104DC00063B16FF08605284602B0BDE8F0816069E6
:104DD000012105F077FC0028EDD1F2E762884FF65B
:104DE000F8739A4227D8154B15481B6827799847BE
:104DF00010B16FF08F05E6E707B901A8314600F062
:104E000087FA104B05461B680D48984710B1002DD6
:104E1000D9D1EEE7002DD6D10FCCD6F800C066462A
:104E20000FC694E8070086E80700002FCBD1019B4E
:104E3000CCF81430C7E76FF08505C4E714070020ED
:104E4000AC0700201007002010B5044660B1074BE6
:104E500007481B689847204605F0E3F9054B0448CE
:104E60001B68BDE81040184710BD00BF14070020A4
:104E7000AC0700201007002037B50446C0B101A9D7
:104E800000F08EFA044698B9194B1A481B681A4D5F
:104E90009847F0B90198037F032B11D105F023FC4B
:104EA0002B6804461348984728B10CB96FF08F045B
:104EB000204603B030BD002C08BF6FF08704F7E731
:104EC000022B12D1032303770379FF2B08BF6FF066
:104ED0008404019805F007FC2B68002818BF0446DD
:104EE000044898470028E3D0DFE76FF09604F0E726
:104EF00014070020AC070020100700202DE9F04126
:104F00001F4688B01646002203880796CDE9042282
:104F1000054688463A60002E62D0B6F1005F80F008
:104F20009E8023F0FF03B3F5E24F02D0B3F5824F2A
:104F300022D1284605F056F80446002840F0838028
:104F4000EB686BB16A885AB12B8803F44F41B1F515
:104F5000824F05D1DBB2222B37D02DD8122B39D07E
:104F6000424608EB0601002312F8010B914243EA86
:104F70000003F9D1002B33D005AA04A92846FFF776
:104F800001FF0446A0B9049B9B6A63B3049B5A8843
:104F9000069206AA029203F1280201929A6A0092EE
:104FA0005B6A32464146284605F0E6FB044678B384
:104FB0000498FFF749FF46E0273BDBB21B2BCFD815
:104FC000284921FA03F3DB07CAD50732B6EBD20F23
:104FD000C6D205E040F209239A42F6D1402EBFD84E
:104FE0006FF086042FE06B681B0A07D107990498BD
:104FF00005F0D7F804460028C8D0D9E707AB3246F9
:105000004146284605F090FB04460028EED0CFE745
:105010000499069B4A88D2B94B80069A04984FF6A9
:10502000F8739A4218D82B8813B102889A4210D18B
:105030006B8813B142889A420BD13946FFF708FEBC
:1050400004460028B4D1204608B0BDE8F0819A4259
:10505000E3D06FF08604ABE76FF08504A8E76FF04C
:105060008504F0E70102000C38B504460D46FFF751
:1050700021FC30B12A4621460348BDE8384005F0FE
:105080002DBC6FF0880038BD042F002070B51D4E78
:105090001D4C33681D4898472378590744BF23F0B7
:1050A0000403237023789A0705D500F017F92378B5
:1050B00023F002032370164D14482B689847336879
:1050C00014489847637813B1134805F009FC00238E
:1050D0004FF4A87110486370FFF7E0FB2B680D4890
:1050E00098473368094898472378DB0705D505F0CA
:1050F0001AFB237823F0010323702B680348BDE8D3
:105100007040184714070020002F0020C00700201F
:1051100010070020D4070020042F00202DE9F041C3
:10512000FFF7C8FB18B100242046BDE8F081364FD8
:1051300036483B689847044620B16FF08F04FFF76C
:10514000A5FFF1E7324D2B78D80706D405F0E9FA30
:105150002B7843F0010304462B702E4E2B48336806
:10516000984710B1002CE8D0E9E7002CE7D13B6864
:105170002648984704460028DFD12B78990706D4A3
:1051800000F0A4F82B7843F0020304462B70336838
:105190001E4898470028E5D1002CD0D13B681B4819
:1051A00098470028C9D13368184895F80080984777
:1051B0000028C2D13B681848984704460028BCD153
:1051C0006B7843B918F0010F05D0144805F084FB43
:1051D000022304466B7033680F4898470028C1D1FA
:1051E000002CACD13B68094898470028A5D12B7802
:1051F00006485A075CBF43F004032B703368984796
:10520000002890D099E700BF14070020C0070020B5
:10521000002F002010070020D4070020042F0020BA
:1052200038B5074C074B20461B689847064B93F848
:105230008055064B20461B689847284638BD00BF5E
:10524000C007002014070020543000201007002061
:1052500000F140421F2A38B504460D460CD81A4BBF
:105260002C2101FB02331A7F022A02D15A698242A1
:1052700018D06FF08B001FE0012105F023FAE0B198
:10528000114A00201346117F022902D15169A1421F
:1052900005D00130202802F12C02F4D1E9E72C22BC
:1052A00002FB00331A7F022A0AD11A6A511C07D066
:1052B00001321A6200202B6038BD6FF08700FBE7D7
:1052C0006FF09600F8E700BF54300020024B012237
:1052D00083F8802500207047543000202DE9F041EC
:1052E0000A4C002526464FF001080327C4F8208009
:1052F00027772046013504F094FF202D04F12C047B
:10530000F4D1002386F88035BDE8F08154300020C8
:10531000F8B506460F46FFF783FF002835D01E4B31
:10532000002422461D46197FF9B13CB9022905D156
:10533000196A19B91979002918BF1C460132202AA7
:1053400003F12C03EFD114B96FF08C000BE0237F35
:10535000022B04D1236A5A1C1CBF0133236220464E
:1053600004F05FFF10B100240DE01C46237F7BB9E1
:105370000123237736B1094B651BAD105D4305F161
:105380008045356000203C60F8BD6FF08800EAE79A
:105390006FF09600E7E700BF54300020A38B2EBAD1
:1053A000002370B50B6004460D46FFF739FF08B3C4
:1053B000124B13481B689847064618B16FF08F04CC
:1053C000204670BD20462946FFF742FF10F18C0FA2
:1053D0000C4B044607D01B68094898470028EFD0BB
:1053E000002CEDD1EAE72E601B68054898476FF066
:1053F0008704E5E76FF08804E2E700BF14070020A8
:10540000AC0700201007002010B50B4B04461B68AA
:105410000A48984718B16FF08F04204610BD204607
:1054200005F061F9064B04461B68044898470028BC
:10543000F3D0002CF1D1EEE714070020AC070020D8
:105440001007002070B40A4E4568DCB244F00074C6
:10545000B4424FEA152503D035B970BC00F0E2B86C
:105460006FF0850070BC70476FF08600FAE700BFF0
:1054700005000002F7B5089E0D4FF5B2044645F051
:1054800000754868BD424FEA10200AD060B9009606
:1054900004F1080000F092F808B91C23236003B05F
:1054A000F0BD6FF08500FAE76FF08600F7E700BF08
:1054B00005000002F7B5089E0D4FF5B2044645F011
:1054C00000754868BD424FEA10200AD060B90096C6
:1054D00004F1080005F004FB08B91C23236003B0A5
:1054E000F0BD6FF08500FAE76FF08600F7E700BFC8
:1054F000050000022DE9F0414FF6FF749C4228BFE1
:105500001C460D461FFA84F816461AB311B30BB3A6
:10551000124F384604F043FB18B96FF09200BDE813
:10552000F081BB681B6863B90D490E4A0E485D23C4
:1055300001F0BEFA0D4801F0BBFA0A485D2101F006
:10554000AEFA42463146384698470028E5D1E40095
:105550002C60E4E76FF08600E1E700BFF4AF0200E3
:10556000920103005E01030097C20200B201030032
:105570007FB50024C0F848410F4C0094054605F063
:1055800051F9044698B903AB102205F59C760193B6
:105590000092334605F59471284605F056F9044605
:1055A00028B9304605F0CAF9204604B070BD284637
:1055B00005F057F9F8E700BF004440042DE9F04139
:1055C0001E46069B1746154A23F47E139342044653
:1055D0000D461BD10B88B3F5105F17D1A6F1100251
:1055E000102A17D80E4BD340DB0713D54FF4A67201
:1055F000002105F0F2FB022384F84C313A46334691
:1056000029462046BDE8F041FFF7B2BF6FF08500A4
:10561000BDE8F0816FF08600FAE700BF0002C0032A
:10562000010101002DE9F04323F47E16124BDDF851
:105630002C909E42DDE9077CDDE909E815D103885D
:10564000B3F5105F11D1A2F11004102C11D80B4D3D
:1056500025FA04F4E3070CD5CDE90989CDE907CE95
:105660003B46BDE8F04305F012BA6FF08500BDE897
:10567000F0836FF08600FAE70002C0030101010029
:1056800073B50C4611461A462388069EB3F5105F83
:10569000054619D1A2F11004102C12D80C4BE3408E
:1056A000DB070ED50B4B9E420ED1002400942346FF
:1056B00000F03AF985F81C41C5F81861204602B09F
:1056C00070BD6FF08600FAE76FF08500F7E700BF66
:1056D00001010100004440042DE9F04116461F4637
:1056E000D0F818210E4B9A420546884611D1314612
:1056F00000F03AF9069B984204460DD833462846F6
:105700004246394600F03EF9079B00201C60BDE888
:10571000F0816FF08500FAE76FF08900F7E700BFCE
:105720000044400430B58BB0044618220D4604A84E
:10573000002105F052FB4FF41053ADF80C30204619
:105740004FF48073ADF80E30059305F08AF84FF4EE
:1057500094720021204605F040FB0B4B00932A4633
:10576000202303A9204605F05DF850B905F1200378
:1057700004F59474303553F8042B44F8042BAB42F1
:10578000F9D10BB030BD00BF0044400410B5164B3A
:105790008EB01B68044600F59E70984730220021A9
:1057A00002A805F01AFB02A92046FFF7BBFF03463B
:1057B00060B9302302AA01A905F094F8034628B97C
:1057C000019BB3F5C07F04D26FF0930318460EB06F
:1057D00010BD02A9204605F015FA03460028F5D1B0
:1057E0000122C4F83821F1E71C070020F0B5284B4E
:1057F00000F59E768FB004461B6830460F4615466E
:10580000984718B16FF083000FB0F0BDD4F838316D
:10581000002B36D0B5F5803F36D842F21072934255
:1058200015D9302302AA01A905F05CF80028EBD1B4
:10583000019BFF2B02D86FF09300E5E702A92046F9
:1058400005F0E0F90028DFD10123C4F838312B46F8
:105850003A460021204605F080F90028D4D10146BF
:10586000204605F0CFF90028CED1D4F838310133E5
:10587000C4F83831074B30461B6898470028C3D01E
:10588000C0E76FF08800BFE76FF08600BCE700BF9D
:10589000140700201007002010B5044604F0E1FFB3
:1058A000064B04F59E701B6898474FF4A8720021C0
:1058B000204605F092FA002010BD00BF1807002016
:1058C00070B5184E049C4588B34202D06FF0850035
:1058D00070BDEE1DB2EBD60F4FEAD60302D06FF0CB
:1058E0008600F5E7079A934218D8089A1360008853
:1058F00047F212129042E9D1059A5B0001339342BC
:10590000EDD12378042BEAD1B5F5807FDED106985E
:10591000621C00F067F90028DAD0E0E76FF0890038
:10592000D6E700BF00000209F8B5069F04461D46F1
:1059300061B11646AFB9DAF7D3FD002384F81161DF
:1059400084F8103184F8127184F8133145B11022B3
:10595000294604F1F00005F032FA012384F81331EE
:10596000F8BDDAF751FFE8E751B190F8103190F83F
:1059700012210B4402F001029B1A23F00F00704722
:10598000084670472DE9F04F044687B090F81201A1
:1059900094F810910090002B55D0924600F0010829
:1059A000C9F110021E4608EB0203B34204F58077EA
:1059B00000F2C4800D46002A40F0B380009B002B0B
:1059C0006AD194F8133104F1F009C846002B40F075
:1059D000C18094F81131224639464846DAF72CFC4A
:1059E0000F2E40F2CE80A6F1100323F00F031033E8
:1059F000019305EB030BD04694F813C110234146E5
:105A00004A463846BCF1000F20D0DBF72FF91022B0
:105A10004946284605F0D3F9103594F8113122464D
:105A200039464846DAF708FC5D4508F11008E3D12D
:105A300016F00F0621D184F81061C84610224146A5
:105A4000584605F0BCF907B0BDE8F08F102205F00C
:105A5000B6F910224946284605F0B1F9103594F8F8
:105A60001131224639464846DAF7E6FBAB4508F1E4
:105A70001008C1D116F00F06DDD0019B9A445146A3
:105A80003846324605F09BF9009B84F81061002BE4
:105A90007DD00DF10808D1E794F81131224639463E
:105AA00002A8DAF75FFD94F81331002B5BD1B8F14F
:105AB000000F0CBF4FF010094FF011094E4529D3CC
:105AC00004F1F00801E04E4524D351461022384637
:105AD000924405F074F9102202A9284605F06FF9E6
:105AE00094F811312246394602A8DAF73BFD94F8C2
:105AF0001331103E1035002BE5D002A9084642466E
:105B00001023DBF7B3F810223946404605F057F969
:105B10004E45DAD22EBB84F81061AB460DF1080871
:105B20008CE7514607EB0900924405F048F9009BC9
:105B3000103E4E44002B3FF444AFADE707EB0900A5
:105B40005146324605F03BF9B14484F8109107B054
:105B5000BDE8F08F10234A4639463846DBF786F811
:105B600037E7AB468BE702A904F1F0094A4608463D
:105B70001023DBF77BF848461022394605F01FF961
:105B800095E7002EEDD184F81061AB4656E704F19D
:105B9000F00952E700B589B00146684600F03CF8CC
:105BA00009B05DF804FB00BF00B591B0014668463E
:105BB00000F06AF911B05DF804FB00BF30B599B090
:105BC0000546684600F028F86946044608A800F033
:105BD00053FA08A90443284600F08AF9204619B070
:105BE00030BD00BF70B598B005466846164600F057
:105BF00013F83146044608A800F046F908A96A4699
:105C00000443084600F082F908A90443284600F03E
:105C10006DF9204618B070BD70B50B68124E1BBAF6
:105C2000C3614B681BBA83618B681BBA4361CB6845
:105C30001BBA03610B691BBAC3604B691BBA836053
:105C40008B691BBA4360CB691BBA324603600146BD
:105C50000446DAF7FBFD3146054602462046DAF7F0
:105C600015FE681E70BD00BF88BB02002DE9F04123
:105C700088B00C46064602F12001684606F120076E
:105C80009046DBF7DDF86A4669466846DAF7FAFFC0
:105C900069463846DBF7D4F83A463946384604F1C7
:105CA0002005DAF7EFFF6A4669466846DAF7EAFF49
:105CB00041462846DBF7C4F86A4641463046DBF7E2
:105CC000A7F82A4629466846DAF7DCFF2A466946DD
:105CD0006846DAF7D7FF124A69466846DAF7D2FF14
:105CE00069462046DBF7ACF8324621462046DBF712
:105CF00007F8324621462046DBF702F822463146B5
:105D00002846DAF7FDFF6A4629462846DBF780F881
:105D10003A4629462846DAF7F3FF08B0BDE8F08195
:105D200068BC0200F0B599B004460D460A4601462B
:105D30006846DAF7E5FF69466846DBF781F86A46A8
:105D4000214608A805F1200604F12007DBF760F8DA
:105D50006A4629466846DBF75BF83246394610A8A2
:105D6000DAF790FF324639463046DAF7C9FF314656
:105D70002846DBF765F86A4608A92046DAF782FF6D
:105D8000224629462846DAF7BBFF6A4608A9684634
:105D9000DAF7B6FF6A4639463846DBF739F82A465D
:105DA00008A96846DAF7ACFF6A4631463046DBF7A9
:105DB0002FF83A4631463046DAF7A2FF10A9684676
:105DC000DBF73EF8224669462046DAF799FF08A934
:105DD00022460846DAF794FF10A908AA0846DBF71E
:105DE00017F83A4610A93846DAF78AFF19B0F0BD1D
:105DF0002DE9F04188B00C46054690460A4601461A
:105E00006846DAF77DFF69466846DBF719F86A46A7
:105E10002946284604F12006DAF7FAFF05F12007A3
:105E20006A4621466846DAF7F3FF3246394630467D
:105E3000DAF766FF31462046DBF702F82A462146AC
:105E40002046DAF75DFF6A4621462046DAF758FF1A
:105E50006A4629464046DAF753FF424639463846F5
:105E6000DAF7D6FF224629466846DAF749FF6A463E
:105E700031463046DAF7CCFF3A4631463046DAF75B
:105E80003FFF08B0BDE8F08170B500F1200690B08A
:105E90000D46044600F014F905F12001304600F0EB
:105EA0000FF9214608A8DAF7CBFF08A908460D4AE2
:105EB000DAF7E8FE08A922460846DAF7A9FF08A99A
:105EC000094A0846DAF7DEFE31466846DAF7B8FFD7
:105ED000202269460DEB0200DAF7A6FE013810B069
:105EE00070BD00BF68BC020048BC020000F002B9EF
:105EF00038B504460D4600F0FDF805F1200104F127
:105F00002000BDE8384000F0F5B800BF2DE9F047AB
:105F10001346B8B0544A89468046194610A8DAF7A5
:105F200095FC5249024610A8DAF7B0FC179E4E497C
:105F300000EAD6760746C6F1010210A8DAF7A6FCF9
:105F4000179B4A466FEA030A28A918A8FFF78EFE96
:105F50004FEADA7A20A9CAF10102084600F092F865
:105F6000C7F10107FE246A4618A928A8FFF740FFD9
:105F7000631138AA02EB830304F01F0253F8A03C1C
:105F8000D340554603F0010A8AEA05052A4628A9A6
:105F900018A8DAF7D7FC2A4630A920A8DAF7D2FCED
:105FA000013C28A918A8FFF7BDFE631CDBD1CAF18C
:105FB000010220A908A800F065F886EA0A066A46E8
:105FC00018A928A8FFF714FF28A9324618A8DAF75D
:105FD000B9FC324630A920A8DAF7B4FC08A96A4611
:105FE0000846DAF715FF08A9084600F09DF808A949
:105FF00008F1200409F120020846DAF709FF20A978
:1060000008AA2046DAF704FF08AA18A96846DAF7B2
:10601000FFFE69466846DAF713FF18AA694608A822
:10602000DAF7F6FE21466846DAF70AFF08AA69465B
:106030001046DAF765FE0E4A08A96846DAF760FEF0
:1060400020462021DAF704FE08A9024644426846A9
:10605000DAF778FC4046074A6946DAF7D9FE3C434E
:10606000204638B0BDE8F087C8BB0200E8BB02009C
:1060700048BC0200A8BB02000A460149FFF746BF20
:1060800008BC020070B588B004460D4616460021D3
:106090002022684604F0A1FE002329462022204643
:1060A000009304F08CFE2A4669466846DAF728FE1B
:1060B000324669462046DAF745FC08B070BD00BF9D
:1060C0000B681BBAC3614B681BBA83618B681BBA30
:1060D0004361CB681BBA03610B691BBAC3604B6990
:1060E0001BBA83608B691BBA4360CB691BBA036020
:1060F000704700BFCB691BBA03608B691BBA436052
:106100004B691BBA83600B691BBAC360CB681BBAAF
:1061100003618B681BBA43614B681BBA83610B68D0
:106120001BBAC361704700BF70B598B00D460646F4
:1061300010A8DAF785FE2A4610A96846DAF768FE45
:10614000694610A8DAF77CFE10A90846DAF778FE4F
:106150006A4610A908A8DAF75BFE08A910A8DAF7C2
:106160006FFE10A90846DAF76BFE10A90846DAF7A9
:1061700067FE10A90846DAF763FE10A908AA0846C8
:10618000DAF746FE10A90846DAF75AFE10A90846C3
:10619000DAF756FE10A96A4608A8DAF739FE052490
:1061A00008A910A8DAF74CFE10A90846DAF748FE4D
:1061B000013C10A9F5D108AA0846DAF729FE052402
:1061C00010A90846DAF73CFE10A90846DAF738FEAF
:1061D000013CF5D110A908AA0846DAF719FE10A962
:1061E00008A8DAF72DFE08A90846DAF729FE08A95B
:1061F0006A466846DAF70CFE1024694610A8DAF7FA
:106200001FFE10A90846DAF71BFE013C10A9F5D1C4
:106210002A460846DAF7FCFD402410A90846DAF7BA
:106220000FFE10A90846DAF70BFE013CF5D110A9C4
:106230006A460846DAF7ECFD102410A90846DAF79A
:10624000FFFD10A90846DAF7FBFD013CF5D110A9C6
:106250006A460846DAF7DCFD102410A90846DAF78A
:10626000EFFD10A90846DAF7EBFD013CF5D110A9C6
:1062700008AA0846DAF7CCFD2A4610A93046DAF714
:10628000C7FD18B070BD00BF08B5054B044613B17B
:106290000021AFF3008000F0ADFA2046EDF726F8BC
:1062A00000000000F8B50E4B1D68AB789B07064652
:1062B00012D56F6816F8014B29462CB90A20B84749
:1062C000002805DB204609E02046B8470028F1DA1F
:1062D000AB7843F00403AB704FF0FF30F8BD00BF64
:1062E00054B602000CB430B589B005460C461C22E9
:1062F000002101A804F071FD02238DF806300E4B39
:106300000293059523462CB1B4F1004F28BF4FF0FE
:106310000043013B1D440DAA0C99069501A800926B
:1063200000F00CF814B1059B00221A7009B0BDE80A
:10633000304002B0704700BFF1AE02002DE9F04FCF
:106340008DB043680293837815469A07804640F1E2
:106350000D8100240E78002E00F00A81252E0BD02E
:106360004B1C03930134029B41463046984700285A
:10637000C0F2F6800399EDE74E788B1C252E03932F
:10638000F0D00027B946BB46BBF11F0F38D8A6F1A5
:106390002003102B0AD8DFE803F02A090930090985
:1063A000092109090928092D09091F00A6F130034F
:1063B000092B33D92A2E37D11BF0400F55F8043B57
:1063C00040F08280002BA7BF4BF0200B9946C3F111
:1063D00000094BF0280B01E04BF0010B039B13F875
:1063E000016B0393002ECFD130E04BF0020B4BF04A
:1063F000040BF3E74BF0080BF0E74BF0100BEDE765
:10640000BBF17F0F19D8A6F13003092BD2D81BF0AE
:10641000400F03D00A2101FB0737DFE70A2101FB08
:1064200009394BF0200BD9E72E2E06D11BF0400F77
:1064300040F09E804BF0400BD0E76C2E31D02BD833
:10644000682E36D06A2E3CD04C2E3AD0002F46F023
:106450002003B8BF2BF04002A3F16501BCBF1FFAB7
:1064600082FB0027022901D9612B2FD1073525F0A6
:106470000705DFF8ACA2083507271BF0080F66D028
:106480000AEB070B56465E4563D1A4EB0A0A06EBFE
:106490000A02A9EB07096FE1742E9FD07A2E9DD0D6
:1064A000D4E71BF0800F18BF4BF4007B4BF0800B40
:1064B00094E71BF4807F18BF4BF4007B4BF4807B88
:1064C0008CE74BF4207B89E71F4687E7A6F1630141
:1064D000122900F2F080DFE811F013004F00EE0007
:1064E000EE00EE00EE004F00EE00EE00EE00EE00DB
:1064F000EE00FE00E900EE00EE001B00EE00AF0033
:1065000055F8043B8DF8183001270DF1180AB4E74F
:1065100055F804AB834BBAF1000F08BF9A461BF045
:10652000400F14BF39464FF0FF31504604F07DFC58
:106530000746A2E7029B41462020984700280FDB30
:10654000013EB742F6D34C44A41BB14698E74E46F1
:10655000F7E716F8010B029B41469847002892DAAC
:1065600098F8023043F0040388F802304FF0FF340B
:1065700020460DB0BDE8F08F1BF0800F34D01BF427
:10658000007F2CD0073525F00705AA4669685AF820
:10659000080B2BF010050029ADB237DA404261EB51
:1065A000410145F480650DF1180B0A235A4604F0A9
:1065B00048FCA0EB0B0301936B0662D5019B25F011
:1065C00001019F4289B240F3A180002E00F0998022
:1065D00015F0100240F09C80BB460D4623E0AA4611
:1065E0005AF8040BC117D4E7AA461BF4807F5AF867
:1065F000041B01D10846F5E71BF4007F15BF48B224
:1066000008B241F3C01141F3C031C2E750EA0103BF
:10661000C9D11BF0400FC6D0002FC4D12BF01102FE
:1066200095B2BB46019740F2064115EA01021CBF34
:106630000BF1010B00222CE02BF010021FFA82FB61
:106640000A231BF0800C49D01BF400711DBF0735D5
:1066500025F00705AA46AA461ABF5AF8080B69682A
:106660005AF8040B50EA010545D12BF016051BF032
:10667000400FADB242D0002F40D12BF0170295B29F
:10668000019715F0100248D0019B002E42D103F172
:10669000010B29075AD4EB0706D5D9456FDD0199BF
:1066A000A9EB0B035F18CB465B4649E04BF0100BA0
:1066B00010237826C5E7782B04D1C6F1780343F080
:1066C0001003BEE7029B4146252098470028FFF6AD
:1066D00047AF023447E608230026B2E7AA461BF478
:1066E00080715AF8040BBDD01BF400711ABFC0B200
:1066F000614680B2B6E72BF0060295B20DF1180B99
:1067000054E725F01105ADB2BB468CE70D46B8E75E
:106710003B460D4603F1020BBBE7DDF804B082E710
:106720004C13030045130300CDE904324146029B9C
:10673000202098470028FFF613AF049B059A0133E9
:106740009945F1DCA4EB0B01CC189B460AB3029BE4
:106750004146302098470028FFF602AF8EB9013439
:106760002744019B391B994224DC1D465DBB019ADD
:10677000A9EB0B09224455461446914435E0019F8C
:1067800092E7023441463046029B98470028E7DAF8
:10679000E6E640F206410D42E2D015F0020F14BFCA
:1067A0002B20202015F4806F04F10104414618BF0E
:1067B0002D20E9E7029B414630209847002804F14C
:1067C0000104CEDACCE606AB013D4146585D029BA2
:1067D00098470028CADAC3E6029B41462020984722
:1067E000002804F10104FFF6BBAEA9EB0403002B63
:1067F000F2DCBFE538B5074D074C641BA41024B983
:10680000064B0BB1AFF3008038BD013C55F8243086
:106810009847F4E7000000000000000000000000BE
:1068200070477FB50BAB059303930A9B029300233C
:10683000CDE900331846EAF787FD07B05DF804FBA1
:10684000E9F7F0B900EBC100408840087047F8B59F
:106850000346FFF7F7FFB0FA80F0C0F11F0003EB2B
:10686000800CCA00DCF81060171D0C4606328DB291
:1068700056B9012101FA00F0D9680143D960CCF87A
:106880001040DD539D52F8BDF1000431585AD853E1
:1068900003EBC0009E52C5805D52F4E710B500EBDB
:1068A000C104E388994202F104010AD1012303FAE9
:1068B00002F2C36823EA0203C360002340F82130D8
:1068C00010BDA28840F8213000EBC20100EBC300EC
:1068D000CB808280F4E708B50346FFF7B3FFB0FA38
:1068E00080F2C2F11F021846BDE80840FFF7D6BF8C
:1068F0002DE9F843B1FA81F5C5F11F0900EB8908CC
:106900000346D8F810200E46C2B10327D8F810402D
:1069100018462146FFF796FFB04206D34A4618466E
:10692000FFF7BCFF2046BDE8F88303EBC404013F3A
:10693000E088C8F8100001D08242E7D1C5F12002FA
:106940004FF0FF349440DA681440EBD094FAA4F28C
:10695000B2FA82F2111D53F821402146DFE738B523
:106960000346FFF76FFF0D46044611461846FFF732
:1069700069FF03EBC5050444600068801846FFF713
:1069800061FF014423F8314038BD38B50346FFF7B5
:1069900059FF0C46A51A511A03EBC40405444800DC
:1069A000608003EBC2006C00448023F8321018466C
:1069B0001146FFF747FF014423F8315038BD38B581
:1069C0000546FFF73FFF0C46014405EBC1035B881A
:1069D000DA070AD42846FFF77EFF21462846FFF74C
:1069E00031FF22182846FFF7BAFF35F83410611A34
:1069F00005EBC1035B88DB070CD42846FFF76BFF70
:106A000035F834102246611A2846FFF7A8FF35F8FA
:106A10003430E41A21462846BDE83840FFF717BF56
:106A200070B5056809B9002070BD01F007030B338C
:106A3000CC0804EBD304AB689C4228BF1C4621461B
:106A40002846FFF755FF06460028ECD001462846A9
:106A5000FFF7F8FEA04207D932192846FFF795FF45
:106A600011462846FFF7F3FE05EBC6021046538891
:106A700043F0010353800430D6E71146FFF7D0BF3F
:106A8000002070470FB407B504A951F8040B019119
:106A9000EAF708F803B05DF804EB04B07047002390
:106AA00083F31188BFF36F8F0423184602DF70470A
:106AB0000FB407B504A951F8040B0191E9F7F2FFEF
:106AC00003B05DF804EB04B07047838B13F0070349
:106AD00005D10368002B0CBF002003207047022B58
:106AE00005D1C08BB0FA80F0400980007047012BBF
:106AF00005D10368002B0CBF002005207047002043
:106B0000704710B50C4600B111B96FF0150010BDFB
:106B1000081D00F02FF80028F9D1A368032BF6D93F
:106B2000F3E72DE9F0410D4607461946281D90462A
:106B30001E46EAF789FA044638B1334642462946EA
:106B40003846A446BDE8F0416047BDE8F08138B55D
:106B50000C46054658B151B10B6843B14B6833B18F
:106B60002022002104F039F92C61002038BD6FF09B
:106B70001500FBE7034640B1426802F00302022A17
:106B800006D0032A04D0012A05D06FF01500704703
:106B90001A68002AF9D000209860704770470020DA
:106BA000704702F0ACBD0346BFF35B8F53E8000FA4
:106BB000421C43E800210029F8D1BFF35B8F7047E6
:106BC00008B500210846EAF76BFA002008BD7047B7
:106BD0004368DA7143681960436801225A71FFF70C
:106BE000F6BF70B50E4615461946044618B9BDE8FD
:106BF0007040EAF75DBB33B1C2F34A231030120D87
:106C0000184404F0DCF8C4E900562046BDE87040A2
:106C1000EAF766BB7FB50BAB059303930A9B029320
:106C20000023CDE9003302221846EAF78DFB07B0B6
:106C30005DF804FB0020EAF703BC034610B50846E4
:106C40000AB10021116053B1D0B1411E11F8010FFA
:106C500080B113F8014BA04201D13D28F6D10020AC
:106C60000EE0013313600AE03D2808D0B0FA80F04E
:106C7000400905E018782F28F6D1002AF1D101202B
:106C800010BD70B50446D0F83401A8B1451E0026E9
:106C9000AE4201DD00200FE0721902EBD2725210F9
:106CA000D01CC30004EBC0000089884201D2561CEE
:106CB000EEE702D80433E01870BD551EE8E7002364
:106CC00010B50446C0F83431D4F8500110B9C4F8F6
:106CD000580110BDD4F854210368C4F850319042D3
:106CE00008BFC4F8543103F058F9EDE710B5034676
:106CF000BFF35B8F53E8000F00EA010243E8002472
:106D0000002CF7D1BFF35B8F10BD7FB50BAB0593A4
:106D100003930A9B02930023CDE900331846EAF758
:106D200013FB07B05DF804FB70B504460D46FFF792
:106D3000C6FF6FF0010104F59C70FFF7D7FFD4F890
:106D40005C319B682BB1626820682946BDE87040C1
:106D5000184770BD10B50446FFF7B1FF6FF0010191
:106D600004F59C70FFF7C2FFD4F85C315B6823B177
:106D7000D4E90001BDE81040184710BD37B54FF405
:106D800020530168ADF802300546002468468DF8AE
:106D9000004000F014FA18B92868083803B030BD74
:106DA00042F6010329688DF8044001A8ADF80630C9
:106DB00000F005FA0028EFD02046EFE737B542F69D
:106DC00003030168ADF806300546002401A88DF8DC
:106DD000044000F0F4F918B92868083803B030BD51
:106DE0002046FBE7006870471C307047F7B500F19C
:106DF0001C0531B1A94203D20025284603B0F0BDDD
:106E00000D46D0F8343100EBC30000F11C0400261D
:106E100042F603070835AC42EED929688DF80460C4
:106E200001A8ADF8067000F0CAF90028F2D1E4E735
:106E3000034600F11C0219B1914202D200207047B2
:106E40001146D3F8342103EBC20301F108001C33CF
:106E5000984228BF0020704713B5FFF7E9FF0446AA
:106E600018B90024204602B010BD002301688DF837
:106E7000043001A842F60303ADF8063000F09FF994
:106E80000028EFD1EDE770B5054616460C462146C1
:106E90002846FFF7E1FF044628B12168304600F09C
:106EA0008EF90028F3D1204670BD38B500F59C75E9
:106EB00004466FF002012846FFF718FF83070DD53F
:106EC00004F5B270FBF7F8F82046FFF7F8FE6FF014
:106ED00001012846FFF70AFF002038BD6FF0770058
:106EE000FBE710B5044608462378052B06D8032B8C
:106EF0000ED8023B012B06D9012010BD063B012B09
:106F0000FAD8022200E000222146EAF77FFEF3E7EA
:106F10000122F9E7EFF73CBB7FB50BAB0593039379
:106F20000A9B02930023CDE9003301221846EAF7B9
:106F30000BFA07B05DF804FB10B50C461146A4F13E
:106F400010001A4699B92181A4F10C03BFF35B8F9D
:106F500053E8001F21F0020143E80012002AF7D194
:106F6000BFF35B8F236B03B19847002010BDA36A6A
:106F700013B1BDE8104018470120F7E730B50246CD
:106F8000B8B1B1B1BFF35B8F043050E8003F43F0BC
:106F9000010440E80045002DF7D1BFF35B8F13F0EB
:106FA000010009D10B6893634B68D3638B6813644A
:106FB00030BD6FF01500FBE76FF07700F8E703F0E6
:106FC0000CBF03F0FCBE7FB50BAB059303930A9B8C
:106FD00002930023CDE9003301221846EAF7B4F901
:106FE00007B05DF804FB01460068EBF7D7B908B5B8
:106FF000EBF736FABDE80840EBF756BA7FB50BABB6
:10700000059303930A9B02930023CDE900330122E9
:107010001846EAF799F907B05DF804FB0021012052
:10702000EBF7BCB96FF08500704761B662B680F3CC
:107030001188BFF36F8F704772B6002383F31188F6
:10704000BFF36F8FBFF34F8F30BF62B6BFF36F8F49
:10705000704772B6002383F31188BFF36F8FBFF3BD
:107060004F8F20BF80F31188BFF36F8F62B67047D8
:10707000202809D9B0F1004F08D80138B0FA80F0C3
:10708000C0F11F0040007047082070473E20704745
:107090007FB50BAB059303930A9B02930023CDE9C5
:1070A000003301221846EAF74FF907B05DF804FBF8
:1070B00008B5ECF723F9002008BD7047C16A89685C
:1070C000ECF7A2B992B281600160C2808280704701
:1070D00003680B6043684B6083688B60704710B532
:1070E0000C460121ECF71AFC047010BD10B50368C2
:1070F0001C780121ECF732FC204610BD10B5036866
:107100001C880221ECF72AFC204610BD026880682A
:10711000101A70478388C2888168D21A03685B1A84
:10712000D01A704738B50D4614461146ECF752FC9C
:1071300022462946BDE8384003F041BE10B50C4652
:107140000121ECF747FC047010BD10B50C4602217C
:10715000ECF740FC0470240A447010BD30B585B0D3
:1071600014460A888B78ADF8002005460D220021D0
:107170000DF103008DF8023003F02FFE6A466946D8
:10718000284602F059FB28B9BDF800209DF80230CE
:107190002280A37005B030BD13B50C4601AA03319F
:1071A000FFF7DCFF48B9032201A9204603F01DFECA
:1071B000B0FA80F0400902B010BD0020FBE710B526
:1071C0000C46017822788A428AB00FD06946ECF7E3
:1071D000D5FC05A92046ECF7D1FC10220DF11501D4
:1071E0000DF1010003F001FE0AB010BD012A06D026
:1071F000022A07D072B940886388C01AF4E7406851
:107200006368FAE71022611C01300AB0BDE8104043
:1072100003F0EBBD6FF01500E6E7042A0AD0102A50
:107220000DD0022A4FF0000315D103700B88438064
:1072300001207047012303700B684360F8E70223C5
:1072400000F8013B01F1100351F8042B40F8042B26
:107250009942F9D1ECE718467047012310B5062191
:10726000044600F8013BF8F7DBFB18B9A37963F09B
:107270003F03A37110BD0B6803608B8883808B79FB
:107280008371037823F00203037070470078C0F322
:107290004000704738B50446807AECF765F86169BC
:1072A000054649B1637ADB0704D4C36A1B682046EC
:1072B0009B6898470023636121462846BDE8384013
:1072C00002F0E7BC438A23B9C068B0FA80F04009F5
:1072D000704700207047D0F8A03083B15A7BD107A7
:1072E0000DD5D2060DD51B7B102B14BF0323042311
:1072F0004372807A98428CBF00200120704702239D
:10730000F6E70323F4E70F2807D80D280BD8052844
:1073100008BF032018BF02207047132803D01A2883
:1073200008BF0120F6E701207047704710B50346FB
:10733000BFF35B8F53E8000F40EA010243E80024EB
:10734000002CF7D1BFF35B8F10BD0B6803608B88F7
:1073500083808B79837170477FB50BAB0593039363
:107360000A9B02930023CDE900331846E9F7ECFFAE
:1073700007B05DF804FBBFF35B8F50E8003F0B40A4
:1073800040E80032002AF8D1BFF35B8F70477047A6
:10739000C0F307231070000E5370D0700023C1F3A8
:1073A0000720090E9370137150719371D17170475A
:1073B0000020704710B503884288934219D8052BE6
:1073C00017D9B2F5486F14D88388B3F5FA7F10D275
:1073D000C088A0F10A0189B240F67644A14208D8DB
:1073E00001339BB25343B3EB800F34BF0120002025
:1073F00010BD0020FCE70020704708B5F6F736FA0C
:1074000018B1C089003818BF012008BDEDF782BF50
:1074100070B506460D464FF0FF304FF0FF31EDF7E7
:1074200077FA044668B103210C30ECF7D3FA0680F2
:10743000857021460022BDE8704040F20640EDF71D
:10744000C7BD6FF0680070BDC368187808B1EDF76C
:10745000BDBF1846EEF74EB838B54FF0FF310546C0
:107460004FF0FF30EDF754FA044668B102210C30BA
:10747000ECF7B0FA2B88038021460022BDE83840A3
:1074800042F21600EDF7A4BD6FF0680038BDF8B504
:1074900007460E464FF0FF304FF0FF311546EDF72F
:1074A00037FA044678B106210C30ECF793FA3B88A2
:1074B00003804680858021460022BDE8F84042F2E4
:1074C0002200EDF785BD6FF06800F8BD2DE9F047AB
:1074D000814688464FF0FF304FF0FF319DF820A0E5
:1074E00017461E46EDF714FA0546A0B107210C30E9
:1074F000ECF770FAB9F80030038080F80280C770AA
:107500000671A0F805A029460022BDE8F04742F226
:107510003200EDF75DBD6FF06800BDE8F08708B59B
:1075200000200021EDF7DEFC18B1BDE80840EDF7C2
:1075300089BBBDE80840F0F72BB808B5072203F077
:1075400054FCB0FA80F0400908BD0B6803608B88DA
:1075500083808B7983717047BFF35B8F0068BFF3C3
:107560005B8F7047F8B50F46144638BB4FF0FF30BD
:107570004FF0FF31EDF7CCF9054610B327210C3061
:10758000ECF728FA3946FFF7E0FF06462246C31D0E
:1075900004F1100152F8040B43F8040B8A42F9D1AC
:1075A0001022002106F1170003F017FC29460022E3
:1075B000BDE8F84042F22700EDF70ABD6FF0150074
:1075C000F8BD6FF06800FBE7037A5B07024605D55C
:1075D00001462A3211F8010BFFF7C4BF70477FB58F
:1075E0000BAB059303930A9B02930023CDE9003371
:1075F0001846E9F7A9FE07B05DF804FB38B54FF06F
:10760000FF3105464FF0FF30EDF782F9044658B1DF
:1076100029460C30FFF792FD21460022BDE8384094
:1076200042F22D00EDF7D4BC6FF0680038BD70B5A4
:10763000044686B00E4601300131FFF77EFF2A3442
:10764000162200210546684603F0C7FB1022694652
:10765000204603F0CAFB40B1102206F12A01204661
:1076600003F0C3FB002808BF0125284606B070BD03
:1076700010B50C4630B919B1F6F7A6F800B1441CA4
:10768000204610BD0024FBE707B580B906216846F7
:10769000F8F7C6F940B99DF80530684603F03F0396
:1076A0008DF80530EEF7C2F803B05DF804FB6FF01B
:1076B0001500F9E701207047037AD90704D523F0B4
:1076C00001030372EEF786B9990704D523F002038C
:1076D0000372EEF74FBA704710B50C4631B1002077
:1076E000FFF7D2FF08B90123237010BD6FF015001A
:1076F000FBE7BFF35B8F0068BFF35B8F70477FB51D
:107700000BAB059303930A9B02930023CDE900334F
:107710001846E9F719FE07B05DF804FB032808B521
:1077200001D0EEF783FCBDE80840EEF797BC036894
:10773000D90444BF43F48063036003689A0444BFE0
:1077400043F40063036070477FB50BAB059303936D
:107750000A9B02930023CDE900331846E9F7F4FDB4
:1077600007B05DF804FB00230B60436813B9C0E960
:1077700000117047196041607047D0F8B0000038C0
:1077800018BF01207047BFF35B8F0068BFF35B8FAA
:1077900070477FB50BAB059303930A9B02930023BD
:1077A000CDE900331846E9F7CFFD07B05DF804FBDB
:1077B0002438EFF761BA036800220BB91846704706
:1077C0008B4210D10B6842B942680360914200D1EC
:1077D000436000230B6001207047136043689942A7
:1077E00008BF4260F5E71A461B68E6E710B5044695
:1077F000006918B1EBF7ACFF0023236110BD10B591
:107800000446D0F8A00028B9207A04F17001F6F7F8
:107810002DF838B1E278C3892AB913F0210F14BFCB
:107820000120002010BD13F0240FF8E72DE9F843E4
:10783000089E102E81460C4690461F462FD84FF0CA
:10784000FF304FF0FF31EDF763F8054658B31C21C8
:107850000C30ECF7BFF80346B9F8002023F8022BF0
:107860002268C0F8022062685A60B8F8003043818C
:1078700000F10C0432463946204603F0A0FA102EDF
:1078800005D0C6F110020021A01903F0A6FA29467E
:107890000022BDE8F84342F21900EDF799BB6FF002
:1078A0001500BDE8F8836FF06800FAE710B583783B
:1078B000012B04462FD1437B072B2FD10A0601F061
:1078C0007F0313D5BFF35B8F021D52E8000F40F416
:1078D000004042E800010029F7D1BFF35B8F20464A
:1078E000A37201F0ABFC98B9002010BD427A9A4215
:1078F000FAD2827A9A42F7D2BFF35B8F021D52E826
:10790000000F20F4004042E800010029E5D0F6E72E
:10791000637AA372E9E76FF01500E6E76FF07F0086
:10792000E3E78378012B0CBF407A0020704737B51E
:1079300005460C46FFF7AAFC2946A8B16846FFF7A2
:107940009AFC69460020F0F761F958B12388A0F845
:107950008C306388A0F88E30A388A0F89030E3883C
:10796000A0F8923003B030BDFFF782FE03460068F6
:1079700000909A889B798DF80630ADF80420E0E7F6
:1079800038B5037A8B420446154615D100F17001D3
:107990000722284603F029FA80B1E378072243B989
:1079A00004F17E01284603F020FAB0FA80F0400985
:1079B00038BD04F17701F5E70020F9E70120F7E78A
:1079C0008378012B0CBF703000207047F8B5074654
:1079D0000D464FF0FF304FF0FF31ECF799FF0646B0
:1079E000D0B10E210C30EBF7F5FF0E22044600213A
:1079F00003F0F3F93B8823802B8863806B88A38096
:107A0000AB88E380EB88238131460022BDE8F84053
:107A100042F21300EDF7DCBA6FF06800F8BD704772
:107A20007FB50BAB059303930A9B02930023CDE92B
:107A300000331846E9F788FC07B05DF804FB10B581
:107A40000446FBF74FFC234653F84C2BD2F8B010FA
:107A500061B9E164D2F8B41061B9C2E92C33FBF723
:107A6000B3FC2068BDE81040EFF772BB8B42F6D044
:107A70000968EDE70B60C2F8B430F0E770472DE914
:107A8000F843446B002C55D054F8085905B1083D13
:107A9000002701E02C461D46D4E900682EB3FBF711
:107AA00021FCD6F8B03004F14C01002263B19942B8
:107AB00032D1E36C42BBD6F8B420C6F8B030914264
:107AC00001D1C6F8B430E764FBF77EFC04F130095D
:107AD000002200234846F9F7B1FD0646F8B9D8F868
:107AE00004300BB1204698472760E3680BB120466D
:107AF0009847D8F820300BB120469847D5B1AB68ED
:107B0000002BC7D0083BC5E71360D6F8B4309942C4
:107B100008BFC6F8B420D6E71A461B68C6E7B369A3
:107B200023B1F16920686FF06D0298473046EBF79A
:107B30000FFECDE7BDE8F88338B5436B0D46BBB10A
:107B4000184650F8084904B1083C53F8043C9B68B7
:107B50000BB1294698475CB12046A468436824B11C
:107B60009B68083C002BF4D1F6E79B68002BF0D112
:107B700038BD406B30B1838B8B42A0F1080001D03F
:107B80008068F7E7704710B54AB989B2FFF7F1FF8F
:107B900028B143689B6913B1BDE81040184710BD78
:107BA00038B50D460521FFF7E4FF00231A462946A4
:107BB000F0F746FB044610B12846EBF7C9FD204616
:107BC00038BD406B30B183898B42A0F1080001D0F1
:107BD0008068F7E7704770470346006828B1596826
:107BE00002681A60884208BF5A6070470346002046
:107BF00003B970471A8A5B681044F9E710B5D46876
:107C00002378023113B92170012010BD8B42FBD0C3
:107C1000038A023B038200201061F6E708B503687F
:107C20000A8A1868C968F4F73FF8002008BD38B51B
:107C3000054601F10C000C46FFF760FA2D68238A17
:107C4000E2680146286801F001F9002038BD70B4EF
:107C50000568AA6A52B3136803B1B03BA2F1B0043D
:107C60000022114600E0B03B844207D0668D648B51
:107C7000B14238BF3146A24238BF22461C462BB122
:107C8000D3F8B030002BEED18442EFD1438D408B3E
:107C90008B4201D890420BD9824238BF02469942AA
:107CA000286838BF194670BCF4F764B81146EDE790
:107CB00070BC704773B51446014605464FF4957283
:107CC000206800F0C7FF207530B92068294601F010
:107CD00008F920B908232375002002B070BD237A6B
:107CE000B3B1A3F11802534253419B000193638A3D
:107CF0000093AE68238AE26820682946B0470028CE
:107D000008DB238A83420CD1002323750120E4E79A
:107D10000223EBE710F1FF0F03D34042C0B22075FE
:107D2000DAE70E20FBE71FB5CDE90123002300931E
:107D30001A46F2F725FB05B05DF804FBF8B5936829
:107D4000166805460F46144663B9506801210C3089
:107D5000EBF740FEA0602B681B78002B14BF0223BA
:107D600001230370A3681B78012B03D0022B1FD0C3
:107D700000201CE02B681B78002BF9D160680421DF
:107D80000C30EBF727FEE06007802A68E368528832
:107D90005A806168728D738B088A9A4294BFC0EBD7
:107DA0000200C0EB0300042894BF00200120F8BDAE
:107DB0002B681B78022BDBD1606812210C30EBF7AB
:107DC00009FEE06007802B68E268591C023211331B
:107DD00051F8040B42F8040B9942F9D16168728D95
:107DE000738B088A9A4294BFC0EB0200C0EB030079
:107DF0001228D9E7D0680378043113B90170012043
:107E000070478B42FBD091680B8A0020043B0B82A9
:107E1000106170477FB50BAB059303930A9B0293E8
:107E20000023CDE900331846E9F78EFA07B05DF874
:107E300004FB2DE9F04F044685B010469046994664
:107E4000FFF7D4FE638B628D934228BF13468342B3
:107E50008B4640F29380636803934046EBF7D2FC75
:107E60004FF0000A06464046FFF7C0FE628B638D66
:107E700006F10C079A4294BFC0EB0205C0EB030564
:107E80003846FFF747F9854217D24046FFF7AEFE66
:107E9000628B638D9A4294BFC0EB0205C0EB030571
:107EA0008DBB98F80A00EBF75FFA00220023FFF77A
:107EB00005F9064630B9574636E03846FFF72AF945
:107EC0000546EDE701464046EBF7E2FC4046FFF78A
:107ED0008DFE628D638B06F10C079A4294BFC0EB56
:107EE0000205C0EB03053846FFF714F985421FD29F
:107EF0004046FFF77BFE628D638B9A4294BFC0EBD6
:107F00000205C0EB0305F168328ACDF80090DBF87A
:107F1000047003980A44ABB25946B847071E0CDAFE
:107F2000BAF1000F18BF5746384605B0BDE8F08FCC
:107F30003846FFF7EFF80546E5E70E9BB3B939463B
:107F400006F10C00EBF746FD4046FFF74FFE638D50
:107F5000628B934228BF1346B9448342BA441FFA46
:107F600089F9A8D9AF423FF47EAFA4E70F9A0E9BE0
:107F70003946304698470028E1D19CE70027D3E7EF
:107F80000368002203B970478B420FD10B683AB9DE
:107F900042680360914200D1436000230B60704748
:107FA00013604368994208BF4260F6E71A461B68AF
:107FB000E8E7BFF35B8F50E8003F43F0080240E87A
:107FC00000210029F7D1BFF35B8FC3F3C0007047D6
:107FD0002DE9F3411768D7F8048000231446137382
:107FE000014606469522404600F034FE05462073C1
:107FF00030B93146404600F072FF28B90823237398
:10800000002002B0BDE8F081CDE900553146A388DB
:10801000A2683846FFF70DFF002807DA10F1FF0FBE
:1080200026BF4042C0B20E202073E9E70120E8E7F6
:108030002DE9F3411768D7F8048000231446137321
:10804000014606469522404600F004FE0546207390
:1080500030B93146404600F042FF28B90823237367
:10806000002002B0BDE8F081A068798B7A8D038A88
:10807000914294BFC3EB0103C3EB0203012BEFDD7D
:1080800002210C30EBF7A6FCCDE900558046A38811
:10809000A26831463846FFF7CCFE031E06DA13F11C
:1080A000FF0F26BF5B42DBB20E23D8E7A8F80030F3
:1080B0000120D6E72DE9F04104468868FFF796FDD8
:1080C000638B628D934228BF134683420D461DD3B6
:1080D000E165D1F8088000278F60FBF703F941467E
:1080E0002046F0F7BBFE064638B1C5F80880E765C4
:1080F000FBF76AF93046BDE8F081618D638B9942E8
:1081000028BF19462846F3F709FFF1E76FF0790613
:10811000F0E738B5BFF35B8F0B68BFF35B8FDB070E
:10812000054616D550F8040C98B1AB6D8BB90430E8
:10813000FFF752FD044660B10146281FFFF7BAFF62
:1081400038B155F8043C5A6822609A685C6002B9FC
:108150009C6038BD2DE9F041846A074634B354F879
:10816000B06906B1B03E00231D4607F1040801E0E6
:1081700034461646E26D92B905B983B94046FFF719
:108180002BFD054650B101462046FFF793FF68B12D
:108190007B682B60BB687D6003B9BD6023462EB150
:1081A000D6F8B020002AE3D0B03AE1E7BDE8F0818C
:1081B00070B504460E46002200230846F9F73EFA41
:1081C000054658B101462046F0F748FE044618B16E
:1081D0002946304601F05DFD204670BD6FF0010478
:1081E000FAE7F8B50546071F00F1540350F8044CB0
:1081F000BFF35B8F53E8001F21F0040143E8001236
:10820000002AF7D1BFF35B8FFCB1AB6D83B9636814
:1082100073B1201DFFF7E0FC064601463846FFF724
:1082200049FF90B163683360A368666003B9A660D4
:1082300005F15C013846FFF7BBFF30B104F10C01DA
:108240003846BDE8F840FFF7B3BFF8BD38B504467F
:108250000D46F0F703FE30B1294604F16000BDE899
:10826000384001F00BBD38BD07B5CA681388528885
:1082700000920C210D22F1F7FBF803B05DF804FB2E
:1082800007B5CB6800221B8800920A210B22F1F768
:10829000EFF803B05DF804FB2DE9F041CB681F88CF
:1082A000BBB2162B04462AD90321F0F77FFB064602
:1082B00038B302210C30EBF78DFB4FF0410800255D
:1082C00080F80080457031462046FFF7BFFF2368E5
:1082D000A4F81A8067851B68BFF35B8F043353E8EB
:1082E000001F41F4803143E80012002AF7D1BFF3A8
:1082F0005B8F2046FFF7ABFC2846BDE8F0810420E9
:10830000FBE70E20F9E737B50C46054601F10C00F6
:10831000FEF7F4FE228A0192E268009203461322DD
:1083200012212846F1F70CFA03B030BD37B50C46E0
:10833000054601F10C00FEF7E1FE228A0192E26897
:1083400000920022034611462846F1F7F9F903B0DE
:1083500030BDF1F777BF0A8AC9680023F1F7D2BAB6
:10836000FFF7F9BFFFF7F7BFFFF7F5BFFFF7F3BF61
:10837000FFF7F1BFFFF7EFBFFFF7EDBFFFF7EBBF71
:10838000FFF7E9BFFFF7E7BFFFF7E5BF70B5CE68BE
:1083900033889AB2162A04460D4606D800220423D2
:1083A0001146BDE87040F1F7ADBA412242834385E2
:1083B000FFF74DFC2A8A002331462046F1E710B52D
:1083C0000C46F0F713FD98B1836A4BB153F8542C67
:1083D0009169A142A3F1B00309D0D3F8B030F4E71A
:1083E000406828B18369A34202D00068F9E71046CB
:1083F00010BD0120704708B5F0F7F8FC98B1836A0A
:108400008BB1BFF35B8FB03B03F1580252E8000F12
:1084100020F0080042E800010029F7D1BFF35B8F8C
:10842000D3F8B030ECE708BD08B50421FFF7C9FB6D
:1084300030B1BFF35B8F406DBFF35B8FC0F3C00003
:1084400008BD70B51C460E461546F0F7CFF9C0E9D9
:1084500003650123C380047570BD10600020704760
:1084600010B5029CA36833B1B1F5807F28BF0E21FF
:10847000CAB221469847A37DE268013BDBB2A375EF
:1084800022B11BB92046BDE81040104710BD106056
:10849000918000207047B1F5807F009A28BF0E219F
:1084A0001368C9B2184708B5072202F09EFCB0FA5B
:1084B00080F0400908BDBFF35B8F0068BFF35B8F9E
:1084C000704710B50346BFF35B8F53E8000F40EAD7
:1084D000010243E80024002CF7D1BFF35B8F10BDED
:1084E0000B6803608B8883808B798371704710B52C
:1084F0000346BFF35B8F53E8000F00EA010243E835
:108500000024002CF7D1BFF35B8F10BD70B50D4672
:10851000064611F8010BEFF7A5FB044610B12C89B4
:10852000EEF7B8FDA87A05F10B01EFF79BFB28B138
:108530006B8A9C4238BF1C46EEF7ACFDAB8AA34267
:1085400007D0AB69AC8223B121463046BDE870400C
:10855000184770BD08B502210C30EBF73BFA034613
:10856000412200201A70587008BD10B502210C304D
:108570001446EBF72FFA63890380002010BD10B575
:1085800004210C301446EBF725FA23890380E38994
:108590004380002010BD10B502210C301446EBF7CB
:1085A00019FA23890380002010BD10B504210C3076
:1085B0001446EBF70FFA2389038063894380002078
:1085C00010BD38B500F10C04042120461546EBF728
:1085D00001FA2B890380EB8943802B7C33B94FF45C
:1085E00020512046FEF7B1FD002038BD42F60101C2
:1085F000F7E738B500F10C04042120461546EBF7E7
:10860000E9F92B890380EB8943802B7C022B04D072
:10861000032B09D02B68598801E042F6020120465D
:10862000FEF793FD002038BD42F60301F7E770B571
:108630001446002500F10C066268EBB29A4205F17F
:10864000010501D8002070BDA268304632F8131031
:10865000FEF77BFDF0E7FFF7EABFF7B5089D06469A
:108660002F680C4651B973B9002308932A46E1B22A
:108670003046BC4603B0BDE8F0406047B1F5807FAE
:1086800028BF0E24F0E7009313462A46B847089403
:108690002F6823462A462146EAE738B50C46194694
:1086A0006BB103F114055B6982B9E268A36095427E
:1086B00000D1E36000230D684B611A46A847A36808
:1086C00053B92046BDE83840F1F7F0BB1360E368CA
:1086D0009D4208BFE260EDE738BD2DE9F041069DFF
:1086E0000C4606466FF0040105F11000FFF7FFFE8F
:1086F000F4B13046F1F7ACFB014648B3836853B19F
:108700001F68002205F1140C2BB1634508D12B46DC
:108710003046FFF7C2FFB4F5807F28BF0E240FE07C
:1087200027B138681A463B460746EDE73846F9E771
:10873000AB892BB92F682346224629463046B847D5
:108740006B682BB12A46E1B23046BDE8F0411847CC
:10875000BDE8F08111F1680F01D0FFF7BEBF70478F
:10876000F0B587B00D460C9C114606461A465DB919
:1087700083B9276800232246E9B23046BC460C93F1
:1087800007B0BDE8F0406047B5F5807F276828BF97
:108790000E25EFE703A8FEF795FCBDF81030012B7E
:1087A00008D8002300932568224619463046A8477A
:1087B00007B0F0BD022103A8EBF7EEF80346BDF8C1
:1087C000102033F8027B974228BF17460097256890
:1087D000224600213046A847394603A8EBF7DCF8CB
:1087E000DBE738B5BDF81040A24215460CD84CB1B5
:1087F0006BB1A21A8A42A8BF0A4694B222465919FE
:1088000002F0DDFA204638BD6FF00600FBE76FF09E
:108810000D00F8E730B585B0C96814461D46F1F77C
:10882000F3FA00B10089ADF80E0002230093BDF801
:1088300020200DF10E0329462046FFF7D2FF05B098
:1088400030BD1FB50C461946E3681C781046BDF8CC
:1088500018203CB110240133069404B0BDE8104048
:10886000FFF7BFBF5B88ADF80E30022300930DF118
:108870000E03FFF7B6FF04B010BD30B585B01D463E
:10888000002314468DF80C30F1F770FA10B1037A1A
:108890008DF80C3001230093BDF8202003AB29464E
:1088A0002046FFF79EFF05B030BD2DE9F04114468C
:1088B0001D46BDF81870ECF7C1F90646E6F7A5FDB0
:1088C00080B2069033463A4629462046BDE8F0413C
:1088D000FFF787BF30B585B014461D46FEF78BFD08
:1088E0000223ADF80E000093BDF820200DF10E0319
:1088F00029462046FFF775FF05B030BD7FB50BABAD
:10890000059303930A9B02930023CDE90033184695
:10891000E8F71AFD07B05DF804FBF0B507683D788D
:1089200089B006461446E5B97B88B3F5245F04D0C8
:1089300011D8A3F52053032B13D8ADF80A10022247
:108940000DF10A012046F1F733FB70B16FF015020B
:10895000C4F85C2106E003F55643FF339BB2042BB9
:108960001DD90125284609B0F0BD7B88ADF80A3035
:1089700002220DF10A012046F1F71AFB0028E5D189
:10898000009003AA776813233146B847021EDFDB45
:1089900003A92046F1F70CFB0028E2D0D6E7ADF89A
:1089A0000A1002220DF10A012046F1F701FB00280E
:1089B000CCD17B88ADF80A3002220DF10A01E8E73C
:1089C00038B500F10C05062128461446EBF702F8ED
:1089D00023890380E3894380237C002B42F6010333
:1089E00008BF4FF42053838021680B781BB1022B02
:1089F00006D0002038BD49882846FEF7A6FBF8E7D8
:108A0000102201312846FEF78DFBF2E738B500F160
:108A10000C04042120461546EAF7DCFF2B8903806D
:108A20006B894380E9680B782BB949882046FEF7AB
:108A30008CFB002038BD102201312046FEF772FB6E
:108A4000F7E7036800220BB9184670478B4210D134
:108A50000B6842B942680360914200D14360002331
:108A60000B600120704713604368994208BF426061
:108A7000F5E71A461B68E6E770B500F17006054693
:108A80003146007AFEF7B9FC04463146287A3CB1FB
:108A9000F1F79AF918B1002303604360836070BD59
:108AA000F1F792F90028FAD0046044608460F6E798
:108AB000022A10B508D1002300F170011A46007A8D
:108AC000F1F7A4FA022010BDFFF7D6FFFAE72DE96F
:108AD000F04706460D464FF4702000219DF820A077
:108AE000DDF8249090461F46F0F7CEFE044688B18C
:108AF000456080F811A0C0F81490C760C0F81880D5
:108B00004A4651463046F0F785FE054638B92046BC
:108B1000F0F7E8FE6FF00B052846BDE8F08700226D
:108B200011460123FFF78DFCA560284642464946C1
:108B3000B847054618B12046F0F7D4FEECE72146C9
:108B40003046F1F7A9F805460028E5D0F3E738B537
:108B500000F10C05022128461446EAF73BFF638921
:108B60000380A1892846FEF7F0FA042104F11000E1
:108B7000FFF7A7FC002038BD01210C30FFF7A1BC96
:108B800038B504461546FFF734FC40B12046F1F7EE
:108B9000EDF820B1037ADB0701D5FFF7EDFF35B91A
:108BA000207A04F17001F1F70FF900B1856038BD4A
:108BB00013B5044610B9002002B010BD00238DF893
:108BC0000430006842F6030301A9ADF80630FEF751
:108BD000F6FA0028EFD1E36898880028ECD1204607
:108BE000F1F786FB013080B2E6E770B5CC6888B05B
:108BF00008461E46A3798DF80C301546FFF7D8FFBE
:108C0000ADF80D00246823786BB96388ADF80F3098
:108C100005230093BDF8302003AB31462846FFF70B
:108C2000E0FD08B070BD631C0DF10F02113453F864
:108C3000041B42F8041BA342F9D11323E9E71FB533
:108C4000CDE90123002300931A46F1F799FB05B003
:108C50005DF804FB38B54C8AD3070546C4F30E040F
:108C600004D514F0950F2AD04B6843B3900704D570
:108C700014F4957F25D08B681BB3144014F4DE7F69
:108C80000DD0EB7A2BB92846FEF7B9FDD8B90520EF
:108C900038BD14F0300F04D114F4C07F07D1002088
:108CA000F6E72846FEF73DFE0228F5D8EFE7D5F8AF
:108CB000A030002BEBD05B7BDB06E8D5EFE7022092
:108CC000E6E70320E4E70F20E2E7F8B514460F4695
:108CD000942261680646FFF7BDFF20BB6168012250
:108CE0003046F1F78BFC08B3A2891B2102323046D3
:108CF000F0F790FD0546E0B1A1890C300231EAF7AA
:108D000069FE20F8027BA289A16802F058F8D4E934
:108D1000041228460123FFF794FB29463046BDE89C
:108D2000F840F0F76BBF4FF0FF30F8BD6FF0150063
:108D3000FBE76FF00B00F8E770B50B4605461446ED
:108D400029B921462846F2F72BF828B970BD4FF60D
:108D5000FF72914207D12181636822462846002193
:108D6000BDE870401847E28901339BB29A422381E3
:108D7000E7D2F1E72DE9F04F89B00646129F14467D
:108D800011B913F0030807D07B683A46002130463A
:108D900009B0BDE8F04F1847C3F3870302EB830522
:108DA000C14642F6010AAC4207D13A464146304636
:108DB00009B0BDE8F04FFFF7BFBF3A7C6388ADF85C
:108DC0000830002A14BF52464FF42052ADF802205A
:108DD000102200210DEB02001FFA83F83B68B4F863
:108DE00000B001938DF8009001F0F7FF01AB0693FE
:108DF000CDF80CD07B68ADF81CB03A4603A93046DC
:108E0000984704340028CED109B0BDE8F08F73B57F
:108E100004460D46FAF766FA29462046FFF7CFFAD0
:108E2000014620B902B0BDE87040FAF7CDBA4668F5
:108E30002046F0F76FFFFAF7C7FA2EB1002300952E
:108E40001A460E212046B04702B070BDF7B50D4658
:108E5000044616461F46F0F7FBFF014628B100976F
:108E600033462A462046F2F7DBFE03B0F0BD2DE97B
:108E7000F04105468846F0F779FF0446D8B1037AF9
:108E8000DB0718D500F10C073846FFF714FB10F08C
:108E9000010610D1B8F1000F0ED06FF00201384674
:108EA000FFF725FB10F0020F284608D0FFF7A3FAC2
:108EB0002046FFF761FE01263046BDE8F081FFF74E
:108EC00098FA0028F8D02846FFF7AEFA0028F3D029
:108ED0006FF002013846FFF70AFB2846E6E701205B
:108EE00070470120704707207047BFF35B8F006811
:108EF000BFF35B8F084100F00100704738B50A46A8
:108F0000034609B9012038BDC88910F0240FF9D0F3
:108F1000197D5D7B147BA94228BF29468C4201D96B
:108F20000020F0E7840608D4507B197AC0070BD4E0
:108F3000187A003818BF0120E5E70521181DFFF752
:108F4000D4FF0028F0D1EBE70029E9D00521181D56
:108F5000FFF7CBFF18B9197A01390129E0D9527B03
:108F6000D207CFD4E4E701238B40DB43BFF35B8F11
:108F700050E8002F1A4040E800210029F8D1BFF343
:108F80005B8F7047072070477FB50BAB059303934A
:108F90000A9B02930023CDE900331846E8F7D4F981
:108FA00007B05DF804FB072070470720704730B515
:108FB000012303FA01F1CA43BFF35B8F50E8003F7E
:108FC00003EA020440E80045002DF7D1BFF35B8FB0
:108FD000194214BF0120002030BD01238B40BFF394
:108FE0005B8F50E8002F1A4340E800210029F8D198
:108FF000BFF35B8F704708B50E21FFF7EEFF00202F
:1090000008BD70B5051D0E4628460421FFF76DFF0B
:1090100068B10022002100230846EFF7CFF804468C
:1090200040B904212846FFF7D8FF204670BD4FF411
:109030007022EFE701210C30EAF7CCFC0670F4E770
:1090400038B504210446FFF7DCFF054698B110212E
:109050000C30EAF7BFFC04F1270304F1370253F8A0
:10906000041B40F8041B9342F9D120462946F2F72D
:10907000C5FF002038BD0820FCE738B5CD680446A0
:109080000B210430FFF76FFF2B4604F1170205F1A7
:10909000100153F8040B42F8040B8B42F9D1D4F8B9
:1090A000EC30DB783BB920460421FFF796FFBDE8A2
:1090B0003840FFF7C5BF002038BD70B5031D04461A
:1090C0000025D0F8EC60BFF35B8F53E8002F43E836
:1090D00000510029F9D1BFF35B8F04F5A070F9F7B7
:1090E00073FA2572BFF35B8F54E8003F44E80052E7
:1090F000002AF9D1BFF35B8FF3782BB920460B21FF
:10910000BDE87040FFF769BF70BD70B500F1700633
:1091100005460C4607220968304601F066FEB8B9DC
:1091200063681A682A679A88A5F874209B7985F87D
:109130007630D5F8A0305BB1A268934208D062685F
:109140001168C3F801109188A3F805109279DA71BB
:1091500070BD2DE9F84FDDF82C80BDF8289004464D
:1091600092461F46F2F774FF054600285AD0061DA6
:10917000B9F1000F27D15AEA070324D10321304661
:10918000FFF7B3FED0B301213046FFF7AEFEA8B320
:109190002C7D6B7B9C4228BF1C46224605F1470173
:1091A000404601F00CFE0F2C06D8C4F1100200213D
:1091B00008EB040001F011FE30460121FFF70DFF1E
:1091C0000120BDE8F88FD4F8A030F3B904F1700B9A
:1091D000217A5A462020F4F7CBFAC4F8A00030B91F
:1091E000217A5A460120F4F7C3FAC4F8A000B9F175
:1091F000000F0AD15AEA070704D006E0D4F8A030DD
:10920000002BE3D0D4F8A01071B90F213046FFF73E
:109210006CFE20B1022206212046EEF7B7FC28465C
:10922000FFF74BFF0020CCE7CB899B06EDD50C7BED
:109230001A312246B4E76FF085007047F7B5C3785E
:109240000446002B5FD1F2F703FF054600285DD0EE
:10925000061D03213046FFF748FE20B16FF00F04D2
:10926000204603B0F0BD01213046FFF73EFE002846
:10927000F4D10F21201DFFF738FE28B1204603B09E
:10928000BDE8F040F3F7E2BBD4F8A03083B904F1B5
:109290007007217A3A462020F4F76AFAC4F8A00051
:1092A00030B9217A3A460420F4F762FAC4F8A000F3
:1092B000D4F8A0100029E1D0CB8913F0240FDDD021
:1092C000A27A022A09D9487BC007D7D5032A04D03D
:1092D0009B06D3D50B7B102BD0D10B7B009301F1D8
:1092E000180201F11A0320461031FEF79FFA0446D6
:1092F0000028B5D128460B21FFF76FFE012130462B
:10930000FFF76BFEACE76FF01504A9E76FF07F0481
:10931000A6E770B504460820F2F71EFE0546E8B140
:10932000061D08213046FFF71EFE002C3CD0072109
:10933000FFF719FE234605F1970204F1200153F8C7
:10934000040B42F8040B8B42F9D10A213046FFF797
:10935000CCFD70B109213046FFF73FFE0720F2F740
:10936000FBFD044610B3F2F755FF0146F0B120466D
:1093700017E010213046FFF7B8FD09210028EAD197
:109380003046FFF7B2FD0028E8D0D5F8EC30DB78A6
:10939000002BE3D12846F3F77FF801460028DDD003
:1093A0002846F3F771FDD9E70B21F9E770BD70B5D9
:1093B0000446A0F1EC0650F8543BE83CD3F8A0502A
:1093C000F9F702F903212046FFF78FFDA0B108212C
:1093D0003046F3F7C3FC3DB1EB8913B16B7B9B07C0
:1093E00002D52846F4F7A4FA30464FF4BC72BDE823
:1093F0007040002101F0F1BC01212046FFF775FD0E
:109400000028E4D10F212046FFF76FFD0028DED1B0
:10941000E1E710B5431E00F11002073013F8011FF9
:1094200012F8014D1C7083421170F7D110BDF0B5D8
:1094300097B014460E462022014605A81D461C9FE3
:10944000F4F798FA202231460DA8F4F793FA214652
:10945000102201A88DF85450F4F78CFA3B464122B3
:1094600005A901A8F4F748FB044610B93846FFF7F0
:10947000D0FF204617B0F0BD2DE9F04397B0044669
:10948000164605A810221D46DDE91F98219FF4F716
:1094900071FA1022314609A8F4F76CFA1022294615
:1094A0000DA8F4F767FA1E99032211A8F4F762FADF
:1094B0004946D9F8010011F8013B8DF84730129068
:1094C0008B88ADF84C30062212A8F4F753FA4146C7
:1094D000062211F8013B8DF84E30D8F80130CDF856
:1094E0004F300DF14F008B88ADF85330F4F742FA4E
:1094F0002146102201A8F4F73DFA3B46412205A976
:1095000001A8F4F7F9FA044610B93846FFF781FFCD
:10951000204617B0BDE8F0837FB50BAB05930393EE
:109520000A9B02930023CDE9003301221846E7F796
:109530000BFF07B05DF804FBF8B5069F0469C9B2DC
:10954000EFF31186402585F31288BFF36F8F0C254A
:1095500069430C44A56C05F0070CBCF1010F0BD15D
:10956000A76486F31188BFF36F8FC4E910234368A3
:109570005B5898470020F8BD05F0C005AF4286F360
:109580001188BFF36F8F0CBF6FF077004FF0FF3083
:10959000F1E713B580240094FFF7CEFF02B010BDB1
:1095A0000069CBB200EB4310002110471046F8F7DA
:1095B000CFB800F081B98022F4F72ABB4FF4AF6036
:1095C000704743685B68D3F810350B600020704724
:1095D00043685B6802EA010021EA0201C3F808055A
:1095E000C3F80C150020704743685B680020C3F87F
:1095F0000815704743685B680020C3F80C15704776
:1096000043685A68D2F8043521EA03000B40C2F8D7
:109610000805C2F80C3500207047F7F787B830B559
:1096200043681360057A446804EBC504A34202D37F
:109630006FF0010030BD5C798C4201D00833F0E757
:109640000020F7E743681B68D3F88004C3F8800460
:10965000704742681368D3F8100150B1D2690020F6
:1096600012780A70C3F81001D3F8102101221A6091
:1096700070474FF0FF30704702680346D2F8580138
:1096800040B95B68DB0706D4D2F82001003818BF68
:10969000012070470120704743681B68D3F80423FA
:1096A000D20517D5D3F82021A2B1EFF311824021C2
:1096B00081F31288BFF36F8FD3F8201131B10021ED
:1096C000C3F82011D3F820110121D96082F3118849
:1096D000BFF36F8FD3F85831704713B501AA044612
:1096E000FFF79DFF002805DB019B226819791868A8
:1096F000F5F73AF802B010BD6FF08500704708B575
:10970000F5F746FA08BD10B54FF0FF304FF0FF31C6
:10971000F5F704FC044628B9D7F744FD044618B110
:10972000F5F704FC204610BDF5F700FC2046EAF7EB
:10973000D1FAF7E710B586B00BA8059003900A9808
:10974000089C0290002001900094E7F7FDFD06B010
:1097500010BD38B50B8A0D463BB101F10C00FDF789
:10976000C5FC012818D0022803D06FF0150420464C
:1097700038BD4FF0FF304FF0FF31F5F7CFFB044617
:109780000028F4D1E868E2F722FD0446F5F7CEFBA5
:10979000ACB1F5F71DFDEAE74FF0FF304FF0FF31B8
:1097A000F5F7BCFB04460028E1D1E868F5F7FCFDBD
:1097B0000446F5F7BBFB002CD9D1F5F709FD284687
:1097C000E9F7C6FF0024D2E7F5F73ABD10B531221C
:1097D0000446002101F001FB202323708023A370A5
:1097E0006FF03F0363710423A3722823A373022342
:1097F000E3730423A375172363763C23A3766FF0EA
:109800000303E37679232377302384F820306FF045
:109810003F0384F82130792384F822306FF001036C
:1098200084F82330012384F82430802384F8263000
:10983000042384F8273010BD08B50323E2F7B0F8FD
:10984000002008BD08B5F6F717F9002008BD08B5D7
:10985000FBF764FC48B1002383F31188BFF36F8FDB
:109860000423184602DF6FF0040008BD684620F0AC
:1098700007018D4601B5E1F707F9BDE801408546CE
:109880007047684620F007018D4601B5E0F7AEF855
:10989000BDE8014085467047684620F007018D46C7
:1098A00001B5E0F797F8BDE801408546704708B577
:1098B000E5F7A9FC002008BD70470020F6F7CAB9FB
:1098C0007047E1F71DBB4FF08053D3F83001421CC5
:1098D00004BF4FF0704393F8E00F831F5842584184
:1098E000704703460020184700F055B910B50246EE
:1098F0001168B1B1BFF35B8FB1FA81F3C3F11F00FF
:109900000123834021EA030352E8004F8C4204D133
:1099100042E8003CBCF1000FF6D1BFF35B8FE7D10A
:1099200010BD6FF00B00FBE710B50368CB40DB0701
:1099300014D401238B400268BFF35B8F43EA02011A
:1099400050E8004F944204D140E8001CBCF1000FE5
:10995000F6D1BFF35B8FEED1002010BD6FF0150084
:10996000FBE770B50C460021054608461646F6F79B
:109970001FFB00280ADB3378DB0003F1804303F58B
:10998000F8330020C3F81055C3F8144570BD4309DF
:1099900003BF4FF0FF3323FA00F000F00100002076
:1099A0007047C9B200EB4100808AC0F34010704795
:1099B000C9B200EB4100808AC0F34000704708B58F
:1099C0000A460346FFF7F4FF18B111461846FFF7A1
:1099D000E8FF00F0010008BD70B5CBB208331646B1
:1099E00030F81330DA0504460D4609D5C3F3432396
:1099F00000EBC302314650F833305268284698478E
:109A0000A3682BB1E26831462846BDE8704018478C
:109A100070BD2DE9F341019001A8DDE908580C461D
:109A200017461E46F6F70AFB019B391E18BF012197
:109A300000EB8300231E18BF0123002E43EA4103DD
:109A400014BF0C210021002D43EA010314BF4FF481
:109A5000E0610021B8F1000F43EA0103D0F80027CC
:109A600014BF4FF4403100210B4322EA030304B139
:109A700024780FB13F787F001C430EB13678B600D2
:109A80003C438DB1297809023443B8F1000F03D06B
:109A900098F800804FEA0848214341EA0801C0F8DD
:109AA000001702B0BDE8F0812946EDE71FB50DF1C2
:109AB0000F03019300238DF80F1000931A461946E7
:109AC000FFF7A7FF05B05DF804FB70B511F00104C6
:109AD0000CD04FF0A046D6F820550560C6F82055AA
:109AE000F6F78CFA08B1D6F8203505B900242046DF
:109AF00070BD2DE9F047002504468846D7B22E46B2
:109B00004FF00109AA46BD420CD1D4F87C3133B1E3
:109B10000023C4F87C31D4F87C3146F0004630464E
:109B2000BDE8F0872846F6F7B7FAA0F580739B08E2
:109B300009FA03F318EA030F05D022581AB144F8C2
:109B400000A022581E430135EDB2DCE708B50246FD
:109B50000B46FFF726FFC0B119461046FFF728FF56
:109B600098B9DBB202EB43031068998A0123490BD1
:109B70008B40C0F80833136803EB8103D3F810253A
:109B800022F00302C3F8102508BD18460021BDE8E5
:109B90000840FFF78BBF08B1E9F746BF704740B1F7
:109BA000C368587810F001001EBF1878B0FA80F032
:109BB000400970477FB50BAB059303930A9B029353
:109BC0000023CDE9003301221846E7F7BDFB07B0BB
:109BD0005DF804FBEFF31183402383F31288BFF396
:109BE0006F8FFEE710B400F10C04C0E903440024B9
:109BF000446110BCE6F7A6BC8169C26842EA010371
:109C000013F003030FD103614369013B03FB0122FE
:109C1000002B01DA0020704701691160816902613F
:109C2000013B521AF4E76FF01500704790F90E30BF
:109C30008B4201D0F9F726BA002070470346002076
:109C4000C3E90200C3E90033704710B5044630B1E0
:109C50000268930703D0446809B100F09EF92046DA
:109C600010BD0023C0E90033836000F10C03C0E99C
:109C7000033300F11403C0E90533704707B501232E
:109C8000009300230A461946F7F70EFC03B05DF86F
:109C900004FB07B500230A4600931946F7F704FCB6
:109CA00003B05DF804FB00680021FFF7CEBF5AB196
:109CB0008A4209D300F11003C0E90212C0E9000092
:109CC000C0E90433002070476FF015007047026848
:109CD00001238B4022EA0303036022FA01F000F023
:109CE00001007047704710B5032104460C30FFF7A0
:109CF000EEFF30B104F11000FAF760F9B0FA80F02D
:109D0000400910BD20B1002211468C30F9F7D8BEB1
:109D1000704770B5C368C3F340069B07044616D46A
:109D2000856802210C30FFF7D2FF80B1D5F884207E
:109D30006AB194421DD122689EB9D5F88830C5F821
:109D400084209C4201D1C5F8882000232360E36869
:109D500013F01F001EBF43F00203E36040F0020057
:109D600070BD3260D5F88820944208BFC5F888607D
:109D7000EBE716461268DBE710B5F8F79FF8041E0C
:109D800008DDEFF31180402383F31288BFF36F8F58
:109D9000F9F794FA204610BDEFF30580003818BF9C
:109DA000012070476FF05700704700207047D0E9DE
:109DB000003213605A600023C0E90033704738B5A1
:109DC00004460D46F8F772FE637B43F002036373AB
:109DD000E5B1A5602B689D4209D16B68C4E90053C9
:109DE0001C606C6012E06A689A42F6D01B68002B17
:109DF000F3D094F90E2093F90E108A42F3D09142D9
:109E0000F1DD5A68C4E9003214605C6038BD01219C
:109E10001838F9F75DB810B50446F9F711F804F1F0
:109E20001800BDE81040FAF7C9B838B5046805460F
:109E3000AC424FF0000000D138BD002CFCD02046D1
:109E4000FFF7E9FF2046F8F7B5FF2C680120A5428F
:109E5000F1E708B50246F9F7A7FF70B1D0E9043180
:109E60009B1A61EBE272B3F1004F72F1000104DA68
:109E7000002AACBF1846002008BD6FF00040FBE789
:109E800008B5FAF79FF908BDB3F1FF3F08BFB2F17B
:109E9000FF3F70B506461D46144614D01A4316D02F
:109EA000002B08DBFAF78EF9041941EB0501C6E92E
:109EB0000041304670BD6FF001031C1B4FF0FF33B3
:109EC00063EB0501F3E74FF0FF342146EFE7002491
:109ED000FBE7B3F1FF3F08BFB2F1FF3FF8B507461C
:109EE00016461C4610D054EA020311D0FAF76AF95C
:109EF000B0420A46A14103460AD2F31A64EB0204B7
:109F0000C7E900343846F8BD4FF0FF331C46F7E789
:109F10000023FBE72DE9F041846805460E46D4B1E5
:109F20006378012B22D114F8533C9A0711D5A4F180
:109F300060073846FFF76FFF082E0CBF6FF0030372
:109F40000023E36114F8533CDB0602D13846F8F7EE
:109F500031FF00232370EB68C3F3863216430020E1
:109F600066F39433A860EB60BDE8F081022BF0D17A
:109F70002378002BEDD054F8048CB8F1000FE8D012
:109F800004F11400FAF71AF8A4F114070023E362AD
:109F900039464046F7F792FFDBE720B1011F50F842
:109FA000040CF6F7DBBE704770B5A0FB015424B972
:109FB0002846FAF7A3FA064610B90026304670BDC7
:109FC0002A46214600F009FFF8E700207047704755
:109FD00010B5044608B1FAF761FC2046BDE8104010
:109FE000FAF74CBC0346C068E0B15888D0B11B8872
:109FF00003F44F42B2F5824F09D1DBB2272B2AD0AE
:10A0000008D8172B0FD0222B34D0122B16D06FF07C
:10A0100085007047302B2FD0413B012BF7D8FF280C
:10A0200039D100207047C028FBD0E128F9D0B0F525
:10A03000807F0CBF00206FF08600704720F0200367
:10A04000C02BEED020F08003B3F5807FE9D040F242
:10A0500009239842EDE7E928E3D0EF28E1D040F268
:10A060001B139842DDD040F299139842D9D040F2A8
:10A070003B23EEE7E928F1E720F02003C02BD0D006
:10A0800020F04003B3F5807FCBD0B0F5C07FC8D0BF
:10A09000B0F5007FCDE7B0F5E07FCAE73AB100291F
:10A0A00018BF0023D21A2121184400F096BE704731
:10A0B0002DE9F04F89B09B4600238DF81B30159B8E
:10A0C000DDF85080002B91460B460D460CBF4FF437
:10A0D00000624FF4806207A9DDE912A7FAF746FD96
:10A0E0000446D0B9079E0DF11B0231882846FAF7C5
:10A0F000D9FD044688B99DF81B30BB421FD8CDE975
:10A100000338CDE901BACDF80090D6E909122B4603
:10A110003046FBF797F9044608B1C8F80070D8F844
:10A1200000303A4621465046FFF7B8FF0798FBF744
:10A130006BF9002C18BF204609B0BDE8F08F6FF016
:10A140008904EAE741F2062398421AD8B0F5905FF5
:10A1500009D241F2010398420CD0B0F5885F09D0D2
:10A160006FF085007047A0F5905080B26923C3401E
:10A17000DB07F5D511F0070F0CBF00206FF086004C
:10A180007047B0F5105FEBD121F04003802B06D073
:10A19000B1F5807F0CBF00206FF086007047002073
:10A1A000704770B5446A05460E463CB90120FAF77F
:10A1B0005FFB686228B1AE62204670BD6FF08A0016
:10A1C000FBE76FF08C00F8E7F8B51E460F460388F2
:10A1D0001546C2B103F4E043B3F5805F02D0B3F596
:10A1E000005F10D1089BE90019600088FFF7AAFF03
:10A1F000044630B92A463946304600F0E0FD079B58
:10A200001D602046F8BD6FF08504FAE710B50446DE
:10A21000406A10B1A16AFFF7DBFE0020C4E9090023
:10A2200010BD38B50546FFF7F1FF2B7F012B044623
:10A230000ED0023B012B0ED82B6A012B18BF6FF0FA
:10A2400096042C220021284600F0C7FD204638BD88
:10A250002B6A002BF2E76FF09604F2E770B50488E2
:10A26000049E154604F4E042B2F5805F19D0B2F5C1
:10A27000005F16D024F4405044F20102904210D006
:10A2800004F44F42B2F5824F0BD0B2F5884F08D09C
:10A29000B2F58E4F05D0803C24F0FF04B4F5485F42
:10A2A0000ED1B5420FD818462A4600F088FD721B21
:10A2B0000021284400F091FD059B00201D6070BD29
:10A2C0006FF08500FBE76FF08900F8E77FB50E4679
:10A2D0001D461446BAB100232B60012203A9FAF7E8
:10A2E00045FC70B9CDE9004503983346D0E9091221
:10A2F00000F06BFA04460398FBF786F8002C18BFB1
:10A30000204604B070BD6FF08900FAE770B504888C
:10A31000049E154604F4E042B2F5804F22D124F4A5
:10A32000405044F2010290420DD004F44F44B4F581
:10A33000824F08D0B4F5844F05D0B4F5884F02D0D1
:10A34000B4F58E4F0ED1B5420FD818462A4600F00C
:10A3500036FD721B0021284400F03FFD059B0020C4
:10A360001D6070BD6FF08500FBE76FF08900F8E7B6
:10A37000F0B50F4685B01E4615460AB3002333607C
:10A380001A4603A9FAF7F2FB044638B90398038882
:10A390005B0406D4FBF738F86FF08604204605B05E
:10A3A000F0BDCDE900563B46D0E9091200F018FA9D
:10A3B00004460398FBF728F8002C08BF0446EDE795
:10A3C0006FF08904EAE710B50368044653B100F062
:10A3D00070FA00232360A38823F4FF7323F00103A2
:10A3E000A38010BD1846FCE72DE9FF410C4601682B
:10A3F00098460023054617460393A9BB4FF4A8725D
:10A40000083000F0EAFCB8F1000F20463B4614BFCC
:10A410004FF480624FF4006203A9FAF7A7FB0446E9
:10A4200020BB039E2A1D31883846FAF73BFC0446C0
:10A43000E0B96B7968F300036B710097D6E90923E3
:10A4400031462846B8F1000F0BD0FBF713F804464D
:10A4500060B90398FAF7D8FF0446204604B0BDE877
:10A46000F081FBF727F8F2E76FF088042846FFF742
:10A47000AAFF0398FAF7C8FFEFE70123FFF7B4BF7D
:10A4800038B50468054664B112B90024204638BDC9
:10A4900000F0FAF904460028F7D02846FFF793FFAA
:10A4A000F4E76FF08804F1E72DE9F0411746026800
:10A4B00005460E46984682B14279D2070DD50279FB
:10A4C0005AB1BA4216D800F0E8F9044638B9A6B92C
:10A4D0002846BDE8F041FFF776BF6FF088040023FF
:10A4E000C8F800702B7146B92846FFF76CFF20466C
:10A4F000BDE8F0816FF08904F1E72146D8F800301B
:10A500003A463046FFF7CAFD2846FFF75CFF002CAD
:10A5100008BF0446EBE71FB501240394089C02948E
:10A52000079C0194069C0094FFF7C2FD04B010BD87
:10A530002DE9F04788B005469A460023079325F099
:10A54000004323F47F03B3F1106FDDE91096DDF8CB
:10A550004880084617461CD12B464FF4804207A975
:10A56000FAF704FB0446B0B9CDE90368CDE901A9C7
:10A5700007980097D0E909122B4600F0A2F904468B
:10A5800048B90798FAF740FF0446204608B0BDE8EE
:10A59000F0876FF0860431464846FAF765FD079864
:10A5A000C8F80060FAF730FFEFE7034608461B885B
:10A5B00003F4E043B3F5805F114602D0B3F5005FCA
:10A5C00001D1FAF751BD6FF0850070477FB50022C9
:10A5D00003880A60CDE90122428806460D46002A1A
:10A5E00069D0028802F4E042B2F5804F63D023F0D4
:10A5F000FF03B3F5E24F02D0B3F5824F04D13046EA
:10A60000FFF7F0FC0446D8B902AA01A93046FAF7D0
:10A61000B9FB0446002843D1019B9B6A9BB1019979
:10A62000304601F12803D1E9091200F087F8044609
:10A63000002839D101982946FAF70AFB044678BB6D
:10A64000204604B070BD73681B0A22D1308871881F
:10A6500000F4E043B3F5805F15D0B3F5005F12D08E
:10A6600020F0FF03B3F5E24F22D1C0B242280ED151
:10A670000831C908039103990198FFF792FD044638
:10A680000028CCD00CE0FFF75DFD044640B907314F
:10A69000EFE703A9304600F04CF804460028EAD062
:10A6A0000198FAF7D1FBCBE70198FFF7AFFDF7E789
:10A6B0006FF08504F4E76FF08604C1E71C220021E7
:10A6C00000F08BBB03466FF040420846591E914292
:10A6D00007D338B103F1404393428CBF00200120DF
:10A6E000704701207047034668B1017F8A1E012A26
:10A6F0000BD80329026A03D1012A01D1FFF791BDCA
:10A700001AB1013A1A62002070476FF09600704744
:10A7100000207047C0B2002814BF6FF085000020F1
:10A72000704700207047704700221A606FF0860063
:10A73000704700230B606FF0860070472DE9F041F1
:10A7400047683F0A04460D461646984611D10788C9
:10A750007F0407D44346324629462046BDE8F041EF
:10A76000FFF723BF00F0DCF810F1860FF2D0BDE850
:10A77000F0816FF08600FAE72DE9F04F476885B069
:10A780003F0ADDE90E9ADDF840B004460D46164654
:10A79000984615D1CDE901ABCDF8009000F0B2F8A4
:10A7A00010F1860F0ED14346324629462046CDE9A8
:10A7B0000FABCDF8389005B0BDE8F04FFFF704BD02
:10A7C0006FF0860005B0BDE8F08F10B44468240A2D
:10A7D00002D110BCFFF742BD6FF0860010BC70477D
:10A7E0002DE9F34747683F0ADDE90A9A04460D461A
:10A7F0001646984611D1CDE9009A00F075F810F18F
:10A80000860F0CD14346324629462046CDE90A9AA6
:10A8100002B0BDE8F047FFF779BD6FF0860002B0E7
:10A82000BDE8F08713B504464868000A0AD10498C9
:10A83000009004F10800FAF723FF08B91C232360F5
:10A8400002B010BD6FF08600FAE710B404681C2C4B
:10A8500003D110BC0830FAF73FBF6FF0860010BC80
:10A86000704738B503681C2B0CD100F10804204652
:10A8700000F05DF94FF4907105462046FAF70EF8A6
:10A88000284638BD0025FBE703681C2B02D10830A1
:10A8900000F028B96FF08600704710B404681C2CD3
:10A8A00003D110BC083000F026B96FF0860010BC50
:10A8B000704703681C2B02D1083000F028B9002033
:10A8C000704710B44468240A02D110BC00F037B9B4
:10A8D0006FF0860010BC7047FAF758BFFAF786BFD2
:10A8E000FAF7DABFFAF706BE10B4048804F44F444E
:10A8F000B4F5824F02D110BC00F0A9B96FF0850009
:10A9000010BC704710B4048804F44F44B4F5824F6F
:10A9100002D110BC00F0CBB96FF0850010BC7047BD
:10A9200010B4048824F0FF04B4F5E24F02D110BC47
:10A9300000F010BA6FF0850010BC7047024612F8A4
:10A94000103BDB0903EBC303C3EB031312F8011D38
:10A9500083EA4103904213704FEA1323F6D1704704
:10A960002DE9FF4705468846144622B3D0F84861D2
:10A9700000F5947786B9A0444FF010090DF10C0A48
:10A98000102CA8EB040237D823463946384600F08D
:10A9900051F9C5F848410EE0C6F110094A450FD8F3
:10A9A000B91913460846424600F044F9D5F8483133
:10A9B0002344C5F848310026304604B0BDE8F0878E
:10A9C000B9F1000F08D0B91942464B46084600F0CD
:10A9D00031F9103EC844344403AB10220193009275
:10A9E0003B4639462846FFF730FF06460028C2D0CE
:10A9F0002846FFF736FFDFE710233946384600F0D8
:10AA000019F9CDE9009A3B46102239462846FFF74E
:10AA10001CFF06460028EBD1103CB1E72DE9F043BE
:10AA20009846D0F84831102B174685B00446894621
:10AA300000F59C7200F594751CD12946284600F05B
:10AA4000F9F803AB1022019300922B4629462046C9
:10AA5000FFF7FBFE064630B93A462946484600F065
:10AA6000AEF9C8F800702046FFF7FBFE304605B08F
:10AA7000BDE8F083C618104696F8283183F08003AD
:10AA800086F82831FFF75AFF10230246D5E7F0B5C4
:10AA9000D5B004460E46174600214FF4A67201A811
:10AAA0001D4600F09AF921463B46324601A8FAF7C6
:10AAB0005FFD044680B95A9A294601A8FFF750FF66
:10AAC000044648B9DDE95C235B9901A8FFF7A6FFBE
:10AAD0000446204655B0F0BD01A8FFF7C2FEF8E7D6
:10AAE000FAF76CBD90F84C31022B01D1FFF738BF5B
:10AAF0006FF08800704710B490F84C41022C02D1DE
:10AB000010BCFFF78BBF6FF0880010BC704710B50A
:10AB100090F84C31022B044607D1FFF7A2FE4FF408
:10AB2000A8720021204600F058F9002010BD08B599
:10AB30004FF49072002100F050F9002008BD10B4CD
:10AB4000048804F44F44B4F5824F02D110BCFAF7E4
:10AB5000B7BE6FF0850010BC70472DE9F04F89B08B
:10AB600005460E461C4602EB030800F5947A0DF1EB
:10AB700010090F2CA8EB040704D81CBB002009B057
:10AB8000BDE8F08FD5F82831002E03F1010303AAA8
:10AB90004FF0100BC5F82831514614BF4B463B46C9
:10ABA0000192CDF800B05A462846FFF74EFE002825
:10ABB000E5D12EB15B4632464946384600F03AF8B8
:10ABC000103CD6E7D5F828310133C5F828311022DA
:10ABD00003AB019300920DEB020305F59471284637
:10ABE000FFF733FE0028CAD136B12346324604A906
:10ABF000384600F01FF8C1E7224604A9384600F0A5
:10AC0000DEF8BBE710B58CB030236A460446FFF788
:10AC1000A4FF18B969462046FAF784FD0CB010BDB0
:10AC200003460144002013F8012B8B4240EA020046
:10AC3000F9D1704730B50B4411F8014B12F8015BA4
:10AC4000994284EA050400F8014BF5D130BDF8B50E
:10AC5000054614466F882D8805F4E04CBCF5804FFE
:10AC60001846DDE9063606D19A421DD800F0A7F84D
:10AC700034600020F8BD47F21212954202D06FF006
:10AC80008500F7E7640001349C420DD80423B7F532
:10AC9000807F34600370F2D10130FAF78FFF002813
:10ACA000E7D06FF08600E5E76FF08900E2E72DE975
:10ACB000F0411F460388DDF820800E4644F2121151
:10ACC0008B42154642882ED047F212118B423BD15F
:10ACD00002B9EA00B2F5807F36D1202D03D06FF0A3
:10ACE0008600BDE8F08129463046FFF799FF00282D
:10ACF000F5D03046FAF74EFF0028F0D1D8F80040E2
:10AD000034F48074EBD1069B9D4220D82A4631460C
:10AD1000384600F054F8079B1D604FF48073C8F864
:10AD200000302046DDE71AB9EB07D8D56A08D20013
:10AD3000B2F5807F08D1412DD1D13378042BCED10B
:10AD4000701CFAF731FFD7E76FF08500C9E76FF0A5
:10AD50008900C6E7F8B50D46478801881E4647F2C8
:10AD60001213FC1D99424FEAD40402D06FF0850003
:10AD7000F8BD944215D821462846FAF775F90028FF
:10AD8000F6D121462846FFF74BFF0028F3D0B7F550
:10AD9000807FEBD12846FAF7FDFE0028EBD1346026
:10ADA000E6E76FF08900E3E77047F6F78FBA4FF0F8
:10ADB000FF324FF0FF33F6F7B9B9FEF73FBF0A4451
:10ADC000914200F1FF3300D1704710B511F8014BEB
:10ADD00003F8014F9142F9D110BD0244034693425A
:10ADE00000D1704703F8011BF9E710B5013902449F
:10ADF000904201D1002005E0037811F8014FA342F1
:10AE000001D0181B10BD0130F2E710B5013904461E
:10AE100032B111F8013F00F8013B013A002BF7D1A4
:10AE20000021FFF7DAFF204610BD10B502460144AD
:10AE30008A42134603D01C780132002CF8D1181A2C
:10AE400010BDF0B5C3F137070446FFB203F01F038E
:10AE50001046082BE6B233D0102B3ED06508A4086C
:10AE600044EA817445EAC1752D194FEA910242EB1B
:10AE70005102290941EA02716D1842EB1212290AA6
:10AE800041EA02616D1842EB1222290C41EA0241AB
:10AE90006D1842EB1242AD1842F10002EC0844EA90
:10AEA0004274D10804EB8402A6EB4205EDB2092DF1
:10AEB0000CD90134A5F10A0541F10001EDB212E00F
:10AEC000E40844EA417406F00705C908303554EA3D
:10AED000010200F8015BBCD1F0BD240944EA017411
:10AEE00006F00F050909092D84BFED19EDB2EDE754
:10AEF000D1E9043293421EBF5A1C0A611870704790
:0CAF00000148006870470000082B00208A
:08AF0C00EE44FE7F010000008D
:10AF1400113A0100000000004D3A01000000000059
:10AF240000000000B4AF02000D0D0200000000009C
:10AF3400050E02000000000000000000D4AF020073
:10AF4400D5FA010000000000AF98020000000000E4
:10AF540000000000F4AF02000000000014B0020082
:10AF6400E1ED010000000000C16B020000000000E0
:10AF74000D330100000000000000000034B00200A6
:10AF8400ADFB0100000000004D19020000000000AC
:10AF9400A915010000000000293B01000000000089
:10AFA40045980200000000004F98020000000000D5
:10AFB40014FF0200BCBA0200B8B10200240700204A
:10AFC400802D0020B1DC0100000000000000000022
:10AFD400AA000300D4BA020094B10200280700209A
:10AFE400302E0020F1E60100000000000000000007
:10AFF4008FFF0200000000008CB102002607002031
:10B00400DC2D00200DE20100000000000000000023
:10B01400DF000300E8BA0200D4B102002A070020CE
:10B024003C2E0020A5E90100F99602000000000072
:10B03400730303000000000044BB02002C0700203F
:10B04400582E002009F1010000000000000000005B
:10B05400C3980200E3980200000000001D70020083
:10B0640014B0020099960200000000001D70020056
:10B07400000000001D700200000000001D700200AE
:10B08400780500201B960200000000001D700200DD
:10B09400000000001D700200000000001D7002008E
:10B0A400000000001D700200000000001D7002007E
:10B0B400000000001D700200DC2D0020A9E2010048
:10B0C400000000001D700200000000001D7002005E
:10B0D400000000001D70020000000000F1EB010000
:10B0E400000000001D700200000000001D7002003E
:10B0F400000000001D700200000000001D7002002E
:10B10400000000001D700200000000001D7002001D
:10B11400000000001D7002000000000069FB010037
:10B12400000000001D700200000000001D700200FD
:10B13400000000001D700200000000001D700200ED
:10B14400000000001D700200000000001D700200DD
:10B15400000000001D700200000000001D700200CD
:10B16400000000001D700200000000001D700200BD
:10B17400000000001D700200000000001D700200AD
:08B18400000000001D70020034
:08B18C008DE10100B9E00100B2
:10B1940065E50100C3950200D1950200E99502001E
:10B1A400F595020001960200F9E301001DE3010098
:04B1B4000000000097
:10B1B80009DD0100B7950200939502000000000028
:0CB1C800D9DB01000000000000000000C6
:0CB1D40053960200F1E8010045960200CD
:10B1E000050000007D8101000600000085C001000F
:08B1F00004000000ED8C0100D9
:10B1F80035000100D5FF000000000000000000003D
:10B208000000000000000000AD0101000000000087
:10B218000CB9020008000000ACB9020005000000EB
:10B2280047F40200030000003BD7020003000000BF
:10B2380018EE02000300000074FE02000300000084
:10B2480065D7020003000000FAE6020003000000D0
:10B2580046F9020003000000E3CB020003000000EF
:10B268006FE10200030000009CE4020003000000FC
:10B278005CFE02000300000026F10200030000004B
:10B288000CD6020003000000F5CB0200030000000A
:10B2980090030300030000007E0303000300000086
:10B2A800E9FD0200030000009EC402000300000044
:10B2B8002FFF020003000000FFC50200030000008A
:10B2C800A3C6020003000000A7C602000300000096
:10B2D800F903030003000000A9D2020003000000E4
:10B2E8003AD5020003000000D5D502000300000093
:10B2F800F1CB0200030000006C040300030000000F
:10B30800E1CC020003000000CA07030003000000AC
:10B3180078C7020003000000E4D502000300000023
:10B32800ED0003000300000053C202000300000008
:10B34000000160003000000000000000000000006C
:10B350006000600000000000000000006CE00200DF
:10B3600071E0020075E0020079E002007DE0020079
:10B3700081E0020085E0020089E002008DE0020029
:10B3800091E0020095E0020099E002009DE00200D9
:10B39000A1E00200A5E00200A9E00200ADE0020089
:10B3A000010100020700000001000000102700005A
:10B3B0001027000001000B0002000A000500090030
:10B3C0000A000800140007001E00060032000500F5
:10B3D0004B0004006400030096000200FA00010024
:10B3E000F401000002030100F401FA009600640079
:10B3F0004B0032001E0014000A000500020001008C
:10B400000C0802170D0101020909010106020918C1
:10B4100018030101090903030503020123020224A1
:10B420000910040405050B0B040B2B1B1B151A1A22
:10B430001C021D16130501490D150508061B1B0FDF
:10B440001D1D0A060601010000FEFEFEFEFEFEFEB8
:10B45000FEFEFEFEFEFEFEFEFEFE16FEFEFEFEFEF4
:10B46000FEFEFEFEFEFE1F1FFEFE26FEFEFEFEFE92
:10B47000FEFEFEFEFEFEFEFEFEFEFEFEFE3E3EFE6C
:10B48000FEFEFE3B3B252627010000001011004078
:10B4900000000000000000000000000000000000AC
:10B4A0000406080A0C0E10121416181C1E20222462
:10B4B00026282A2C2E30323436383A3C3E4042443C
:10B4C00046484A4C4E021A50000000002800000076
:10B4D0001800000000000000141E000030110000E1
:10B4E0000000000070170000A00F00000000DC0545
:10B4F000E803000000000000141E000030110000EE
:10B5000000002CA6E0A100003408E80300010302BB
:10B51000000100081200000000000000D8ECF0F468
:10B52000F8FC000203040506070800000000000004
:10B530000000000000000000000000000000010109
:10B5400001010202020203030303040404040505CB
:10B5500005050606060809000000000000000000BE
:10B5600000000000000000000000000101010102D5
:10B57000020202030303030404040405050505068F
:10B58000060708090A0B0C0D00100200FA00000063
:10B59000029ECADC240EE5A9E093F3A3B5010040A6
:10B5A0006E029ECADC240EE5A9E093F3A3B5010068
:10B5B000406E029ECADC240EE5A9E093F3A3B50316
:10B5C00000406E029ECADC240EE5A9E093F3A3B509
:10B5D0000200406E01030062746C65000000000010
:10B5E000000000000000000000000000000000005B
:10B5F000000000000000000000000000000000004B
:10B600000000000000000000000100000000000039
:10B610000338FDD8704700009DFF000000000000C7
:10B620009DFD000011FC0000000000200000000053
:10B6300000000B06020000003CB602000000000003
:10B64000A2D402002400020600000020AAD40200B6
:10B650001E000B11680500209D3301000000000052
:10B66000BB70020058B6020074B602004A00000027
:10B67000000000007874002058B6020088B602006E
:10B680002E000000000000004079002058B60200A3
:10B690009CB602000201000000000000147A0020A5
:10B6A000B1E00200CFE00200EAE00200FAE00200AE
:10B6B00007E1020010E1020017E102001EE10200B2
:10B6C00025E102002DE1020007E1020035E1020060
:10B6D00047E102005CE102000E030000395701005F
:10B6E0000F040000095701001A010000C93F0100C2
:10B6F00005040000CD3E0100130100007947010060
:10B700003E01000091410100011200002B73020074
:10B710000A1E00008F730200FF010000753F010048
:10B720003E010000B1410100050400007942010022
:10B7300008040000114A01003003000071490100B3
:10B7400010010000D1410100020100008D620100E2
:10B7500001120000955601000A1E00004974020003
:10B7600003090000F53F0100040B00000543010040
:10B77000060A0000194E0100070A000001420100FC
:10B780000C0500003D420100050C0000F94C0100D1
:10B7900058B60200A0B702004700000000000000F9
:10B7A000307B002097ED0200A4ED0200C4ED020002
:10B7B000B8ED0200CFED0200E6ED0200F6ED02006A
:10B7C000A4F002000AEE020058B60200D8B7020048
:10B7D0000000000000000000507C002058B602006D
:10B7E000ECB702004A00000000000000787C002056
:10B7F0001F7A02007D7A02000000000000000000B5
:10B800000000000021850100000000000000000091
:10B810000000000000000000020201009982020006
:10B8200004040100D59601000606010015960100EA
:10B8300008040100019501000A0201008182020052
:10B840000C040100698202000E040100D59301007E
:10B850002004010039930100100401004992010005
:10B8600012020100078302001E0004008983020007
:10B87000520200002D830200010402009199010090
:10B88000030202008D8302000501020057830200BB
:10B8900007040200618302000901020065830200BF
:10B8A0000B000200698302000D0002006D8302009C
:10B8B0000F00020071830200210202007583020062
:10B8C0001101020079830200130002007D8302004F
:10B8D0001704020081830200190002008583020020
:10B8E0001B0203002F7C02001D020500B99001001D
:10B8F000230403001D7C020058B6020008B90200B0
:10B900004C00000000000000D07D0020DCBC0200E4
:10B910004388020000000000D8BC020000000100C3
:10B92000D4BC0200EB8B0200000000009006002057
:10B9300000000100CCBC020000000000000000007C
:10B940000000000000000000C8BC020015880200D2
:10B95000E99E01009806002000000300C4BC02001C
:10B96000EB8B0200000000008806002000000100B0
:10B97000BCBC02007B88020059A10100000000004D
:10B9800000000300B8BC0200EB8B020000000000C6
:10B990008006002000000100B0BC020051A501009B
:10B9A000000000000000000000000100FCBC0200DC
:10B9B0004388020000000000F8BC02000000010003
:10B9C000F4BC0200EB8B020000000000C406002063
:10B9D00000000100ECBC0200AB8802000000000087
:10B9E0000000000000000100E8BC0200EB8B020038
:10B9F00000000000BC06002000000100E0BC0200C6
:10BA0000D5880200000000000000000000000100D6
:10BA1000F9C90100AF930200A1D3010000000000AA
:10BA2000000000000DD00100000000000000000038
:10BA30000000000000000000000000000000000006
:10BA4000AB8F02000600000029C3010006000000C1
:10BA50007B9002001000000095C80100100000005B
:10BA600035D3010001000000E78E02001000000045
:10BA7000A78F02000A00000061C201001000000050
:10BA800035D1010007000000858F02001000000082
:10BA900029CC01000100000061C601004000000047
:10BAA00005C1010010000000F78F02000100000036
:10BAB0009DDB010089DC01000000000041DE010087
:10BAC00065DD010023FF020045DD0100B3950200A2
:10BAD00029FF0200FFFFFFFF000000507805002053
:10BAE00000000000000000000020004001000000F5
:10BAF0000000000008BB02000000D60100000000AA
:10BB0000403700203F3700200020004014BB0200D7
:10BB10000200000034BB02000400000024BB02004D
:10BB2000040100000680000008800001058000027A
:10BB30000780000306000000080000010500000265
:10BB400007000003F1EF010007970200539702007E
:10BB50002D0703003B0703004F0703005E070300A8
:10BB60006A07030014AF020014AF020064AF0200C2
:10BB70006CAF0200B4AF0200B4AF0200CB0A030006
:10BB80000001000088130000512563FCC2CAB9F30C
:10BB9000849E17A7ADFAE6BCFFFFFFFFFFFFFFFF84
:10BBA00000000000FFFFFFFFAAAAAAAAAAAAAAAA49
:10BBB000AAAAAAAA555555555555555555555555E1
:10BBC0000000000055555555522563FCC2CAB9F313
:10BBD000849E17A7ADFAE6BCFFFFFFFFFFFFFFFF44
:10BBE00000000000FFFFFFFF512563FCC2CAB9F34C
:10BBF000849E17A7ADFAE6BCFFFFFFFFFFFFFFFF24
:10BC000000000000FFFFFFFF96C298D84539A1F45D
:10BC1000A033EB2D817D0377F240A463E5E6BCF809
:10BC200047422CE1F2D1176BF551BF376840B6CBD4
:10BC3000CE5E316B5733CE2B169E0F7C4AEBE78ED0
:10BC40009B7F1AFEE242E34F4B60D2273E3CCE3B45
:10BC5000F6B053CCB0061D65BC86987655BDEBB3E7
:10BC6000E7933AAAD835C65AFCFFFFFFFFFFFFFF54
:10BC7000FFFFFFFF000000000000000000000000C8
:10BC800001000000FFFFFFFF647261676F6F6E2F9E
:10BC90006C6962732F73636865642F7372632F73AB
:10BCA000636865645F68616C5F7274632E63000033
:10BCB00000002A2B00002A2B000003280000292B5B
:10BCC0000000292B00000328000002290000052A9B
:10BCD0000000052A000003280000011800000028C9
:10BCE0000000012A0000012A000003280000002AA9
:10BCF0000000002A000003280000001800000028AF
:10BD00004661696C656420746F2073746F70207372
:10BD100063616E6E696E67202865727220256429E2
:10BD200000555549442066696C7465722063616EE4
:10BD30006E6F74206265206164646564202865729A
:10BD4000722025640046696C746572732063616EAD
:10BD50006E6F74206265207475726E6564206F6EFC
:10BD6000202865727220256429005363616E6E6914
:10BD70006E67206661696C656420746F20737461FE
:10BD80007274202865727220256429005363616EE5
:10BD900020737461727465640053657276696365BB
:10BDA00020646973636F7665727920636F6D706C60
:10BDB0006574656400636F756C64206E6F742073C6
:10BDC000746172742074686520646973636F76654A
:10BDD00072792070726F6365647572652C2065726C
:10BDE000726F7220636F64653A20256400436F6E42
:10BDF0006E656374696E67206661696C6564004195
:10BE00005454206572726F7220636F64653A2030FB
:10BE10007825303258004D54552065786368616E3E
:10BE2000676520646F6E65004D54552065786368C2
:10BE3000616E6765206661696C6564202865727251
:10BE40002025686875290053657276696365206EE0
:10BE50006F7420666F756E64004572726F72207722
:10BE600068696C6520646973636F766572696E6773
:10BE700020474154542064617461626173653A20C3
:10BE800028256429007075626C69630072616E64B4
:10BE90006F6D007075626C69632D69640072616E0C
:10BEA000646F6D2D696400253032583A2530325860
:10BEB0003A253032583A253032583A253032583AFD
:10BEC0002530325820282573290050616972696E27
:10BED00067206661696C656420636F6E6E3A202529
:10BEE000732C20726561736F6E20256420257300AA
:10BEF00050616972696E6720636F6D706C657465FF
:10BF0000643A2025732C20626F6E6465643A2025A4
:10BF1000640050616972696E672063616E63656C6D
:10BF20006C65643A2025730046696C7465727320F1
:10BF30006D6174636865642E204164647265737317
:10BF40003A20257320636F6E6E65637461626C6561
:10BF50003A20256400446973636F6E6E656374658F
:10BF6000643A2025732C20726561736F6E203078DF
:10BF700025303278202573004661696C6564207431
:10BF80006F20636F6E6E65637420746F2025732C51
:10BF90002030782530327820257300436F6E6E652F
:10BFA000637465643A202573004D545520657863A9
:10BFB00068616E6765206661696C656420286572DA
:10BFC0007220256429004661696C656420746F20C5
:10BFD0007365742073656375726974793A2025649A
:10BFE0000053746F70204C45207363616E2066614E
:10BFF000696C65642028657272202564290041649B
:10C0000064726573732066696C7465722063616E17
:10C010006E6F7420626520616464656420286572B7
:10C0200072202564293A2025730041646472657387
:10C03000732066696C7465722061646465643A207B
:10C040002573005365637572697479206368616E46
:10C050006765643A202573206C6576656C202575CC
:10C06000005365637572697479206661696C6564F3
:10C070003A202573206C6576656C202575206572E5
:10C080007220256420257300426164206672616D10
:10C0900065206865616465723A2025303278202514
:10C0A000303278206C656E3D2575004261642073E6
:10C0B000616D706C6520636F756E743A2025750034
:10C0C0004672616D6520746F6F2073686F72743A89
:10C0D000206C656E3D2575206E6565643D25752077
:10C0E0006E3D2575007365713D0020693D00206639
:10C0F0006C6167733D004661696C656420746F20F4
:10C10000726567697374657220617574686F7269AE
:10C110007A6174696F6E2063616C6C6261636B73CA
:10C120002E004661696C656420746F2072656769D2
:10C130007374657220617574686F72697A6174696D
:10C140006F6E20696E666F2063616C6C6261636BF9
:10C15000732E0A00426C7565746F6F746820696E87
:10C160006974206661696C65642028657272202597
:10C17000642900426C7565746F6F746820696E691C
:10C180007469616C697A6564000D0A57616C6B456E
:10C1900045472043656E7472616C20286E524635A7
:10C1A00032383332292072656164790D0A005541B5
:10C1B0005254207265616479004E555320436C6976
:10C1C000656E7420696E697469616C697A617469FD
:10C1D0006F6E206661696C65642028657272202527
:10C1E0006429006E75735F636C69656E745F696E58
:10C1F0006974206661696C65642028657272202507
:10C200006429004E555320436C69656E74206D6F30
:10C2100064756C6520696E697469616C697A6564BE
:10C22000005363616E206D6F64756C6520696E6983
:10C230007469616C697A6564005374617274696EC3
:10C24000672057616C6B4545472043656E7472618A
:10C250006C0A0077616C6B6565675F63656E74720D
:10C26000616C00574553545F544F504449522F7AE4
:10C2700065706879722F6C69622F686561702F68CC
:10C280006561702E63006368756E6B5F75736564BE
:10C2900028682C20632900415353455254494F4E7E
:10C2A000204641494C205B25735D20402025733A90
:10C2B00025640A0009756E6578706563746564208D
:10C2C000686561702073746174652028646F75629D
:10C2D0006C652D667265653F2920666F72206D65FD
:10C2E0006D6F72792061742025700A006C65667428
:10C2F0005F6368756E6B28682C2072696768745F6D
:10C300006368756E6B28682C20632929203D3D20C9
:10C31000630009636F72727570746564206865618B
:10C320007020626F756E6473202862756666657230
:10C33000206F766572666C6F773F2920666F72207A
:10C340006D656D6F72792061742025700A006279C5
:10C35000746573202F203855203C3D203078376697
:10C360006666550009686561702073697A652069A1
:10C370007320746F6F206269670A00627974657355
:10C38000203E20686561705F666F6F7465725F62E2
:10C390007974657328627974657329000968656129
:10C3A000702073697A6520697320746F6F20736DD4
:10C3B000616C6C0A00686561705F737A203E20636F
:10C3C00068756E6B737A2873697A656F6628737403
:10C3D00072756374207A5F686561702929006368EB
:10C3E000756E6B305F73697A65202B206D696E5FA7
:10C3F0006368756E6B5F73697A65286829203C3DB8
:10C4000020686561705F737A00574553545F544FDD
:10C41000504449522F7A65706879722F6C69622F87
:10C420006F732F63627072696E74665F7061636BA5
:10C43000616765642E630009537472696E672077C3
:10C4400069746820746F6F206D616E792061726706
:10C45000756D656E74730A00097374725F7074721F
:10C460005F706F735B5D20746F6F20736D616C6CB8
:10C470000A0009756E657870656374656420736978
:10C480007A652025750A0009746F6F206D616E79D9
:10C4900020666F726D617420617267730A00636257
:10C4A0007072696E74665F7061636B616765005777
:10C4B0004553545F544F504449522F7A6570687900
:10C4C000722F6C69622F7574696C732F6F6E6F6653
:10C4D000662E63007374617465203D3D2030550005
:10C4E000217379735F736C6973745F69735F656DD2
:10C4F00070747928266D67722D3E636C69656E7461
:10C500007329007472616E73697420213D2028289C
:10C51000766F6964202A293029007374617465205C
:10C520003D3D202831554C203C3C20283129290014
:10C530006D67722D3E72656673203D3D203000733D
:10C5400074617465203D3D202831554C203C3C20D1
:10C550002830292900574553545F544F50444952BD
:10C560002F7A65706879722F696E636C7564652FB8
:10C570007A65706879722F7370696E6C6F636B2E59
:10C5800068007A5F7370696E5F756E6C6F636B5F66
:10C5900076616C6964286C2900094E6F74206D798E
:10C5A000207370696E6C6F636B2025700A007A5F70
:10C5B0007370696E5F6C6F636B5F76616C69642822
:10C5C0006C290009496E76616C6964207370696E2C
:10C5D0006C6F636B2025700A00574553545F544FAE
:10C5E000504449522F7A65706879722F6C69622FB6
:10C5F0007574696C732F6E6F746966792E6300664B
:10C60000735F6E767300574553545F544F504449DF
:10C61000522F7A65706879722F7375627379732FF0
:10C620006C6F6767696E672F6C6F675F636F7265AA
:10C630002E63006C6F675F6261636B656E645F633E
:10C640006F756E745F6765742829203C2028283335
:10C6500032202F20335529202D202831202B203027
:10C660002929006261636B656E64203C3D205F6C2C
:10C670006F675F6261636B656E645F6C6973745F43
:10C68000656E640009756E65787065637465642015
:10C690006C69737420656E64206C6F636174696F7C
:10C6A0006E0A006C6F67006C6F675F6D676D74007A
:10C6B000574553545F544F504449522F7A65706820
:10C6C00079722F7375627379732F6C6F6767696EF8
:10C6D000672F6C6F675F6D73672E6300706C656E9C
:10C6E000203E3D2030004D657373616765206472A4
:10C6F0006F7070656420626563617573652069742D
:10C7000020657863656564732073697A65206C6958
:10C710006D69746174696F6E20282575290057450D
:10C7200053545F544F504449522F7A657068797260
:10C730002F7375627379732F73657474696E677381
:10C740002F7372632F73657474696E67732E630041
:10C750006368203C3D205F73657474696E67735F26
:10C7600068616E646C65725F7374617469635F6C39
:10C770006973745F656E640073657474696E677362
:10C78000002A2A2A20426F6F74696E67206E524613
:10C7900020436F6E6E6563742053444B2076332EB6
:10C7A000322E312D64383838376636663332646657
:10C7B000202A2A2A0A002A2A2A205573696E67200D
:10C7C0005A6570687972204F532076342E322E3994
:10C7D000392D656337383130346631353639202AA2
:10C7E0002A2A0A004254204741545420444D2057DD
:10C7F0005100574553545F544F504449522F6E7265
:10C80000662F7375627379732F626C7565746F6FC1
:10C8100074682F676174745F646D2E63006C656E5D
:10C82000203C3D2028313238202D2073697A656FF5
:10C830006628737472756374206B5F68656170201D
:10C840002A29202D2073697A656F662873747275A2
:10C85000637420646174615F6368756E6B5F697493
:10C86000656D202A292900556E737570706F72747A
:10C870006564205555494420747970652E004E6FCB
:10C8800020737061636520666F72206E657720612A
:10C8900074747269627574652E004E6F20737061D6
:10C8A000636520666F722061747472696275746565
:10C8B00020646174612E00556E696E697469616CE3
:10C8C000697A656420555549442E004E6F20737077
:10C8D00061636520666F72206120555549442E00C2
:10C8E00041747472696275746573206E6F74206C24
:10C8F0006F636B6564004741545420646973636FD0
:10C90000766572206661696C65642C206572726F51
:10C91000723A2025642E00556E65787065637465E3
:10C920006420636F6E6E206F626A6563742E2041AF
:10C93000626F7274696E672E0062745F75756964E8
:10C940005F636D7028617474722D3E757569642C17
:10C95000202828636F6E737420737472756374205B
:10C9600062745F75756964202A29202828636F6EB8
:10C970007374207374727563742062745F75756963
:10C98000645F31365B5D29207B7B202E7575696481
:10C99000203D207B2042545F555549445F545950F7
:10C9A000455F3136207D2C202E76616C203D20287D
:10C9B000307832383030292C207D7D292929203DBE
:10C9C0003D2030207C7C2062745F757569645F63F4
:10C9D0006D7028617474722D3E757569642C202801
:10C9E00028636F6E7374207374727563742062743D
:10C9F0005F75756964202A29202828636F6E737417
:10CA0000207374727563742062745F757569645FF6
:10CA100031365B5D29207B7B202E75756964203D56
:10CA2000207B2042545F555549445F545950455F1F
:10CA30003136207D2C202E76616C203D20283078E8
:10CA400032383031292C207D7D292929203D3D2077
:10CA500030004E6F7420656E6F756768206D656D70
:10CA60006F727920666F72207365727669636520D4
:10CA70006174747269627574652E006375725F7398
:10CA80006572766963655F76616C20213D20282898
:10CA9000766F6964202A293029004E6F7420656EF4
:10CAA0006F756768206D656D6F727920666F722093
:10CAB00073657276696365206174747269627574F6
:10CAC0006520646174612E004E6F7420656E6F7511
:10CAD0006768206D656D6F727920666F72206E6574
:10CAE000787420617474726962757465206465730A
:10CAF00063726970746F722061742068616E646C17
:10CB0000652025752E0062745F757569645F636DBD
:10CB10007028617474722D3E757569642C20282804
:10CB2000636F6E7374207374727563742062745FC4
:10CB300075756964202A29202828636F6E73742014
:10CB40007374727563742062745F757569645F31A4
:10CB5000365B5D29207B7B202E75756964203D2026
:10CB60007B2042545F555549445F545950455F31CD
:10CB700036207D2C202E76616C203D2028307832A6
:10CB8000383033292C207D7D292929203D3D203036
:10CB9000006375725F676174745F636872632021FC
:10CBA0003D202828766F6964202A293029000955FC
:10CBB0006E6B6E6F776E20706172616D207479702C
:10CBC000652E0A00446973636F7665722066616939
:10CBD0006C65642C206572726F723A2025642E0099
:10CBE00004081162745F676174745F646D0002040D
:10CBF000106E72665F62745F7363616E004D69737D
:10CC000073696E67204E55532054582063686172D3
:10CC1000616374657269737469632E004D6973731F
:10CC2000696E67204E55532054582076616C7565A7
:10CC30002064657363726970746F7220696E20631B
:10CC4000686172616374657269737469632E004D03
:10CC5000697373696E67204E5553205458204343BF
:10CC60004320696E206368617261637465726973E1
:10CC70007469632E004D697373696E67204E555356
:10CC800020525820636861726163746572697374BD
:10CC900069632E004D697373696E67204E5553208A
:10CCA00052582076616C7565206465736372697093
:10CCB000746F7220696E206368617261637465725B
:10CCC00069737469632E0053756273637269626578
:10CCD000206661696C65642028657272202564296C
:10CCE000006E75735F630072302F61313A2020301F
:10CCF0007825303878202072312F61323A20203068
:10CD00007825303878202072322F61333A20203055
:10CD100078253038780072332F61343A202030780B
:10CD200025303878207231322F69703A20203078DF
:10CD300025303878207231342F6C723A20203078C8
:10CD4000253038780020787073723A2020307825AA
:10CD5000303878004661756C74696E6720696E734F
:10CD60007472756374696F6E206164647265737345
:10CD700020287231352F7063293A203078253038D9
:10CD80007800556E68616E646C6564204952516E1E
:10CD90003A202564002A2A2A2A2A2042555320466E
:10CDA00041554C54202A2A2A2A2A002020537461F3
:10CDB000636B696E67206572726F72002020556E1A
:10CDC000737461636B696E67206572726F720020A5
:10CDD00020507265636973652064617461206275B7
:10CDE00073206572726F72002020424641522041CA
:10CDF0006464726573733A20307825780020204986
:10CE00006D70726563697365206461746120627519
:10CE100073206572726F72002020496E7374727590
:10CE20006374696F6E20627573206572726F720031
:10CE30002020466C6F6174696E672D706F696E7427
:10CE4000206C617A792073746174652070726573E7
:10CE50006572766174696F6E206572726F72002AF6
:10CE60002A2A2A2A205553414745204641554C54E9
:10CE7000202A2A2A2A2A0020204469766973696FA9
:10CE80006E206279207A65726F002020556E616C89
:10CE900069676E6564206D656D6F7279206163638B
:10CEA0006573730020204E6F20636F70726F63652F
:10CEB00073736F7220696E737472756374696F6EC9
:10CEC00073002020496C6C6567616C206C6F616435
:10CED000206F66204558435F52455455524E206995
:10CEE0006E746F205043002020496C6C6567616C44
:10CEF00020757365206F6620746865204550535215
:10CF0000002020417474656D707420746F20657802
:10CF1000656375746520756E646566696E65642009
:10CF2000696E737472756374696F6E002A2A2A2A97
:10CF30002A204D5055204641554C54202A2A2A2A51
:10CF40002A002020537461636B696E6720657272DA
:10CF50006F722028636F6E746578742061726561EA
:10CF6000206D69676874206265206E6F7420766139
:10CF70006C69642900202044617461204163636509
:10CF800073732056696F6C6174696F6E0020204D59
:10CF90004D46415220416464726573733A20307883
:10CFA0002578002020496E737472756374696F6E02
:10CFB000204163636573732056696F6C6174696F98
:10CFC0006E00574553545F544F504449522F7A6571
:10CFD000706879722F617263682F61726D2F636F51
:10CFE00072652F636F727465785F6D2F6661756C03
:10CFF000742E6300212828285343425F54797065BA
:10D00000202A2920282830784530303045303030EB
:10D01000554C29202B20307830443030554C292075
:10D02000292D3E434653522026202831554C203C82
:10D030003C20283055202B2034552929290009531C
:10D040007461636B696E67206572726F72206E6FB8
:10D0500074206120737461636B206661696C0A0AD5
:10D0600000526573657276656420457863657074F7
:10D07000696F6E20280053707572696F757320692F
:10D080006E74657272757074202849525120005375
:10D090005053454C20696E20746872656164206D40
:10D0A0006F646520646F6573206E6F7420696E64B1
:10D0B0006963617465205053500065736620213D9B
:10D0C000202828766F6964202A29302900094553D1
:10D0D0004620636F756C64206E6F742062652072E9
:10D0E00065747269657665642073756363657373CF
:10D0F00066756C6C792E205368616C6C206E657659
:10D100006572206F636375722E0A002A2A2A2A2A02
:10D110002048415244204641554C54202A2A2A2A6C
:10D120002A002020427573206661756C74206F6E32
:10D1300020766563746F72207461626C652072651D
:10D1400061640020204465627567206576656E74B1
:10D150000020204661756C7420657363616C617496
:10D16000696F6E20287365652062656C6F77290092
:10D17000415243485F45584345505420776974688D
:10D1800020726561736F6E2025780A00094661750B
:10D190006C7420657363616C6174696F6E2077696C
:10D1A00074686F75742046535220696E666F0A006A
:10D1B00009486172644661756C7420776974686FA0
:10D1C0007574204846535220696E666F205368611B
:10D1D0006C6C206E65766572206F636375720A00F1
:10D1E0002A2A2A2A2A204465627567206D6F6E6993
:10D1F000746F7220657863657074696F6E202A2A77
:10D200002A2A2A002A2A2A2A2A2025732025642944
:10D21000202A2A2A2A2A00574553545F544F504443
:10D2200049522F7A65706879722F617263682F6135
:10D23000726D2F636F72652F636F727465785F6DA7
:10D240002F6972715F6D616E6167652E6300707228
:10D25000696F203C3D20282831554C203C3C20283B
:10D26000332929202D2031290009696E76616C69E6
:10D2700064207072696F7269747920256420666F0A
:10D280007220256420697271212076616C75657346
:10D29000206D757374206265206C657373207468EB
:10D2A000616E20256C750A0A006D70750046616913
:10D2B0006C656420746F20616C6C6F6361746520B1
:10D2C0006E6577204D505520726567696F6E202519
:10D2D000750A00506172746974696F6E2025753A21
:10D2E0002073616E69747920636865636B20666181
:10D2F000696C65642E00574553545F544F50444940
:10D30000522F7A65706879722F617263682F61722B
:10D310006D2F636F72652F6D70752F61726D5F6D0C
:10D3200070752E630009436F6E6669677572696E6A
:10D330006720257520737461746963204D505520F2
:10D34000726567696F6E73206661696C65640A0A4D
:10D350000009436F6E6669677572696E672025758F
:10D360002064796E616D6963204D50552072656748
:10D37000696F6E73206661696C65640A0A00095200
:10D3800065717565737420746F20636F6E6669676D
:10D390007572653A20257520726567696F6E732016
:10D3A00028737570706F727465643A202575290A48
:10D3B0000A002128726567696F6E5B6964785D2E6B
:10D3C00064745F617474722026202831554C203CAF
:10D3D0003C202830292929000952414D5F4E4F43F6
:10D3E0004143484520776974682044545F4D454D5A
:10D3F0005F434143484541424C4520617474726922
:10D40000627574650A0A00094661696C6564207476
:10D410006F20616C6C6F63617465204D5055207294
:10D420006567696F6E732066726F6D2044540A0AD7
:10D43000002828284D50555F54797065202A2920EE
:10D44000282830784530303045303030554C292050
:10D450002B20307830443930554C2920292D3E542A
:10D460005950452026202830784646554C203C3CD3
:10D470002038552929203E3E203855203D3D203872
:10D480000009496E76616C6964206E756D62657223
:10D49000206F66204D505520726567696F6E730A64
:10D4A0000A00464C4153485F30005352414D5F30B3
:10D4B000006578697400574553545F544F50444990
:10D4C000522F7A65706879722F6C69622F6E65745D
:10D4D0005F6275662F6275662E63006275662D3E0B
:10D4E000666C616773203D3D203055006275662D86
:10D4F0003E6672616773203D3D202828766F69641F
:10D50000202A293029007265715F73697A65203C91
:10D510003D2073697A65006275662D3E726566000E
:10D520000962756620257020646F75626C652066DF
:10D530007265650A0066726167006E65745F627588
:10D540006600574553545F544F504449522F7A65F3
:10D55000706879722F6C69622F6E65745F62756690
:10D560002F6275665F73696D706C652E63006275FE
:10D57000662D3E6C656E203D3D203055006275661F
:10D580002D3E6C656E203E3D206C656E006E6574B0
:10D590005F6275665F73696D706C655F6865616415
:10D5A000726F6F6D2862756629203E3D206C656E36
:10D5B000006E65745F6275665F73696D706C655F40
:10D5C0007461696C726F6F6D2862756629203E3DCB
:10D5D000206C656E006E65745F6275665F73696D61
:10D5E000706C6500736F630000000000000000FFB6
:10D5F000FFFFFFFFFF000000000000303132333436
:10D6000035363738396162636465660062745F720B
:10D610007061004254204C572057510002FB349B4C
:10D620005F8000008000100000000000005745539C
:10D63000545F544F504449522F7A65706879722F65
:10D640007375627379732F626C7565746F6F74682C
:10D650002F686F73742F6275662E6300747970651E
:10D66000203D3D2042545F4255465F455654207C44
:10D670007C2074797065203D3D2042545F425546C0
:10D680005F41434C5F494E207C7C2074797065205B
:10D690003D3D2042545F4255465F49534F5F494EDE
:10D6A0000009496E76616C69642062756666657210
:10D6B0002074797065207265717565737465640A8C
:10D6C00000574553545F544F504449522F7A657068
:10D6D0006879722F696E636C7564652F7A657068FE
:10D6E00079722F626C7565746F6F74682F627566DE
:10D6F0002E68006D6574612D3E706172656E7400F8
:10D7000076696577006E65745F6275665F686561EE
:10D7100064726F6F6D28706172656E7429203E208F
:10D7200030002162745F6275665F6861735F76695D
:10D73000657728706172656E74290062745F627526
:10D7400066006D616C666F726D65642061647665FC
:10D7500072746973696E6720646174612025752035
:10D760002F2025750062745F6461746100546F6FCF
:10D7700020736D616C6C2028257520627974657347
:10D7800029206576656E7420307825303278005512
:10D790006E68616E646C65642076656E646F722D70
:10D7A0007370656369666963206576656E742030A1
:10D7B0007825303278206C656E2025753A202573E7
:10D7C000004461746120627566666572206F7665DB
:10D7D00072666C6F7720286C696E6B207479706547
:10D7E000203078253032782900556E61626C6520D2
:10D7F000746F206C6F6F6B757020636F6E6E206638
:10D800006F722068616E646C6520257500696E74A6
:10D81000657276616C2065786365656473207468F1
:10D82000652076616C69642072616E67652025757C
:10D83000207573006C6174656E637920657863652B
:10D84000656473207468652076616C696420726118
:10D850006E67652030782530347800737570765F98
:10D8600074696D656F757420657863656564732090
:10D870007468652076616C69642072616E676520EA
:10D8800030782530347800436F756C64206E6F7487
:10D89000207375626D69742072785F776F726B3A6E
:10D8A00020256400556E68616E646C656420657641
:10D8B000656E7420307825303278206C656E2025B6
:10D8C000753A20257300486172647761726520653E
:10D8D00072726F722C206861726477617265206366
:10D8E0006F64653A20256400556E61626C65207432
:10D8F0006F206C6F6F6B20757020636F6E6E20777A
:10D900006974682068616E646C65202575004572D5
:10D91000726F72207768696C6520757064617469D4
:10D920006E6720746865207363616E6E657220286F
:10D93000256429004E6F20636F6D6D616E642073E6
:10D94000656E7420666F7220636D6420636F6D7006
:10D950006C65746520307825303478004F70436FE3
:10D9600064652030782530347820636F6D706C6585
:10D9700074656420696E7374656164206F662065E8
:10D98000787065637465642030782530347800578A
:10D990004553545F544F504449522F7A657068790B
:10D9A000722F7375627379732F626C7565746F6F04
:10D9B00074682F686F73742F6863695F636F726533
:10D9C0002E63002162756600496E76616C69642081
:10D9D000484349206576656E742073697A6520280E
:10D9E00025752900496E76616C6964204C45206D6F
:10D9F000657461206576656E742073697A65202888
:10DA0000257529006576745F666C61677320262032
:10DA10002831554C203C3C202830292900496E767D
:10DA2000616C696420627566207479706520257563
:10DA300000496E76616C6964204843492041434C3B
:10DA4000207061636B65742073697A652028257581
:10DA5000290041434C2064617461206C656E6774D9
:10DA600068206D69736D61746368202825752021B5
:10DA70003D2025752900556E61626C6520746F200C
:10DA800066696E6420636F6E6E20666F72206861D7
:10DA90006E646C652025750062745F6863695F65FC
:10DAA00076745F6765745F666C616773286864721B
:10DAB0002D3E657674292026202831554C203C3C8B
:10DAC000202831292900556E6B6E6F776E206275A4
:10DAD00066207479706520257500657674206E75F2
:10DAE0006D5F68616E646C657320283D2575292023
:10DAF000746F6F206C617267652028257A75203EEF
:10DB000020257529004E6F20636F6E6E6563746902
:10DB10006F6E20666F722068616E646C652025757B
:10DB2000007061636B65747320636F756E74206D34
:10DB300069736D617463680061746F6D69635F67B9
:10DB400065742826636F6E6E2D3E696E5F6C6C295E
:10DB5000004661696C656420746F2073657420727F
:10DB6000657175697265642073656375726974792E
:10DB7000206C6576656C004E6F206368616E67652A
:10DB800020746F20656E6372797074696F6E207394
:10DB9000746174652028656E6372797074203078C2
:10DBA000253032782900756E6B6E6F776E005B30B2
:10DBB0005D0053444300484349207472616E7370A2
:10DBC0006F72743A202573004964656E74697479C4
:10DBD00025733A202573004964656E746974795B16
:10DBE00025645D3A202573004843493A20766572E2
:10DBF00073696F6E2025732028307825303278299C
:10DC0000207265766973696F6E20307825303478BC
:10DC10002C206D616E75666163747572657220305B
:10DC20007825303478004C4D503A2076657273690F
:10DC30006F6E2025732028307825303278292073A4
:10DC4000756276657220307825303478005A6570B8
:10DC500068797200556E61626C6520746F2073651F
:10DC60006E6420746F206472697665722028657214
:10DC70007220256429004F7574206F6620636F6DD4
:10DC80006D616E64206275666665727300556E61C3
:10DC9000626C6520746F20616C6C6F6361746520C9
:10DCA00062756666657200556E636C656172656467
:10DCB0002070656E64696E672073656E745F636D56
:10DCC0006400737563636573730009636F6D6D61E1
:10DCD0006E64206F70636F6465203078253034780F
:10DCE0002074696D656F75740A0009436F6E7472F4
:10DCF0006F6C6C657220756E726573706F6E736990
:10DD000076652C20636F6D6D616E64206F70636F3C
:10DD10006465203078253034782074696D656F75BE
:10DD2000742077697468206572722025640A006F18
:10DD300070636F64652030782530347820737461A7
:10DD40007475732030782530327820257300466151
:10DD5000696C656420746F207265616420444C4571
:10DD6000206D61782064617461206C656E00747848
:10DD70005F6F637465747320657863656564732091
:10DD80007468652076616C69642072616E676520D5
:10DD900025750074785F74696D65206578636565C5
:10DDA0006473207468652076616C69642072616EAA
:10DDB0006765202575004E6F6E2D4C4520636170A0
:10DDC00061626C6520636F6E74726F6C6C6572203B
:10DDD000646574656374656421004E756D206F66BB
:10DDE00020436F6E74726F6C6C65722773204143B1
:10DDF0004C207061636B65747320213D2041434C5E
:10DE00002062745F636F6E6E5F747820636F6E74F0
:10DE1000657874732028257520213D2025752900FB
:10DE200041434C2042522F4544522062756666653C
:10DE30007273206E6F7420696E697469616C697A9F
:10DE400065640056656E646F7220484349206578AA
:10DE500074656E73696F6E73206E6F742061766186
:10DE6000696C61626C6500485720506C6174666F24
:10DE7000726D3A20257320283078253034782900B7
:10DE800048572056617269616E743A2025732028C4
:10DE900030782530347829004669726D7761726573
:10DEA0003A2025732028307825303278292056658D
:10DEB0007273696F6E2025752E2575204275696C09
:10DEC00064202575004661696C656420746F20725A
:10DED00065616420737570706F7274656420766517
:10DEE0006E646F7220636F6D6D616E647300466166
:10DEF000696C656420746F2072656164207375704D
:10DF0000706F727465642076656E646F72206665EA
:10DF1000617475726573004843492064726976655F
:10DF200072206973206E6F7420726561647900429B
:10DF30005420525820575100484349206472697652
:10DF40006572206F70656E206661696C656420285B
:10DF5000256429004E6F2070656E64696E672063CA
:10DF6000656E7472616C20636F6E6E656374696F49
:10DF70006E00436F6E6E656374696F6E20637265C9
:10DF80006174696F6E2074696D656F757420747249
:10DF900069676765726564004661696C65642074D1
:10DFA0006F207265737461727420696E697469613F
:10DFB000746F7200556E6578706563746564207364
:10DFC00074617475732030782530327820257300A1
:10DFD0006576742D3E737461747573203D3D2030F9
:10DFE000783030004E6F2070656E64696E67206314
:10DFF0006F6E6E20666F72207065657220257300EB
:10E00000556E657870656374656420484F53545F3E
:10E010004E554D5F434F4D504C455445445F504124
:10E02000434B4554532C20737461747573203078BE
:10E03000253032782025730091FBFBF3F4FBFBFBCA
:10E04000FBEA000909090901020909090909090985
:10E050000909090907090909090906090909090935
:10E06000090909090909090909090905312E306257
:10E0700000312E3100312E3200322E3000322E315E
:10E0800000332E3000342E3000342E3100342E3246
:10E0900000352E3000352E3100352E3200352E332E
:10E0A00000352E3400362E3000362E3100362E321A
:10E0B000005374616E6461726420426C7565746FA4
:10E0C0006F746820636F6E74726F6C6C657200564B
:10E0D000656E646F7220737065636966696320633F
:10E0E0006F6E74726F6C6C6572004669726D7761E9
:10E0F0007265206C6F61646572005265736375654B
:10E1000020696D616765007265736572766564008C
:10E110006E5246353178006E5246353278006E5276
:10E1200046353378006E524635344878006E524694
:10E1300035344C7800496E74656C20436F72706F93
:10E14000726174696F6E004E6F726469632053650B
:10E150006D69636F6E647563746F72004E58502002
:10E1600053656D69636F6E647563746F727300627B
:10E17000745F6863695F636F726500636D642064D8
:10E180006973616C6C6F77656400574553545F54D5
:10E190004F504449522F7A65706879722F737562B7
:10E1A0007379732F626C7565746F6F74682F686F05
:10E1B00073742F69642E6300636F6E666C69637499
:10E1C00020213D202828766F6964202A29302900E3
:10E1D000636F6E666C6963742D3E63616E6469641F
:10E1E00061746520213D202828766F6964202A29E2
:10E1F0003029007265736964656E7420213D2028A2
:10E2000028766F6964202A2930290028636F6E669A
:10E210006C6963742D3E63616E6469646174652D1D
:10E220003E737461746520262042545F4B455953F8
:10E230005F49445F414444454429203D3D2030002E
:10E240004661696C656420746F2064697361626CF7
:10E25000652061646472657373207265736F6C7599
:10E2600074696F6E005265736F6C76696E67206CAF
:10E270006973742073697A65206578636565646580
:10E28000642E20537769746368696E6720746F2009
:10E29000686F73742E004661696C656420746F202A
:10E2A000636C656172207265736F6C7574696F6EF3
:10E2B000206C697374004661696C656420746F201A
:10E2C0006164642049524B20746F20636F6E7472D6
:10E2D0006F6C6C657200536574207072697661634F
:10E2E00079206D6F646520636F6D6D616E64206968
:10E2F00073206E6F7420737570706F727465640034
:10E300004661696C656420746F2073657420707257
:10E310006976616379206D6F64650062745F64651E
:10E32000762E6C652E726C5F656E747269657320F3
:10E330003E20300044697361626C696E67206164DD
:10E340006472657373207265736F6C7574696F6E38
:10E35000206661696C6564202865727220256429D5
:10E36000004661696C656420746F2072656D6F761C
:10E37000652049524B2066726F6D20636F6E747218
:10E380006F6C6C6572004F6E6C792072616E646F99
:10E390006D20737461746963206964656E74697457
:10E3A00079206164647265737320737570706F7225
:10E3B00074656400496E76616C696420696E70757D
:10E3C0007420706172616D65746572730046616975
:10E3D0006C656420746F2072656164207075626C76
:10E3E00069632061646472657373005265616420BF
:10E3F00053746174696320416464726573736573F7
:10E4000020636F6D6D616E64206E6F742061766144
:10E41000696C61626C65004661696C656420746F4B
:10E42000207265616420737461746963206164643F
:10E43000726573736573004E6F20737461746963E2
:10E44000206164647265737365732073746F7265A1
:10E450006420696E20636F6E74726F6C6C657200FD
:10E46000556E61626C6520746F20736574206964F9
:10E47000656E7469747920616464726573730055A4
:10E480006E61626C6520746F207365742072616EBA
:10E49000646F6D20616464726573730062745F6998
:10E4A0006400556E657870656374656420656E649C
:10E4B000206F662062756666657200030502000AB9
:10E4C000574553545F544F504449522F7A657068F2
:10E4D00079722F696E636C7564652F7A65706879DF
:10E4E000722F7379732F627974656F726465722EFF
:10E4F0006800282870737263203C20706473742055
:10E500002626202870737263202B206C656E67743A
:10E510006829203C3D207064737429207C7C20286D
:10E5200070737263203E2070647374202626202846
:10E5300070647374202B206C656E67746829203CAE
:10E540003D207073726329290009536F75726365EA
:10E5500020616E642064657374696E6174696F6EA6
:10E560002062756666657273206D757374206E6FB8
:10E5700074206F7665726C61700A004661696C6523
:10E580006420746F2067656E657261746520454311
:10E5900043206B6579202564004661696C656420C1
:10E5A000746F206578706F727420454343207075D6
:10E5B000626C6963206B6579202564004661696C33
:10E5C000656420746F206578706F727420454343D2
:10E5D0002070726976617465206B6579202564000E
:10E5E0004661696C656420746F2064657374726F32
:10E5F0007920454343206B657920494420256400F8
:10E600004661696C656420746F20696D706F727407
:10E61000207468652070726976617465206B657915
:10E6200020666F72206B65792061677265656D6524
:10E630006E7420256400526177206B6579206167D4
:10E640007265656D656E74206661696C6564202510
:10E6500064004661696C656420746F20646573743E
:10E66000726F7920746865206B657920256400706D
:10E6700073615F696D706F72745F6B6579282920B3
:10E6800072657475726E656420737461747573203D
:10E690002564004275737920706572666F726D69CA
:10E6A0006E6720616E6F7468657220454344482030
:10E6B0006F7065726174696F6E00E69D350E48017A
:10E6C00003CCDBFDF4AC1191F4EFB9A5F9E9A78314
:10E6D0002C5E2CBE97F2D203B0208BD28915D08E3F
:10E6E0001C742430ED8FC24563765C15525ABF9A74
:10E6F00032636DEB2A65499C80DC62745F656363FD
:10E7000000574553545F544F504449522F7A657017
:10E710006879722F7375627379732F626C75657483
:10E720006F6F74682F686F73742F636F6E6E2E63D4
:10E73000006362203C3D205F62745F636F6E6E5FBA
:10E7400063625F6C6973745F656E640074780069FE
:10E75000735F61636C5F636F6E6E28636F6E6E29AB
:10E76000006B5F63757272656E745F6765742829EC
:10E77000203D3D206B5F776F726B5F7175657565CE
:10E780005F7468726561645F6765742874785F6E32
:10E790006F746966795F776F726B71756575655FA8
:10E7A000676574282929004661696C656420726573
:10E7B00061642072656D6F74652066656174757241
:10E7C00065732028256429004661696C6564204CC6
:10E7D0004520536574205048592028256429004657
:10E7E00061696C656420746F207365742064617462
:10E7F00061206C656E202825642900657272203EB8
:10E800003D20300009636F756C646E27742073754A
:10E81000626D69742028657272202564290A00558A
:10E820006E657870656374656420666972737420C0
:10E830004C32434150206672616D6500556E6578BB
:10E84000706563746564204C3243415020636F6E81
:10E8500074696E756174696F6E004E6F7420656EB9
:10E860006F75676820627566666572207370616394
:10E870006520666F72204C324341502064617461A0
:10E8800000556E65787065637465642041434C2063
:10E89000666C616773202830782530327829004112
:10E8A000434C206C656E206D69736D6174636820E4
:10E8B000282575203E202575290009496E76616C52
:10E8C000696420636F6E6E656374696F6E20726534
:10E8D000666572656E63650A006F6C64203E203069
:10E8E0000009436F6E6E207265666572656E6365C2
:10E8F00020636F756E74657220697320300A002181
:10E90000636F6E6E5F74785F69735F70656E646964
:10E910006E67000974785F636F6D706C6574655F16
:10E92000776F726B2069732070656E64696E672003
:10E930007768656E20636F6E6E2069732064656111
:10E940006C6C6F63617465640A0028756E6B6E6F22
:10E95000776E29006E6F207472616E736974696FCF
:10E960006E202573004572726F72207768696C653E
:10E970002072656D6F76696E6720636F6E6E2075AD
:10E980007365722066726F6D207363616E6E65725F
:10E99000202825642900496E76616C696420282549
:10E9A0007529206F6C6420737461746500636F6EE9
:10E9B0006E202570206661696C656420746F206527
:10E9C000737461626C6973682E205246206E6F69A1
:10E9D00073653F006E6F2076616C69642028257531
:10E9E00029207374617465207761732073657400E6
:10E9F000696E636F6D70617469626C652068616EC9
:10EA0000646C65202575002828636F6E6E292026AA
:10EA10002620282875696E747074725F7429202806
:10EA200061636C5F636F6E6E732929203C3D202803
:10EA30002875696E747074725F74292028636F6E14
:10EA40006E292920262620282875696E7470747214
:10EA50005F74292028636F6E6E2929203C202828A6
:10EA600075696E747074725F74292028262861633A
:10EA70006C5F636F6E6E73295B282873697A655FBC
:10EA8000742920282828696E74292073697A656F93
:10EA90006628636861725B31202D202832202A208D
:10EAA0002128215F5F6275696C74696E5F7479708B
:10EAB00065735F636F6D70617469626C655F702808
:10EAC0005F5F747970656F665F5F2861636C5F6319
:10EAD0006F6E6E73292C205F5F747970656F665F4F
:10EAE0005F28262861636C5F636F6E6E73295B30ED
:10EAF0005D292929295D29202D203129202B202835
:10EB000073697A656F662861636C5F636F6E6E739D
:10EB100029202F2073697A656F66282861636C5FEE
:10EB2000636F6E6E73295B305D292929295D292960
:10EB30002026262028282875696E747074725F74E8
:10EB4000292028636F6E6E2929202D2028287569B9
:10EB50006E747074725F7429202861636C5F636FD8
:10EB60006E6E7329292920252073697A656F6628BE
:10EB70002861636C5F636F6E6E73295B305D292063
:10EB80003D3D2030290009496E76616C6964206240
:10EB9000745F636F6E6E20706F696E7465720A00C9
:10EBA000216B5F69735F696E5F6973722829005416
:10EBB000696D656F757420646973636172646564FF
:10EBC0002E204E6F20626C6F636B696E6720696EDA
:10EBD0002073797377712E0009496E76616C6964D0
:10EBE00020636F6E6E20747970652025750A00743D
:10EBF0006D7020213D20636F6E6E0070726576200F
:10EC0000213D2026636F6E6E2D3E5F636F6E6E5FDB
:10EC1000726561647900094E6F20636F6E74726F64
:10EC20006C6C657220627566730A00094E6F205421
:10EC30005820636F6E746578740A0030207C7C20E5
:10EC4000286275662D3E726566203D3D2031292083
:10EC50007C7C20286275662D3E726566203D3D20D5
:10EC60003229002162745F6275665F6861735F7646
:10EC7000696577286F7574736964652900667261C8
:10EC80006720213D202828766F6964202A293029B1
:10EC90000009496E76616C696420636F6E6E65630E
:10ECA00074696F6E20747970652025750A0046615D
:10ECB00074616C206572726F7220282564292E2081
:10ECC000446973636F6E6E656374696E6720257047
:10ECD00000466F756E642076616C696420636F6EA8
:10ECE0006E656374696F6E202825702920776974BA
:10ECF00068206164647265737320257320696E20D7
:10ED0000257320737461746520002A636F6E6E2012
:10ED100073686F756C6420626520756E72656665D8
:10ED200072656E63656420616E6420696E697469E2
:10ED3000616C697A656420746F204E554C4C004EAE
:10ED40006F206275666665727320746F2063616EF2
:10ED500063656C20636F6E6E656374696F6E2C20E3
:10ED60007265747279696E6720696E203130206D2A
:10ED7000730053656E64204C4520706172616D2094
:10ED8000757064617465206661696C6564202865CE
:10ED900072722025642900646973636F6E6E656307
:10EDA00074656400646973636F6E6E6563742D636C
:10EDB0006F6D706C657465007363616E2D6265665E
:10EDC0006F72652D696E6974696174696E67006937
:10EDD0006E6974696174696E672D66696C746572B9
:10EDE0002D6C697374006164762D636F6E6E65635C
:10EDF0007461626C65006164762D6469722D636F65
:10EE00006E6E65637461626C6500646973636F6ED6
:10EE10006E656374696E670062745F636F6E6E0027
:10EE2000574553545F544F504449522F7A65706888
:10EE300079722F7375627379732F626C7565746F55
:10EE40006F74682F686F73742F6C326361702E63F8
:10EE50000073203D3D20266C655F6368616E2D3E2A
:10EE60005F7064755F7265616479004E6F206176D2
:10EE700061696C61626C65204C3243415020636F64
:10EE80006E7465787420666F7220636F6E6E2025D5
:10EE90007000556E61626C6520746F20616C6C6FE0
:10EEA000636174652062756666657220666F7220A4
:10EEB0006F70203078253032780045787065637443
:10EEC000696E6720757020746F20256420726566F6
:10EED000732C20676F7420256400636F6E6E2D3E67
:10EEE0007374617465203D3D2042545F434F4E4E24
:10EEF0005F434F4E4E454354454400616C7265611B
:10EF0000647920686176652076696577206F6E2068
:10EF10002570006669666F5F706475203D3D2070E6
:10EF200064750028666368616E2D3E636964203EE7
:10EF30003D203078303030312026262066636861ED
:10EF40006E2D3E636964203C3D203078303033665E
:10EF5000290009434944202575206973206E6F7488
:10EF600020696E207468652066697865642063682E
:10EF7000616E6E656C2072616E67650A0063686120
:10EF80006E203D3D202828766F6964202A2930298B
:10EF900000094669786564206368616E6E656C205F
:10EFA000776974682043494420257520616C726537
:10EFB000616479206578697374730A0066636861B7
:10EFC0006E203C3D205F62745F6C326361705F66EF
:10EFD000697865645F6368616E5F6C6973745F65AF
:10EFE0006E6400546F6F20736D616C6C204C324303
:10EFF0004150207369676E616C696E67205044559B
:10F00000004C32434150206C656E677468206D6916
:10F01000736D617463682028257520213D20257556
:10F020002900496E76616C6964206964656E74209C
:10F0300076616C756520696E204C324341502050DA
:10F04000445500496E76616C6964204C4520636FBD
:10F050006E6E20706172616D207273702073697AB8
:10F06000652028257520213D20257A752900496EC7
:10F0700076616C6964204C4520636F6E6E207570FC
:10F080006461746520706172616D207265712073B6
:10F09000697A652028257520213D20257A7529006B
:10F0A0004E6F7420636F6E6E6563746564005265A5
:10F0B0006A656374696E6720756E6B6E6F776E201C
:10F0C0004C324341502050445520636F64652030DA
:10F0D000782530327800546F6F20736D616C6C202E
:10F0E0004C32434150205044552072656365697627
:10F0F00065640049676E6F72696E67206461746150
:10F1000020666F7220756E6B6E6F776E206368611C
:10F110006E6E656C20494420307825303478006369
:10F120006F6E6669670062745F6C3263617000576E
:10F130004553545F544F504449522F7A6570687953
:10F14000722F7375627379732F626C7565746F6F4C
:10F1500074682F686F73742F6174742E63006E650A
:10F16000745F6275665F706F6F6C5F67657428624D
:10F1700075662D3E706F6F6C5F696429203D3D2080
:10F18000266174745F706F6F6C00556E61626C65A0
:10F1900020746F2063726561746520555549443A47
:10F1A0002073697A6520257500556E61626C652053
:10F1B000746F2063726561746520555549443A2027
:10F1C00073697A6520256400415454204D545520BC
:10F1D00065786365656465642C206D6178202575AC
:10F1E0002C2077616E74656420257A75004E6F203F
:10F1F000617661696C61626C652041545420636F73
:10F200006E7465787420666F7220636F6E6E202551
:10F2100070004E6F20617661696C61626C6520419F
:10F220005454206368616E6E656C20666F72206353
:10F230006F6E6E20257000556E61626C6520746F74
:10F240002066696E6420415454206368616E6E6567
:10F250006C00415454206368616E6E656C206E6F63
:10F260007420636F6E6E6563746564006275662DED
:10F270003E6C656E203E3D2073697A656F6628732B
:10F2800074727563742062745F6174745F68647211
:10F2900029004572726F72207369676E696E67200C
:10F2A000646174610052616E206F7574206F662016
:10F2B00054582062756666657273206F7220636FA2
:10F2C0006E74657874732E00476F742065727220B7
:10F2D00025642C206E6F742063616C6C696E6720EE
:10F2E0004154542063620009556E6B6E6F776E2037
:10F2F0006F702074797065203078253032580A009C
:10F30000556E61626C6520746F206372656174650F
:10F3100020636F6E6669726D2050445500556E61B2
:10F32000626C6520746F206372656174652065721C
:10F3300072207273702050445500546F6F20736DAB
:10F34000616C6C20415454205044552072656365B3
:10F350006976656400556E68616E646C6564204111
:10F36000545420636F64652030782530327800492A
:10F370006E76616C6964206C656E20257520666F01
:10F380007220636F64652030782530327800556EC6
:10F3900061626C6520746F206372656174652072B0
:10F3A000737020504455004E6F20415454206368C0
:10F3B000616E6E656C20666F72204D545520257A03
:10F3C00075004E6F2070656E64696E6720415454FD
:10F3D000207265717565737400556E61626C65208D
:10F3E000746F206372656174652072657472792030
:10F3F000504455202825752900446973636F6E6E4B
:10F40000656374696E67206661696C656420286550
:10F41000727220256429004154542054696D656F2F
:10F42000757420666F722064657669636520257344
:10F430002E20446973636F6E6E656374696E672E08
:10F440002E2E007265710062745F617474005745FE
:10F4500053545F544F504449522F7A657068797203
:10F460002F7375627379732F626C7565746F6F7427
:10F47000682F686F73742F676174742E63006761FF
:10F4800074745F7375625F69735F656D70747928FA
:10F4900073756229004E6F20737061636520746F0D
:10F4A0002073746F72652043434320636667004393
:10F4B0004D414320757064617465206661696C65B7
:10F4C0006420256400756E61626C6520746F207322
:10F4D0006176652053433A206E6F20636667206C27
:10F4E000656674004E6F20737061636520746F20D1
:10F4F00073746F726520436C69656E742053757008
:10F50000706F72746564204665617475726573000E
:10F510007374617469635F737663203C3D205F623E
:10F52000745F676174745F736572766963655F7336
:10F5300074617469635F6C6973745F656E640055B0
:10F540006E61626C6520746F20696D706F727420DB
:10F55000746865206B657920666F72204145532081
:10F56000434D414320256400434D4143206F706566
:10F57000726174696F6E20696E6974206661696C6E
:10F58000656420256400434D41432066696E6973BC
:10F5900068206661696C65642025640009696E767F
:10F5A000616C696420706172616D657465720A0ACC
:10F5B00000617474720052656164206D6574686FD7
:10F5C00064206E6F7420736574004661696C6564B5
:10F5D00020746F2072656164206174747269627551
:10F5E0007465202570202865727220257A642900B0
:10F5F000496E76616C69642072656164206C656E29
:10F600006774683A20257A6400094E6F206D6F7226
:10F610006520617474726962757465730A0A00709A
:10F620006172616D730009696E76616C6964207046
:10F630006172616D65746572730A0A00706172614E
:10F640006D732D3E61747472207C7C2070617261D8
:10F650006D732D3E75756964002161746F6D69630A
:10F660005F746573745F6269742873632D3E666CA2
:10F670006167732C2053435F494E444943415445CD
:10F680005F50454E44494E47290009496E646963FD
:10F6900061746520616C72656164792070656E6467
:10F6A000696E670A00434343202570206E6F742003
:10F6B0007772697461626C6500534320726573747C
:10F6C0006F726520696E6469636174696F6E20662C
:10F6D00061696C656400706172616D73202626201B
:10F6E000706172616D732D3E66756E630028706186
:10F6F00072616D732D3E73746172745F68616E64C4
:10F700006C6520262620706172616D732D3E656EDA
:10F71000645F68616E646C65290028706172616D58
:10F72000732D3E73746172745F68616E646C6520E2
:10F730003C3D20706172616D732D3E656E645F6843
:10F74000616E646C652900556E6B6E6F776E205527
:10F750005549442074797065202575005061727395
:10F76000652065727200496E76616C69642064611F
:10F770007461206C656E2025750050617273652080
:10F7800065727220646174005061727365206572E5
:10F79000722063657000506172736520657272201B
:10F7A00063636300506172736520657272207363D6
:10F7B0006300506172736520657272206370660029
:10F7C000496E76616C696420666F726D6174202584
:10F7D000750042616420706565723A20415454207E
:10F7E000726561642D62792D75756964207273701C
:10F7F0003A20696E76616C696420415454522050FD
:10F800004455206C656E20257500496E76616C69E3
:10F81000642068616E646C65004261642070656597
:10F82000723A2041545420726561642D62792D75BD
:10F83000756964207273703A2048616E646C65204B
:10F84000307825303478206973206F75747369645B
:10F8500065207265717565737465642072616E6789
:10F8600065203078253034782D3078253034782E66
:10F870002041626F7274696E6720726561642E0048
:10F88000706172616D7320262620706172616D73E4
:10F890002D3E6E6F7469667900706172616D732DB3
:10F8A0003E76616C756500706172616D732D3E63AB
:10F8B00063635F68616E646C65004661696C656472
:10F8C00020746F20756E7375627363726962652050
:10F8D000286572722025642900496E76616C69641E
:10F8E0002064617461206C656E202575203E2025A2
:10F8F00075004661696C656420746F2073657420BF
:10F90000736563757269747920666F7220626F6EB9
:10F910006465642070656572202825642900636F22
:10F920006E6E20257020706172616D7320257020CD
:10F930007265737562206661696C65642028657202
:10F9400072202564290062745F6761747400556ECB
:10F9500061626C6520746F2066696E6420534D503F
:10F96000206368616E6E656C004E6F206176616920
:10F970006C61626C6520534D5020636F6E746578C6
:10F980007420666F7220636F6E6E202570004E6F5C
:10F99000206B65797320737061636520666F7220D8
:10F9A000257300556E6B6E6F776E2070616972699A
:10F9B0006E67206D6574686F642028257529004680
:10F9C00061696C656420746F207374617274206562
:10F9D0006E6372797074696F6E004661696C6564FC
:10F9E00020746F2067656E65726174652044484BB2
:10F9F000657900556E61626C6520746F206765746F
:10FA0000206B65797320666F722025730043616CEB
:10FA100063756C617465204C544B206661696C653C
:10FA2000640043616C63756C617465206C6F636125
:10FA30006C2044484B657920636865636B20666180
:10FA4000696C65640052656D6F746520697320751B
:10FA500073696E67204465627567205075626C69D2
:10FA600063206B657900526563656976656420691A
:10FA70006E76616C6964207075626C6963206B6579
:10FA8000790052656D6F7465207075626C696320D2
:10FA90006B65792072656A65637465640043616CA7
:10FAA00063756C61746520636F6E6669726D206644
:10FAB00061696C6564004E657720617574682072B9
:10FAC0006571756972656D656E74733A203078255D
:10FAD000782C20726570616972696E6700556E736B
:10FAE0007570706F727465642061757468207265DA
:10FAF00071756972656D656E74733A20307825781A
:10FB00002C20726570616972696E670057455354A5
:10FB10005F544F504449522F7A65706879722F7341
:10FB200075627379732F626C7565746F6F74682F6B
:10FB3000686F73742F736D702E63005075626C69FB
:10FB400063206B65792072652D67656E65726174DF
:10FB5000696F6E2072657175657374206661696C7A
:10FB600065642028256429006D757465785F657269
:10FB700072203D3D2030005075626C6963206B65DA
:10FB8000792067656E65726174696F6E2074696D46
:10FB9000656F75740054686520696E2D70726F67AB
:10FBA000726573732070616972696E672068617332
:10FBB000206265656E2064656C6574656421005320
:10FBC0004D5020646F6573206E6F7420616C6C6F94
:10FBD0007720612070616972696E67206661696C67
:10FBE000757265206174207468697320706F696E26
:10FBF000742E204B6E6F776E2069737375652E209F
:10FC0000446973636F6E6E656374696E6720696EB5
:10FC100073746561642E005075626C6963206B6556
:10FC200079206E6F7420617661696C61626C650029
:10FC3000546F6F20736D616C6C20534D5020504495
:10FC40005520726563656976656400534D50206385
:10FC50006F6D6D616E642028636F64652030782558
:10FC60003032782920726563656976656420616643
:10FC70007465722074696D656F7574005265636593
:10FC80006976656420726573657276656420534D8C
:10FC90005020636F64652030782530327800556ECF
:10FCA00068616E646C656420534D5020636F6465B9
:10FCB0002030782530327800556E65787065637431
:10FCC000656420534D5020636F6465203078253083
:10FCD000327800496E76616C6964206964656E747F
:10FCE000697479202573002128736D702D3E72652B
:10FCF0006D6F74655F6469737420262030783032CC
:10FD000029005265667573696E67206E657720708D
:10FD1000616972696E672E20546865206F6C64207B
:10FD2000626F6E64206D75737420626520756E70ED
:10FD300061697265642066697273742E0021627451
:10FD40005F69645F66696E645F636F6E666C69634A
:10FD500074286E65775F626F6E642C2030290070A6
:10FD6000616972696E67206661696C6564202870DC
:10FD700065657220726561736F6E20307825782911
:10FD800000534D502054696D656F75742028666C62
:10FD90006167733A30782530387820616C6C6F7702
:10FDA00065645F636D64733A307825303878290074
:10FDB0000005061F1F2918120308020305080A0080
:10FDC00008010304010504050906070101060608E8
:10FDD0000000010001000301000302020100020013
:10FDE00000000000020301000362745F736D700085
:10FDF000574553545F544F504449522F7A657068A9
:10FE000079722F7375627379732F626C7565746F75
:10FE10006F74682F686F73742F6B6579732E63002E
:10FE20006164647220213D202828766F6964202A4D
:10FE30002930290066756E6320213D202828766FC1
:10FE40006964202A293029006B65797320213D20BF
:10FE50002828766F6964202A2930290062745F6B34
:10FE6000657973006C888391AAF5A53860370BDB40
:10FE70005A6083BE62745F63727970746F0046610A
:10FE8000696C656420746F20696D706F72742041B5
:10FE90004553206B6579202564004661696C656473
:10FEA00020746F20636F6D70757465204D41432021
:10FEB000256400574553545F544F504449522F7A9C
:10FEC00065706879722F647269766572732F636CDE
:10FED0006F636B5F636F6E74726F6C2F636C6F63B5
:10FEE0006B5F636F6E74726F6C5F6E72662E630011
:10FEF00074797065203C20434C4F434B5F434F4E19
:10FF000054524F4C5F4E52465F545950455F434FD9
:10FF1000554E5400636C6F636B403430303030307A
:10FF20003030006866636C6B006C66636C6B0063FA
:10FF30006C6F636B5F636F6E74726F6C00574553C9
:10FF4000545F544F504449522F7A65706879722F2C
:10FF5000647269766572732F656E74726F70792F33
:10FF6000656E74726F70795F6E7266352E630026EF
:10FF7000656E74726F70795F6E7266355F646174FE
:10FF800061203D3D206465762D3E646174610072A0
:10FF9000616E646F6D403430303064303030005703
:10FFA0004553545F544F504449522F7A65706879D5
:10FFB000722F696E636C7564652F7A6570687972EB
:10FFC0002F647269766572732F6770696F2F67701F
:10FFD000696F5F7574696C732E680063616C6C6225
:10FFE00061636B00094E6F2063616C6C6261636BCF
:10FFF000210A0063616C6C6261636B2D3E68616E07
:020000023000CC
:10000000646C657200094E6F2063616C6C626163A1
:100010006B2068616E646C6572210A005745535409
:100020005F544F504449522F6D6F64756C65732F48
:1000300068616C2F6E6F726469632F6E7266782FC1
:1000400068616C2F6E72665F6770696F2E68006EF4
:1000500072665F6770696F5F70696E5F70726573FB
:10006000656E745F636865636B282A705F70696E84
:100070002900574553545F544F504449522F7A65D5
:10008000706879722F647269766572732F67706910
:100090006F2F6770696F5F6E7266782E63006362A0
:1000A0002D3E68616E646C6572006770696F4035E3
:1000B00030303030303030000001020304050607D4
:1000C0004661696C656420746F20616C6C6F63615C
:1000D000746520505049204368616E6E656C0075F0
:1000E00061727440343030303230303000756172BB
:1000F000745F6E7266785F75617274650057455300
:10010000545F544F504449522F6E72662F7375627C
:100110007379732F626C7565746F6F74682F636F7A
:100120006E74726F6C6C65722F6863695F6472695C
:100130007665722E630009536F6674446576696351
:100140006520436F6E74726F6C6C657220415353FF
:100150004552543A2025732C2025640A0A0057453D
:1001600053545F544F504449522F7A6570687972E6
:100170002F696E636C7564652F7A65706879722F6C
:10018000647269766572732F656E74726F70792E02
:1001900068006170692D3E6765745F656E74726F8B
:1001A000707920213D202828766F6964202A293023
:1001B00029000943616C6C6261636B20706F696E2A
:1001C0007465722073686F756C64206E6F74206242
:1001D00065204E554C4C0A000954686520656E74C4
:1001E000726F707920736F757263652072657475B4
:1001F000726E656420616E206572726F7220696E26
:10020000206120626C6F636B696E672063616C6C48
:100210000A00536F667444657669636520436F6EA8
:1002200074726F6C6C6572206275696C64207265A3
:10023000766973696F6E3A2000456E74726F7079DB
:1002400020736F7572636520646576696365206EDF
:100250006F74207265616479004661696C65642021
:10026000746F2072656769737465722072616E6461
:1002700020736F75726365202825642900416C6CBA
:100280006F6361746564206D656D6F727920746F42
:100290006F206C6F773A20257A75203C20257500F9
:1002A000574553545F544F504449522F6E72662F36
:1002B000696E636C7564652F6D70736C2F6D7073F0
:1002C0006C5F776F726B2E6800096B5F776F726B74
:1002D0005F7375626D69745F746F5F717565756565
:1002E0002829206661696C65642E0A004576656E72
:1002F000742062756666657220746F6F20736D611D
:100300006C6C2E20257A75203E20257500556E6573
:1003100078706563746564206D73675F7479706568
:100320003A2025752E20546869732069662D656C06
:100330007365206E656564732061206E6577206249
:1003400072616E636800556E6B6E6F776E206572BA
:10035000726F72207768656E2070726F6365737359
:10036000696E6720686369206D65737361676520D6
:1003700025640062745F6863695F7364630062741C
:100380005F7364635F6863695F6472697665720056
:1003900062745F7364635F63727970746F00574552
:1003A00053545F544F504449522F6E72662F7375E9
:1003B000627379732F6D70736C2F696E69742F6D12
:1003C00070736C5F696E69742E6300094D50534CF5
:1003D000204153534552543A2025732C2025640A5A
:1003E0000A00657272636F6465203D3D2030004DE8
:1003F00050534C20576F726B006D70736C5F696E59
:10040000697400556E737570706F727465642048FE
:1004100046434C4B206576656E743A202564005740
:100420004553545F544F504449522F6E72662F64A7
:100430007269766572732F6D70736C2F636C6F6366
:100440006B5F636F6E74726F6C2F6E7266785F6332
:100450006C6F636B5F6D70736C2E6300094E6F740D
:1004600020737570706F727465640A006E726678BE
:100470005F636C6F636B5F6D70736C0000000000F6
:100480000100000001010000010101010000000065
:10049000574553545F544F504449522F6D6F647504
:1004A0006C65732F68616C2F6E6F726469632F6E59
:1004B0007266782F68656C706572732F6E726678DD
:1004C0005F677070695F7070692E6300705F67703E
:1004D000706920213D202828766F6964202A293000
:1004E0002900574553545F544F504449522F6D6F64
:1004F00064756C65732F68616C2F6E6F72646963CD
:100500002F6E7266782F68616C2F6E72665F6770EF
:10051000696F74652E6800696E646578203C2038C8
:1005200000574553545F544F504449522F6D6F64E8
:10053000756C65732F68616C2F6E6F726469632FC1
:100540006E7266782F647269766572732F73726348
:100550002F6E7266785F6770696F74652E630070C6
:10056000696E5F69735F696E70757428705F696E1C
:100570007374616E63652C2070696E290070696EFA
:100580005F6861735F7472696767657228705F691D
:100590006E7374616E63652C2070696E2900705FE4
:1005A000696E7374616E636500705F6368616E6E1F
:1005B000656C00696E745F656E61626C6500000059
:1005C000010101574553545F544F504449522F7A0B
:1005D00065706879722F6B65726E656C2F646576D5
:1005E0006963652E6300646576203C3D205F646529
:1005F000766963655F6C6973745F656E64007263CE
:10060000203E3D202D28307866662920262620723F
:1006100063203C203000096465766963652025739A
:1006200020696E69743A20696E76616C6964206530
:1006300072726F7220282564290A0048616C7469FF
:100640006E672073797374656D00556E6B6E6F778E
:100650006E206572726F72003E3E3E205A455048D1
:10066000595220464154414C204552524F52202568
:10067000643A202573206F6E204350552025640076
:100680004661756C7420647572696E6720696E745A
:100690006572727570742068616E646C696E670A49
:1006A0000043757272656E74207468726561643A95
:1006B000202570202825732900574553545F544F37
:1006C000504449522F7A65706879722F6B65726E4B
:1006D000656C2F666174616C2E6300726561736F67
:1006E0006E20213D204B5F4552525F4B45524E4597
:1006F0004C5F50414E49430009417474656D7074FC
:10070000656420746F207265636F7665722066720F
:100710006F6D2061206B65726E656C2070616E6913
:100720006320636F6E646974696F6E0A004350558D
:1007300020657863657074696F6E00556E68616ED0
:10074000646C656420696E746572727570740053B0
:100750007461636B206F766572666C6F77004B65B2
:10076000726E656C206F6F7073004B65726E656C96
:100770002070616E696300574553545F544F504475
:1007800049522F7A65706879722F6B65726E656C4D
:100790002F696E69742E63007468726561645F64AA
:1007A000617461203C3D205F5F7374617469635FB5
:1007B0007468726561645F646174615F6C697374AD
:1007C0005F656E64006D61696E006F73005745531D
:1007D000545F544F504449522F7A65706879722F94
:1007E0006B65726E656C2F6B686561702E6300219E
:1007F000617263685F69735F696E5F6973722829EC
:10080000207C7C20282874696D656F7574292E748E
:1008100069636B73203D3D202828286B5F74696DE8
:10082000656F75745F74297B307D29292E74696327
:100830006B732900090A0068656170203C3D205FE8
:100840006B5F686561705F6C6973745F656E64008F
:10085000574553545F544F504449522F7A6570683E
:1008600079722F6B65726E656C2F6D656D5F736C41
:1008700061622E6300736C6162203C3D205F6B5FA0
:100880006D656D5F736C61625F6C6973745F656EDB
:10089000640028736C61622D3E667265655F6C69E9
:1008A0007374203D3D202828766F6964202A293002
:1008B0002920262620736C61622D3E696E666F2E9C
:1008C0006E756D5F75736564203D3D20736C61626C
:1008D0002D3E696E666F2E6E756D5F626C6F636B19
:1008E0007329207C7C20736C61625F7074725F6915
:1008F000735F676F6F6428736C61622C20736C6127
:10090000622D3E667265655F6C69737429000973B8
:100910006C616220636F7272757074696F6E2064AF
:10092000657465637465640A0009496E76616C6973
:1009300064206D656D6F727920706F696E74657279
:100940002070726F76696465640A00574553545F7E
:10095000544F504449522F7A65706879722F6B65F5
:10096000726E656C2F696E636C7564652F6B736353
:100970006865642E680021617263685F6972715FE7
:10098000756E6C6F636B6564286B6579290074689C
:10099000726561642D3E626173652E70656E64657B
:1009A000645F6F6E00574553545F544F5044495233
:1009B0002F7A65706879722F6B65726E656C2F691E
:1009C000646C652E63005F6B65726E656C2E637080
:1009D00075735B305D2E63757272656E742D3E6249
:1009E0006173652E7072696F203E3D20300057455F
:1009F00053545F544F504449522F7A65706879724E
:100A00002F6B65726E656C2F6D757465782E630043
:100A100021617263685F69735F696E5F69737228D1
:100A20002900096D7574657865732063616E6E6F5A
:100A300074206265207573656420696E73696465EE
:100A400020495352730A006D757465782D3E6C6FA2
:100A5000636B5F636F756E74203E203055005745A1
:100A600053545F544F504449522F7A6570687972DD
:100A70002F6B65726E656C2F73656D2E6300282871
:100A8000617263685F69735F696E5F697372282959
:100A9000203D3D203029207C7C20282874696D650C
:100AA0006F7574292E7469636B73203D3D2028286F
:100AB000286B5F74696D656F75745F74297B307D19
:100AC00029292E7469636B73292900737973776FF1
:100AD000726B7100574553545F544F504449522F25
:100AE0007A65706879722F6B65726E656C2F776F9F
:100AF000726B2E6300776F726B2D3E717565756535
:100B000020213D202828766F6964202A2930290079
:100B1000776F726B2D3E68616E646C657220213D4B
:100B2000202828766F6964202A2930290021666CE4
:100B300061675F746573742826776F726B2D3E66EC
:100B40006C6167732C204B5F574F524B5F44454C91
:100B5000415941424C455F424954290073796E63C3
:100B600020213D202828766F6964202A2930290019
:100B700021666C61675F746573742826717565758D
:100B8000652D3E666C6167732C204B5F574F524B4F
:100B90005F51554555455F535441525445445F425A
:100BA00049542900717565756500737461636B0044
:100BB00064776F726B20213D202828766F6964204E
:100BC0002A29302900574553545F544F5044495205
:100BD0002F7A65706879722F6B65726E656C2F74F1
:100BE00068726561642E6300282828287072696F16
:100BF0002929203D3D203135202626207A5F697342
:100C00005F69646C655F7468726561645F656E746A
:100C100072792828656E747279292929207C7C20B4
:100C20002828283135202D203129203E3D20282814
:100C30002D31362929292026262028287072696F0F
:100C40002929203E3D2028282D31362929202626F5
:100C50002028287072696F2929203C3D20283135D1
:100C6000202D20312929290009696E76616C69647B
:100C7000207072696F7269747920282564293B207D
:100C8000616C6C6F7765642072616E67653A2025D0
:100C90006420746F2025640A0009546872656164D9
:100CA00073206D6179206E6F7420626520637265B8
:100CB0006174656420696E20495352730A00574578
:100CC00053545F544F504449522F7A65706879727B
:100CD0002F6B65726E656C2F73636865642E63009D
:100CE000217A5F69735F69646C655F7468726561BE
:100CF000645F6F626A6563742874687265616429F1
:100D000000574553545F544F504449522F7A6570F1
:100D10006879722F6B65726E656C2F696E636C7586
:100D200064652F6B7468726561642E68005F6B6523
:100D3000726E656C2E637075735B305D2E637572B9
:100D400072656E7420213D202828766F6964202A00
:100D500029302900574553545F544F504449522F6E
:100D60007A65706879722F6B65726E656C2F696E2B
:100D7000636C7564652F6B737761702E68006172A8
:100D800063685F6972715F756E6C6F636B65642811
:100D90006B657929207C7C205F6B65726E656C2E9B
:100DA000637075735B305D2E63757272656E742D42
:100DB0003E626173652E7468726561645F7374610D
:100DC000746520262028282831554C203C3C2028BA
:100DD00030292929207C20282831554C203C3C20D2
:100DE0002833292929290009436F6E7465787420F6
:100DF000737769746368696E67207768696C6520CA
:100E0000686F6C64696E67206C6F636B210A007396
:100E1000697A656F66285F73636865645F7370697C
:100E20006E6C6F636B29203D3D2030207C7C206CF4
:100E30006F636B20213D20265F73636865645F7379
:100E400070696E6C6F636B005F6B65726E656C2EA4
:100E5000637075735B305D2E63757272656E742D91
:100E60003E626173652E73636865645F6C6F636B6C
:100E7000656420213D203155005F6B65726E656CA5
:100E80002E637075735B305D2E63757272656E7460
:100E90002D3E626173652E73636865645F6C6F637A
:100EA0006B656420213D20305500217465726D69A9
:100EB0006E617465000961626F72746564205F63BE
:100EC000757272656E74206261636B2066726F6DFD
:100ED00020646561640A0021657373656E746961DD
:100EE0006C000961626F7274656420657373656E6E
:100EF0007469616C207468726561642025700A00F1
:100F0000574553545F544F504449522F7A65706887
:100F100079722F6B65726E656C2F74696D65736C79
:100F20006963696E672E6300282874696D656F7543
:100F3000742920262620282875696E747074725FC3
:100F400074292028736C6963655F74696D656F75BA
:100F500074732929203C3D20282875696E747074AB
:100F6000725F7429202874696D656F757429292052
:100F7000262620282875696E747074725F74292083
:100F80002874696D656F75742929203C202828759F
:100F9000696E747074725F742920282628736C69D6
:100FA00063655F74696D656F757473295B28287359
:100FB000697A655F742920282828696E742920734E
:100FC000697A656F6628636861725B31202D20281D
:100FD00032202A202128215F5F6275696C74696E56
:100FE0005F74797065735F636F6D70617469626C53
:100FF000655F70285F5F747970656F665F5F2873E7
:101000006C6963655F74696D656F757473292C20F5
:101010005F5F747970656F665F5F282628736C69FF
:1010200063655F74696D656F757473295B305D29E5
:101030002929295D29202D203129202B2028736979
:101040007A656F6628736C6963655F74696D656F37
:1010500075747329202F2073697A656F6628287349
:101060006C6963655F74696D656F757473295B3056
:101070005D292929295D2929202626202828287547
:10108000696E747074725F7429202874696D656F5D
:1010900075742929202D20282875696E7470747242
:1010A0005F74292028736C6963655F74696D656F6F
:1010B00075747329292920252073697A656F66283C
:1010C00028736C6963655F74696D656F75747329E6
:1010D0005B305D29203D3D20302900574553545F4A
:1010E000544F504449522F7A65706879722F6B655E
:1010F000726E656C2F74696D656F75742E63002157
:101100007379735F646E6F64655F69735F6C696E3A
:101110006B65642826746F2D3E6E6F6465290057D9
:101120004553545F544F504449522F7A6570687943
:10113000722F6B65726E656C2F706F6C6C2E630016
:1011400009696E76616C6964206576656E742074D9
:10115000797065202830782578290A0A0065766537
:101160006E742D3E73656D20213D202828766F69B1
:1011700064202A2930290009696E76616C6964202F
:1011800073656D6170686F72650A0A006576656ED9
:10119000742D3E717565756520213D202828766F78
:1011A0006964202A2930290009696E76616C6964B6
:1011B0002071756575650A0A006576656E742D3E49
:1011C0007369676E616C20213D202828766F696401
:1011D000202A2930290009696E76616C69642070C3
:1011E0006F6C6C207369676E616C0A0A00657665C6
:1011F0006E742D3E6D73677120213D202828766F17
:101200006964202A2930290009696E76616C696455
:10121000206D6573736167652071756575650A0A70
:10122000006576656E742D3E7069706520213D20E5
:101230002828766F6964202A2930290009696E768A
:10124000616C696420706970650A0A0009696E76CC
:10125000616C6964206576656E7420747970650AC6
:101260000A00574553545F544F504449522F7A65F2
:10127000706879722F6B65726E656C2F6D656D701D
:101280006F6F6C2E630028616C69676E20262028C2
:10129000616C69676E202D20312929203D3D203069
:1012A0000009616C69676E206D757374206265203A
:1012B0006120706F776572206F6620320A00616C62
:1012C00069676E203D3D2030207C7C202828756990
:1012D0006E747074725F74296D656D2026202861AC
:1012E0006C69676E202D20312929203D3D2030007A
:1012F000096D6973616C69676E6564206D656D6FFA
:1013000072792061742025702028616C69676E20D5
:101310003D20257A75290A00141400001C20304055
:101320001C2000001C20304000409B8FACC31D429D
:10133000AE44FACD1FC348A0B42FCF29EE3D00FF25
:10134000FFFFFF1F00286E756C6C29002A666C6F0A
:0413500061742A009A
:10135400FFFFFFFFFF1F00001F0000000000000050
:101364001D40000000000000FFFFFFFF1FFF000002
:10137400BAABBABA101010107F00000000000000D1
:101384000080004000000000000000000C0000008D
:101394000000000000FF7F000000000000000000CB
:1013A4000000000000000000A93000000000000060
:1013B4006DD30000000000004BD3000000000000CB
:1013C4000000000000000000000000000000000019
:1013D4000000000000000000000000000000000009
:1013E40000000000000000000000000000000000F9
:1013F40000000000000000000000000000000000E9
:1014040000000000000000000000000000000000D8
:1014140000000000000000000000000000000000C8
:1014240000000000000000000000000000000000B8
:1014340000000000000000000000000000000000A8
:101444000000000000000000000000000000000098
:101454000000000000000000000000000000000088
:101464000000000000000000000000000000000078
:101474000000000000000000000000000000000068
:101484000000000000000000000000000000000058
:101494000000000000000000000000000000000048
:1014A4000000000000000000000000000000000038
:1014B4000000000000000000000000000000000028
:1014C4000000000000000000000000000000000018
:1014D4000000000000000000000000000000000008
:1014E40000000000000000000000000000000000F8
:1014F40000000000000000000000000000000000E8
:1015040000000000000000000000000000000000D7
:1015140000000000000000000000000000000000C7
:1015240000000000000000000000000000000000B7
:1015340000000000000000000000000000000000A7
:101544000000000000000000000000000000000097
:101554000000000000000000000000000000000087
:101564000000000000000000000000000000000077
:101574000000000000000000000000000000000067
:101584000000000000000000000000000000000057
:101594000000000000000000000000000000000047
:1015A4000000000000000000000000000000000037
:1015B4000000000000000000000000000000000027
:1015C4000000000000000000000000000000000017
:1015D4000000000000000000000000000000000007
:1015E40000000000000000000000000000000000F7
:1015F40000000000000000000000000000000000E7
:10160400414D0000DD4B0000B94D00002DE6000007
:10161400994B00007D56000017E6000005E6000027
:10162400694B0000994D0000D1E40000014E000018
:10163400D1E40000D1E40000D1E40000D1E40000D2
:10164400D1E400004151000079510000D1E40000D0
:10165400D1E40000E1510000B54C00003FE6000079
:1016640031E60000C94E0000C0020020C80200207C
:10167400D0020020040300200C030020000000001E
:1016840000000000000000000000000040030020F3
:1016940035F200003BF200003DF2000063F200006E
:1016A40041F200006DF2000047F2000077F2000002
:1016B4004DF2000083F2000059F200005DF20000D8
:1016C4004FF2000055F2000073F200007DF20000BA
:1016D4008803002001FF0000DBF30000E7F30000B3
:1016E400EBF30000F3F30000F7F300000000000048
:1016F40000000000000000000000000000000000E6
:1017040000000000000000000000000000000000D5
:1017140000000000000000000000000000000000C5
:1017240000000000000000000000000000000000B5
:1017340000000000000000000000000000000000A5
:101744000000000000000000000000000000000095
:101754000000000000000000000000000000000085
:101764000000000000000000000000000000000075
:101774000000000000000000000000000000000065
:101784000000000000000000000000000000000055
:101794000000000000000000000000000000000045
:1017A4000000000000000000000000000000000035
:1017B40000000000000000001952010000000000B9
:1017C4000000000000000000000000000000000015
:1017D4000000000000000000000000000000000005
:1017E40000000000000000000000000000000000F5
:1017F40000000000000000000000000000000000E5
:1018040000000000000000000000000000000000D4
:1018140000000000000000000000000000000000C4
:1018240000000000000000000000000000000000B4
:1018340000000000000000000000000000000000A4
:101844000000000000000000000000000000000094
:101854000000000000000000000000000000000084
:1018640034B002000000000031FF0000F1FE00006F
:101874000000000000000000000000000000000064
:10188400000000000000000069FF000000000000EC
:1018940018B6020000000000FDFC00002DFE000050
:1018A40051FE0000816A02009F6B0200611F01006B
:1018B400000000000000000000000000B170020001
:1018C4000000000000000000006000400000000074
:1018D4000000000000000000000000000000000004
:1018E40000000000000000000000000000000000F4
:1018F40000000000000000000000000000000000E4
:1019040000000000000000000000000000000000D3
:1019140000000000000000000000000000000000C3
:1019240000000000000000000000000000000000B3
:101934000000000000000000000000001F7502000D
:101944000000000000000000000000001946010033
:101954000000000000000000000000009967010082
:101964000000000000000000000000003D660100CF
:10197400000000000000000000000000717301007E
:10198400000000000000000000000000F56B0100F2
:101994000000000000000000480600204806002067
:1019A4000000000000000000ED8B0100A99A010076
:1019B400059A01000000000000000000659101008C
:1019C400E381020013810200E187010000000000AE
:1019D400B4BC020000000200C0BC020000000A0007
:1019E400D0BC020000002000000000000000000045
:1019F40000000000000000000000000000000000E3
:101A040000000000B18A020000000000E4BC0200F3
:101A140000000200F0BC020000000200CC0600201E
:101A2400CC06002000000000000000000E000000B2
:101A3400E0060020E006002039CF0100000000008D
:101A44000090D003FF00000090020000FC0600207C
:101A5400FC060020CF9F0200CB9F0200DBAD0200FA
:101A6400ABAD0200AFAD0200A9AD0200BBAD0200F8
:011A74000170
:0F1A750000000000000000000000000000000062
:041A8400000000005E
:101A88003407002034070020000000002C7F0020CD
:101A9800000000000100000030000000000000000D
:101AA800540700205407002000000000C06B0020ED
:101AB8000000000001000000B80000000000000065
:101AC8007407002074070020000000005C7F0020DD
:101AD80000000000030000001C00000000000000DF
:101AE80000000000786C00200008000000000000E2
:081AF8000000000000000000E6
:101B0000AC070020AC07002000000000000000002F
:101B10000E000000C0070020C007002000000000E9
:101B2000000000000E000000D4070020D4070020B1
:101B300000000000000000000E000000E807002088
:101B4000E807002000000000000000000E00000078
:101B5000FC070020FC07002000000000000000003F
:101B60000E000000100800201008002000000000F7
:081B7000000000000E0000005F
:101B7800240800202408002000000000FFFFFFFFC9
:081B880034080020340800209D
:101B900000000000000000000000000048080020D5
:0C1BA000480800205008002050080020D9
:101BAC00000000000000000000000000640800209D
:101BBC00640800206C0800206C0800200000000065
:101BCC00030003001000000000000000DCB702005E
:101BDC00587D002000000000000000000000000004
:101BEC009808002098080020A0080020A0080020D9
:101BFC00000000000300030010000000698F0100CA
:101C0C00F8B80200B47E00200000000000000000C4
:101C1C0000000000CC080020CC080020D4080020D4
:101C2C00D4080020000000000300030000000000A6
:101C3C000000000078B60200CC7900200000000003
:101C4C000000000000000000000900200009002036
:101C5C000809002008090020000000000100010014
:101C6C0010000000CD6A0100C8B70200507C0020B3
:101C7C0000000000000000000000000034090020FB
:101C8C00340900203C0900203C0900200000000021
:101C9C0003000300000000000000000090B70200E9
:101CAC00087C002000000000000000000000000084
:101CBC0068090020680900207009002070090020C4
:101CCC00000000000C000C0004000000F53B0100BB
:101CDC0064B60200F0770020000000000000000055
:101CEC00000000009C0900209C090020A409002091
:101CFC00A409002000000000010001000000000009
:0C1D0C00000000008CB60200187B0020D4
:041D180015E015E0DD
:0400000310002B4975
:00000001FF
