:10000000C0A60020651D0100732F0200511D0100D4
:10001000511D0100511D0100511D01000000000093
:10002000000000000000000000000000CD1E0100E4
:10003000511D0100000000006D1E0100511D010056
:100040008D200100515802008D2001008D200100FB
:100050008D2001008D2001008D2001008D200100E8
:10006000675802008D2001008D2001003B580200DE
:100070008D2001008D2001008D2001008D200100C8
:100080008D2001008D2001008D2001008D200100B8
:100090008D2001008D2001008D2001008D200100A8
:1000A0008D2001008D2001008D2001008D20010098
:1000B0008D2001008D2001008D2001008D20010088
:1000C0008D2001008D2001008D2001008D20010078
:1000D0008D2001008D2001008D2001008D20010068
:1000E0008D2001008D2001008D2001008D20010058
:1000F0008D2001008D2001008D2001008D20010048
:10010000064B074A5B7802604FF41A728280C37113
:100110000822002382710372704700BF6010002024
:1001200015E00000064B074A5B7A02604FF49072BC
:100130008280C3710822FF2382710372704700BF5F
:10014000601000202DDB0000F8B5C41D002824F04D
:100150000704054614BF2046002000F0E7FA071EFA
:1001600002DA6FF00B00F8BD254EB1887088F37984
:10017000B2790331033089B280B20BF009FC002858
:10018000EFDB737831783C4403341944002D24F0BC
:10019000030400FB01F114BF2046002000F04AFCDC
:1001A00023180DB9002BDCDB717A184679B10333C3
:1001B000002D23F0030414BF20460020728900F0B4
:1001C000ABFC0028CDDB20440DB90028C9DB317A17
:1001D00091B1737A83B1C41D002D24F0070414BFBC
:1001E0002046002003F00EFB0028BADB0DB10020F2
:1001F000B9E72018B7D5B4E7002DF8D1B3E700BFB1
:10020000601000201FB572B6194BDD68EDB9BFF361
:100210004F8F1849184BCA6802F4E0621343CB6051
:10022000BFF34F8F00BFFDE72346B2FBF6F25C1C25
:10023000002AF9D104AEDCB256FA83F303F80C2C91
:100240000A2234B901A8A847E1E7024600230A269A
:10025000EDE7631E04AEDCB256FA83F3B0FBF2F6B0
:1002600002FB1600303003F80C0C3046E9E700BF03
:100270006010002000ED00E00400FA0507B50A4B0D
:10028000DA88ADF8002068469A885B88ADF80420CB
:10029000ADF8023001F074FE18B1FC219C20FFF78C
:1002A000B1FF03B05DF804FB6010002038B50546CF
:1002B00040B30AF093FB10B94FF0FF3038BD09F09E
:1002C000F5FEB0F5FA7FF7D8104C1148E56000F064
:1002D000A7F9002323744FF4807323801B236380CA
:1002E000A38040F20323E3804FF4847323811F2310
:1002F0006381EFF3108472B600F0E4FC04B962B6D7
:100300000020DBE76FF01500D8E700BF6010002089
:100310007D02000010B5002840D1234C237C032B24
:1003200039D059B1002A3CD00239052936D8DFE846
:1003300001F0031227352A2D137863700020FFF790
:1003400003FF0028B7BF0123022323746FF00B00C3
:10035000A8BF237410BD13791BB353790BB3118855
:10036000FB291ED853881B3B9BB2E02B19D81A29B6
:1003700017D91368C4F802300C4B92889A80DDE7D5
:1003800013786372DAE713886381D7E71388FF2B4A
:1003900007D82372D2E74FF0FF30DBE76FF02C0075
:1003A000D8E76FF01500D5E760100020621000203C
:1003B000F8B50D46064620B319B311F0070420D155
:1003C000114F3B7C012B02D16FF00B00F8BD032BCA
:1003D00002D14FF0FF30F9E700F060F80028F8D0C4
:1003E0002846FFF7B1FE0028EEDB0DF078FE304620
:1003F000214601F059FEFFF741FF03233B742046DD
:10040000E4E76FF01500E1E76010002010B5064C3E
:10041000237C032B03D101F05FFE02F0FBFC0BF009
:10042000B8FB0020207410BD6010002050B1074BB5
:1004300003F1140253F8041B40F8041B9342F9D152
:10044000002070476FF01500704700BFD1A902006F
:1004500008B501F0F3FDBDE808400249012000F0B5
:100460005DB900BF2501000008B501F0FBFDBDE846
:1004700008400249002000F051B900BF010100000E
:10048000024B02681A600020704700BF7410002001
:10049000014B1B68184700BF74100020024B1868FE
:1004A000003818BF01207047741000202DE9F74371
:1004B000264E0446071D2548376002F0C3FC02287B
:1004C000054607D1214920460AF020FE284603B000
:1004D000BDE8F0830428F9D13378072B18D13E20EA
:1004E00000F04AF878B9F378327901A943EA022397
:1004F0006846ADF800300BF02FF80028DBD0532110
:100500000820FFF77FFE052000F076F80028EAD0EB
:10051000314620460AF029FEB0F5817F01D37221D1
:10052000EEE70028C7D094F8008094F80290404687
:1005300000F022F80028BED0B8F13E0FC6D14846E0
:1005400000F05AF80028C1D1B5E700BF78100020AC
:10055000074B4FF0FF3141F6FF72C3E90012054926
:100560000022C1E900221F21C3E90212704700BF27
:10057000C0040020BC1000203F280CD801380B4BD1
:10058000C0F3421200F01F0053F8223023FA00F0AB
:1005900000F001007047FF2806D04038C0F3421237
:1005A000034B00F01F00EFE701207047C00400205C
:1005B000BC1000200146074B006849681A4603C278
:1005C00040F48C221A6041F0107242F4FF625A60CB
:1005D000704700BFC00400200246024B006851680B
:1005E00003C37047BC1000200246024B00685168EC
:1005F00003C37047C8040020F42800F1FF33DBB2C6
:100600001FBF064A590902EB810203F01F031DBFF9
:100610009068D84000F0010000207047C00400201E
:10062000014B1860704700BFC410002010B5FFF7E1
:100630008FFF0BF06FFC034B1B68044603B1984718
:10064000204610BDC4100020F0B50C88C37C028881
:10065000A5B2C4F30E0404F118060233865B1A44F3
:10066000334497B213FA82F3013B4288B3FBF7F3AA
:1006700013FB07439BB29A42044A93BF22EA050345
:100680002A4013439BB20B80F0BD00BF0080FFFFE8
:100690004A1E062A08B50346084604D84FF4D1710D
:1006A0001520FFF7AFFD094A914202D940F2A3118C
:1006B000F6E711B903B1196008BD2BB11B68002220
:1006C000C3E901211A1D1A600430F5E7FAFFFF7F24
:1006D00010B5114B00EB41041A786389B3FBF2F3B8
:1006E00003FB0223013A1A44B2F5706F0279807855
:1006F00028BF00231A440B18B2FBF0F100FB1121B4
:100700005B1AB3FBF0F100FB113313446FEA434370
:100710006FEA5343638110BDC8100020024B03EB06
:1007200080035960704700BFC81000202DE9F04FCA
:1007300010F0070A85B0054604D040F26111172079
:10074000FFF760FD524F07F10C06B1460446B04674
:1007500057F8043B8DF80BA03BB101A898479DF8D2
:100760000A30082B01D9E821E9E79DF80B1041BBBD
:1007700005B131604F4506F10406E9D1002D6FD077
:10078000DFF81091002289F800209646022758F8D9
:1007900027A0013FBAF1000F55D09AF804609AF8EB
:1007A00002C0FF2E60D039460023481C38D19C443B
:1007B000BCF1FF0F3FD90AB189F800E040F22711E0
:1007C000BDE79DF80AC06046022838BF02204B1DD5
:1007D0005A0004EB4303441E2344BDF8084064441C
:1007E000013CCCF1000C04EA0C044042B4F5803F1B
:1007F00003EA000301D3F821A1E775B19A1A012099
:10080000326091701480D0709DF80C0010710198C6
:1008100010814FEA104CA2F806C004FB0134A9E78E
:1008200058F8210028B190F804B0B34504BF80788F
:100830001B180139B9E7DBB2E6458AF804303CBF42
:100840005FFA8CFE01227B1CA1D10AB189F800E07D
:10085000022640F6FF6A58F82670B7B9013EFAD270
:10086000601B05B0BDE8F08F0023E5E707EB41030F
:100870003846A3F80AA0FFF72BFF09F10109BB785E
:100880005FFA89F18B42F1D8E8E74FF00009F6E70B
:10089000CC100020C810002038B54FF6FF7303803D
:1008A000184B03EB810302461869A8B184780379D9
:1008B000B3FBF4F104FB1133DBB2194600EB410545
:1008C000B5F90A50002D0EDB0131B1FBF4F504FB44
:1008D0001511C9B28B42F1D1002038BD6381BDE84A
:1008E00038400BF031B800EB41046389C3F30E03C9
:1008F0001380C278002AF1D14FF4D5711720FFF789
:1009000081FC00BFC81000201C4B03EB810370B5B5
:100910001C69054644B3030404D54FF4DC71172069
:10092000FFF770FC014620460AF0F0FFFF28014661
:1009300004D02046BDE870400BF006B8A078B5FBA7
:10094000F0F300FB1353DBB219460A1D04EB420619
:10095000B6F90260002E09DB0131B1FBF0F200FBB9
:100960001211C9B28B42F0D1002070BD8B4201D070
:100970000023E37004EB42025580DAE7C810002040
:10098000094B03EB810310B51C69014620460AF0B0
:10099000BDFFFF28014604D02046BDE810400AF004
:1009A000D3BF002010BD00BFC8100020F8B5104B09
:1009B00003EB810307461C69014620460AF0A6FFA7
:1009C000FF28054611D0E288238953EA024606D063
:1009D000014620460AF0B8FF01463846B047204697
:1009E0002946FFF775FE0020F8BD0520FCE700BF93
:1009F000C810002038B50E4B827903EB8203044601
:100A0000186908B9052038BD8278E1799142F9D298
:100A10004B1CE37100EB41035D89B3F90A30002BF5
:100A2000F3DBA5800AF090FF20600020EBE700BF19
:100A3000C810002070B5044610F003000E4603D025
:100A40004E211820FFF7DEFBFFF722FE054624B1FA
:100A5000034831460460FFF71BFE284670BD00BF07
:100A6000E41000202DE9F14FDFF870B09DF828A0C8
:100A70009DF82C901E46DBF8003007460D46904648
:100A80001BB960211820FFF7BDFB524609214046E3
:100A90000AF0B9FD4A4684B2092130460AF0B3FD96
:100AA00014FA80F1DBF800000AF004FF386018B98E
:100AB000286001B0BDE8F08F04442C6038685346CC
:100AC000414609220AF062FD28684B460922314658
:100AD00001B0BDE8F04F0AF059BD00BFE41000209E
:100AE00070B50E4604460AF0A1FD054630460AF0F0
:100AF0009DFD044B2A1821461868BDE870400AF095
:100B0000FEBE00BFE4100020024B186808B10AF0D6
:100B1000C5BE7047E41000201F2AF8B504461346EE
:100B20000ED89200033222F00303B3F5803F2DD29A
:100B3000184DACB1A00710D05F210920FFF762FB70
:100B4000FF2B4FEA420204D9FF339A42A8BF1A464C
:100B5000E8E77C2AB8BF7C22E4E729706C602B812F
:100B600022F003022823120403FB01F001276B6823
:100B7000120C0025EEB2B14200D8F8BD14B126180F
:100B80001F705E60104401352833F3E74FF0FF30EB
:100B9000F3E700BFE810002070B5154A15785368D8
:100BA0000021C8B2854203D8AB210920FFF72AFBF8
:100BB0001C46184614F8286B01310EB92346F0E79D
:100BC00000219970128999610124D96159685C707A
:100BD000920803F11E0403F1260524F8022FA54212
:100BE00043F8041F1144F8D100234361037070BD22
:100BF000E81000204B782DE9F04106460C4602F043
:100C0000040702F0FB05E3B1A5BBFF23A3707B083B
:100C100004EB57073A7D032A02D1022D18BF013396
:100C2000E2180121117503F10C0104EB830300228A
:100C300024F811205B68A2703360B2803046BDE8B2
:100C4000F081002DE1D101234B701D4B8D611B897B
:100C5000CD6101F11E0249689B08204604F1260C73
:100C600022F8023F944540F8041F1944F8D10023AC
:100C70006361CAE7D1F80480142200216170A018D2
:100C80000AF018F90E4B1B89B3F5FF7F0FD25A08F3
:100C90009B1A9BB208EB0301C4F804802384A16073
:100CA0006284C4F80C80A3842161E284ADE7B3F5CB
:100CB000EE6F4FF0FF02EBD940F27263EAE700BF3C
:100CC000E8100020134B012200214FF0FF309A6002
:100CD000C3F80012C3F80803C3F80015C3F80425CD
:100CE0009A60C3F80803C3F80015C3F804250A493D
:100CF0000A4A03F580334FF40040C3F80825C1F8D1
:100D00008000BFF34F8FBFF36F8FC1F88001C3F82E
:100D10000825704700F0004000E100E00000F63FC9
:100D20000A46192302F8033B0448C368C1F803309C
:100D30000369536043699360704700BFF41000205B
:100D4000024B5A8C02435A845B6A1847F410002005
:100D5000014B00215B6A1847F410002010B5154CB8
:100D600005F080FE05F0C4F9208DFFF7F1FF237E2A
:100D700063B12246104952F80C3BE360636853604C
:100D800004F11900A36893600CF03FF80B4B228D1F
:100D900093E8030002F066FD236B188802F0E8FC7C
:100DA000A36B94F8341094F835009847002384F826
:100DB0003C3010BDF4100020210D00002011002057
:100DC000034B93F83C300BB1FFF7C8BF704700BF2F
:100DD000F410002070B51E4C256B636C95F88C20C8
:100DE000236494F8483095F86910064603EB8200B6
:100DF0002EB9FF2803D195F868308B4201D005F059
:100E0000B9FC95F88C30E3B1E06C05F0CBFE012322
:100E100084F86830D5F8E8302366E16CD5F8EC301A
:100E2000206C636605F040F916B9304605F00AFFFC
:100E300095F86810002005F059FF022384F83C3033
:100E400070BD206C05F0AEFE05F052F9ECE700BF76
:100E5000F410002008B5094B93F83C20022A04D076
:100E600040F24F212720FFF7CDF9DA7A42F0010254
:100E7000DA72BDE80840FFF771BF00BFF410002030
:100E8000032810B50A4B044605D15A6FD278022ABE
:100E900001D1002010BD986F0AF04AFC0028F9D15A
:100EA000032CF6D001F0DCFA80F00100C0B2F1E7CB
:100EB000F41000202DE9F043484C94F83C30012B0D
:100EC00085B005468846DFB204D040F204512720A1
:100ED000FFF798F9266B616F02A80AF05CFE96F89E
:100EE0007C309DF808903BB1002186F87C100420EE
:100EF000FFF726FF86F87E70B9F1030F27D0BDF803
:100F00000C30002B18BF022796F88C3086F88270C0
:100F1000BBB1236BD6F8E82093F86900226601275D
:100F2000D6F8EC20626684F868700AF051FE94F8F6
:100F300048902B4900220346009238464A4605F065
:100F40002FF86DB105B0BDE8F043FFF707BF96F885
:100F500082301BB9616F0220FFF7F2FE0327D3E74F
:100F6000B8F1000FEED0E36F284698470028E9D08B
:100F700094F83430002BE5D194F8803023B194F804
:100F80008100FFF77DFF0546606C0BF0B3FED4F8DF
:100F90008430B3B9B4F88830B3FA83F35B09628C58
:100FA000910710D5626F137803F00303032BC9D1A7
:100FB000D378022BC6D1002005B0BDE8F043FFF77F
:100FC00009BF0123EBE7002ABCD1012814BF00238D
:100FD00003F001032B43EED1B4E700BFF41000206F
:100FE0004411002010B5094CD4F8843023B940F2E4
:100FF000F6412720FFF706F9B4F88820216C033268
:10100000184609F097FF206410BD00BFF4100020BF
:1010100010B5064B93F83C2002F0FF0422B91C7671
:1010200002F018FC204610BD0C24FBE7F410002051
:101030000A4B0B4A70B506460D461A60FFF7E8FFEB
:1010400018B1F4212720FFF7DDF8064C012104F147
:101050008A000BF03FFE6664E56470BD0805002061
:101060006C180000F4100020024B012283F88D2040
:10107000704700BFF4100020F0B5794C85B002AE87
:1010800086E8030094F83C100A9F01F0FF0511B9AF
:101090000AB103B127B940F283112720FFF7B2F854
:1010A00096E8030004F12C0C8CE8030084F88D50C2
:1010B00084F8345084F88E5084F8355084F88F507A
:1010C00084F8905065842585256BE3676262A76389
:1010D00005F094FB05F00CF895F9700005F018FC8C
:1010E0006E6AE86905F01AFC304605F04DFD95F88A
:1010F0009C0005F01DFC236B93F89F310BB105F0AC
:101100006BFB0CF036FA95F8692000F179010120AB
:1011100005F094FC534B186805F03CFD2B69A36760
:10112000514A6B69C4F8943005F5807105F1F003FC
:1011300053F8040B42F8040B8B42F9D1D5F8002187
:10114000C4F869205A68494B5A60236B93F886208B
:1011500093F86860A2F12501012903D993F887105B
:1011600025295FD193F83E322BB1012E03D0012BFC
:101170000CBF0126022605F13007314638460BF038
:10118000D4FE31460BF0FAFBAB8F95F86910834221
:1011900028BF0346384684F898300BF0AFFE95F828
:1011A000691095F88C70B5F84460042908BF0321D4
:1011B0000BF0E4FB0FB9043080B2864228BF06462C
:1011C00095F88C30F6B284F8996084F84860A3B141
:1011D000D5F8E83095F8690023660127D5F8EC309A
:1011E000636684F868700AF0F3FC002203460092FC
:1011F0001D493246384604F0D3FE0120FFF7EAFDD0
:10120000002323606360A360B5F8803063802B887F
:10121000238095F89C302371EB6E0BB101221A608C
:1012200005B0F0BD203A012A0DD823290DD093F83E
:10123000263113F0010202D19B079CD50222012E18
:1012400018BF164697E7232905D193F8262193F86E
:1012500061301340EDE7032E08BF04268BE700BF83
:10126000F410002008050020441100205D1100202A
:1012700008B50C4B93F83C201AB9BDE80840FFF7BD
:101280006DBD93F83C20022A04D040F23121272082
:10129000FEF7B8FF1B6BD3F8B001BDE8084005F0BE
:1012A0009DBC00BFF4100020014B1876704700BFB2
:1012B000F4100020014B93F88F007047F4100020C9
:1012C000024B93F82900C0F3C0007047F4100020CF
:1012D000014B93F88E007047F41000202DE9F04385
:1012E000314D85B004460F4602A8296C2E6B0AF0DA
:1012F00052FC14F00109BDF80C8004F0020428D05F
:10130000002385F89A3094B1FFF76CFE0DF10202CC
:1013100001A9D5F894000AF0B7FA01980AF09AFAF0
:10132000012238604146D5F894000AF042FAB9F13A
:10133000000F0BD0D6E93A32013342F10002C6E980
:101340003A3296F88430013386F8843005B0BDE82F
:10135000F08395F89A30032B20D801A252F823F09D
:1013600007130000711300008B1300008B130000A3
:10137000002CEBD0FFF736FED5F894000022414652
:1013800005B0BDE8F0430AF014BA002CDED0D5F861
:10139000940005B0BDE8F0430AF072BA40F2A241F1
:1013A0002720FEF72FFF00BFF41000202DE9F04F9B
:1013B000A94C002389B0CDE9043394F83C30266B66
:1013C000022B8046894604D040F28B512720FEF73D
:1013D00019FF216C06A80AF0DEFB96F88C30B8F1F4
:1013E000000F00F028819DF819B0BDF81C70002B8B
:1013F00039D004F095FEB0BB6FB196F8843003F09D
:1014000001035B450BD1012384F83530FFF7A6FCBF
:1014100009B0BDE8F08FA4F88870002006E0A4F8B9
:101420008870D4F8940039460AF0A3F9238D9DF80A
:101430001A20C4F8840043F40073238596F883309F
:1014400003F001039A4263D0256B95F88230002B9C
:101450003DD0022B13D1A06F04A90AF033F938B99B
:1014600040F23B41B2E7A4F88870002FD5D0D8E70E
:10147000D5E93832013342F10002C5E9383295F836
:101480007E30002185F8821023B185F87E1010206F
:10149000FFF756FC95F87D30A3B14FF0000A85F8B0
:1014A0007DA000F0C7FF10B940F252418EE75146CF
:1014B0000820FFF745FCD5E93832013342F100023C
:1014C000C5E9383295F88330013385F88330238DB0
:1014D00043F4006323854FF0000A96F8843003F04C
:1014E00001035B4544D19DF81830256B022B11D8C0
:1014F000EBB995F88430013385F88430002F37D06C
:10150000D5E93A32013342F10002C5E93A322FE01F
:10151000C246E2E7032BECD1238D216C012043F47A
:10152000805385F87C002385FFF70AFCE1E7002F54
:10153000DFD0238D95F88C5043F48053238505F03C
:10154000CBF8042894F8993006D1002D0CBF1F2247
:101550001B22934228BF1346BB4262D3D4F8843087
:1015600033B194F88D30002B74D02020FFF7F0FBBE
:10157000002796F88B309BB1D6F8E03096F86800DB
:1015800023660025D6F8E430636684F868500AF0D4
:101590001FFB324900950346FB22284604F000FD5C
:1015A000B9F1000F5CD1638C94F88E10180708D540
:1015B000626F137803F00303032B02D1D378022B5D
:1015C0004ED001294CD8E36F01209847002847D01E
:1015D00094F83430002B43D11FB105A90120FFF747
:1015E0007DFE256B002395F88C208DF80D3094F846
:1015F000483095F8681003EB8203FF2B03D195F870
:1016000069308B4202D0FF2005F0B4F895F88230A3
:10161000032B00F21781DFE813F07A00A500FC002D
:101620000D0194F83430012043F0100384F8343075
:1016300007F0DCFB9CE70BB104F0AEFD94F88E30B4
:10164000013384F88E30238D002743F48063238593
:10165000BA468EE747468CE7F4100020441100207C
:1016600005F050FB002F4DD14FF00109238D5A0694
:1016700006D44020FFF76CFB238D43F04003238505
:10168000BAF1000F0DD0B4F80720B4F805301343B9
:10169000B6F8802013431EBFB4F809300133A4F814
:1016A0000930B8F1000F00F0D580B4F805300133EF
:1016B000A4F80530002384F88E30694802F046F81B
:1016C000049830B10AF0C6F8216B0022027201F0D2
:1016D000FDFB059B33B1216B00221A720C22059889
:1016E00001F0C2FBB9F1000F7FF490AE238D1B0611
:1016F0003FF58EAE8020FFF72BFB238D43F0800358
:10170000238585E605A90320FFF7E8FDACE794F8FB
:101710009830ADF80E305348A5F8583000F07AFEF6
:1017200028B1012385F87D3084F890301CE0A06F4B
:101730000DF10D020DF10E0109F09FFF606788B1F8
:1017400095F8C73073B99DF80D302BB903808370BD
:10175000606F01210BF0BEFA636FBDF80E205A7066
:101760000123E1E7404B6367D4F874B095F8832018
:101770009BF80000D20002F0080200F0F3031343CC
:1017800095F88420920002F0040213438BF8003095
:1017900000F00300FFF774FB9BF8003023F0100308
:1017A00043EA00138BF8003095F88B30606F002B04
:1017B0004BD04378002B48D0E06C05F0F3F90023C0
:1017C00084F86830D5F8E0302366616FD5F8E430EE
:1017D000E06C636604F02EFC95F86910012005F0BA
:1017E00085FA0125606F84F88F500BF083FA636FE0
:1017F00084F880001B7884F83C5003F0030384F8DD
:101800008130002F3FF432AF05A90220FFF766FDBB
:101810002CE7B5F85830A06FADF80E300DF10D0281
:101820000DF10E0109F029FF6067002898D140F200
:10183000F121CBE50B4800F0EDFD002890D140F2FE
:10184000FB21C3E540F20931C0E505F0ABF904F036
:101850004FFCC1E7B4F807300133A4F807302CE798
:1018600020110020681100207E110020550E00007C
:10187000AD130000B50E0000C10D0000F0B5070C5F
:10188000A7F5AA42144B543A012A03EA90231FD920
:1018900027F4004042F6AA22801A18BF0120002235
:1018A000162116461F2487EA060562EA050501355A
:1018B00010D0DD03ADB245EA5606E503ADB20139FD
:1018C00045EA52024FEA53034FEA5404EBD1F0BD0C
:1018D0000020E4E70020FAE7E0FF3F00304BF0B5DE
:1018E0005A88B0F85C70B0F85A609D88974228BF5B
:1018F0001746964228BF16461B2E85B00C462ED0A2
:10190000B5F5A47F2DD040F648039D4201A928BF1C
:101910001D460AF0C2F9BDF80A30BB4228BF3B465B
:10192000E380BDF80C30AB4228BF2B462381BDF8C5
:101930000630B34228BF33466380BDF80830AB425F
:1019400028BF2B46A380FF232370E3881B3B9BB259
:10195000E02B08D940F2F5613920FEF753FC1B2F2C
:10196000CED105B0F0BD63881B3B9BB2E02B02D902
:1019700040F2F761F0E72389A3F5A4739BB2B3F5B6
:10198000E06F02D940F2F961E6E7A388A3F5A473FA
:101990009BB2B3F5E06FE4D940F2FB61DCE700BF36
:1019A0009011002010B501210020FEF7E9FF044648
:1019B00070B90121FEF7A8FF044620B940F2933127
:1019C0003920FEF71FFC034B93F906100CF080F84A
:1019D000204610BD9011002008B50AF052FF00F01B
:1019E00087FE00F0A7FB0BF0E8F901F01DFF01F006
:1019F0001FF8094B00221A60084B1B214FF4A470FA
:101A000098801A805980064B064818605A829A7549
:101A100099805A749A8208BD0C050020901100200C
:101A2000BC15002003021B00044B41F64C52C3E9D5
:101A300002221B221A74FFF7CFBF00BFBC15002083
:101A400073B5244DAB680363234B836104460BF0ED
:101A5000FAFE064600F05EFB830654BF1B236B882C
:101A6000A4F85A3058BF1A461C4B297C1B6848BF43
:101A7000AA88A4F85C2084F8381066871BB194F912
:101A8000701020889847164E204631460AF098FF7D
:101A900001236A886978E385AB88019116F8121CE6
:101AA0000091033303329BB292B204F1140104F1AA
:101AB0001000FEF7D7FF236923B940F2CC6139202B
:101AC000FEF7A0FB636913B940F2CD61F7E7002090
:101AD00002B070BDBC15002000093D0010050020BB
:101AE000CE150020F7B504460D460CF024F800286A
:101AF0006DD020460CF0FBF838B1B5F80130013B51
:101B00007F2B02D9122003B0F0BD20460CF0F3F871
:101B100008B90C20F7E720460BF08BFF0028F8D11E
:101B200020460BF0C6FF06460028F2D1204603F0FF
:101B300073F80028E6D0B5F80170E97842F2107326
:101B400020465F430CF0BFF820460CF0C8F8014671
:101B500048B93A46204602F00FFAB0B341F6A54123
:101B60003920FEF74FFB31460DF10600FEF794FEDB
:101B7000054608B90D20C6E7314600F0A7FEBDF8BE
:101B800006302B80204629460CF0BFF820460CF08A
:101B9000B8F888B9216A20460CF0B5F80146284605
:101BA000FFF74EFF3A462946204602F0E5F9024685
:101BB00020B141F6C841D3E70121F0E7054B9B680E
:101BC0001BB105F58D712846984700209BE7422000
:101BD00099E700BF90110020024B1B6803B1184722
:101BE0000C2070470C050020034B5A8802801B789C
:101BF00083700020704700BFBC15002037B5837884
:101C00001A2B054608D8042B04D9144A22FA03F3E8
:101C1000DB0705D412241AE0292B01D03B2BF9D184
:101C20002888B0F5706FF5D269460AF06AFE88B967
:101C3000019B93F8182102F0FF046AB9AA7883F88F
:101C40001921FF2283F8182168460BF091F82046ED
:101C500003B030BD0224FAE70C24F8E72000380472
:101C60000188A1F11B039BB2E02B0CD84288A2F59E
:101C7000A4739BB244F24810834204D8034B002063
:101C800059809A8070471220704700BF9011002041
:101C9000034B5A889B88028043800020704700BF16
:101CA0009011002038B50278447802F0010354EA1C
:101CB000030102F0020201D1112038BDBAB98578C2
:101CC000002DF9D0002B18BF002400E01D4620464F
:101CD00009F08EFF0028EFD0284609F089FF002880
:101CE000EAD0054B00209C74DD749882E5E7002B58
:101CF000ECD000242546EAE7BC15002013B5008887
:101D000069460AF0FEFD18B10224204602B010BD5B
:101D1000019A92F8DC31DBB292F8A820002AF3D1C4
:101D200013F0FB0FF0D0019890F82A310BB13A2450
:101D3000EBE790F8D23003F0FF04002BF7D190F8D6
:101D4000C9309B0706D1FF2380F82A3168460BF083
:101D50000FF8DAE70249CA300BF057F8D5E700BFB1
:101D6000E5D40000F7B50778EF2F05460C460FD8ED
:101D700090F901204378002A0ADB8278900707D186
:101D800013F010001DD1990603F0030202D51AB119
:101D9000122442E0032AFBD01E07F9D42979EA78FD
:101DA000EE7942EA0122697942EA0142A97941EADF
:101DB00006212E7A41EA06418A42E9D81F2A0FD825
:101DC000E6E713F0600FE3D103F00702052A05D020
:101DD00003F00F010D22CA40D107D9D51A07DDD56E
:101DE0006A7A013A062AD3D8AA7A032AD0D813F0FD
:101DF000040102D1023A012A03D8EA7A012AC7D89B
:101E000011B9AA7C032AC3D82A7D48B1012ABFD1BF
:101E10002A7E012ABCD830B91124204603B0F0BD77
:101E2000022AF5D1B4E7DB0712D46B782A7D03F0E0
:101E30001803082B11D1022AEED101213846FEF7F2
:101E40009FFD064678B10BF0F4FDB8B10C24E4E731
:101E500000F024F90028E8D1DEE7022AEDD02B7F3C
:101E6000002BEAD0D8E701213846FEF74DFD0646A3
:101E700040B3154B93F906100BF02AFE30460BF0D9
:101E80002BFF29462070E87430460BF070FEEB7E85
:101E90000446002BC1D00028BFD1316B02466846F2
:101EA000FEF7A8FE306B2246012109F0B9FD316B27
:101EB00068460422FEF79EFE306B2246214609F05A
:101EC000AFFDAAE70724A8E79011002030B50279FA
:101ED000042A8BB003464FD84088B0F5804F4BD8CA
:101EE00026498D5C114400244A79ADF8004042F047
:101EF000100242EA45028D7AC97B8DF8084042EA19
:101F0000850242EAC10202F01F028DF80020BDF8EE
:101F10000020ADF809201A888DF80B208DF80E00EE
:101F2000120A000A8DF80C208DF80D408DF80F0074
:101F30008DF810405A7B8DF811205A798DF81220B7
:101F40009A79D3F807008DF81320B3F80B209B7B08
:101F50008DF81A307F2305908DF81B3069464FF0BD
:101F6000011302A8CDE90734ADF818208DF82440FC
:101F7000FFF7F8FE0BB030BD1220FBE758710200EE
:101F80000278034672B1427862B142881A2A09D9AE
:101F900082881A2A06D9044A006810609B889380B8
:101FA0000020704712207047BC150020024B0268C9
:101FB0009A600020704700BFBC1500200378A3F191
:101FC0000A02112A9DBF024A002013741220704792
:101FD000BC15002008B5052000F090F803F030FF94
:101FE000014B024A9A6008BD90110020DD180000E4
:101FF00008B502F0F9FD02F0ABF8BDE80840014871
:1020000002F0DCBD9C11002010B50B4A01231446E0
:1020100082F8023102F0F0FD0CF01FF80AF02FFCFC
:1020200004F203112046FFF703F8002009F094FCA6
:10203000BDE8104000F0FEBE9C11002010B5064C1B
:10204000064904F502700AF0DAFA04F5037004494F
:10205000BDE810400AF0D3BA9C11002014050020FE
:102060001C05002010B5094C094904F502700AF05E
:10207000C6FA04F5037007490AF0C1FA04F50470C2
:102080000549BDE810400AF0BABA00BF9C11002013
:10209000240500202C05002034050020014B93F876
:1020A000020170479C11002010B5074C00F09EFE05
:1020B000D4F808020AF09BFAFFF7B6FC00F0CCFF58
:1020C000012384F8143210BD9C110020014B93F8B9
:1020D000140270479C11002010B5074CD4F80C0274
:1020E0000AF085FAD4F810020AF081FAFFF774FCBE
:1020F000002384F8143210BD9C110020C20804494A
:1021000000F0070001238340885C03438B54704731
:10211000D0040020014BD3E900017047D004002017
:10212000034B1868C0F30020400040F001007047E6
:10213000D004002008B507F0B9FF084A002332F8A0
:102140002310814205D302EB83029378044A137073
:1021500008BD01330C2BF2D10023F7E76C710200AC
:10216000B113002010B544682388A4F8683194F8AE
:10217000683084F86711012B06D0022B04D04FF48D
:1021800061710620FEF73EF884F86A3194F86930F0
:10219000012B01D0022BF2D184F86B31044904F5F4
:1021A000AF700AF032FE002384F8243110BD00BF66
:1021B00079C60000406808490388A0F85A3190F8B1
:1021C000603080F85C3190F8613080F85D3100F269
:1021D00051100AF014BE00BF8FC600002DE9F04375
:1021E0008946097999F80580456801F0070108F0EA
:1021F00007084B1E08F1FF3202EA08020B401343A6
:1022000095F8872095F88660232A85B004463BD14F
:1022100005F18707FBB940460AF07AFA00283DD05D
:1022200095F86830984239D095F8262118EA020FBF
:1022300011D0212E32D095F8612018EA020F2DD14D
:102240000138013B4D4AC0B2DBB2032B105C20D8F1
:10225000D35C834222D995F82431012B53D11E211E
:102260002046FFF77FFF212E51D16368182283F8A3
:102270000921092283F8862093F8C230002B3ED131
:102280004FF43171AE2007E0212E75D105F186079C
:10229000C0E74FF40F710620FDF7B4FF08460AF0BF
:1022A00037FA38B195F86930834203D095F8273171
:1022B0001942D0D0B9F8066003AB009328463346E4
:1022C00042460AF032FA6368054678BB93F8242147
:1022D000012A28D101462046FFF744FF3D7063687C
:1022E00003F18702974202D1002283F887206368B6
:1022F00003F1870297423BD120460AF0A2FE00205C
:1023000005B0BDE8F083002385F82431ABE7002356
:1023100020463B700AF095FE1821204605B0BDE826
:10232000F0430AF0B6BE83F82401D8E7B3F8802062
:10233000A3F83C62013EB61AB6B247F6FD72964269
:1023400006D9282283F8A920204600F0FDFFCEE719
:1023500093F887200D2A02D00A3A012A01D82A22AE
:10236000F0E7BDF80C20A3F83E2225233B70BEE722
:10237000002283F8C220C2E70220C1E79C7102005C
:10238000044B002283F822204FF6FF729A84DA84ED
:102390001A857047B2130020054B9A8C824201BF08
:1023A000002283F822204FF6FF729A84704700BF04
:1023B000B2130020014BD884704700BFB213002035
:1023C000084B998C4FF6FF72914206D193F8222068
:1023D000012A04D00360012070470023036000201D
:1023E000704700BFB2130020064B93F82220012A49
:1023F0001FBF0120DA8C83F822009A8408BF0020D6
:10240000704700BFB2130020014B1885704700BF12
:10241000B2130020064B0246198D988C884205D1D4
:1024200093F8220018B11360012070470020704714
:10243000B2130020094B998C1A8D914201D00020D3
:1024400070474FF6FF729A8493F82220002AF6D044
:10245000002283F822200120704700BFB213002021
:10246000054B998C1A8D914203BF93F82200B0FA64
:1024700080F0400901207047B213002050B90A4A89
:102480001346012003F8010B0868C2F801008A888E
:102490009A807047012805D1034B0A689A608A88A0
:1024A000D8719A81704700BFDC13002050B90B4BE4
:1024B000187888B1D3F80120B3F805300A608B8012
:1024C00001207047012806D1044BD87920B19A68C1
:1024D0000A609B89F3E70020704700BFDC130020EF
:1024E00010B9044B18787047012806BF014BD87902
:1024F00000207047DC130020F7B500238A888DF890
:102500000600ADF8042008680B4A8DF80730019DDD
:102510001478014602F5A872D8B2844201D8082086
:1025200008E052F8087F5668AE4208BF8F4203F1B8
:102530000103F1D103B0F0BDF013002030B5094B19
:1025400001465C78002203F20113D0B2844201D824
:10255000082005E013F8015F8D4202F10102F4D179
:1025600030BD00BFF0130020F0B5254D95F898411F
:1025700089B0224605F29911684608F0DBFC214635
:1025800068460AF09DF90446B8B300EB4001C9B2B1
:1025900002A8FDF77DFF631E95F8A161DBB201245F
:1025A00095F8981105E0721CB2FBF1F001FB1022C6
:1025B000D6B206F120020DEB020010F8202C002A02
:1025C000F1D103EB43012031694406EB46022A4472
:1025D00011F8187C82F8A27111F8177C11F8161CFA
:1025E00082F8A37182F8A41100F8204C013BAA19CB
:1025F000DBB2FF2B82F89941D2D109B0F0BD00BF08
:10260000F013002070B5064688B00C46002A4ED064
:10261000294A92F8A131D01890F8991119B9FF21DF
:102620002820FDF7EFFD03EB43011144013391F83E
:10263000A251E57091F8A35191F8A41161710021A4
:10264000257180F8991192F89811B3FBF1F001FB14
:10265000103382F8A13192F8C23123B9174902F53B
:10266000DD700AF0CFFB657905F03F0545F04005C8
:1026700065710D220021684608F01CFCE3788DF896
:102680000F3023798DF80E3004AA042369463046B2
:102690008DF80D5008F06CFA9DF81F3023709DF8EE
:1026A0001E3063709DF81D30A37008B070BD03210B
:1026B0006018FDF7EDFED6E7F01300206925000055
:1026C000044B5A78824286BF1B1893F84A010020B7
:1026D000704700BFF0130020044B5A78824286BF37
:1026E0001B1893F842010020704700BFF013002030
:1026F000064B00224FF461711A8083F8C32183F8DE
:10270000C421A3F8C61183F8C2217047F01300203A
:10271000014BB3F8C6017047F013002030B50A4BE7
:102720005C7884420ED9184490F802012B3003EBF8
:10273000C004A5790D7053F830001060A388938011
:10274000012030BD0020FCE7F013002002460748BE
:1027500010B590F8C34124B1417821B1023003F0A3
:1027600095FB204610BD0C46FBE700BFF013002090
:102770002DE9F74F2F4C9A4663788342804689466D
:1027800056D9231893F8425185F00105F9B193F811
:102790004A31E3B945F002070135BAF1000F18D10B
:1027A000FA070AD5062101FB084104EB081052463E
:1027B00001F585718230FFF725FFBB0734D504EBA7
:1027C0000810524649460230FFF71CFF2CE02F4606
:1027D000E3E794F8A1614FF0010B002DE0D0A319BD
:1027E000019393F8991199B90092DAB100F004FCC1
:1027F00006EB46012144019B81F8A2014FEA102C0F
:10280000009A81F8A3C1000C81F8A40183F899B162
:1028100094F898310136B6FBF3F103FB1166F6B27A
:10282000013DDAE747F00407384603B0BDE8F08F12
:102830000027F9E7F0130020074B5A78824209D9A4
:102840001A1892F842212AB9062202FB003000F53C
:102850008570704700207047F0130020064B5A78AF
:10286000824281BF1B1893F83A01B0FA80F0400908
:1028700098BF0020704700BFF013002030B500243F
:10288000A0F84040B0F8444042F210754C43B4FB0D
:10289000F2F4A0F84440541E05FB0343B3FBF2F3EB
:1028A000A0F84230084BB3FBF2F30133A0F84830F4
:1028B000838F05FB0344436BB4FBF2F459438463F9
:1028C000B1FBF2F1416330BD005A620270B50446BB
:1028D0000D4659BB4FF41A7208F0ECFA012384F844
:1028E0008E306FF0360384F8D930042384F8DA3060
:1028F0006FF03B0384F8DB306F2384F8DC306FF03B
:102900003C0384F8DD306FF07F0384F8DF302B2345
:1029100084F8D830FE2384F80E317F2384F8853084
:10292000202384F8DE5084F8F73170BD012923D1CB
:102930000023A0F8B43180F8AB31826940F6B83397
:10294000A0F8B4301146438C7830FFF797FF104B56
:102950001B68062B01D001330CD10E4B1B68063BC4
:10296000083307D9E069FEF789FF18B9012384F815
:102970009F31DAE70023FAE70229D6D1B0F84A32CC
:10298000D0F844228169BDE870407830FFF776BF07
:10299000181900201C190020034B80F870101B68C8
:1029A0000BB10088184770473C0500200B2808B57C
:1029B00004D940F2C7112920FDF724FC014B33F85C
:1029C000100008BDA0710200074B93F900301844B5
:1029D000142804DC10F17F0F03DB40B27047142091
:1029E00070476FF07E007047B815002007B57F2351
:1029F0000DF107008DF8073004F060F903469DF9EA
:102A0000070053B1094B5B785B4240FA83F014280E
:102A100006DC10F17F0F05DB40B203B05DF804FB6C
:102A20001420FAE76FF07E00F7E700BFB81500202A
:102A3000024B00221A705A70704700BFB815002070
:102A40000346407898B1DB783F2B05D8084AD35C21
:102A50001B1A58425841704703F10C02D2B2042AA3
:102A600004D8034A134413F8B43CF1E7012070473B
:102A7000B87102003F2908B5C17003D80B4B5B5CED
:102A8000437008BD01F10C03DBB2042B04D8074BE3
:102A90000B4413F8B43CF3E7FF2904D040F23A4169
:102AA0002A20FDF7AFFB0123EAE700BFB87102005F
:102AB0002DE9F347894669461546984609F021FFF6
:102AC000044620B9019E35B9012386F88D300120D6
:102AD00002B0BDE8F08737692946384608F077FD2F
:102AE00001460028F4D0164B5B88AB4225D338460C
:102AF00008F0ACFE96F88D300480002B0CBF4946E0
:102B00000221824684700AF0E5F841462A460AF11D
:102B1000030008F00FFA2946384608F093FD18B96B
:102B20007E212B20FDF76EFB68460AF021F9019B00
:102B3000A3F8A24186F88D40C9E72046C8E700BF48
:102B4000BC150020024B987DC04300F00100704787
:102B5000BC150020044B987DC0F3400080F00100BC
:102B600000F00100704700BFBC15002083230B70EC
:102B7000014B1B78CB707047D41500202DE9F84F1E
:102B8000D0F80480D8F8146030460D4608F050FEA6
:102B9000044618B9FF211020FDF734FB01463046EA
:102BA00008F054FEB4F800B01FFA8BF98246B9F170
:102BB000000F02D140F20311EDE71E4B1B68C71C4A
:102BC0008BB9B8F80030AB8000236B72A5F806B063
:102BD0009AF8003003F00303012B0FD0022B0DD025
:102BE00040F21D11D7E7B8F800004A463946984729
:102BF00004460028E5D12046BDE8F88F2B72304608
:102C000008F02AFE044610B94FF49371C3E7B9F1F6
:102C1000FB0F02D940F23511BDE7286810B94FF417
:102C20009B71B8E74A46394608F084F9304608F007
:102C30006EFDE0E7400500202DE9F347DFF8508105
:102C40008246894605270026D9F8103053B11B7AF1
:102C50001BB980211020FDF7D5FAD9F81040B4B97E
:102C6000002071E0D9F80440237A012BF8D0EFF36B
:102C7000108372B6D9F804201268C9F8042003B989
:102C800062B6C9F81040237A0BB9A621E2E7257A8B
:102C9000EDB227726B1E0B2B6AD8DFE803F06606D5
:102CA0001C3463693D6969696958636813B94FF4F5
:102CB000D771CFE72046514698470420EFF31082A2
:102CC00072B6237A052BD9B25CD12672C9F810608E
:102CD000B2B962B614E0636813B940F2B711B9E74C
:102CE0005146204698470346C3F30723012BADF80E
:102CF0000400C0B23FD0022BE0D10023C9F810304D
:102D00000028A1D020E0636813B940F2BF11A1E709
:102D1000204698470020D1E763680BB9B52199E7B1
:102D20000B228AF8002019881869AAF803100122DA
:102D300000248AF802208AF805208AF8064008F064
:102D4000E6FCC9F81040042002B0BDE8F087D8F8CE
:102D50000030514620469847034660B1C9F81060DC
:102D60000220F1E74FF4FB7174E740F2F91171E7CB
:102D70004FF4FE716EE725720028E5D1002B7FF439
:102D800063AF6DE711B940F21D2163E700209FE7B3
:102D90004405002038B5134C14220021201D08F0F2
:102DA00089F801252574142204F10803002104F197
:102DB0001800C4E9013308F07DF884F8245004F1C8
:102DC0001C03C4E90633084A0023E362236384F842
:102DD0003430C4F83530C4F8393084F83D301360ED
:102DE00038BD00BFD41500204005002010B5084CA8
:102DF0002378FF2B04D04FF4A0711020FDF702FAC6
:102E000007F0FCFE2070BDE81040FFF7C3BF00BF15
:102E1000DD04002010B5034C207807F009FFFF23E4
:102E2000237010BDDD040020014B187807F010BF9F
:102E3000DD040020014B024A1A607047440500205F
:102E40007D2B000010B506490446FFF7F5FE28B9B2
:102E500020460449BDE81040FFF7EEBE10BD00BF9C
:102E6000EC150020D815002010B51346027A22B1C7
:102E700040F299211020FDF7C5F90A46BDE810403F
:102E80000146014809F09BBFD8150020044890F87E
:102E900034301BB903492C3009F0AEBF704700BF76
:102EA000D4150020B1CD00000346064890F83E201E
:102EB0003AB190F83D2022B900F8353B024909F0BB
:102EC0009BBF7047D41500206D2B000010B50A463B
:102ED000037A23B140F2A1211020FDF793F90146B6
:102EE000BDE810400148072309F069BFEC15002038
:102EF0001346027A0AB1037270470A460146014836
:102F000009F05DBFD81500201B234FF01B128384EE
:102F1000038482618382C260038539B94FF4A4734C
:102F2000034AC3844384C261C3820261704700BF05
:102F3000480148010346F0B4B3F85420B3F84840C0
:102F4000B3F84460DF8FB3F84250944228BF144670
:102F50000846B3F84C20B3F85610DC878A4228BFE5
:102F60000A46B3F84610A3F84220914238BF1146F2
:102F7000A64238BF2646A742A3F84460A3F84610ED
:102F80001FD1AA1A18BF0122B3F84A50B3F8504013
:102F9000B3F852709E8FB3F84010A54228BF254663
:102FA000B3F84E409D87BC4228BF3C46AE42A3F8D2
:102FB000404002D1A14200D12AB1F0BC034909F03E
:102FC00024BF0122E0E7F0BC704700BF11CE000033
:102FD0000B8BA2F80B304B8BA2F80D308B8BA2F829
:102FE0000F30CB8BA2F809000249A2F8113010462D
:102FF00009F005BF61CE0000094AD2E90003434051
:1030000083EAB01181EA43214FEAF3435360054B51
:10301000116058434FEAF06000EB8000704700BF3A
:1030200014160020BB79379E094AD2E900034340B9
:1030300083EAB01181EA43214FEAF3435360054B21
:10304000116058434FEAF06000EB8000704700BF0A
:10305000E0040020BB79379E10B50A4C09480821CE
:10306000FDF716FAD4E900321343F7D0064CFFF708
:10307000DBFF2060FFF7D8FF236860601843F6D0BD
:1030800010BD00BFE004002014160020174B184AA2
:103090009A60184A5A60184A1A60184A9A62184A7E
:1030A000DA62184ADA60184A9A61184A1A63184AAA
:1030B0001A62184ADA64184A9A64184A5A62184B13
:1030C000184A9A60184A5A62184ADA62184A1A610B
:1030D000184A5A61184A9A61184A1A63184A9A6437
:1030E000184ADA64184A9A63704700BF48050020FE
:1030F00027D1000057D10000C3D1000029D3000020
:103100007DD300007134000093D30000B536000079
:103110005535000061D400007DD400009D350000CD
:103120005C06002043D1000033D40000B5D300007A
:1031300059D30000D9D30000F534000003D50000B6
:10314000ABD400009DD4000019D40000044B054A04
:103150005A65054B054A1A65054A5A65704700BF0E
:103160004805002077D200005C0600205DD20000F8
:10317000D5D20000054B064A9A65064A1A66064BE8
:10318000064A9A65064ADA65704700BF480500207E
:10319000ADC70000DD2100005C060020F7C600007E
:1031A0005FC80000252A034610B5084618D8012A32
:1031B00019D9023A232A16D8DFE802F01A15252475
:1031C00024311533152439434715154B24245E5EED
:1031D000747415151515151515151515157B868E91
:1031E000FF2A00F081804FF4A1615120FDF70AF819
:1031F0001A785B68012A02D193F8103101E093F844
:103200001931037110BD5968D1F8BE214260D1F85F
:10321000C22182605B68D3F80431C360F2E75B6867
:10322000EAE70146BDE81040184600F00DBA592201
:10323000427100221023827120220371C271037235
:10324000E0E75B6893F80A31DBE7BDE8104000F087
:10325000EBB95A681B784BB992F8103133B192F838
:103260000D31037192F80C314371CBE792F80B31B9
:10327000037192F80A31F7E75B68B3F854200271E2
:10328000120A4271B3F812218271120AC271B3F8A4
:1032900050200272120A4272B3F8103183721B0A74
:1032A000C372AFE75B6893F82621027193F8273168
:1032B000DAE7124A1468002CA4D001461A462320EB
:1032C0002346BDE8104018470C4A1468002C99D0DA
:1032D00001461A462420F3E7084A1468002C91D0CE
:1032E00001461A462520EBE75B68BDE8104093F8DD
:1032F0003722D3F8381209F001BD00BF7007002053
:103300003F2803D8064B53F82000704700F10C0308
:10331000DBB2042B01D8B438F4E70020704700BFBB
:10332000480500203F2803D8064B53F8200070477B
:1033300000F10C03DBB2042B01D8B438F4E7002011
:10334000704700BF5C060020F7B545682E6904464B
:103350004FF6FF770DF102010DF101023046ADF895
:10336000027008F08AF901A9304608F0ABF940B1C3
:10337000019808F06FFA616800220272FFF7A6FD5B
:10338000E8E7044905F1A00003B0BDE8F04009F00A
:1033900036BD00BFB5D00000F0B5044685B00D467F
:1033A000FF2600F8856C10F8863CF3B1184F3B7887
:1033B0001BB148211F20FCF725FF0C21381DFDF70C
:1033C00067F83E70002304F8853C2A46072302F87C
:1033D000033BD4F80930C5F80330D4F80D305360FE
:1033E000D4F81130936005B0F0BD01A80C21FDF7B1
:1033F0004FF8A4F51373039AC3F8042101AB03CB70
:1034000044F88E0C44F88A1C04F8866CDAE700BF96
:103410001C16002010B5054C23782BB90C21201D5B
:10342000FDF736F8FF23237010BD00BF1C160020E7
:10343000024690F8C631BBB990F8C73103F0FF01DE
:103440000BB100207047094B18780028F9D019708B
:10345000D968C2F80411043303CBC2F8BE01C2F824
:10346000C211FF2382F8C631012070471C160020CC
:1034700038B5426892F8873004460D463BB1132BAD
:1034800005D0113B0B2B8CBF0120082038BD92F8D2
:10349000C83013B9204609F0CAFD6268D5F80E306D
:1034A000C2F8B631D5F81230C2F8BA316368D5F82F
:1034B0001620C3F800211A88A3F855226A68C3F8B9
:1034C0005722AA68C3F85B226368AA89A3F85F221F
:1034D0006368002583F8C6516068054900F51370DC
:1034E00009F08AFC6368152283F887202846CDE717
:1034F0009933000038B5436893F887201C2A0446A6
:1035000004D04FF4DE711F20FCF77CFE93F8C81046
:103510001D88002283F8C72003F5C97069B10B49E3
:1035200083F8C820A3F89C5183F89B2109F064FC20
:103530006368002283F8872038BD012283F89B113D
:10354000A3F89C51024983F89E21EFE715D30000B0
:1035500007D3000038B54568AB6F13F0010417D1ED
:103560004A680C4B896813400B4AC5F8D830C3F33E
:10357000076343F008030A4085F8DB30C5F8DC2018
:1035800009F055FDAB6F43F00103AB67204638BD32
:103590000120FCE72FC904F76FDB008008B5406805
:1035A00090F88630042B28D14B688A68C0F8D83050
:1035B000C3F3076343F0080380F8DB300023C0F84F
:1035C000DC2080F8C23080F8863090F8743103F047
:1035D000FF020BB1002008BD0388A0F8763180F807
:1035E00075214B68C0F878318B68C0F87C3104498C
:1035F00000F5B67009F000FCECE70120EBE700BF36
:10360000F7D30000406890F8743153B90388A0F8EC
:1036100076311A2380F87531024900F5B67009F049
:10362000EBBB7047F7D3000010B50446FEF772FD00
:10363000034A044B02400B406260A36010BD00BF10
:103640002FC904F76FDB008037B50C464568FEF7DD
:1036500061FD084A084B0A4095F8D81001920340D2
:1036600000930B408DF800306B4603CB6060A16087
:1036700003B030BD6FDB00802FC904F738B5DB0421
:10368000154604D5037D13B10023436338BD446B55
:103690000134446309F016FF836B9C42F6D3002388
:1036A000436303492846BDE8384009F0AEBB00BF7C
:1036B00053D4000038B5446894F88630012B054691
:1036C00002D0A36F98073CD494F8C9309A0715D458
:1036D0000A7984F8D320B1F80520A4F8D420B1F8F1
:1036E0000720A4F8D620D80743F0020284F8C920A6
:1036F0000FD5154904F1CA0009F087FB94F8C930C9
:10370000D90711D4A36F9A0708D555214020FCF79B
:1037100079FD94F82A31002BEBD1EFE743F0020357
:10372000A367284609F083FC94F88630012B4FF0FC
:10373000000301D0002038BD84F8863084F8C23000
:10374000F8E70120F7E700BFE5D4000070B5456851
:103750000446FFF74BF9054B85F885001B680146C9
:103760001BB12046BDE87040184770BD78070020A7
:10377000024B1B6803B11847704700BF7407002055
:10378000F0B51F4D2B78002414709BB1013B6D6880
:10379000DBB21E1B012E0FDC05EBC40655F834709E
:1037A00076688E4208BF874227D0B84271EB060682
:1037B00012D214700020F0BD1E19771005EBC70E51
:1037C00055F837C0DEF804708445C6F347068F41CC
:1037D0002CBF33463446DCE705EBC30455F83350C1
:1037E00064688C4208BF854206D0A84271EB04048D
:1037F00028BF01331370DDE71C4614700120DAE79F
:103800003C16002010F0070208B503D063214820C1
:10381000FCF7F8FC18B1034B197258601A70C80015
:1038200008BD00BF3C160020014B00221A707047F3
:103830003C1600200A46822302F8033B0448036832
:10384000C1F803304368536083689360704700BFDA
:103850004516002002481622002107F02BBB00BFAE
:103860004516002082B002AB03E903000B48437DFC
:1038700093B1530610D50A880280D1F81822B1F806
:1038800080304260D1F81C220549826043800222C8
:103890000C3002B0FFF72CBB02B070474516002079
:1038A00035380000094B53F8203070B503F5234339
:1038B0000C461646A1334FF47A72B3FBF2F503F0CF
:1038C00075FB34442C44204470BD00BFC872020014
:1038D0002DE9F04F8DB09A4690F869300293044676
:1038E0008946069208F0C6FE834694F87300FFF7F7
:1038F0005DF8834409F03DFE94F887300393069BFE
:103900001FFA8BFB00F1500783BB94F8DC31032BCB
:103910002CD1039B0D2B29D1B4F83C324B4525D13A
:10392000D4F8E431C4F8D031A369B4F8B421C4F8B0
:10393000D431B4F82A321344C4F8D831204602F006
:103940004FFAD4E99023A262B4F83E22A285D4F8BB
:103950004822226241F64B529342A3618CBF00235E
:10396000012384F87230022384F8DC31B4F8285241
:10397000B4F88080A9EB05052DB204F5FC73A9EB22
:103980000808002D04930FFA88F818DAD4E9842384
:10399000C4E98823012345460493CA4B1B7813B11D
:1039A00006F078FB70B9002694F8DC31032B00F2A6
:1039B000DE81DFE813F06C006601BD008B01CDF8FD
:1039C00010A0EAE7B4F8C831012BECD994F8DC3147
:1039D000022BE8D094F8F661002EE4D194F873003D
:1039E000FEF7E4FF94F8DC3100F5C86B012B1FFAF9
:1039F0008BFBD9B23ED194F88A20A36A032A32D134
:103A0000D4F8D42113445946D4F8D401079306F0CE
:103A100005FBD4F8D061079BD4F8D821C4F8D001B5
:103A2000861B59461846564306F0F8FAD4F8E0319A
:103A3000C4F8E001C31A5946A0691E4406F0EEFA24
:103A4000B4F8B431D4F8D82143445B1B9B1AD4F8A2
:103A5000E421013B821A02FB03660123C4F8E4015E
:103A600084F8F631A0E73046079308F0BEFF079BC5
:103A70000344C8E7A069594606F0D0FAB4F8B46127
:103A8000D4F8E4314644761BC31A5E43E5E70121CE
:103A9000002008F0AAFF8046A06A5946404406F07C
:103AA000BDFA5946C4F8E001A06906F0B7FA09A9C1
:103AB000C4F8E4010AA803F035F9099B0093D4E99E
:103AC0008801DDE90A2305F093F90290204609F008
:103AD00068FDA16AD4F82C2294F869008D1803F0CF
:103AE0006DFAD4F8E011029B203D6D1AED1B4544A0
:103AF00000F52340ED1AA1304FF47A73B0FBF3F0D8
:103B0000A38D30312D1A03EB410194F869003A4638
:103B1000FFF7C8FED4F82C32EB1A2230B3F5917FB0
:103B2000C4F8E80159D240F2FC413020FCF76AFBAE
:103B3000A36AD4F8D4015946184406F06FFA5946DE
:103B4000C4F8E001A06906F069FAC4F8E40120466F
:103B500009F027FDA36AD4F8D4511D44B4F8B43158
:103B6000002B40F08A80BAF1000F00F0868094F8B4
:103B7000690003F023FAD4F8E011D4F8183294F86D
:103B800069206D1A203D1D44D4E984BC4E4B53F886
:103B90002220A5EB0B054FF47A7302F2E732B2FB59
:103BA000F3F21544ED1B00F52340A130B0FBF3F018
:103BB0002D1AD4F8D821D4F8D03194F8690002FB3A
:103BC0000313A18D303301EB43013A46FFF76AFE40
:103BD0000123C4F8E80184F8DC31A369D4F8E421B6
:103BE000E73B9B1ADF1B002384F8F831D4E98832C5
:103BF0008742A5EB060528BF07465B1942F1000284
:103C0000C4E98232C4F8B07104F1300009F074F9EB
:103C1000D4E98223C4E98823B4F8A031A4F8289217
:103C2000A3EB09031BB2002BD4BF002201225200D8
:103C300084F80022039A38440D2AC4F8FC0100F0ED
:103C40009980BAF1000F40F0988094F8DC31002B95
:103C500000F0B080A169D4F8E43104F5FC70C91A11
:103C600008F05CFE80B2002800F0A480169B03B12F
:103C7000188001200DB0BDE8F08FD4F8E0116D1A66
:103C800097E7D4F8E411A369B4F8B421D4F8D801C3
:103C9000D4F8D0C15B1A5D43D4F8E0314244121A23
:103CA0003033013A0CFB003301FB0233A18D94F851
:103CB00069003A4601EB4301FFF7F4FDC4F8E8015F
:103CC0008BE700BF68160020C8720200D4F8E4E158
:103CD000A369A3EB0E035D4394F88630252B03D034
:103CE00094F88730252B0CD1B4F83C32A9EB0303B0
:103CF0001B0406D4029A94F83F32002B18BF1A46D0
:103D00000292049BB4F8B4C143B3BCF1000F25D1B7
:103D1000D4E98623D4E98401904271EB030302D3F2
:103D20004FF4AA6101E794F869102C4B53F8213045
:103D3000D4E98401CDE904010498203A121A03F26F
:103D4000E7314FF47A7B03F52343B1FBFBF10A44DF
:103D5000A133B3FBFBF3D21AD21B15440CEB0801C1
:103D60000EFB01F1303102983A464900A4E74FF4C6
:103D7000AD61DAE6BAF1000F1CD0B4F8C80118B38F
:103D8000B4F8CA1194F8CC21A4F8CA1101FB02229C
:103D9000904201F101050DDD002B0BDD002384F8BD
:103DA0000032A4F8CA51FFF727F900F007000130EC
:103DB00084F8CC0194F8F70104F5FC7104F010FECE
:103DC00020B940F2B151B0E60146DBE7069B83F033
:103DD000010384F8F43100204CE700BFC8720200F0
:103DE000F7B5044618B9E2213020FCF70BFA072991
:103DF00000F2BC80DFE801F00484464641BA33B7E4
:103E000004F0DAFFC4E94001204601F02DF8D4F8AF
:103E1000F400CB3804F0CCFE10B940F27B21E3E78C
:103E2000204609F064FF0546F8B90146204609F02E
:103E300087FE00F1E506D4F8F400B04209D2301A4A
:103E4000322838BF3220032104F0D4FE051E18BFEB
:103E50000125C4F8F460204609F063FF3DB1204617
:103E600003B0BDE8F04009F05DBF0025F3E7D4E9F9
:103E70004023C4E93A2303B0F0BD03B0BDE8F040ED
:103E800002F05CBF09F067FE002384F8F9300746B2
:103E90000E4604F0DFFC0722A7FB023502FB0655A5
:103EA000D4F8EC200192D4F8E8209B18019A45EB55
:103EB0000205D4F8CC2032B157EA060203D098426A
:103EC00071EB050216D2022284F8F820D4F80821FA
:103ED000D4F80CC1121A6CEB010C94F818E1BEF185
:103EE000000F09D1012A7CF1000E11DA204600F002
:103EF000C3FF05E00122E7E7012A7CF1000CF5DBB6
:103F000094F8C80004F0C0FC002384F81031B2E734
:103F1000984271EB050E0ED23E430CD01B1A65EB96
:103F200001019A427CEB010005DB012B71F10000DD
:103F3000A4BF1A468C460F4994F8C8000123914249
:103F400084F811314FF0000384F8F03073EB0C0368
:103F5000B8BF0A4604F1F00104F058FF00288AD1E6
:103F600040F2EF6140E74FF480713DE74FF482711A
:103F70003AE700BF0040420F2DE9F04104460E46EB
:103F8000154690F8103103F0FF071BB10C27384697
:103F9000BDE8F0810146474804F088FC20288046AF
:103FA000F4D05722394604F1C90006F083FF84F8A3
:103FB000C880C4F8CC60FF2384F8103136B1FFF715
:103FC00033F800F00700013086F8CC0102234FF0EF
:103FD0000008A4F8F83084F8F08006F071F800F1D9
:103FE0009E06204609F083FEB6B20146002839D06D
:103FF00008F040FB00F5CD6189B2284606F00EF8C6
:104000002844C4F8F40004F025FC301841F1000104
:10401000C4E94001012084F8D000A4F8268009F00A
:1040200025FFE53D2D1AC4F8D4504FF0FF356FF051
:104030000041D4E94023C4E942510025C4E93823B2
:10404000C4E93A2394F8C80084F8115142F210727E
:1040500004F1F00104F0DAFE38BB40F2EB1130203D
:10406000FCF7D0F8204609F06BFDDFF84C80E53016
:10407000C4F8F400B8F8020048B1E08C38B1FEF79B
:10408000D3FFB8F80230B0FBF3F202FB1300064492
:1040900004F0E0FB361841F10001C4E94061002D55
:1040A000C3D0AD1941F10001C3E72946204609F00C
:1040B0003BFE6CE7E13D000068160020F0B50023F0
:1040C00085B0CDE9003301238DF806306846FCF752
:1040D00091FC70B11D4E012333710027CDE90277A9
:1040E00002A8FCF787FC0546C8B10023337105B070
:1040F000F0BD009809F070FBE8E790F8F70104F0D4
:1041000003FD94F8F70104F039FE94F8F70184F800
:10411000DC5104F0B9FB202384F8F731DEE7029B81
:10412000002BDDD093F8F721202AD9D018884FF63C
:10413000FF739842D9D02946FCF722FC0446002898
:10414000DBD140F237113020FCF75CF86816002014
:10415000054B002201215A7119701A7142F2107236
:104160005A80FFF7ABBF00BF68160020014B5871A3
:10417000704700BF6816002008B502F0B3FA044B80
:104180009A6882422ABF1879002080F0010008BD99
:10419000681600202DE9F3470446062900F2DA806C
:1041A000DFE801F0048673838A8FD300D0E98401AD
:1041B000D4E98623904271EB030354D294F8F6318C
:1041C000002B50D094F8DC31032B4CD109F0D1F9FD
:1041D00094F869A0814608F04DFA064694F87300F9
:1041E000FEF7E4FB064494F87300FEF7DFFBD4E926
:1041F0008423D4F81872D4F8B05180465046BF1AC0
:1042000002F0D4FE554A52F82A20A5F1500302F5D7
:104210002342A1324FF47A71B2FBF1F29B1AA3EB65
:1042200009031B1A09F1790909EB5309B6B2603B7E
:1042300008F5C86873431FFA88F8B3FBF8F36033D6
:104240005A08A9EB53039F4202D391444F4501D929
:1042500005F026FFA069314605F0E0FE0023C4F812
:10426000E40184F8F6313E4B1B7903F0FF0263B999
:104270000092B4F8A41101232046FFF729FB38B1BE
:1042800040F21E713020FBF7BDFF042384F8DC31BF
:1042900002F03AFC04F0E2FAB4F88020A4F8F2212B
:1042A0000023A4F82A3284F8F53102B0BDE8F08783
:1042B000032380F8DC31F8E709F07AFFC4E98601CE
:1042C000F3E790F86900264F09F05BF9B530D4F8B0
:1042D000E431A56995288CBF0020C0F19600C21872
:1042E000954288BFED1A7B798CBF2D1A00251BB92A
:1042F000236B9D4228BF1D4604F13000D4F8B06105
:1043000008F0FAFD0644022004F02EFDAD1B25EA5C
:10431000E575854228BF05460221284604F06AFC5F
:1043200000B92E44012340F245123146204608F0E0
:1043300040FED4F8B031B860A069184404F038FCED
:104340000028B2D140F2A3319CE702B0BDE8F047AB
:1043500009F027B940F2ED7194E700BFC87202007E
:10436000681600202DE970430C4615466ABB0246CC
:10437000174994F8C80004F0C3FA20B940F2FD715F
:104380003020FBF73FFF02F0ADF9D4E94089064643
:1043900084F8D05084F810510121D4F8CC00FEF7F5
:1043A00095FAD4F8CC00C0E9848994F8C83080F834
:1043B000F731C0E98889C0F82C6209F0E2F902F00F
:1043C000A3FBBDE8704304F049BA40F61801D7E7F3
:1043D000BDD50000014B5880704700BF6816002013
:1043E000074A03461068D3F85120C0F80320B3F8F9
:1043F0005520A0F8072093F8501008F0F0BB00BF3C
:104400007416002070B504460E466588407F15F08E
:104410000401134618BF04F15F013246FEF7A8F904
:104420004107054621D4C2070BD5012384F850303B
:10443000607FFEF701FA0368C4F851308388A4F85E
:104440005530AB0701D4012070BD094B1868D4F872
:104450005F30012184F85E10C0F80930B4F8633091
:10446000A0F80D3008F0C4FBEDE70020ECE700BF3A
:104470007416002038B5C38D0F4D0133C3F30E03FE
:10448000C385AB7C04462BB102F00AFC01F030FD81
:104490000023AB7400232B7194F871302BB10121F0
:1044A0002046BDE8384009F043BA637C13B1E28D81
:1044B0009A42F4D20021F3E77416002010B5094C9B
:1044C0002379012B02D02379022B05D1A37C1BB1C8
:1044D00002F0E6FB01F00CFDE069BDE81040FFF7DB
:1044E000C9BF00BF7416002070B5294C2379012B79
:1044F00007D02379022B04D040F65C412D20FBF736
:1045000081FEA0B90125A37C1BB102F0C9FB01F01B
:10451000EFFC002D3AD0E06909F083F9002830D093
:1045200002F0A0FA236ABDE870409B681847216832
:10453000E26911F8095B02F15103E80992F8502091
:1045400008F0A0F90028DDD02068002108F075FBF4
:104550000028D7D02379E069012B05D02379022BDD
:1045600002D040F63541C9E72379226A03F180433E
:104570005269013B05F00F0152F823309847054678
:10458000C1E7E069BDE87040FFF774BF70BD00BFD0
:1045900074160020074A0346D06903B909B9FFF72A
:1045A00069BF1379126A03F180431269033B52F821
:1045B00023301847741600202DE9F043032985B0F5
:1045C0000546174607D14388980723D40024204680
:1045D00005B0BDE8F083428890F87030D107DBB2B7
:1045E000F4D5002BF2D14FF00108DFF8D49099F800
:1045F0001260C6B108F07BF90828387016D002AAFC
:104600000DF10701FEF78AF838B940F6D4612D2084
:10461000FBF7F8FD4FF00208E7E79DF8070002A955
:1046200008F09DFF06463B78082B08D1D9F800100A
:1046300011F8030BC0F3801008F091FF0646D9F87B
:10464000001095F8572011F8030B05F15803C0F33B
:10465000801008F017F9D9F80010044611F8030B80
:10466000C0F3801008F039F98146FEF7F7F840B141
:10467000B9F1080F1BD04846FEF722F880F001037D
:10468000D8B23A78082A14D01CB96C7FA21A5442C6
:1046900054416A8853079AD4002897D176B9EC7CA4
:1046A000444518BF002C0CBF012400248FE70020D4
:1046B000E7E780F001022240D4B2EAE7344686E719
:1046C000741600202DE9F04F85B008230DF1070284
:1046D000052104468DF80730FFF76EFF064620B926
:1046E0000026304605B0BDE8F08F744F3968FA7C7B
:1046F00011F8030B07F11403C0F3801008F0C2F89F
:1047000080460028ECD13B68216A184691F88E203B
:1047100010F8035B02EA551202F0010281F88E20C4
:10472000D3F80320C1F803208288A1F807201D4692
:10473000226A15F81F1BC1F380119170D3F81F0076
:10474000029002A928790871D3F80F00D061587D32
:104750001D7D000440EA0520DD7C28435062B3F84B
:10476000190082F8728040F2E24909FB00F0906182
:104770009D7DC5EB451005EB800505EB85056D00BE
:104780009585B3F8170009FB00F09062B3F81B00A1
:104790001084B3F81D00508493F8243003F01F00F8
:1047A0005B0982F89A0082F87330256A94F912A0A6
:1047B00005F18E0008F06FF940F20113A5F868309A
:1047C0004FF0FF0B85F86AB0414605F13000FEF767
:1047D0009BFB51462846FEF7DFF8236A84F87B806E
:1047E0001A88A4F87C2084F899B04FF6FF72A4F8D8
:1047F0009A209A69B2FBF9F2A4F892201A8CA4F8D4
:1048000094205A8CA4F8962093F8732084F898206A
:10481000227F9DF8070004F186015AB394F85020D6
:10482000012A27D194F8562002F0C002402A21D153
:10483000D4F85120C4F88620B4F855208A809A789C
:1048400084F87F20082803F1030504F18C01D3F8D4
:10485000033004F1800227D0C4F88C30AB888B8001
:1048600004F17F01FDF75AFF40B940F6BB312D201E
:10487000FBF7C8FC0022C4F88620DFE794F87F30FD
:1048800043F0020384F87F3004F172000C4908F011
:10489000B3FA0C4B206A1B6800223A71002B3FF4DC
:1048A00020AF214698471CE7C4F88030AB8893803E
:1048B0000023C4F88C308B80E6E700BF741600201C
:1048C00057DA000080070020032973B5044604D09E
:1048D000052952D0012002B070BD08230DF1070256
:1048E0008DF80730FFF768FE0028F3D0237C274DB2
:1048F00003B39DF8070094F8BE30DBB9237884F841
:10490000BF30082804F1C10228D004F1C001FDF72E
:1049100005FF20B940F64A712D20FBF773FC94F88F
:10492000C03043F0020384F8C030194904F1B600E6
:1049300008F062FA2B68062204265A701E70204680
:10494000FFF74EFD286894F84020E16B08F066F907
:1049500028682E7102F026F90020BCE7286803467B
:1049600013F8031BC1F3801184F8C010D0F80310B2
:10497000C4F8C1109B889380D7E7064B1B68002BB7
:10498000EAD0984780F00100C0B2A4E77416002076
:104990003FDA00007C070020F8B504460F4619B343
:1049A00000F12805284609F03AFAA0B963881A07E9
:1049B0002ED5284609F04AFA0646284609F02FFA6D
:1049C000301AC0B209F052FA474A936803442846A5
:1049D000936009F000FA284609F002FA01F0A8FFF6
:1049E0002179252001F0C6FE3F4E94F85E20306804
:1049F0000023037043706388103B0D2B64D8DFE8FD
:104A000003F05F635B0C63406363636363636340F2
:104A10002046BDE8F840FFF72DBD06234370202354
:104A200003702046FFF7DCFC638823F008039BB289
:104A3000152B05D094F83820616B306808F0DFF84A
:104A4000306802F0AFF8032321793371002001F0C0
:104A500099FF054607B9F06063881B0704D509F084
:104A600002FA0544C4F8D8506388103B0D2B36D8A1
:104A7000DFE803F038352F2F352F3535353535350F
:104A8000352F0C2343700346212103F8091B52B133
:104A9000D4F85F20C0F80920B4F863209A8001217F
:104AA00008F0A6F8BDE7A26DC0F80920B4F85C20B4
:104AB0009A8094F85710F3E7062303704370B0E729
:104AC000022303700623F9E740F236612D20FBF73D
:104AD00099FB21790120BDE8F84002F007B940F6C2
:104AE000CF41F3E7F8BD00BF7416002038B5438806
:104AF000102B044604D1BDE838400121FFF74CBF1C
:104B00000B4DAB7C23B101F0D9F9402002F0BCF889
:104B1000286802F047F8608810F0040002D121797B
:104B200002F0E4F8002002F08DF801232B7138BD6B
:104B300074160020024B0121D869FFF72DBF00BF7A
:104B40007416002010B5134CA37C1BB102F0A8F81A
:104B500001F0CEF9E06908F064FE70B12379012B11
:104B600010D12379226AE069D26803F18043013BC6
:104B7000BDE8104052F823301847E069BDE8104006
:104B8000FFF778BC2379022BEBD040F65E312D2065
:104B9000FBF738FB7416002010B50748037903F0C3
:104BA000FF0433B918222146043006F083F9204669
:104BB00010BD0C24FBE700BF7416002010B5094C93
:104BC000002323712060FFF7E7FF20B140F2EF21BF
:104BD0002D20FBF717FB236A13B940F2F221F7E708
:104BE00010BD00BF74160020014B024A1A627047C4
:104BF00074160020C44E0000034B044A1A60044B94
:104C0000044A1A60704700BF7C070020C5460000B8
:104C10008007002065430000F8B5057DAF1E0446FF
:104C2000FFB2002D3AD0012F2DD800F1580190F895
:104C3000570007F052FE0828064624D0FDF74CFD29
:104C400010BB023D18BF0125012F8CBF0027012793
:104C500084F8505027776677FDF75AFD054603F034
:104C6000F9FD174B0022E5FB0301C4E9120184F8AA
:104C70005E2011462046FFF7C5FB70B940F27A412D
:104C80002D20FBF7BFFA0826022D09D104F15101AE
:104C90000020FDF70BFC80B90020F8BD0826F5E7E1
:104CA000E37E002BF8D0D4F81530C4F85130B4F8B6
:104CB0001930A4F855300125C6E70025C4E700BF28
:104CC00040420F00F0B5464E327985B0044602F0FE
:104CD000FF0312B90278FF2A04D140F6B9112D2042
:104CE000FBF790FA3382B3607371B37180F871305F
:104CF0003C4B00933C4B01933C4B0293336A684618
:104D00005B68039301F046FF01F078FD01F0C8FFF6
:104D100001F0EEF8364801F001FE04F128053548AF
:104D200001F032FF284609F056F8284609F058F8F5
:104D300001F0FEFD2179252001F01CFD94F91200FF
:104D400001F0E6FD04F13401206B06F08EFE04F163
:104D50003C010746206B06F0AFFE0546E7B194F82C
:104D60002430CBB1B4F92E50ED43ED0F237F13B9AE
:104D700063885B0709D5D4E912126FF000439A42A9
:104D800008BFB1F1FF3F0ED1A5B930680330FDF780
:104D9000DDFCB07405B0F0BD002DE7D094F82550CF
:104DA000002DDFD1E2E703F055FDD4E91223904254
:104DB0009941E9D3012229462046FFF723FB50B150
:104DC000FDF7A6FC054603F045FD0B4BE5FB030193
:104DD000C4E91201D9E7002DD7D040F6F6117EE7DD
:104DE00074160020454B0000E94400009545000082
:104DF000D6BE898E5555550040420F0073B5044606
:104E0000FFF760FF00212046FFF7C6FDA36E0BB140
:104E100001221A606388DB0720D50023104E256A23
:104E2000CDE90033FF23F3746846FBF7E3FDA8B92F
:104E3000009CA542F8D06A7A607A05F10A0304F171
:104E40000A0107F01FFD0028EED0A378F374D4F810
:104E500003007061034BB4F807209A8002B070BD64
:104E60007416002088160020024BD8611B6A1B684C
:104E7000184700BF7416002043881B0710B504466E
:104E800011D5036A0A493C2280F87B201B88A0F8D0
:104E90007C30FF2380F899304FF6FF73A0F89A30EA
:104EA000723007F0A9FFFF2384F8713010BD00BFF6
:104EB00057DA0000A9DA0000ED4A0000AFDA00007E
:104EC000C9480000FD4D0000BD440000354B000006
:104ED000B44E0000B84E0000C04E00000138022859
:104EE00008B503D9C3212F20FBF78CF913290A4BEE
:104EF00005D811290CD8102907D0D121F3E715299D
:104F0000FBD103EB4003D88801E033F8100008BD63
:104F100003EB40039889FAE73E7202000C4A1178CD
:104F2000034689B9906833B9B0F85810828F91421E
:104F30000AD8FFF721B993891B0707D590F8880095
:104F4000073818BF012070470020704701207047C4
:104F5000981600202D4AF8B5948903461C43402B2F
:104F60009068948104D10421BDE8F840FFF712B99C
:104F7000802B01D10521F7E703F00304032C04D1B2
:104F800040F6D6213120FBF73DF913F0020418BF9B
:104F90001161DD0705D55161C97806290DD00B29AE
:104FA00017D02CB11169C97805291DD00B2927D03C
:104FB0009B0644BF08231370F8BD90F8871018298A
:104FC000EFD1002600270121C0E9386780F88B1057
:104FD000E7E790F88710122901BF002180F88B10B5
:104FE000012180F8C810DCE790F887101629DFD17E
:104FF00000240025C0E93A45012180F88C10D7E74C
:1050000090F887101129D3D10021F6E798160020D7
:1050100073B504464068836F13F0300F0D4646D1D8
:1050200009891A2903D96B89B3F5A47F06D2E978D7
:10503000204602B0BDE8704008F02BB8AA881A2AB2
:10504000F5D9EE88B6F5A47FF1D30096303007F09D
:1050500065FF184B9A8992070ED51B69DB78142BD4
:105060000AD16268936F43F010039367204607F0FC
:10507000DEFF002002B070BD636893F886201D2A11
:10508000EFD093F81B31002BEBD1636893F81A3102
:10509000002BE6D16268936F114643F020039367BB
:1050A00031F8300B02F59F72FDF792FFDEE7012029
:1050B000E0E700BF9816002037B5044601A8FDF7C9
:1050C0007FF920B940F6BB013120FBF79BF8222283
:1050D0000021019805F0EEFE019D0321284607F00E
:1050E000F9FD2B7823F010032B7001982146FDF772
:1050F000C1FC019905482246FEF754F8FDF774F902
:1051000010B940F6C501DFE703B030BD9C160020A2
:10511000264B70B59C6894F83E5294F83F62002D7F
:105120003DD194F86810002E3BD194F8693084F892
:10513000681084F86930FF2384F86A301C4B1B68C0
:105140000BB12046984794F82431012B01D0354308
:1051500003D018480021FDF705F804F13006304669
:1051600007F0CAFE04F2351105462046FDF7E2FEBF
:1051700020460621FFF70EF8304607F0BDFE8542B7
:10518000044610D203F0E4FD0146601B322838BF0C
:10519000322003F02FFDB0FA80F0400970BD29469F
:1051A000C1E73346C3E70120F8E700BF98160020A7
:1051B000900700209C16002010B5154B1B6919792B
:1051C000436893F88620092A09D193F809218A4275
:1051D00005D1002283F8862083F8C22010BD9A6F83
:1051E00012F0080406D022F00802BDE810409A67C9
:1051F00007F027BFFF2905D1332283F8862083F8E3
:105200003442EBE740F25C513120FAF7FBFF00BF7C
:1052100098160020F8B50D79A5F10E03DBB2152B19
:1052200004460DD8012606FA03F740F25122174230
:1052300008D14268152B92F8862028D0082B08D078
:105240000020F8BD024631462846BDE8F84008F087
:1052500011BE212A01D02E2AF2D1204607F0DEFE0F
:10526000636893F88720222AEAD093F8D92022F0A5
:10527000010283F8D920626892F8D93023F008033C
:1052800082F8D9301A212046FCF76CFFD8E7282A8B
:10529000D6D1034B1B68002BD2D09847D0E700BF74
:1052A0008C0700202DE9F041A0F10E040029E4B2A2
:1052B00008BF1F21172C13460AD80126A64040F22A
:1052C00051273E4207D116F4600F23D1082C07D096
:1052D0000020BDE8F081BDE8F041002108F0CABD22
:1052E000546894F88620212A08D11846FCF73AFF22
:1052F000002384F8863084F8C230E9E72E2AE7D10B
:1053000094F88720A2F120010629F1D92E2AEFD0A6
:105310002A21EAE7054A1468002CD9D00A4601463A
:1053200018462346BDE8F041184700BF8807002013
:105330002DE9F7437F4D0646AC68002840F0A48075
:10534000AB891A0724D594F80E31FE2B04D140F214
:10535000DF513120FAF756FFFE2384F80E3194F81E
:1053600087301A2B06D184F8C700281D07F069FE84
:1053700084F8876094F88630202B33D0332B3FD0CD
:1053800094F88830072B02BF02232B7684F80E3165
:10539000AB89DB073DD4AB895F0700F1AB80990790
:1053A00040F1B280AB68012283F80F212B69DF78CE
:1053B0000D2F00F0A680112F00F0B180072F00F014
:1053C000B0803846FDF7AEFF0346002840F09A80D3
:1053D000FF2F40F0A880AA68332182F8861082F857
:1053E000340291E094F88730A3F12002062A05D90F
:1053F0002E2B03D0212384F88630C1E72E23FAE731
:10540000012384F83532002384F8863084F8C230D2
:10541000B6E7D5F80890D5F8148099F88730113B95
:105420000B2B0BD898F80330023BDBB2092B7DD84D
:1054300040F2333222FA03F3D80777D54046FDF71E
:10544000FFFA98F8037020B939463B4807F021FE6F
:1054500049E0012F01D9162F30D199F8860007F0C5
:1054600005FE40B199F88630202B04D0212B07D1BE
:105470002E2389F886303846FDF742FF03462AE09E
:10548000162F14BF022620262B781B0712D594F85E
:105490008730113B0B2B4BD9002501A90320019527
:1054A000FBF71CFF019B2BB11D720C2201982146BA
:1054B000FDF7DAFC304603B0BDE8F083112F0ED0C3
:1054C00005D8072F14D00D2FD5D11C4B08E0142F71
:1054D000D1D11B4B1B681BB998F80310B5E7194BCA
:1054E00069691548984700283FF455AF0646CBE751
:1054F000154BF5E794F88820062A04BF01222A7686
:105500004DE7124B0C489847AB89DA06BCD594F8A6
:1055100087300A2BB8D10B2384F88730B4E70C4BC3
:10552000F0E70C4BEEE740F2D25112E70826ABE76A
:105530000820C0E7981600209C160020B3DF00006A
:1055400084070020FBDF00001552000043DF00004D
:1055500061DF0000B95100002DE9F74FB64F0E464C
:10556000B989BC688D0556BFB4F8B8200023013254
:1055700004F1780A804646BFA4F8B83084F8AF3109
:10558000A4F8B820504608F003FD30B10B4604F5EE
:10559000967221465046FEF771F8BB8903F4C0634A
:1055A0002BB194F88A30002B47D0032B4CD094F8C1
:1055B0008A20BB89012A04D1180544BF022284F83D
:1055C0008A20B8F1000F40F0958059065DBFB4F80D
:1055D000C821013292B24246A4F8C82103F00A025F
:1055E0000A2A0DD13A69D278022A09D123F0080398
:1055F0003046BB81FFF79CFE08233043C6B2BB8117
:105600003046FFF795FEBD6895F80E313043FE2B0E
:10561000C6B23CD1DEBB95F88830063B012B36D9AB
:1056200095F81831ABB195F81931A5F8BC6085F83B
:1056300010310122022128462BE1012184F88A1031
:105640002046FEF7A7FDB2E7022384F88A30012145
:10565000F6E795F88790A9F110095FFA89F9B9F191
:105660000C0F40F2ED80AB6FDA0702D5324609210C
:10567000E1E7980740F1938032460C21284608F074
:1056800047FC95F8C93043F0010385F8C930B4F8F8
:10569000A83194F8AC510133A4F8A831002D00F0E2
:1056A000FD81FBF70DFE10B10023A4F8A83194F89A
:1056B0008A10012940F2278294F88830072B40F0A5
:1056C0000582B4F8B830022B40F21D82B4F8BA500B
:1056D0000135ADB2B4F880302B44A4F8A03194F871
:1056E000AD31002B00F013820123B4F88020134465
:1056F000A4F8A431BB89BD685B065FBFB5F8B431BF
:10570000B5F8A6219B189BB248BF0023A5F8B43179
:1057100095F8183123B995F88830063B012B06D847
:10572000B5F8BC30B5F8A6211344A5F8BC3095F8FF
:10573000C21031B1B5F8BE30B5F8A6211344A5F8B2
:10574000BE3095F9C620002AC1BFB5F8C430B5F8FF
:10575000A6011B18A5F8C43095F8A93063B9B8F1B3
:10576000000F40F065823B7E022B40F0178295F8D7
:105770001031062B18BF162395F8A82022B92F4800
:1057800085F8A930FDF7E0FD284608F06FFC0023FE
:1057900084F8AB3103B0BDE8F04FFCF74BBE5907BE
:1057A00002D53246132146E71A0706D595F8083187
:1057B00085F81031324607213DE713F0300F35D020
:1057C00095F81B31002B4AD195F81A31CBB195F8D9
:1057D0008730252B05F58D7105F23E2224D095F8F2
:1057E0008630A3F1250043424341284607F088FB59
:1057F000AB6F23F0200343F01003AB67002385F861
:105800001A31AB6FDA062AD505F235112846FDF7B5
:1058100091FBB5F85230A5F81031B5F85630A5F81F
:1058200012310022152106E70123DEE75B0616D5BB
:1058300000222421FFE600BF981600209C160020BD
:10584000D7F808B09BF88730113B0B2B0ED8DFE858
:1058500003F01D0D0D0D232C0D0D0D0D0D55B8680C
:1058600090F88730222B4FD0312B4AD095F88630D4
:10587000002B59D195F88730103B0C2B5CD995F84B
:10588000B630002B58D001221221D4E600220B2181
:10589000584608F03DFBFAE65846FDF7C9FD0028DA
:1058A0003FF4F5AE00220421F2E79BF83032012BE1
:1058B00008D100220521584608F02AFB00238BF866
:1058C0003032E4E69BF83032022BD9B27FF4DFAEFF
:1058D0009BF8C85025B106238BF810310022EAE767
:1058E00003210622B34807F0BBFB9BF8D83013F026
:1058F000040F2A460CBF0D211121DCE700220621EE
:10590000C6E700221121C4E790F82431022B02D10E
:1059100000221721BDE790F82431012BA6D190F881
:105920002531002BF4D0A1E7092B05D195F80931D9
:1059300085F8103101223EE7B9F10C0F7FF6A7AED2
:10594000D7F8089099F886B0BBF1000F40F08C8032
:1059500099F82B313BB101220E21484608F0D8FAC4
:1059600089F82BB1ADE799F82A3193B199F8C9B00C
:105970001BF003030DD101220C2148464BF0010B13
:10598000019308F0C5FA89F8C9B0019B89F82A315A
:1059900097E799F81A3133B399F81B311BBB99F883
:1059A0008730252B09F58D7109F23E2219D099F81F
:1059B0008630A3F1250043424341484607F0A0FA50
:1059C000002389F81A3101221421484608F0A0FA70
:1059D000B9F85230A9F81031B9F85630A9F8123197
:1059E00055E60123E9E799F82431012B4BD199F8C9
:1059F0002531002B47D199F88730A3F12002062AE0
:105A000041D92E2B3FD099F86800012806D00228F2
:105A100004D04FF461710620FAF7F4FB99F869108D
:105A2000012901D00229F4D1022899F826210BD0AE
:105A3000012A14BF0022012242B90A3B042B13D9C8
:105A400001221621484624E7022AF2E7022999F8A2
:105A5000272116D0012A14BF00220122002AECD0EF
:105A600054480021FCF77EFB95F88630002B7FF42C
:105A70000EAE95F83432002B3FF409AE0122FF211F
:105A8000D9E5022AE7E74C4B1B68002BECD04948CC
:105A90009847FE280146E7D00122D3E7FBF70AFC2E
:105AA00008B1A4F8A851FBF713FC00283FF4FFADA0
:105AB00094F8AF310133DBB2022B84F8AF3182BFEF
:105AC0000023A4F8A83184F8AF31F0E594F8B6309B
:105AD0001BB194F886300F2B15D1B4F8BA50B4F836
:105AE000B8305046ED1A033D08F052FA68B1D4F8C8
:105AF000B030D4F8AC20033B9B1A9D42A8BF1D4692
:105B0000012D3FF7E6AD0125E4E52B46F5E7012D34
:105B10007FF6EAAD94F8873013B10B2B7FF4E4AD38
:105B200094F88630002B7FF4DFAD94F88830002B9A
:105B30007FF4DAAD02297FF4D7AD94F8AF31002BB2
:105B40007FF4D2AD2069B4F82E9005F0EAFD00286C
:105B50003FF4CAAD94F80E31FE2B7FF4C5ADB4F816
:105B6000A231012B7FF6C0ADB4F8A821238C9A4254
:105B7000BFF4BAAD9B1A9BB2013DADB2B5FBF9F5CE
:105B80009D4228BF1D4619FB05F3003D03F10103AB
:105B900018BF01259BB284F8AA51A6E5012B0DD1AF
:105BA00095F88930002B7FF4E7AD00212846FEF7F9
:105BB000F1FAECE59C160020940700205EB1F00697
:105BC00034D4310734D4B20634D4B30734D140F6D8
:105BD0005721312020E739B1B5F8BE10B5F8C030F3
:105BE000994201D32223C7E5002A05DDB5F8C42078
:105BF000B5F8C0309A42F5D2B5F8BC20B5F8BA3045
:105C00009A420AD295F88A20B5F8B83052B1B5F860
:105C1000BA209A42C9D80823AEE595F81831002B6E
:105C2000E0D1EFE7052BC0D93E23A5E51E23A3E570
:105C30003D23A1E523239FE52A239DE5634B73B50F
:105C40000025012604461E7198609D811D701D76F9
:105C5000FF2380F8AB310088FCF7ACFB2088FCF711
:105C6000D3FBB4F8A231E3B194F80E31FE2B18D176
:105C700094F81831ABB194F88830063BB34210D990
:105C800094F81931A4F8BC50204684F810313246FB
:105C9000022108F03DF984F8AA510220FFF70CFA1E
:105CA00003E094F80E01FE28F8D1B4F8A611B4F878
:105CB000A821E38D013989B2B1FBF3F31344A4F8B1
:105CC000A831B4F8B83004F178060B44A4F8B83021
:105CD000304608F05DF920B1D4F8AC300B44C4F87C
:105CE000AC30B4F8A231012B9CBF0133A4F8A2312F
:105CF000002509B184F8AF5194F8873084F8AA518F
:105D0000A3F10A02012A1DD8B4F88030B4F83C226D
:105D10009B1A19042FD404F23E2104F18E0006F0E0
:105D2000BAFE84F88750FF2384F8C330B4F8A62164
:105D30002146304606F0F5FE98B34FF41E6131203F
:105D4000FAF760FA252B16D1B4F83C22B4F880306B
:105D50009B1A1A040FD484F88750FFF7D9F901462B
:105D600030B984F8240102B0BDE87040FFF7F4BBFD
:105D700084F82451DAE794F8863003F0FD03252BEC
:105D8000D4D1B4F88030B4F83C229B1A1B04CDD493
:105D9000002384F88630FFF7BBF901460028C5D1FF
:105DA000E1E70B4B0B49009303C90B4B0B4AFBF785
:105DB00063F994F88730113B0B2B04D802B0BDE88F
:105DC0007040FBF751B902B070BD00BF98160020BB
:105DD000595500009C1600201D4F0000554F000033
:105DE000D0F844328269934210B5044604D1D0F809
:105DF0004812026A914215D02288A4F88A2140F202
:105E0000E242B3FBF2F3A4F88C31B4F84832A4F8C0
:105E10008E31B4F84A320949A4F8903104F5C070C3
:105E200006F0F3FF02212046FCF750FD002384F822
:105E30008730032384F88A3010BD00BFA3D100004F
:105E400008B5FDF783F9024B024A1A6008BD00BF8E
:105E50008407002011500000064BD3F8000138B130
:105E6000D3F8040120B1D3F80801B0FA80F040095A
:105E7000704700BF00F00040034B00221A705A70B8
:105E800010229A70704700BFB316002070B5064606
:105E9000022014460D4600F0ADF9064B01221A709F
:105EA000054B033CC3F81045C3F80865C3F8045517
:105EB00070BD00BFB316002000F0004008B50220FE
:105EC00000F098F9084B01221A70084B0022C3F821
:105ED0000021C3F80421C3F8082103F580334FF4EF
:105EE0000002C3F8042508BDB316002000F00040EE
:105EF0000E4A08B5137883B10D4B4FF40001C3F877
:105F00000815FFF7A9FF68B101235370094BD3F8B7
:105F10000034DBB2937000231370BDE8084000200A
:105F200000F068B950701023F4E700BFB3160020EA
:105F300000F0014000F00040094B1A7862B1094BB3
:105F4000D3F8002152B1D3F8040140B1D3F80801CD
:105F5000B0FA80F0400970475878704702207047C7
:105F6000B316002000F0004008B5074B1A783AB18C
:105F7000FFF772FF30B1054BD3F80004C0B208BD83
:105F80009878FCE71020FAE7B316002000F00040F4
:105F9000024B00221A705A709A707047B616002091
:105FA0002DE9F041044601201E460F46904600F0C0
:105FB00021F904F0030040EA0643184D18482E71F9
:105FC00043F08073C0F80435164BC0F808751B68A1
:105FD000062B07D001331EBFD0F8183568F307032E
:105FE000C0F81835104B114AC3F8082514F0FB0F00
:105FF00001BF0F4AC3F89825FC3AC3F89C2501223B
:10600000022C6A70EC7007D8054B2A700021C3F887
:106010000011C3F800121A60BDE8F081B616002026
:1060200000F000401819002000F0014000000202BA
:1060300000F1004070B5194C637823B94FF4077133
:106040003C20FAF7DFF8164BC3F80C15C3F810051F
:10605000E5780122A270C5B924780CB9E321EFE7F5
:10606000104CC3F804514FF40035C4F80455D3F86C
:10607000006116B15A60C4F808550B7803704B786C
:10608000043343708B78837070BD00212270C3F895
:106090000411C3F800221A60F6E700BFB61600200C
:1060A00000F0004000F001400E4A08B5537823B9D3
:1060B0004FF412713C20FAF7A5F80B4BC3F80C15FE
:1060C0000121C3F810059170127812B940F20F1136
:1060D000F0E70022C3F80421044B4FF00072C3F82C
:1060E000042508BDB616002000F0004000F0014075
:1060F000084B1A784AB10849084AC1F80825002215
:10610000C1F89825C1F89C251A7000225A709A701F
:10611000704700BFB616002000F0014000000202E8
:10612000194B1B7870B523B940F28A213C20FAF74D
:1061300069F8164CD4F80431BBB90223C4F804330F
:10614000134B144E1D691A6942F0100205F0100538
:106150001A61D4F804317BB125B90D4A136923F0D3
:10616000100313610223C4F80833084BD3F800046A
:10617000003818BF012070BD4FF40043C6F88031CD
:1061800008F0ECF9E5E700BFB616002000F000408B
:1061900000ED00E000E100E0014B01229A60704751
:1061A00000F0004008B50A4BD3F80025032A04BFCD
:1061B00001229A600022C3F80025C3F80025FFF7EA
:1061C00097FF044B4FF40002C3F8082508BD00BF39
:1061D00000F0004000F00140054B4FF40042C3F8CE
:1061E0008020BFF34F8FBFF36F8FFFF7DBBF00BF80
:1061F00000E100E010B50446FFF7D4FF012C06D003
:10620000022C0CD054B18C213D20F9F7FBFF0B4B35
:106210000222C3F800250A4AC3F8142510BD074B13
:106220000322C3F80025064AC3F8142503F580337A
:106230004FF40002C3F80425F0E700BF00F000406F
:10624000BB160020044B1868062818BFB0F1FF3FAA
:106250000CBF0120002070471819002008B5FFF777
:10626000F1FF38B1044B1868063810F1080F94BFDD
:106270000020012008BD00BF1C19002008B5FFF751
:10628000E1FF38B1044B1868063810F1080F8CBFD5
:106290000020012008BD00BF1C190020064B002271
:1062A000C3F80021C3F80C21C3F81021C3F804215E
:1062B000C3F80821704700BF00100040024B0022C5
:1062C0001A809A701A717047C817002038B5144D9B
:1062D00095F83D200346084622B940F6B2113E200B
:1062E000F9F790FF6BB9012AAC6B95F83C1005D11A
:1062F00000F082FE20442B6BC01A38BD07F062FF0D
:10630000F8E7012B0AD1012AAC6B95F83C1002D1B9
:1063100000F064FEEEE707F060FFEBE70020EAE73D
:10632000C817002008B5094B012883F82400084B42
:1063300006D0022808D040F6DC613E20F9F762FF63
:106340000322C3F8102508BD0422FAE7C81700206D
:106350000010004008B5144B93F84A30D90720D5F7
:106360009A070ED5114BD3F8002242F00102C3F870
:106370000022D3F8500500F0F600023818BF0120C3
:1063800008BD5B070DD50A4B0A4AC3F8AC25A3F537
:10639000B833D3F8403123B140F28A713E20F9F787
:1063A00031FF0120ECE700BFC817002000100040BB
:1063B00000F001400810004008B570B9104B2831BA
:1063C000D96018460F4900F0BFFE0130012816D9E8
:1063D00040F66D013E20F9F715FF01280CD1084B5E
:1063E0002931D9601846074900F0B4FE0130012870
:1063F00005D940F67701EDE740F67B01EAE708BDF5
:10640000E80400205C72020008B50C4B9B78012B5D
:1064100009D100F0A5FE013001280ED940F6042173
:106420003E20F9F7EFFE022B07D100F09FFE01306E
:10643000012802D940F60A21F2E708BDC81700205A
:10644000094B0A4A1B8DB3F5166F3ABFA3F63813F2
:1064500043F48073A3F5166300F07F00C2F808359B
:10646000C2F85405704700BFC81700200010004054
:1064700037B50D460446FFF755FF2846FFF7E0FF06
:106480001B4A01AB92F925202946204600F0F6FD73
:106490009DF8050000F070FE20B140F255713E20DD
:1064A000F9F7B0FE9DF9040000F090FD114A40F2AA
:1064B0000313C2F8343540F25B63C2F83835FFF796
:1064C000CDFE90B14FF08053D2F88825D3F8203319
:1064D000022C22F4FE420CBFC3F30663C3F306236F
:1064E00042EA0323034AC2F8883503B030BD00BF37
:1064F000C81700200010004010B50C46FFF712FF2F
:106500002046FFF79DFF0F4A0023C2F81C31D2F846
:10651000003243F48873C2F8003240F20313C2F829
:10652000343540F25B63C2F83835FFF797FE40B967
:10653000FFF7A4FE28B9D2F8683543F4C023C2F8A7
:10654000683510BD00100040F8B5414C0D461646A8
:106550000746002847D10123A3702378012B2BD1B4
:106560003C4B33F812304FF47A7203F5FA73B3FBF5
:10657000F2F3CD1A236B384A384E1D44384BC6F817
:106580004055C2F8A835236C43F4002323644FF42C
:106590000023C2F804352378002B47D194F84A3001
:1065A00043F0020384F84A30FFF7D4FE0446002883
:1065B00043D100242046F8BD104694F82610FFF77A
:1065C00057FF284B33F816304FF47A7203F5FA73FD
:1065D000B3FBF2F3ED1A2378002BCBD11E4B224AEA
:1065E000C3F8AC25C6E701281BD10223A37023788A
:1065F000012B0AD11C4B0022C3F81C21D3F8002226
:1066000042F48872C3F80022B4E794F826101046CA
:10661000FFF772FF2378293D002BABD10E4B134AB5
:10662000DEE74FF413613E20F9F7ECFD012BBBD1FF
:1066300094F84A3043F00403B4E70123F364D6F836
:106640004C35AB42B5DA29463846FFF7B5FEB1E71F
:10665000C8170020DA72020000F0014000800040FC
:1066600040810040D472020000100040041000403D
:1066700008B560221148002104F01CFCFFF71EFE43
:106680000F4B1B6823F004020A2A05D0102B03D0FD
:10669000082B0ED1402200E024220A48FF2104F0FA
:1066A00009FC4FF080430022C3F8082EC3F8102ED7
:1066B00008BD0D2BEED03822EFE700BFC817002031
:1066C00018190020000E0040024B0344187E00F50C
:1066D000166070475C720200014B93F83C007047F3
:1066E000C8170020024B986B1B6BC01A704700BF85
:1066F000C81700200A4B93F83C20D3E90C30C01A8D
:10670000084B03EB82031B6CC01A074B53F8223073
:106710004FF47A7203F2F313B3FBF2F3C01A70472B
:10672000C81700205C720200C872020008B50F4A48
:1067300092F83C10012906D0022914D040F2C6215B
:106740003E20F9F75FFD40F6B830D2E90C239B1AE2
:10675000074A02EB8102126C9B1A4FF47A72B0FB6B
:10676000F2F0184408BD4FF4FA60EEE7C8170020B5
:106770005C720200FF2808B504D940F2E5213E20F2
:10678000F9F740FD124B0129A3F8480004D0022973
:1067900019D040F24131F2E700230E4A43F480134E
:1067A00040F0007043F4847340F44030C2F8143574
:1067B000C2F81805D2F8503503F0F703032B05D1C2
:1067C0004FF45671DBE74FF08073E6E708BD00BF7A
:1067D000C81700200010004008B5FFF73FFD50B17A
:1067E000054AD2F8743723F0807323F0010343F095
:1067F0008073C2F8743708BD001000403D4B022280
:1068000070B5C3F88020BFF34F8FBFF36F8F3A4A44
:106810000023C2F8FC3F0123C2F8FC3FFFF72EFD26
:1068200028B1D2F83C3743F48063C2F83C37FFF715
:1068300009FD58B1D2F83C3723F0004323F0FF03A1
:1068400043F0004343F09603C2F83C37FFF706FDE0
:10685000294C38B1D4F8403723F47F4343F4B05384
:10686000C4F84037254BC4F8783700F097FC38B1AE
:106870004FF08053D3F830335A1C18BFC4F84C374C
:106880004FF010231C4C1A6E1D4D531C1EBFD4F824
:106890008C3562F31743C4F88C350123C4F83035C6
:1068A00085F824300323C4F8103540F20123C4F8DE
:1068B00050360226134BC4F80062187C00F074FCBA
:1068C000114B124AC3F804250023AB87AB6385F84C
:1068D0004A3002F083FA074B28631022C3F8806124
:1068E000C4F804231E602B6E03B19847BDE87040C6
:1068F00000F01EBC00E100E0001000402C00008908
:10690000C8170020E804002000F001400000020C3D
:10691000014B83F825007047C8170020034B020E77
:106920000002C3F82425C3F81C057047001000407E
:10693000044B054A034482F826001B7E03F51663C8
:10694000138570475C720200C817002010B504461A
:106950000068FFF7E3FF094B6268C3F83C25207A23
:10696000FFF7E6FF617A6089FFF704FF607AFFF7BF
:10697000D9FC034B227B83F8252010BD001000407A
:10698000C8170020F8B5294C94F84A30DA070646B3
:106990000F4604D440F6BE013E20F9F733FC244DE7
:1069A000D5F8002243F0020342F00102C5F80022AC
:1069B00084F84A3020BB012394F82610A37038468F
:1069C000FFF756FDA378012B02D040F6CA01E3E79A
:1069D000184AD3642B60174BD3F84C5530462946E0
:1069E000FFF7EAFC236BED1AEEB9134B33F81730BF
:1069F0004FF47A7203F5FA73B3FBF2F35819F8BD4A
:106A00000128E8D1022394F82610A3703846FFF736
:106A100073FDA378022B02D040F6D201BCE7054BF0
:106A2000DE646E60D7E705F12900E8E7C8170020AB
:106A30000010004000800040D472020008B5FFF74B
:106A400083FD58B9064BC3F84005A3F5E043012286
:106A50001A610220BDE80840FCF726BA08BD00BF55
:106A60000080004037B5244B2449D3F80443022268
:106A70004FF0FF30C3F80803C1F880212049C3F864
:106A80000022002281F84A201E49C1F8402501F564
:106A9000B8314FF46025C1F80855D3F85015C9B284
:106AA00004F01004D1B18DF80700C3F810210122C1
:106AB0001A619DF8072012B1D3F810213AB19DF860
:106AC00007305BB940F6F2113E20F9F79BFB9DF8C9
:106AD0000720013AD2B28DF80720EAE7FFF794FCCD
:106AE00005490023C1F81031FFF7E8FB14B110236A
:106AF000C1F8043303B030BD0010004000E100E0F5
:106B0000C81700200080004038B51B4D0024C5F890
:106B10004845C5F84445C5F84045C5F84C45FFF71C
:106B2000A1FF00F00BFB154B15491A6C1C6442F0D9
:106B3000446242F40032C1F80825C3E90D441C77D1
:106B4000104BC5F848450222C5F84445C5F84045F4
:106B5000C5F84C45C5F84841C5F84441C5F8404121
:106B6000C5F84C41C3F88020BFF34F8FBFF36F8F40
:106B7000C3F8802138BD00BF00800040C817002046
:106B800000F0014000E100E0014BC3F83C05704714
:106B90000010004010B50FC8014C84E80F0010BD74
:106BA0002C18002008B50B4BC3F804050A4B93F8CA
:106BB0004A20586442F0010283F84A20FFF7CAFBDA
:106BC00030B9FFF74FFFBDE808400320FCF76CB970
:106BD00008BD00BF00100040C8170020154B1A6BFD
:106BE00010449A6B824210B504D340F6A8213E208F
:106BF000F9F708FB104A1862012119775164D2F89D
:106C000044450534844205D30C4BD3F8042102B922
:106C1000196110BD0021C2F84411C2F844051A6C74
:106C200042F480021A64064B4FF48002C3F8042534
:106C3000EFE700BFC81700200080004000100040B0
:106C400000F0014010B50E4C034694F83D0094F856
:106C50003C100222012822774FF0960094F824205D
:106C60000BD100F0D5F9074A20620023C2F8443165
:106C7000A36B0344C2F8443510BD00F0E3F9F2E71A
:106C8000C817002000800040044BC3F86005D3F80B
:106C9000002242F04002C3F800227047001000407A
:106CA000054BD3F8002222F04002C3F80022002254
:106CB000C3F86025704700BF001000400A4A014633
:106CC000D2F81C0182B068B1D2F8483503F07F03D6
:106CD0005B420B700023C2F81C31D2F81C310193C7
:106CE000019B012002B07047001000400022044BBD
:106CF00090421A7014BF02220122D9705A70704754
:106D0000C8170020054B0022C3F84025044AD2F8DA
:106D10005035DBB20BB10123136170470080004096
:106D20000010004030B5044BD3E914459B6DC0E919
:106D300000450B6030BD00BFC81700202DE9F047AB
:106D4000954D964C0123EB64D5F84C25236BB4F894
:106D50004870A2EB030802F047F8C4F85880C4E971
:106D60001401FFF751FB8E4B226CC3F8082500215C
:106D70008C4A2164D2F8003223F48E7323F001038D
:106D8000C2F80032237F84F84A1023B1D5F8443189
:106D90005B1A18BF0123A17801290AD1D2F80C513E
:106DA000002D43D17F4BD3F81031A3B145F010052E
:106DB00011E0022938D17B4AD2F80C51D2F80024D4
:106DC000003D18BF01256D00D10758BF45F00405EF
:106DD00033B345F00105FFF761FAEA06A37803D55E
:106DE000012B08BF45F020056B4A94F80190D2F8BA
:106DF0004815A163D2F8442584F83D3094F8243036
:106E0000626384F83C30B9F1000F11D1FFF756FAF4
:106E100084F81C90EE0740F1A280636E984763E00F
:106E200015F00B0FD7D1BDE70025BBE70825D2E74A
:106E300015F0110F0ED123792678B9F1010A18BF88
:106E40004FF0010A012B67D0022B7AD02BB14FF4FF
:106E5000446169E0FFF706FEDCE796215046FFF744
:106E600035FA0146FFF72AFA012E74D1B9F1010F64
:106E700014BF252337239844884567D90220FCF79F
:106E800013F8484B1E61A8076BD5FFF7E7F9E0B987
:106E9000FFF7F4F9C8B9434BD3F85034D90114D5EE
:106EA0001A0705D013F0F00F02D013F4706F0CD155
:106EB0003C4AC3F304410129D2F8542405D1012AE4
:106EC00003D0C3F34253022BA7D9636C5B78BB4258
:106ED00088BF45F00405C5F3800080F00100A36E73
:106EE000314600F001009847A378022B12D1237F8E
:106EF00083B1022B284A43D1A36B216A0B44C2F809
:106F00004435236C43F480032364254B4FF4800203
:106F1000C3F80425BDE8F0872348FFF717FD94F870
:106F20003D3023B940F6B5013E20F9F76BF9012B4E
:106F300004D1FFF7FBFBA369C11893E7FFF7DAFB66
:106F4000F9E71948FFF702FDA1698BE7124B26709C
:106F50000022C3F84021E2785046FFF76FFD00267B
:106F600091E715F0280F05F0200105D0B1FA81F165
:106F7000E36E49093046B6E7EB06B5D5236F4DE71A
:106F8000012B02D040F69F51CEE7236AA16B8B42C2
:106F9000B5D84FF45A61C7E700800040C8170020F9
:106FA00000F0014000100040D0170020024B03EB1E
:106FB0008003186C704700BF5C720200024B03EB49
:106FC0008003D86C704700BF5C720200024BC0B2F5
:106FD000C3F80C05704700BF00100040054B33F8A4
:106FE000113002384FF47A7203F2E733B3FBF2F355
:106FF00018447047C0720200044B4FF47A7233F8A1
:107000001130B3FBF2F3013318447047C072020031
:1070100038B51D460A4B33F8114003EB82030535A2
:107020009B681C4404F6B7344FF47A7303FB0044A6
:107030001046B4FBF3F4FFF7B9FF2544284438BDEC
:10704000C072020070B5064608461546FFF7B6FF47
:10705000094B03EB85039C684FF47A7304F6B7344D
:1070600003FB0644241A2846B4FBF3F4FFF79EFF03
:107070000530204470BD00BFC07202002DE9F04F02
:10708000264C87B0074698460D46164602F0F2FB9E
:107090002378BB42814611D16378AB420ED194F97B
:1070A0000230B3420AD1E378834207D1A388A8F81B
:1070B000003094F9060007B0BDE8F08F7B1EDBB20C
:1070C000032B0DD8164A12F803A029460DF1170319
:1070D0003246504602F0D4FB38B14121A92002E0EB
:1070E00040F2FE410620F9F78DF8039028469DF9FD
:1070F00017B0FFF7E9FA039A009203465246414659
:10710000584600F03FF8B8F80030A071A38027700F
:107110006570A67084F80390CBE700BF00050020DF
:10712000E0720200014B1B681B681847980700209B
:10713000014B1B685B68184798070020014B1B68D0
:107140009B68184798070020014B1B681B6918476C
:1071500098070020014B1B685B69184798070020BF
:10716000014B1B689B69184798070020014B1B685F
:10717000DB69184798070020014B1B689B6A18477A
:107180009807002030B4044C9DF8085024680295FC
:10719000E468A44630BC604798070020014B18788B
:1071A000704700BF541F002010B500220C49134641
:1071B00040FA02F4E40744BFCA545C1C02F1010225
:1071C00048BFE3B2042AF3D1054AFF24D118032BA8
:1071D00001D9107110BD013301F8014BDBB2F6E7A4
:1071E000601F002008B5074801F0F6F9054800F0D7
:1071F00039F801F099FE01F07BFE00F0A1FC0120BE
:1072000008BD00BF6419002008B501F0C1F901F004
:107210002FFF01F00BFFBDE8084000F0ADBC00BF40
:1072200002F01EB801F00ABA10B5EFF3108472B67E
:1072300001F004FA04B962B610BD00BF01F010BA43
:1072400002F0ECB802F082B902F094B902F0E2B9AF
:1072500002F0E6B902F0A6B808B52721032003F032
:1072600039FB00BF024B186000221A719A60704708
:107270006C19002070B582B01E4C2379012B11D0FF
:10728000DAB2022A0BD1A0680DF1070100F08CFCE4
:107290000023A36023719DF8070002B070BD012098
:1072A00002B070BDA0680DF1070100F073FCA56885
:1072B0006B7DDB07ECD5AB7F042BE9D001F014FA32
:1072C00006460028E4D001F015FA2A69B3682E6852
:1072D0006D68961945F1000500220A3342F100025B
:1072E0001B1842EB0102B342AA41D1D3A06800F0BF
:1072F0003FFDCDE76C190020837F0BB10020704764
:1073000010B50A684B688C68D1F80CC0C0F80CC086
:107310008460026043600A694B6943610124026131
:107320008477054B1A792AB998601C7101F078F9B5
:10733000204610BDFFF790FF6C19002070B5044681
:1073400082B00D4601F0D0F9A37F012B17D02B6836
:107350006A68A9680646E868E060A1602360626028
:107360006A692B69626101222361A2770DF107012D
:10737000204600F00FFC2EB1012002B070BD0020AD
:1073800002B070BD024B0421186807F08EF8F3E7D5
:107390006C19002070B5044682B00D4601F0A4F9C6
:1073A000A37F012B1CD02B686A68A9680646E86891
:1073B000E060A160236062606A692B6962610122FA
:1073C0002361A27720460DF1070100F0E3FB084C92
:1073D0004EB12068062107F068F8012002B070BDA8
:1073E000002002B070BD2068042107F05EF8F0E7CD
:1073F0006C190020024B0621186807F056B800BF30
:107400006C19002010B5EFF3108472B601F06CF91E
:1074100038B1064B0621186807F047F804B962B680
:1074200010BDC921032003F055FA00BF6C190020DC
:1074300010B5084B1A7952B90446986002221A71A5
:1074400001F0EEF8A07FB0FA80F0400910BDFFF720
:1074500003FF00BF6C19002038B5837FC3B1044619
:1074600009E0A37F042B09D0A37F012B11D007F0E3
:1074700075F8A37F63B1A37F032BF2D1EFF31085DF
:1074800072B6204600F0AEFB05B962B6A37F2BB9F9
:1074900038BD4FF48971032003F01CFA40F20D113E
:1074A000032003F017FA00BF38B5194B1A7962BBF5
:1074B0000446986002221A7101F0B2F8A37F5BB90A
:1074C00038BDA37F032B0BD0A37F042B08D0A37F51
:1074D000012B15D007F042F8A37F002BF1D1EFE785
:1074E000EFF3108572B6204600F07CFB05B962B65A
:1074F000A37F002BE4D040F20D11032003F0EAF942
:107500004FF48971032003F0E5F9FFF7A5FE00BFF2
:107510006C19002010B582B00DF1070100F044FB9A
:10752000044601F0E1F810B1204602B010BD40F26F
:107530002F11032003F0CEF970B50D46044601F07B
:10754000D9F8A4680346E41841F1000628463346FA
:10755000224600F09FFBA04271EB06034FF00005AE
:107560000CD3001B6FF0010361EB0601834275EB46
:10757000010100D370BD4FF0FF3070BD284670BDD3
:10758000F8B504460E46EFF3108572B601F0B2F876
:10759000A468241841F1000730463B46224600F01B
:1075A00079FBA04271EB07034FF000060ED3001BDE
:1075B0006FF0010361EB0701834276EB010102D317
:1075C00005B962B6F8BD4FF0FF30F9E73046F7E78E
:1075D0002DE9F04185680C46002349195B4113B140
:1075E0000020BDE8F0811746064601F083F82A180E
:1075F00041F100033846A51843F1000800F04AFBAA
:10760000A84271EB0801EBD301F02AFE00F0E8FA82
:10761000B368377523440120B360BDE8F08100BF33
:107620002DE9F843EFF3108872B6846863184FF0C1
:1076300000035B4133B10020B8F1000F00D162B606
:10764000BDE8F88317460D46064601F053F82218A8
:1076500041F100033846AC1843F1000900F01AFB71
:10766000A04271EB0901E6D301F0FAFD00F0B8FA8F
:10767000B36837752B440120B360DDE7837F012BAE
:1076800001D00020704700F019BC00BFD0E9000114
:10769000704700BF0069704701F02CB810B5EFF3D8
:1076A000108472B601F026F804B962B610BD00BFAE
:1076B00080687047007D7047F8B50369002B4ED194
:1076C000044601F0CDFD05460E4602F0DDFC78B320
:1076D000D4E90003643546F10006A84273EB0602C4
:1076E00023D3C4E90003EFF3108672B600F0FCFF69
:1076F000054698B100F0FEFFAB6800220B3342F163
:1077000000021B1842EB0101D4E90002834271EB35
:1077100002053CBF03461146C4E9003106B962B612
:107720002046BDE8F84000F04BBB28463346D8E77A
:1077300002F0C6FC074600F0F3FFB8422168626819
:1077400038BF3846963546F10006401946F1000329
:10775000884273EB02053CBF08461346C1E740F27E
:10776000D511032003F0B6F8F8B5254C00222260AD
:10777000EFF3108172B6636823606260A26009B99A
:1077800062B623686BB300259A79032AA3F1180027
:1077900028D01F6877B3BA79042AA7F11803844662
:1077A0004FF000060FD1818B9A8B521A12049A69FE
:1077B00044BF0CF11806184642B19C46A2F11803CA
:1077C0009A7F042AEFD09B7F032B15D196B13368A3
:1077D0001B683360C3688577022198472368002BB4
:1077E000D2D1F8BD196853F80C2C9D71216001218C
:1077F0009047F3E72760EDE763219F2003F06AF8E5
:10780000781900202DE9F84F3A4B4FF00008C2F8E4
:107810000080D3F80CE0BEF1000F5ED0AEF1180C82
:10782000E1469246D9F81850002D45D0DCF80040CA
:1078300055F8186CDCF8042055F8147CA64277EB58
:107840000203A5F1180E50D3844272EB01030BD250
:10785000DCF810301B1942F1000298421C4671EB13
:1078600002033CBF04460A46864277EB01030BD273
:1078700055F8083C9B1947F1000798421E4671EBEA
:1078800007033CBF06460F46DCF808300A3348F1D0
:10789000000B1B1942EB0B029E4277EB02020BD24C
:1078A0009CF8143015F8042C9A4209D00ED3F146F6
:1078B000D9F81850002DB9D1E6467046BDE8F88FCA
:1078C000AB88BCF81C209B1A1B04F0D509F11803E7
:1078D000CAF80030D9F8183013B97046BDE8F88FEF
:1078E000F446A3F1180EF146E2E7BF219F2002F013
:1078F000F1FF00BF781900202DE9F043224EF46813
:107900006CB30025A8460427AE46234653E906C2B9
:10791000844572EB0109246823D253F8089C19EBC3
:107920000C0C42F1000284458A411AD2FDB12A684A
:1079300012682A609F71726883F800E083F801E0A2
:1079400083F802E083F803E07AB1B2681360B360B1
:107950004FF00108002CD8D1B8F1000F0DD1BDE8CF
:10796000F0831D46002CD0D1F6E77360EFE7F26894
:10797000002ADFD01268F260DCE7044BBDE8F04378
:10798000187803F065B900BF78190020E1070020DE
:107990002DE9F04F684B0468D3F80C8085B005469C
:1079A00082838A464068B8F1000F00F0BA80002652
:1079B000A8F11802B446D2E900366F7D9C4270EB04
:1079C000060107F00107C1462AD3F7B192F814C0A7
:1079D000297D8C4519D89168C91846F1000311F129
:1079E0000A0843F1000E444570EB0E0657D22E698B
:1079F000361940F1000CB0457EEB0C0B01D2464627
:107A0000F4468E427CEB030C4FD39369944673B1DA
:107A1000A3F11802D2E900369C4270EB0601D4D2E1
:107A2000C846002F00F085801346624602E0C84633
:107A3000002F57D0AE68361940F10009002B65D0F1
:107A4000CDE90082D3E9007116F10A0C49F1000278
:107A5000BC458A4158D31A7D95F814C0944519D372
:107A60009A68D21941F1000112F10A0841F1000EA1
:107A7000444570EB0E0751D22F693F1940F1000CBD
:107A8000B8457EEB0C0B01D24746F44697427CEB9F
:107A9000010C0AD39B69002B36D0183BD2E726464F
:107AA00084468E427CEB030CAFD2234A0423AB778F
:107AB000516800232B766B76AB76EB7605F11802D6
:107AC0001D4B002933D09B681A601C4B1A4918784B
:107AD0008A6003F0BDF800258AF8005005B0BDE8C3
:107AE000F08F9369294641F8183F916103AA00215C
:107AF0000020FFF787FE2D1AB5FA85F56D098AF883
:107B0000005005B0BDE8F08FDDE90082002AE8D121
:107B10002B46094A43F8188FD360E7E72746844687
:107B2000B4E76B7DDB07F3D54246434682E75A60F4
:107B3000CBE76246EAE700BF78190020E1070020A2
:107B400010B50A4C2378FF2B0AD1094803F056F8E8
:107B5000084B20700022DA605A609A601A8210BDC9
:107B60004FF484719F2002F0B5FE00BFE1070020B2
:107B7000697700007819002010B5054C2078FF289F
:107B800000D110BD03F054F8FF23237010BD00BFD7
:107B9000E1070020034B1A8A02F1010CA3F810C080
:107BA000F6E600BF7819002030B583B004460D46D4
:107BB00001AA00210020FFF725FE0346E31AB3FACD
:107BC00083F35B0905482B7004F1180106F093FC60
:107BD00010B10023A377012003B030BD8419002029
:107BE0008AE600BF70B5154E7368054600F11801AE
:107BF000BBB17368002423B913E01A681C4682B134
:107C000013469942F9D10CB1AA6922607268914277
:107C100004BF1B687360B36899420AD00023AB7736
:107C200070BD064806F067FC0028F9D00023AB774A
:107C3000F6E70023B460AB77F2E700BF78190020C5
:107C400030B5054683B00C46FFF756FE01AA28461C
:107C50002146FFF7D7FD28B1054B00F118025A6104
:107C600003B030BD024B02465A6103B030BD00BFC5
:107C70007819002010B5064C616904F10C0006F07B
:107C80003AFC18B1606900231838636110BD00BF69
:107C9000781900201C49C96839B3A1F1180C9CF867
:107CA000141081421DD870B5DCE9004112F10A05BB
:107CB00043F1000EAC4271EB0E0620D2DCF81060EE
:107CC000341941F10001AC4271EB0E0115D2DCF820
:107CD000181071B1A1F1180C9CF814108142F6D85B
:107CE000E2E7DCF818100029D7D14FF0FF30014649
:107CF00070474FF0FF30014670BD2C467146B4F11D
:107D00000A0041F1FF3170BD7819002010B5837F62
:107D1000022B06D0837F012B02D0837F042B1DD141
:107D200010BD437D13F0020313D103210E4A817766
:107D30005468037600F1180143768376C3765CB10C
:107D400093681960094B9160BDE81040187802F003
:107D50007FBF0023837710BD5160F3E74FF4FB71C1
:107D60009F2002F0B7FD00BF78190020E107002036
:107D700070B5114D00F118060446314605F10C00AE
:107D800006F0B9FB98B10423A3776A680023237631
:107D90006376A376E37642B1AB681E60074BAE60B4
:107DA0001878BDE8704002F053BF6E60F6E74FF4FC
:107DB00000719F2002F08EFD78190020E10700205D
:107DC0002DE9F04F066983B0002E70D1D0E900157F
:107DD0008368077DEFF3108472B6DFF8DCC0DCF84F
:107DE0000C20002A5CD013F10A0EBCF81080CDF8EC
:107DF000048046F10006183AB046D2E9003611EB8D
:107E00000E0A45EB08099A4579EB060C48D38B42DC
:107E100076EB050C28D3D2F810C01CEB030C46F10E
:107E2000000BD4457BEB090B34BF4FF0010C4FF036
:107E3000000CBCF1000F13D092F814C0BC4526D042
:107E400034BF4FF0010C4FF0000CBCF1000F07D015
:107E500013F10A01936846F10005591845F1000530
:107E60009269EAB1183AC8E7D2F808A013F10A0CEF
:107E700046F100091AEB0C0C49F10009614575EB5C
:107E8000090934BF4FF0010C4FF0000CD1E7B2F8F4
:107E90001CC0DDF80490ACEB090CCCF3C03CD4E77B
:107EA00004B962B6C0E9001503B0BDE8F08F40F236
:107EB0001F219F2002F00EFD7819002070B50546A5
:107EC00082B00C4601AA00210020AE8BFFF79AFC7D
:107ED0000346EB1AB3FA83F35B0910488DF80330BD
:107EE00005F1180106F007FB98B10023AB77A44613
:107EF000BCE80F002C460FC49CE80300324684E81F
:107F0000030028460DF10301FFF742FD012002B0F6
:107F100070BD40F24A219F2002F0DCFC8419002051
:107F2000024B0521186806F0C0BA00BF9019002066
:107F3000042970B512D00CD905292ED1194E7579A6
:107F400005F0FD05012D11D040F2BF11B02002F067
:107F5000C1FC0239012920D8002070BDFFF78AF941
:107F60000028F9D00F4B01221A71F5E70446B079C9
:107F70000028E9D1B3689847D6E90401B3690A4AF1
:107F8000B571323841F1FF31C01841F1000101F003
:107F9000F1F8064B2360022070BD40F2C911B020F9
:107FA00002F098FC90190020217F0000118300004E
:107FB000054BD86910B1C3680621184710B540F2C7
:107FC0008D21B02002F086FC901900202DE9F843A5
:107FD0001646002B6AD0D3E90089804579EB01036E
:107FE0003CBF89468046474F04460D4640464946B9
:107FF000C7E9088901F08AFB3B8DB8EB040403F163
:10800000640369EB05050022A342AA410FDBBB69AB
:1080100003F5E1739C4275F1000519DA3A4A4046CE
:10802000494601F0A7F8394B3360BDE8F883BA79C7
:108030007B791AB39A1E012A1AD9B9690022012B39
:1080400001F5E171BA7144D08C4275F10005E5DBB0
:1080500001F068FB02F012F8BB692B4AB8EB030091
:1080600069F1000101F086F8294B3360BDE8F8831F
:10807000BB68012098470023BB717B79BA69012B4B
:1080800002F5E172114624D0032BDDD1944275F143
:10809000000522DA388D1C4AB8EB000069F10001B6
:1080A00001F068F81B4B3360BDE8F883154FBB79CE
:1080B0001BB17B79023B012B20D90023BB7101F05E
:1080C00031FB01F0DBFF01F023FB134B3360BDE814
:1080D000F8838C4275F10005DCDB01F023FB01F035
:1080E000CDFF388DBB698342B7D2B8EB0000064A9A
:1080F00069F1000101F03EF8084B95E7BB680120EB
:108100009847DAE790190020217F000011850000D0
:10811000C18300002181000061840000918400007F
:10812000042970B5044612D00CD9052931D11B4E53
:10813000757905F0FD05012D1DD04FF40D71B020AE
:1081400002F0C8FB0239012923D8002070BDFFF7D7
:1081500091F80028F9D001F071F801F081F8064695
:108160000D46FFF76DFD2246034629463046FFF7D0
:108170002DFF022070BDB0790028DED1B36898478A
:10818000D6E90801064AB57100F0F4FF054B2360FB
:10819000EFE74FF40F71B02002F09CFB9019002024
:1081A000217F00001185000002392DE9F0410429EA
:1081B0002DD8DFE801F00309292C0C00164A537969
:1081C000003B18BF012393710020BDE8F0810446F5
:1081D00000F09CFF01F044F80E460746FFF730FD23
:1081E0000D4D8046E869FFF791FD2246384631463D
:1081F0004346002400260027C5E90867EC61FFF725
:10820000E5FE0220BDE8F081FFF734F8DCE740F23C
:10821000EF11B02002F05EFB901900202DE9F04F25
:10822000364E96F80690B56983B08046B9F1000FD6
:1082300032D1737903F0FD03012B3ED001F010F829
:10824000431941F1000204460F46184611460193B6
:108250000092FFF7F5FC00283BD0D0E900ABAA451F
:108260007BF10001DDE9002319D200200146C6E9B7
:108270000832234A00F07EFF5046594601F046FA84
:10828000B9F1000F02D0338D9D421CD01D4BC8F8B0
:10829000003003B0BDE8F08F4FF00009CEE7BAEB35
:1082A00005006BF10001844277EB01033CBF0446FB
:1082B0000F46631947F10002D9E7328D954299467E
:1082C00038BF1546BAE7104BC8F8003003B0BDE818
:1082D000F08FB3791BB17379023B012B09D90023CD
:1082E000B37101F015FA094BC8F8003003B0BDE8CE
:1082F000F08FB36801209847F1E700BF9019002084
:10830000217F0000C183000091840000618400008F
:10831000023970B503294AD8DFE801F005022407C5
:10832000254B00221A71002070BD044601F002FAAC
:1083300008B3214D2E796EBBFFF79CFC50B3E8616A
:10834000C5E90B6600F0D6FEE86902238377314663
:10835000C3689847D5E90801FFF742FC174B236033
:10836000022070BDFEF786FF0028DCD0124B0122F0
:108370001A710020D8E700200021FFF761FC08B146
:10838000FFF7F6FC01F0CEF901F078FE2046FFF78A
:1083900045FFE5E700F064FF06460D46FFF750FC99
:1083A0002246034629463046FFF710FED8E740F242
:1083B000A511B02002F08EFA90190020A9810000CA
:1083C000042938B5044621D01BD905293BD1204DBD
:1083D00001F0A0F901F04CFE6B7903F0FD03012BD5
:1083E0001ED000F03DFFAB691A4A323B65EB050534
:1083F000181845EB010100F0BDFE174B2360022069
:1084000038BD023901291ED8002038BDFEF732FFE1
:108410000028F9D000F012FF2046FFF7FFFEEEE73C
:10842000AB79002BDDD100F01BFF2A8DAB699B1AC5
:10843000C5E904011818074A41F1000100F09AFE4D
:10844000064B2360DBE740F26B11B02002F042FAEA
:1084500090190020217F000011830000317F00006F
:10846000032910B506D801290AD840F21711B02007
:1084700002F030FA0429F8D10446FEF7FBFE08B9F1
:10848000002010BD2046FFF7C9FE022010BD00BF2E
:10849000042970B5044612D00CD905292CD1194EE7
:1084A000757905F0FD05012D14D040F23311B0208F
:1084B00002F010FA023901291ED8002070BDFEF723
:1084C000D9FE0028F9D000F0B9FE2046FFF7A6FE3D
:1084D000022070BDB0790028E7D1B3689847B3692E
:1084E000306A716A084AB571C01A61F1000100F082
:1084F00041FE064B2360EBE740F23B11B02002F057
:10850000E9F900BF90190020217F0000C18300001D
:10851000042970B504461FD019D905292FD1FFF7BA
:10852000A9FBF8B1184D0026E861C5E90B6600F01B
:10853000E1FDE869022383773146C3689847D5E9AE
:108540000801FFF74DFB114B2360022070BD02397B
:10855000012914D8002070BDFEF78CFE0028F9D048
:1085600000F06CFE00F07CFE06460D46FFF768FB4F
:108570002246034629463046FFF728FDE5E740F24C
:108580001721B02002F0A6F990190020A98100005F
:1085900010B5EFF3108472B60B4B0C4A1B681B68C6
:1085A00093420DD00A4A93420AD00A4A934207D016
:1085B00001F0B8F801F062FD01F0AAF800F03EFE0B
:1085C00004B962B610BD00BF90190020618400009C
:1085D00091840000C183000010B5054A054C02607B
:1085E00000232060637101F06BFD3230A06110BD8B
:1085F000618400009019002008B5074B074A1968EC
:108600000968914202D13230986108BD40F272216E
:10861000B02002F05FF900BF9019002061840000D3
:1086200010B5EFF3108472B6034B0421186805F0FF
:108630003CFF04B962B610BD9019002008B5064B86
:10864000DB6923B1BDE80840044A00F093BD40F265
:108650009321B02002F03EF990190020B17F000074
:1086600008B5064BDB691BB1BDE8084000F0E6BD6C
:1086700040F29921B02002F02DF900BF901900209E
:1086800008B5054BDA690AB1D86208BD40F29F21EE
:10869000B02002F01FF900BF9019002008B5054B6B
:1086A000DA690AB1186308BD40F2A521B02002F0D2
:1086B00011F900BF90190020044B1B6B03B1184740
:1086C00010B540F2AB21B02002F004F9901900205F
:1086D000044BDB6A03B1184710B540F2B121B0205A
:1086E00002F0F8F890190020014BD869704700BFDC
:1086F0009019002008B5054BDA6912B1D3E90801D9
:1087000008BD4FF42F71B02002F0E4F8901900205A
:10871000024B323158719A601985704790190020C8
:10872000044A537903F0FD03012B0CBF108D002088
:10873000704700BF90190020054B1B681BB1D3E99F
:1087400008200521104710B57621452002F0C2F817
:10875000C8190020054B1B681BB1D3E90820042170
:10876000104710B57021452002F0B4F8C819002058
:108770002DE9F0412A4E2B4A06F10803C31ADB10FB
:1087800002FB03F305460F46DBB206EB43045A0037
:1087900094F80835C9B93368ABBBD6F84835B3BBD4
:1087A00006F5A163134430601F48C6F84835FFF74B
:1087B00067FF1E48FFF772FFD6F848355BB3FEF738
:1087C0006BFF94F8093580462BB9D5E90830394656
:1087D000BDE8F0411847FEF733FD18F12008A8EB7B
:1087E0000000C6F84C0500F08BFD0028FBD0104BB4
:1087F0000022C3F8A8253946C3F8AC25D5E90830CE
:10880000BDE8F04118478E21452002F063F88F2122
:10881000452002F05FF84FF4F671452002F05AF857
:10882000C8190020CDCCCCCC55870000398700007A
:1088300000F00140FFF724BFFFF730BF044B0021D9
:10884000402203F5A1601960C3F8481502F032BB5D
:10885000C8190020FEF7E4BC704700BF08B5084BFC
:108860001A684AB1002107481960C3F84815D0605A
:10887000BDE80840FEF7BEBDC121452002F02AF840
:10888000C8190020718700001F280AD8064B03EB87
:10889000400393F8082522B1002283F8082501201F
:1088A00070470020704700BFC819002070B5002332
:1088B000114C0D4602E00133202B19D004EB430C80
:1088C0009CF8082502F0FF01002AF4D1DEB2FF2255
:1088D0008CF8082503EB830304EBC304C4E90A0501
:1088E0000648202200EBC30002F0E4FA304670BDD7
:1088F0001E46304670BD00BFC8190020D0190020A8
:108900001F2812D810B40A4B03EB400494F8084512
:1089100044B100EB800003EBC003C3E90A1201205D
:1089200010BC7047002010BC70470020704700BF8B
:10893000C819002030B50A7887B00023CDE900338C
:10894000CDE90233CDE904330D460446002A3ED179
:10895000D1E90401203841F1FF316B7A9DF81520EF
:108960000191C3F340035B0022F0030243F00103D3
:1089700013438DF815306B68174A297A8DF8141057
:1089800020330293154B039353680090C3F30803FD
:108990008BB1103B5BB2002B13DB03F1604303F59B
:1089A000614393F800335B092BB969462046FEF713
:1089B000C5FC07B030BD69462046FEF79DFC07B0F8
:1089C00030BD03F00F031A44137D5B09ECE7FEF79B
:1089D00027FC2B690493C0E700ED00E071870000DD
:1089E0001F285CD830B5044687B0344A02EB4002F9
:1089F00092F8083513B9002007B030BD4B7A0D4608
:108A0000C3F3800181F0010182F809150022CDE94C
:108A10000022CDE90222CDE904222A78002A46D19B
:108A200028696969203841F1FF319DF815200191CD
:108A3000C3F340035B0022F0030243F0010313433E
:108A40008DF815306B681E4A297A8DF81410203382
:108A500002931C4B039353680090C3F30803A3B124
:108A6000103B5BB2002B1CDB03F1604303F5614359
:108A700093F800335B0943B9134804EB8404694657
:108A800000EBC400FEF75AFCB6E70F4804EB840481
:108A9000694600EBC400FEF72FFC07B030BD002094
:108AA000704703F00F031A44137D5B09E3E7FEF7F9
:108AB000B7FB2B6904936B7AB7E700BFC819002096
:108AC00000ED00E071870000D01900200D4A5368C6
:108AD000C3F308036BB1103B5BB2002B0BDB03F15C
:108AE000604303F5614393F800335B090BB9FEF76C
:108AF00011BDFEF79DBC03F00F031A44137D5B0903
:108B0000F4E700BF00ED00E0124A5368C3F3080326
:108B100093B1103B5BB2002B15DB03F1604303F50F
:108B2000614393F800335B0933B90B4B00EB8000D2
:108B300003EBC000FEF7EEBC074B00EB800003EB3D
:108B4000C000FEF775BC03F00F031A44137D5B09E8
:108B5000EAE700BF00ED00E0D019002010B5027870
:108B600086B0FAB9D0E90431044640680592203B4A
:108B700000F1200041F1FF3100930290237A8DF83B
:108B800014306846CDE903220191FEF795FDDDE939
:108B9000003220334FF0010042F10002C4E90432F8
:108BA00006B010BD4FF4AA71452001F093FE00BF3E
:108BB0000C4BD3F8483510B573B10446FEF76CFD85
:108BC00020344FF0000343F10003201843EB010170
:108BD000FEF728FB012010BD4FF4F671452001F08F
:108BE00079FE00BFC819002008B54FF4BA714520BE
:108BF00001F070FE10B50B4C0A46D4F8481559B177
:108C0000034619462068FEF7E3FC08B9022010BDB0
:108C1000FEF714FB002010BD40F27911452001F051
:108C200059FE00BFC819002010B51D4C6368C3F37E
:108C3000080386B053B3103B5BB2002B0A4628DB17
:108C400003F1604303F5614393F800335B09EBB92B
:108C50001169547A203900915169CDE90433C4F384
:108C600040045368127A8DF8142041F1FF310D4A07
:108C700001916400203344F001046946CDE90232D9
:108C80008DF81540FEF7FAFC06B010BD002006B0C6
:108C900010BD03F00F031C44237D5B09D7E700BF21
:108CA00000ED00E0718700001F2805D8244B03EB7E
:108CB000400393F808350BB9002070470A46214954
:108CC0004B68C3F30803002BF6D0103B5BB2002BBC
:108CD0002FDB03F1604303F5614393F800335B0935
:108CE000002BE9D110B5D2E9044186B0CDE90433B7
:108CF00092F809C0144B00EB8000203C03EBC0004D
:108D0000CCF3400C5368127A8DF8142041F1FF31F6
:108D10000E4A01914FEA4C0C4CF0010C203369468D
:108D2000CDE9023200948DF815C0FEF7A7FC06B01D
:108D300010BD03F00F0319440B7D5B09D0E700BFA2
:108D4000C819002000ED00E0D01900207187000054
:108D5000044BD3F8482512B11868FEF7ABBC0220CB
:108D6000704700BFC8190020024B01461868FEF783
:108D7000E3BB00BFC8190020FEF76EBB1F2808B573
:108D80000ED80C4B03EB400292F808256AB1083369
:108D900000EB800003EBC000BDE80840FEF75CBBC1
:108DA00040F2E511452001F095FD4FF4F3714520A7
:108DB00001F090FDC819002008B5074BD3F84835DD
:108DC0002BB1FEF769FC203041F1000108BD4FF4E2
:108DD000F671452001F07EFDC8190020014BD3F843
:108DE0004C057047C8190020FEF72EBA704700BF27
:108DF000FEF728BAFEF72ABAFEF72ABA08B5FFF737
:108E000087FC002008BD00BF00F0AABC10B50C789C
:108E100086B064BB0492D1E904320594203B164C21
:108E2000009342F1FF324B7A019200EB800E04EB8B
:108E300040020834C3F3400C04EBCE00C3F38003BC
:108E40004C68097A8DF8141083F001030B4982F8FD
:108E5000093520344FF00002CDE902416CF34102A4
:108E600069468DF81520FEF747FA06B010BD40F2AE
:108E70003121452001F02EFDC81900207187000026
:108E800070B4EFF3108672B617490D78ADB1174B79
:108E9000D3F80445D3F848314FF6FF7294421FD0FF
:108EA000E3B147F6FE739C4218D84B68013306B90C
:108EB00062B6C0E9004370BC70470C4AD2F8044562
:108EC000D2F8043153B14B6801334B60C2F80451FE
:108ED000D2F80445D2F80431002BF4D14B68E6E710
:108EE000002BFBD11C46F9E7181F002000B0004002
:108EF00010B50A4C002222742277094B094801213F
:108F00005960C3F84025C3F840214FF4002219618D
:108F1000C0F8082501F0EAFE206210BD181F0020ED
:108F20000080004000F001403749384BF0B44D6AF2
:108F3000374C002201204A6058609860C3F808430B
:108F4000C3F84843C3F80421C3F84021C3F84421BF
:108F5000C3F84821002D55D02E4C2F4EC4F8A865DB
:108F60002E4AC4F8AC55C4F85C394FF40023C4F859
:108F700004350523C2F840351060D2F84031002B8B
:108F8000FBD02448002301244FF40025C0F80855E5
:108F90005460D460C2F84031C2F84035C0F8A835FA
:108FA000C0F8AC35C0F8AC350B7833B391F8284035
:108FB000184816491A4E1B4DE30003F1804303F590
:108FC000F8330122A2404FF6FF774FF48024C0F817
:108FD0000825C1F84443C1F84875C1F80443C3F8F3
:108FE0001065C3F81455C0F804250F4B4FF4006208
:108FF000C3F88021F0BC1A607047044B0222C3F80A
:109000000423F2E71860CFE7181F002000B00040EB
:109010000200070000F00140408100400080004055
:1090200048B1004008B0004000E100E00D4B0E4A9E
:1090300030B4012000210D4C58604FF40025C3F8D6
:109040004015C3F840114FF480711861C4F80855F9
:10905000C2F88011C2F88010BFF34F8FBFF36F8F3B
:1090600030BC70470080004000E100E000F00140AB
:1090700030B41B4A1B4C1C4D1C480023012163606B
:1090800051609160C2F80853C2F84853C2F80431E5
:10909000C2F84031C2F84431C2F848312278C0F8F1
:1090A000A835C0F8AC3572B194F828209140D200B0
:1090B00002F1804202F5F832C2F81035C2F81435D8
:1090C000C0F8081523700A4B4FF40062C3F88021E2
:1090D000C3F88020BFF34F8FBFF36F8F30BC704752
:1090E00000B00040181F00200200070000F00140FF
:1090F00000E100E0044B4FF080411A6A0123C1F8FF
:1091000008351360704700BF181F002010B4144CBE
:109110001449154A0023C4F8A8350120C4F8AC3519
:109120004FF0FF3448600861C1F808430F48916868
:109130004FF48074C0F8804141B10D494FF4803044
:10914000C1F808031374C1F840319360126A10BC6F
:109150004FF080410023C1F808351360704700BF0D
:1091600000F0014000800040181F002000E100E0F6
:1091700000B0004070B52E4CA36888B0002B51D1D0
:109180000DF10B03009304ABA26003AA01F040F8B9
:109190009DF80B300F2B06D9DDE90432013342F183
:1091A0000002CDE9043206A8FFF76AFE069B267886
:1091B000079800220533DDE9041542F10002B6B933
:1091C0004FF08076E0FB0632994275EB020220D325
:1091D0000B0E43EA052321F07F41164A4FF48030FD
:1091E000C2F84015E360C2F8040308B070BD4FF444
:1091F0008036E0FB0632994275EB020209D30B0C74
:109200004FF6FF7289B243EA0543002908BF1146B1
:10921000E3E7FF232374084B4FF40062C3F80021F7
:1092200008B070BD40F26121052001F053FB00BF82
:10923000181F002000B0004000E100E0064B9A68D3
:109240004AB106494FF48032C1F8082300221A744B
:10925000C1F840219A607047181F002000B00040FC
:1092600038B5EFF3108572B621490C78BCB1214BAB
:10927000D3F80405D3F848314FF6FF7290422ED050
:109280005BB347F6FE73984227D84C680134CDB1E2
:1092900000F07AFF184D0021E4FB050138BD154AA6
:1092A000D2F80405D2F8043153B14B6801334B6056
:1092B000C2F80441D2F80405D2F80431002BF4D1ED
:1092C0004C681DB962B60B78002BE1D10B4D00F054
:1092D0005BFF0021E4FB050138BD4C68D7E7002B9C
:1092E000FBD14C680DB92846ECE7034D1846EEE774
:1092F000181F002000B0004080841E000080841EE3
:1093000070B5EFF3108672B6224C217891B1224BE2
:10931000D3F80405D3F848314FF6FF72904230D0AD
:109320006BB347F6FE73984229D865680135A6B13C
:109330001A4E17E0184AD2F80405D2F8043153B196
:10934000636801336360C2F80411D2F80405D2F8EF
:109350000431002BF4D165681EB962B62378002B66
:10936000E6D10F4E00F010FFD4E90C120023E5FB0C
:109370000603884293412CBF0120002070BD656820
:10938000D5E7002BFBD165680EB93046E5E7034E03
:109390001846E7E7181F002000B0004080841E0038
:1093A0000080841E194B1A4810B5012200214FF489
:1093B00000245A60C3F84015C3F840111A61C0F880
:1093C0000845D3F8040520F00300C3F80405D3F8DA
:1093D000080540F003001021C3F8080591FAA1F137
:1093E000B1FA81F109290CDC0A48C3F810154FF4D1
:1093F0008074DA60C0F8804104605A60DA601A60F4
:1094000010BD05484FF4737101F05AFA0080004016
:1094100000F0014000E100E0DC7B02002DE9F047B4
:10942000444D454E012100234FF4002284B0696071
:10943000C5F84035C5F840312961C6F80825D5F88A
:10944000042522F00302C5F80425D5F8082542F0CA
:109450000302C5F80825102292FAA2F2B2FA82F2AB
:10946000092A62DCC5F81025344ADFF8D480E960A7
:109470004FF48070C2F880011060324A6960E96080
:10948000C6F8A82598F80020C6F8AC5502A85AB32B
:10949000019304E00123C6F808A56B60EB60FFF7B9
:1094A000EFFCDDE90243DDF804904FF4002A4FF4AD
:1094B0008037C6F804A5E3FB0749FFF7E1FCDDE9C7
:1094C00002320199E2FB0731494508BFA342E1D1CD
:1094D000601C49F1000100F065FE02460B46C8E938
:1094E0000C2304B0BDE8F087019204E00123C6F824
:1094F00008A56B60EB60FFF7C3FCDDE90243DDF814
:1095000004904FF4002A4FF08077C6F804A5E3FBDF
:109510000749FFF7B5FCDDE902320199E2FB0731AB
:10952000894508BF9C42E1D1D2E707484FF47371E7
:1095300001F0C6F90080004000F0014000E100E0C9
:10954000181F002000B10040DC7B020010B5029C17
:10955000201841F10001801A61EB0301B0F1004FC6
:1095600071F1000100DA10BD40F23131052001F047
:10957000B1F900BF38B5EFF3108572B621490C7808
:10958000BCB1214BD3F80405D3F848314FF6FF7234
:1095900090422ED05BB347F6FE73984227D84C68B2
:1095A0000134CDB100F0F0FD184D0021E4FB0501C0
:1095B00038BD154AD2F80405D2F8043153B14B68CE
:1095C00001334B60C2F80441D2F80405D2F80431EB
:1095D000002BF4D14C681DB962B60B78002BE1D199
:1095E0000B4D00F0D1FD0021E4FB050138BD4C68B6
:1095F000D7E7002BFBD14C680DB92846ECE7034DAB
:109600001846EEE7181F002000B0004080841E00BE
:109610000080841E014B5861704700BF181F002056
:10962000F0B5304C636989B0002B55D0EFF310854D
:1096300072B60DF10B03009303AA04AB00F0E8FD32
:109640009DF80B300F2B06D9DDE90432013342F1CE
:109650000002CDE9043206A8FFF712FC069B27782A
:10966000079E05334FF00002DDE9041042F10002CD
:10967000C7B94FF08077E6FB0732994270EB0202E0
:1096800022D30B0E43EA002321F07F41164AA36147
:109690004FF40033C2F84415C2F8043305B962B67A
:1096A00009B0F0BD4FF48037E6FB0732994270EB0A
:1096B000020209D30B0C4FF6FF7289B243EA004352
:1096C000002908BF1146E1E7FF232377074B4FF43A
:1096D0000062C3F80021E1E740F24131052001F0CA
:1096E000F9F800BF181F002000B0004000E100E0C2
:1096F000014B1878704700BF181F0020024B012251
:109700001A7083F828007047181F0020704700BFA8
:10971000704700BF024B0122C3F84423704700BFCB
:1097200000B00040024B0122C3F84823704700BF3D
:1097300000B0004008B500F0A7FC30B9074A936BB1
:109740000133312B936304D808BD044B00229A6384
:1097500008BD4FF46271052001F0BCF8181F00200D
:10976000014B5862704700BF181F002010B53F4CD6
:10977000237882B0002B55D03D4BD3F804235203FD
:109780005BD43B4BE168D3F80423D00334D5D3F842
:109790004031002B30D0636899425DD80023237498
:1097A000334AA168C2F840314FF48030C2F8080350
:1097B000002955D0A36088472D4BA169D3F8042315
:1097C000920324D5D3F844310BB363688B423FD363
:1097D00000222277264B6169C3F844214FF4003000
:1097E000C3F8080300293BD08847214BD3F8403108
:1097F0000193019B02B010BD6268237C002BCDD188
:109800009142D9D91A4B0022C3F84021D4E76268AB
:10981000237F002BDCD18A42E7D2154B0022C3F80C
:109820004421E2E7124AD2F804110029A9D0C2F873
:109830000431636801336360A3E7D3F84821002A49
:109840009FD00022C3F8482163680133636098E722
:10985000237F002BE1D0BBE7237C002BD2D09DE7F8
:1098600040F2CA31052001F035F800BF181F002072
:1098700000B00040014B187D704700BF4018002029
:10988000042810B511D883B104280CBF1024282453
:10989000A1420AD2064C54F8200018B141568A421F
:1098A000A8BF0A461A70002010BD6FF01500FBE734
:1098B0004018002030B50346114890F91C209A4208
:1098C00019DD90F924209A4217DA9A1A846AA05C6A
:1098D0000C4A15569D420DD00E32002918BF01309A
:1098E0009442C0B206D129B1013BDBB2012B01D8B1
:1098F0000130C0B230BD0D20FCE70020FAE700BF08
:1099000040180020E472020008B5054B93F91C30A2
:10991000984203DAFFF7CEFF024B1B56184608BDEC
:1099200040180020E472020008B5184B93F82C2070
:10993000FAB9012283F82C20154A1268A2F1080016
:10994000082803D813490141C90709D5911F0929DE
:1099500010D9013212D04FF4DF71742000F0BAFF39
:109960000D4A9A62D8221A6283F8242008229A614A
:109970001A7708BD094A0A41D207ECD4084A9A620C
:10998000D8221A6283F824200422F0E7401800202D
:1099900018190020DEFEFFFF1F730200EEFCFFFF20
:1099A000F272020010F0FF0008B508D14FF08043BA
:1099B00001225A60C3F80001034B187008BD8421CE
:1099C000B52000F087FF00BF6D180020014B012279
:1099D0001A7070476D18002008B548B94FF08043E1
:1099E000D3F8003113B9044B187808BD0120FCE707
:1099F000D021B52000F06EFF6D180020044B1868D0
:109A0000062818BFB0F1FF3F0CBF012000207047AF
:109A10001819002008B5094B1A680A2A02D1084B08
:109A20001B6823B1FFF7EAFF08B9082A04D14FF0F9
:109A300080430222C3F8342C08BD00BF181900204F
:109A40001C190020F8B50F4E0127375404460D4667
:109A500004F01CFC60B934B94FF08043B7707560F6
:109A6000C3F80473F8BD4FF494716D2000F032FF19
:109A7000002DF7D01CB92046A8477460F2E740F2E9
:109A80004311F2E770180020044B191800228A7065
:109A900003EB80011A544A60704700BF7018002021
:109AA00010B5034CA08100F045FCE08110BD00BF63
:109AB00070180020014B188A704700BF70180020F2
:109AC000014B9889704700BF7018002010B5EFF364
:109AD000108472B6064B03449A7C0132D2B29A7457
:109AE0009B7C012B01D104F0C5FB04B962B610BD0B
:109AF0007018002010B504F0F1FB04F0C7FB4FF024
:109B00008044084940B1FFF785FF01232361042306
:109B10000B7500234B7510BD03230B750123C4F88F
:109B20000433F6E77018002010B5EFF3108472B616
:109B3000094B03449A7C22B940F267216D2000F062
:109B4000C9FE9A7C013AD2B29A749B7C0BB9FFF79A
:109B500029FF04B962B610BD70180020024B187DB1
:109B6000003818BF012070477018002073B51B4DD6
:109B7000EB7D63B9686A00F0030004F09FFB30B12D
:109B8000EFF3108372B62A7D1AB103B962B602B040
:109B900070BD01222A7503B962B64FF080430822D6
:109BA000C3F808234FF42073ADF80630BDF8064023
:109BB000A4B2631E9BB2ADF80630002CF6D14FF074
:109BC00080460748C6F80C4104F0AAFC85F82940F5
:109BD000FFF790FF0823C6F80433D8E77018002079
:109BE000981800202DE9F347484CA37D002B00F086
:109BF0008A800323ADF804304FF08043D3F800513E
:109C0000F5B9D3F80481B8F1000F09D04FF08043C3
:109C10000022C3F804210222C3F80823FFF7A6FF9D
:109C200094F829603A484FF08047F6B2D7F80C8193
:109C300004F07AFC48B340F253316D2000F04AFE44
:109C400000258DF804500122D3F80481C3F80823BD
:109C50000DF10409271DA61C19F8010B03280AD0D1
:109C6000337843B13B684FF0000A86F800A013B187
:109C70009847C7F800A06B1C022B07F1040706F1F8
:109C800001064FF00105E7D1BDE745B1237D032B68
:109C900005D104232375FFF7BDFE01233B61B8F115
:109CA000000F1FD04FF080430022C3F80C21237D0A
:109CB000042B02D040F27931BFE7164B1A680A2A0A
:109CC00002D1154B1B6823B1FFF798FE08B9082A8B
:109CD00004D14FF080430022C3F8342C02232375B3
:109CE00004F0FFFA4EB1002384F82930237D022BC3
:109CF00001D1FFF7FFFE04F0F4FA054802B0BDE819
:109D0000F04704F020BC02B0BDE8F08770180020D6
:109D100098180020181900201C19002010B5054CB7
:109D2000606A00F0030004F0C9FA0028F8D00020AF
:109D300010BD00BF70180020F8B5054650B102787C
:109D4000042A07D8437842B9013B1F2B02D88378F5
:109D5000212B07D96FF0150076E0002BFAD183781C
:109D6000002BF7D17B4B0127C3F88070BFF34F8FD7
:109D7000BFF36F8F4FF08046C3F88071764C0B2392
:109D8000C6F808330023C6F80031C6F80431C6F817
:109D90000C31A374E374AB88238204F07AFA08B11F
:109DA0002770A774D6F80C24D6F80C34D20303D548
:109DB000DF0701D5FFF70AFE4FF4AF60FFF770FE33
:109DC0002B78A978E3750022626221766275042BF4
:109DD0004DD8DFE803F005033A484A0001236362E7
:109DE00004F05EFA00284DD004F061FA636A03F0D3
:109DF0000303984246D1AB79002B3DD1FFF78EFF8C
:109E0000237E6BB12B785BB904F040FA054600F075
:109E1000B9FE6FF00043002D00F09980C4E90703FC
:109E20004FF08043D3F80C24D3F80C34D20303D57D
:109E3000DB0701D5FFF7CAFD464A01230020207544
:109E4000A375C2F880311360F8BD04F047FA4FF0F3
:109E50008043D3F80C14D3F80C24CE03F9D5D007E3
:109E6000F7D50223BBE73D4BB9E73D4BB7E740F2DF
:109E70002E516D2000F02EFD4FF080430222C3F8DA
:109E80000423BDE74FF080430122DA600022C3F8CB
:109E90000421626AC3F81825324A1368A3F10E013F
:109EA000012904D90A2B02D0FFF7A8FD48B14FF0D1
:109EB00080534FF08041D3F84432C3F34233C1F8AA
:109EC0003C351368A3F10E02012A04D90A2B02D0F3
:109ED000FFF794FD20B14FF080430122C3F84C25D9
:109EE0004FF0804301229A600222C3F80423AA792A
:109EF000002A85D1D3F80423910702D440F2E1412E
:109F0000B7E7194A1669116941F010011161D3F8D8
:109F1000043106F010060BB904F022FB4FF0804725
:109F2000D7F8043183B1FFF7F9FE26B90E4A136959
:109F300023F0100313614FF080430222C3F808237B
:109F40000022C3F804215BE704F008FBE8E7C4E95A
:109F5000073065E700E100E0701800200100020012
:109F6000010003001819002000ED00E010B50D4CB1
:109F700004F1280004F0D8FA48B9237D022B01D15E
:109F8000FFF7B8FDBDE81040074804F0DCBA074A07
:109F9000012384F82930BDE81040C2F8003104F0F4
:109FA0009DB900BF701800209818002000E100E063
:109FB00038B50C4B0C46197919B18D216F2000F082
:109FC00089FC60B95D790DB1002038BD01225A715C
:109FD000FFF77CFD21462846FFF734FDF4E76FF0DC
:109FE0001500F2E79C18002038B50B4D2B7904467C
:109FF0001BB1A4216F2000F06DFC50B96B790BB937
:10A00000002038BDFFF740FD20466C71FFF78CFD46
:10A01000F6E76FF01500F4E79C18002010B501B3C7
:10A02000F0B14FF0FF33104A1C46E0FB013494427C
:10A0300003D9E5216F2000F04DFC1A0D42EA0432ED
:10A04000C3F30F10094B00EB02404FF22444B2FB64
:10A05000F4F103FB1100B0FBF4F040EA01400130E1
:10A0600010BD0846FCE700BF3F420F00000024F48B
:10A07000014B9B68184700BF9C180020014BDB6810
:10A08000184700BF9C180020014B1B69184700BFF0
:10A090009C180020014B1B6A184700BF9C18002029
:10A0A000014BDB69184700BF9C180020034B1A794D
:10A0B0000AB9FFF7FFBC988D704700BF9C180020BD
:10A0C000034B1A790AB9FFF7FBBC988A704700BFA7
:10A0D0009C180020024B1B790BB9FFF747BD704756
:10A0E0009C180020014B9B69184700BF9C1800205A
:10A0F00010B5144C2379A3B1636A9847002806DB96
:10A1000094F82E3023B1012384F83230002010BDA2
:10A11000FFF7E8FF0028F6DA40F2A5116F2000F003
:10A12000D9FB094BA361094BE361094B2362094B3E
:10A13000A360094BE360094B2361FFF7FDFD002895
:10A14000E1D0E4E79C1800201D9D00006D9F0000F9
:10A150005D9B0000DDE20000E3E20000E9E20000B8
:10A1600038B5084B1D79044625B140F2F9116F202E
:10A1700000F0B0FBFEF740FA2046FFF791FC2846BE
:10A1800038BD00BF9C18002043F60952C0F30803F5
:10A1900002FB03F3400A03F5807302FB00F000EBBF
:10A1A0005320704710B5C0F34E22C0F30804000ED0
:10A1B00040EA012043F60953090E03FB04F403FBB4
:10A1C00002F24FEA401E4B01BEEB000E43EAD063A1
:10A1D00004F5807402EB542263EB01044FEA841C03
:10A1E0004FEA8E13B3EB0E034CEA9E6C6CEB040C3F
:10A1F0004FEACC0C4CEA537CDB001B1841EB0C0102
:10A20000D803C903101841EA534141F1000110BDC0
:10A210002DE9F04180460C4617461E46FFF768FAC6
:10A22000D0B13D4B9C426FD83C493D484FEA585213
:10A2300042EAC422A1FB0243C8F34F149B0B04EB78
:10A24000024400FB1344A1FB0414A40B44EA03449E
:10A25000344B03FB148819E0334B9C4258D82F49E8
:10A260002F484FEA587242EAC402A1FB0243C8F3E6
:10A270004F349B0B04EB024400FB1344A1FB04147A
:10A28000A40B44EA0344294B03FB148848F23762C9
:10A290004FEA583302FB03F31B0C43F60952244DDB
:10A2A00002FB138101FB05F56D0D05FB02F205EBC9
:10A2B000432502F574530833B1EB532F21D802F52F
:10A2C0008072A1EB5221C9B2069B1970FFF710FAF8
:10A2D00058B123045D194FEA144444F10004C6E95F
:10A2E0000054C7F80080BDE8F08123065D194FEAED
:10A2F000142444F10004C6E90054C7F80080BDE806
:10A30000F08101350021DFE79D219B2000F0E2FA7A
:10A31000A6219B2000F0DEFA7F841E0083DE1B4313
:10A32000000024F480841E00FF7F841E0080841EB1
:10A330006F0C0100420B48F2376303FB02F2120C70
:10A3400043F6095C084B0CFB120101FB03F303F518
:10A3500086336E335B0D0CFB03FC5002B1EB5C2FBC
:10A3600088BF0130184470476F0C0100034610B3DA
:10A37000007888B91A79012A1ED85A79012A1BD87F
:10A380009A680E49643A8A4216D8D8680C4B9842AB
:10A390002CBF00200120704701280CD11A79012A16
:10A3A00009D85A79012A06D8DA680449643A8A42F7
:10A3B00001D89868EAE70020704700BF3C8601009A
:10A3C0000040420FF8B5044620B94FF4DC716A2012
:10A3D00000F080FA90F82C50072900F2FF80DFE8A7
:10A3E00001F004B65D5D8D97A1A890F82A30033B7B
:10A3F000012B02D940F2C311E9E7052380F82A3086
:10A40000002380F82D3003789BB32378012B3DD1B6
:10A41000FEF7D2FC94F8286063686362C4E9060121
:10A42000BEBB734B0122DA60C3F84065C3F84061DC
:10A43000C3F84465C3F84461C3F84865C3F848618C
:10A44000C3F84C65C3F84C616A4B4FF48072C3F893
:10A4500080213146204603F064FF236A31462846B6
:10A4600098470146204600F0F1F8022840F0B980F4
:10A47000F8BDFEF7EFF906460F46FEF79DFC1F36C6
:10A4800047F1000786428F41F3D3BEE7D4E90401C8
:10A49000C0E72046BDE8F84000F0AEB890F82A309A
:10A4A000DA1E012A02D940F2FB1190E790F8282029
:10A4B0002AB121462846BDE8F84003F018BF042B16
:10A4C00014BF01230223022980F82A30036A0AD12B
:10A4D0000521284698470028CAD00378002BC7D00A
:10A4E0004FF4047173E70621284698470028BFD02F
:10A4F0000378002BBCD040F2152168E790F82A3091
:10A50000052B02D04FF4077161E7036A0221A6E729
:10A5100090F82A30052B02D040F2222157E7036A37
:10A5200001219CE790F82A30052BB2D04FF40A7134
:10A530004DE790F82A30052B02D040F22D2146E756
:10A54000036A0A21284698474FF40C713FE790F8B8
:10A550002A30052B07D090F829200AB1032B02D00E
:10A560004FF40D7133E794F82820002AA1D194F814
:10A570002D3093B1022384F82A3084F82D20236AE9
:10A5800008212846984700283FF472AF0378002B33
:10A590003FF46EAF4FF4107119E794F8292062B1BF
:10A5A00094F82B0084F829302146FEF719FA002888
:10A5B0007FF45EAF40F2452109E7022384F82A3098
:10A5C0000721236A2846984700283FF451AF0378B3
:10A5D000002B3FF44DAF4FF41371F8E640F25121D8
:10A5E000F5E60128236A0CBF0421032137E700BFE9
:10A5F0000080004000E100E070B50446FEF72AF953
:10A60000D4E90632656A503342F100025B1942F127
:10A61000000205F5DF6540F2F966B5FBF6F55B195A
:10A6200042F1000283428A4103D207212046FFF70C
:10A63000C9FE054C236813B1984700232360BDE889
:10A640007040FEF70BB900BFD018002070B504466B
:10A650000D4639B9012380F82D30FFF7CDFF0226D2
:10A66000304670BD0E78032E6AD801A353F826F049
:10A670005FA6000081A60000E3A600009FA60000E0
:10A680004868C72801D80026EAE70421FEF7B2FA95
:10A690000028F8D16968204603F043FEE0E790F80F
:10A6A0002860F6B94D682846FFF760FE002847D0BD
:10A6B0002B78C3B9012222702B79003B18BF0123EC
:10A6C00063726B79002B14BF042302232372AB68DF
:10A6D0006F336360EB682361032384F82A3084F8C6
:10A6E00029202046B9E794F82A30052B04D04FF4EE
:10A6F000CF716A2000F0EEF826702B7994F82B00C9
:10A70000003B18BF012363726B79002B14BF042335
:10A7100002232372EB68A9686F336360D4E90632C1
:10A720005B1842EBE172C4E90432042384F82A3056
:10A730002146FEF755F90028D3D14FF4D071D8E760
:10A74000012384F82D30CCE72DE9F84388460746ED
:10A7500088B300F035F84FF0000905465FFA89F636
:10A76000B54203D86FF00B00BDE8F883304600F027
:10A770002DF890F82A4009F10109002CEED130465D
:10A7800000F024F80546048580F82A4080F82C6003
:10A7900001460A48FEF78AF8202885F82B0002D1E6
:10A7A0006FF02200E0E701232F6285F82A3020466F
:10A7B00088F80060D8E76FF01500D5E7C5A3000062
:10A7C000014B1879704700BFD4180020044B1A7948
:10A7D000824283BF1B68302202FB0030002070479A
:10A7E000D41800200A4610F0030110B50AD1074C16
:10A7F0002271206008B9002010BD30235A4300F0B8
:10A8000059FBF8E76FF00D00F6E700BFD418002001
:10A81000BFF34F8F0549064BCA6802F4E062134349
:10A82000CB60BFF34F8F00BFFDE700BF00ED00E03E
:10A830000400FA05094B01225A604FF0FF32C3F8B9
:10A840000823074B4FF48042C3F88020BFF34F8F9B
:10A85000BFF36F8FC3F88021704700BF00E0004056
:10A8600000E100E0094B01225A604FF0FF32C3F8CB
:10A870000823074B4FF48052C3F88020BFF34F8F5B
:10A88000BFF36F8FC3F88021704700BF00C0004046
:10A8900000E100E0084B0022C3F8FC2F0122C3F8BE
:10A8A000FC2F064B0222C3F88020BFF34F8FBFF36B
:10A8B0006F8FC3F8802170470010004000E100E076
:10A8C00008B572B6024B5B6803B19847FFF7A0FF6B
:10A8D000DC1800201FB572B6134B5D6895B9FFF701
:10A8E00097FF2346B2FBF6F25C1C002AF9D104AEB6
:10A8F000DCB256FA83F303F80C2C0A2234B901A80F
:10A90000A847ECE7024600230A26EDE7631E04AEE3
:10A91000DCB256FA83F3B0FBF2F602FB16003030DD
:10A9200003F80C0C3046E9E7DC180020F8B51F4EA0
:10A93000337805460C461746A3BB00F0CBF9FEF76B
:10A94000F3FF77603472FFF7A5FFFFF78BFFFFF788
:10A9500071FF174B002D14BF28461846FFF7C8FBA0
:10A960000546E8B9FDF76AFFFFF7B4FB03F0F0FC1A
:10A97000FCF738FC18B9BE211120FFF7ABFF002C03
:10A980000CDB04F01F026409A40004F1604404F528
:10A99000614401239340C4F8803123600123337064
:10A9A0002846F8BD4FF0FF35FAE700BFDC1800205D
:10A9B00050730200074B93F90830002B09DB5A094A
:10A9C000012103F01F03994002F14003024A42F8BB
:10A9D00023107047DC18002000E100E0014B1878DC
:10A9E000704700BFDC1800202DE9F047DFF8CC905D
:10A9F000334C344D344F82B00246012699F8008022
:10AA00005FFA88F8FF2389F80030B8F1000F01D011
:10AA100089F80130EFF3108172B600236660C4F844
:10AA20000031C4F80431C4F80425266039B962B68F
:10AA300005E0D4F8043133B92B69DB0621D4D4F80E
:10AA40000031002BF5D0D4F80431002BE2D1B8F15D
:10AA5000000F13D199F80130DBB289F8018003208F
:10AA60004FF48041C4F80803C4F80481C4F800819D
:10AA7000C7F8801189F80080002BBFD102B0BDE873
:10AA8000F0874FF48043C7F88031EFF3108A72B635
:10AA90000323C4F80433D4F8003113B9D4F80431D3
:10AAA0001BB1BAF1000FCAD1C1E7019203F056FD04
:10AAB000019ABAF1000FC2D1B9E700BFE81800202F
:10AAC00000E0004000ED00E000E100E070B5144659
:10AAD000DA078CB01D4686468C4633D5C36842687B
:10AAE0001BBA0093CB681BBA049383681BBA01930B
:10AAF00003681BBA03938B6812BA1BBA02920593C0
:10AB00004A680B6812BA1BBA6E4606920793304623
:10AB1000FFF76AFFAB070DD5DDE90A10DDE9083262
:10AB200000BA09BA12BA1BBA20606160A260E36081
:10AB30000CB070BD08AD0FCD20606160A260E36015
:10AB40000CB070BDDEF80410DEF80820DEF80C3022
:10AB50000068EE46AEE80F00DCF80000DCF80410F8
:10AB6000DCF80820DCF80C306E46AEE80F00CEE7CB
:10AB700010B5002482B0CDE90044FFF7A7FF02B072
:10AB800010BD00BF1A4B4FF4805270B5C3F880203F
:10AB9000BFF34F8FBFF36F8F164C174D0021C4F8D2
:10ABA0000011C3F880212E692B6943F010032B613B
:10ABB0000123C4F8043306F010062360D4F80031F2
:10ABC0009BB11EB92B6923F010032B610123D4F82C
:10ABD00008056360C4F808330023C4F80031044B4F
:10ABE0004FF48052C3F8802170BD03F0B7FCE5E755
:10ABF00000E100E000C0004000ED00E00B4938B586
:10AC0000042301EBC302157905F0FF042DB1013BCC
:10AC1000F7D240216920FFF75DFE41F833000121A2
:10AC2000547194711171D8B238BD00BFEC18002076
:10AC3000042808B503D947216920FFF74BFE034BD1
:10AC400003EBC00300221A7108BD00BFEC180020FE
:10AC5000042808B503D950216920FFF73BFE094BB2
:10AC600003EBC0000379012B01D05121F4E74379B4
:10AC700082790133DBB29A4218BF4371BDE80840C4
:10AC8000FFF798BEEC18002038B5114D052495F853
:10AC9000281005EBC1031A79012A09D158799A794C
:10ACA000904205D05A79D2B29A7155F8313098470E
:10ACB00095F828300133DBB2052B04F1FF3428BFAF
:10ACC000002314F0FF0485F82830E0D138BD00BF20
:10ACD000EC1800204FF08052034BD2F8301119606D
:10ACE000D2F834215A60704718190020084B1B68AD
:10ACF000083B082B0AD840F2211222FA03F313F082
:10AD0000010F044B044818BF1846704702487047AB
:10AD10001819002000E701400C050040144B1B6887
:10AD2000062B03D0013301D020BF7047EFF3108012
:10AD300072B6104A1369116941F0100111610E4990
:10AD4000D1F80021D1F804110A4303F0100300D018
:10AD500040BF20BF00BF00BF00BF00BF23B9054AEE
:10AD6000136923F01003136100B962B6704700BF86
:10AD70001819002000ED00E000E100E0914270B5FC
:10AD80003FD2B2FA82F33BB1C3F1200420FA04F4BB
:10AD90009940214398409A40150CB1FBF5FC05FB06
:10ADA0001C1E4FEA0E4E030C84B20EEB10401FFA2D
:10ADB00082FE0CFB0EF6864206D9361A964294BFE6
:10ADC00001260226ACEB060C03EB01430CFB12330D
:10ADD000B3FBF5F005FB103304EB034400FB0EFE60
:10ADE000A6454FEA0C4C09D9AEEB040E964594BF2C
:10ADF0004FF0010E4FF0020EA0EB0E0040EA0C00E7
:10AE000070BD73219620FFF765FD00BF2DE9F84363
:10AE10001C4652EA040349D0074615460E4684B93B
:10AE2000914204D2FFF7AAFF2146BDE8F8832146EC
:10AE30003046FFF7A3FF04462A46384604FB156157
:10AE4000F0E74FF00108B4FA84F908FA09F3A3FB1C
:10AE5000021220FA08F003FB042240EAC67026FA28
:10AE600008F1FFF78BFFC9F11F0230FA02F34FF030
:10AE7000000C08D140461946AF42A6413CBF1846D7
:10AE80006146BDE8F8835A1E61466CEB0C0C05FB6D
:10AE90000CFE02FB04EE18461346A5FB0228BA1A64
:10AEA0000EEB080766EB07061746E5E7A621962096
:10AEB000FFF710FD10F0030FC9B2034607D0BAB375
:10AEC00003F8011B13F0030F02F1FF32F7D170B545
:10AED000032A01EB012404EB04441ED9161FB50814
:10AEE000032E05F1010521D94FEA550E03EBCE0ED5
:10AEF0009C46CCE900440CF1080CF445F9D115F05E
:10AF0000010F04D025F0010503EB85052C6026F028
:10AF100003060433334402F0030232B1012A1970EC
:10AF200003D0022A597018BF997070BD1D46EDE715
:10AF3000704700BF844641EA000313F003037DD14C
:10AF4000403A51D3F0B4F0C9F0C0F0C9F0C0F0C934
:10AF5000F0C0F0C9F0C0403AF5D2F0BC44E0403A4D
:10AF600042D300BF51F8043B40F8043B51F8043B86
:10AF700040F8043B51F8043B40F8043B51F8043BD3
:10AF800040F8043B51F8043B40F8043B51F8043BC3
:10AF900040F8043B51F8043B40F8043B51F8043BB3
:10AFA00040F8043B51F8043B40F8043B51F8043BA3
:10AFB00040F8043B51F8043B40F8043B51F8043B93
:10AFC00040F8043B51F8043B40F8043B51F8043B83
:10AFD00040F8043B51F8043B40F8043B51F8043B73
:10AFE00040F8043B403ABDD2303211D351F8043B13
:10AFF00040F8043B51F8043B40F8043B51F8043B53
:10B0000040F8043B51F8043B40F8043B103AEDD2C1
:10B010000C3205D351F8043B40F8043B043AF9D212
:10B02000043208D0D2071CBF11F8013B00F8013BE5
:10B0300001D30B8803806046704700BF082A14D3F1
:10B040008B078CD010F0030389D0C3F10403D21A0C
:10B05000DB071CBF11F8013B00F8013BFFF47FAF99
:10B0600031F8023B20F8023B79E7043AD8D3013AA1
:10B0700011F8013B00F8013BF9D20B7803704B78D3
:10B0800043708B7883706046704700BF53B94AB9EC
:10B09000002908BF00281CBF4FF0FF314FF0FF30E0
:10B0A00000F00CB8ADF1080C6DE904CE03F084FAA1
:10B0B000DDF804E0DDE9022304B07047704700BF0B
:10B0C000F6F788BF01F08CBA01F08DBA1FB50146C2
:10B0D00001A800F006F801A801F054FE05B05DF8E3
:10B0E00004FB0B88C3F30B0383804B88C3800023CE
:10B0F00043724B78C3F30113012B03D09A1E5342C2
:10B1000053415B00043103720160704710B58B88B6
:10B110000370437803F0F00343708A88C2F303227C
:10B1200013434370CA888270CA8803F0CF03120A9F
:10B130004370C2700A7A120102F03002134303F026
:10B140003F0343704A7A43EA821343700C4609680E
:10B150000430814205D0E288FB2A28BFFB22FFF79A
:10B16000E9FEE0880430C0B210BD70B50B78192B31
:10B1700005460C4612D8CBB1013B182B16D8DFE898
:10B1800003F01A2615999FA5ABB1B5B7C7CD151514
:10B19000152ABBC1D1D7DDE3E9EFF500822B4FF0D3
:10B1A000FF0200F0E980832B00F0EA8040F2672183
:10B1B000C720F5F727F80C230B7008236370667817
:10B1C0000236324621462846FFF7B4FE49E01A23EC
:10B1D0000B700123F2E72920F5F70EFA30B13E2378
:10B1E0002370222363702923A370E8E70A20F5F770
:10B1F00003FA3E2305F1080204F108012B7090B315
:10B200000A23AB70E378EB70A3882B71A3881B0A29
:10B210006B71A379AB71E379EB71A368AB608B8839
:10B220009380D4F80E30C5F80E30638A6B82636960
:10B230006B61238B2B83638BAB76638B1B0AEB7663
:10B24000A38B2B77A38B1B0A6B77E38BAB77E38BFB
:10B250001B0AEB7794F8203085F820301F266E709B
:10B260000236304670BD0123AB70E378EB70A388E3
:10B270002B71A3881B0A6B71A379AB71E37903F07F
:10B280000103EB71A368AB608B889380638BAB7316
:10B29000638B1B0AEB73A38B2B74A38B1B0A6B743E
:10B2A000E38BAB74E38B1B0AEB7494F820302B75A3
:10B2B0001326D4E73E230B7004234B70142393E72B
:10B2C0003E230B700C234B7004238DE73E230B7041
:10B2D0000A234B70032387E73E230B700D234B702B
:10B2E000052381E705232370042367E70823FAE792
:10B2F00030230B70032361E73E230B700B234B704D
:10B30000072371E73E230B7006234B700C236BE77A
:10B3100013230B708B789B0001334FE757230B707F
:10B3200002234BE73E230B7006234B7012235BE78F
:10B330003E230B7009234B70132355E73E230B70FC
:10B3400005234B7020234FE73E230B7009234B70DE
:10B35000212349E7FF230B700B234B70A22343E704
:10B36000FF230B7005234B70A3233DE7FF230B70D6
:10B370000D234B70802337E70A700D22627033E78C
:10B380000A700222FAE708B510B96FF0150008BD7F
:10B39000FFF79CFE0028F8D00020F8E710B50C4617
:10B3A00048B141B1F5F782F8002820700CBF6FF06A
:10B3B0002200002010BD6FF01500FBE708B5F5F77F
:10B3C000F9F8002008BD00F0BCBD08B5F5F704F998
:10B3D000002008BD01F07DB801F08BB803460222C1
:10B3E0001A709A709B225A716FF070029A716FF006
:10B3F0005302DA716FF03C021A721D225A72422215
:10B4000000209A726FF051025870D8701871DA7279
:10B41000704700F0E3BD70B5044602F07DFE0128E0
:10B4200005461AD1601C02F07EFEB0B1A37963F02C
:10B430003F03A3710020F7F753F8E61D38B110223F
:10B4400000213046FFF736FD2570002070BD3046E4
:10B4500002F07CFE0028F2D0F6E70025F4E710B5F4
:10B46000102204460021FFF725FD04F110031022ED
:10B4700000211846FFF71EFD02F081FE0020F7F7BD
:10B480002FF820B1204602F061FE002010BD02F02E
:10B4900043FE0028F6D0F8E710B50446FFF772FB2C
:10B4A000B0F5007F09DA10F5007F08DD031EB8BF94
:10B4B00003339B102370002010BD7F23FAE76FF049
:10B4C0007E03F7E70120704701F074B80078003878
:10B4D00018BF012000F06EBEF6F768BD81780088C5
:10B4E00001F034B801F04FB837B505460C46008876
:10B4F0000DF1060100F063FE2B882380BDF80630B5
:10B50000638003B030BDF6F759BD01F06EB800F0AE
:10B5100006BD00F058BD08B5F5F766F8002008BD77
:10B52000F6F762BB00F078BE00F069BDF6F7CEBC5E
:10B5300000F035BD00F06CBF00F036BF00F07DBFFD
:10B5400000F06ABD00F048BE00F034BD00F0F3BC6E
:10B5500003880B8000F0A2BF03880B8000F0ACBF13
:10B5600000F081BDF6F794BBF6F77ABB00F0A9BDF9
:10B5700000F0B7BDF6F796BB00F0F1BD00F0FEBCE1
:10B5800001F021B8F6F73ABBF6F7B8BBF8B5941C52
:10B590000C446343B3F5004FA8BF4FF0FF330E4692
:10B5A00010F00301054617469CB203D0B0211420C9
:10B5B000F4F728FEB4F5004F01D9B121F7E71422C2
:10B5C0000430FFF777FCEF746C802E80F8BD38B53F
:10B5D0000388C48805898B42C4F30E0203D2D121AB
:10B5E0001420F4F70FFE84EA0503C3F30E030BB92E
:10B5F000AC4206D102F118030122C15282741844F0
:10B6000038BD1846FCE7023101444A43B2F5004F09
:10B61000A8BF4FF0FF3290B21B3020F00300B0F50E
:10B62000004F34BF00B24FF0FF30704740881B30EE
:10B6300020F00300B0F5004F34BF00B24FF0FF30F0
:10B6400080B2704738B503888B4203D2F7211420AB
:10B65000F4F7D8FD857C65B1C388C3F30E031833B6
:10B66000C25A8A4207D3C152811DF4F7EDFF00236D
:10B670008374284638BD0025FBE70346F0B59E8855
:10B68000DD88B4B2A54200F11800C6F30E0616D04C
:10B690005F89DD7C845B3D4402353544E41B2844EE
:10B6A0000D88A4B2A54288BF0C805989B1FA81F1F6
:10B6B0004FEA511188BF25461170DD81F0BD00258C
:10B6C0002846FAE7F8B58288C389002604460D4665
:10B6D00092B20E60CBB1C2F30E02418918328718C4
:10B6E0000B44825A9BB29342438104D94FF4A27116
:10B6F0001420F4F787FD04D1011DF4F7A5FF46815E
:10B700002F600023E3810120F8BD1846FCE7838801
:10B7100002899BB29A42014602D00831F4F794BFE5
:10B7200070478388C0889BB2C31A584258417047FB
:10B73000828873B5C48895B2AC42C2F30E0202F19E
:10B74000180212D04189C689835A314499420EDBCE
:10B750000DF10601ADF80650F4F776FFBDF80600CE
:10B76000001B18BF012002B070BD0020FBE70120C4
:10B77000F9E770B5C488068984EA0602C2F30E02AE
:10B780000346C4F30E0518300AB9B4420FD19C89A0
:10B790001A880CB1465B921B914207DCDA7C2C4480
:10B7A0000232224410440A461A8270BD002210461A
:10B7B000FAE7F8B5038A002B38D08B4236D3C48819
:10B7C000858900F11803C4F30E041E1995B91D559F
:10B7D000757085891E5B0D44ADB231448581195366
:10B7E000D2B1811DF4F730FF00238381002303824F
:10B7F0000120F8BD1E5BAE4204D04FF4F671142058
:10B80000F4F700FDC57C878A2644023535445E196D
:10B810005F53857DB570DCE7C27C254402322A4443
:10B8200099189B5A83828B788375DFE70020E0E7C5
:10B830008388C2889BB29A4206D0428922B9C3F358
:10B840000E0318331844704700207047C37C02333E
:10B85000C81870470230704738B58388C2889BB2D9
:10B860009A4209D043893BB9C5893DB9011DF4F716
:10B87000EBFEC581012038BD0020FCE71846FAE741
:10B88000002383810382704703881380C388C3F336
:10B890000E03183303440B6080897047036800224D
:10B8A00023B9C0E90132031D0360704759681B6862
:10B8B0000A44F5E7072970B5034604D84FF4EC7144
:10B8C0001520F4F79FFC0068C0B144681A688C42E8
:10B8D000064610D0106860B901F10805AC420DD3DE
:10B8E000546850501868651A5418006865605050C4
:10B8F00002E01346E9E714681C60304670BD00237F
:10B90000C1E9003203680B600160704730B590B147
:10B910008478B1FBF4F304FB131300EB4302528968
:10B920008A4201D1D8B230BDC27822B900F10803F1
:10B93000D0B2844201D8FF20F5E733F8025F8D4290
:10B9400002F10102F4D1EEE78278038805324B431D
:10B9500003EB42031844704737B50024CDE9004497
:10B9600005468DF806006846ADF80440F5F742F844
:10B97000BDF8044008B103B030BD29462046F5F7B4
:10B9800015F80028EFD040F215211720F4F73AFC03
:10B9900070B50D4609211E46FFF735FE32460446B6
:10B9A00009212846FFF72FFE40EA04031B0454BF79
:10B9B00000194FF0FF3070BD012303707047F8B5D8
:10B9C0000C4684F001046400054611461E46E4B2AC
:10B9D000FF23837003191B7D012B06D0631CDCB28F
:10B9E00050FA83F31B7D012B0AD105EB44073B8BF7
:10B9F0003A8C9819904205DD2C4400233B83237533
:10BA00000020F8BD05EB8404324660681844FFF757
:10BA100091FA3B8B1E443E830023AB700120F0E77C
:10BA200081F00101490010B5C9B2FF2383704318AA
:10BA30001C7D012C07D10C3120F8112002221A752F
:10BA40000023837010BD0131CBB250FA81F10C7D1F
:10BA5000012C05D10C3320F8132002230B75EFE7DE
:10BA60004FF48C710920F4F7CDFB30B50246837892
:10BA700003F0FF00F3B9137D022B19D0537D022B85
:10BA800015D10346012089B1D5180C3300242C753B
:10BA900022F81340131803241C7502EB80035B6823
:10BAA0000B6000F10C0332F813308B80012030BDA5
:10BAB0000123E8E70020FAE730B50346827802F078
:10BAC000FF00E2B99A7D022A17D0DC7D022C13D147
:10BAD000032281B11D190C340020287523F81400AD
:10BAE00098180324047503EB82000C32406833F885
:10BAF000123008608B80012030BD0324E9E700206C
:10BB0000FAE7037D012B01D1008B7047437D012BA8
:10BB10000CBF408B00207047837D012B01D1808BAF
:10BB20007047C37D012B0CBFC08B00207047038B77
:10BB300023B9408B003818BF01207047012070479F
:10BB4000838B23B9C08B003818BF012070470120B8
:10BB50007047027D022A01D1008B7047437D022B82
:10BB600001D1408B7047032AF6D0032BF9D0002077
:10BB70007047827D022A01D1808B7047C37D022BE2
:10BB800001D1C08B7047032AF6D0032BF9D00020D7
:10BB90007047F5F797B82DE9F041044608460D4681
:10BBA00091F8008001F0A2F80746284601F09AF8C3
:10BBB0000646284601F09EF808F003086B78E0700E
:10BBC00084F800806770A670A3802046BDE8F081ED
:10BBD000012808B506D0022806D040F29D41062073
:10BBE000F4F710FB002008BD0120FCE7F5F7B6B81C
:10BBF00010B5044638B1F6F793FA24EA0000B0FA1B
:10BC000080F0400910BD0120FCE707B50023CDE915
:10BC1000003301238DF806306846F4F7EBFE08B1D7
:10BC2000002004E0009801F004FF0028F4D003B0E5
:10BC30005DF804FB1FB50022009240F6881303A9AB
:10BC4000FBF7A0FA05B05DF804FB38B5054601F036
:10BC500072FFF0B1284601F0ECFE08B9002038BDB3
:10BC6000284601F0B6FD0446284601F0B5FD05461C
:10BC700088B9002CF2D02088F6F78EFB2088294660
:10BC8000F4F794FE0028E9D041F6EB413920F4F7AF
:10BC9000B9FA4220E3E70C20E1E72DE9F8430F462B
:10BCA000B0F85A60B0F85C50804601F0CCFD02213B
:10BCB000044600F063FE02218146204600F05EFE4D
:10BCC0004E4528BF4E46B6B21B2E38BF1B26FB2E54
:10BCD00028BFFB26854228BF0546ADB21B2D38BFC5
:10BCE0001B25FB2DB8F800303B8028BFFB25B4F5A1
:10BCF000A47F38BF4FF4A47440F648039C4228BF89
:10BD00001C467E80FD80BC803C81BDE8F8832DE927
:10BD1000F04186B0054601A9008800F0F2FD044616
:10BD200000286FD1029A92F84631D91E4B424B41FE
:10BD30008DF80230936F98064ABF9DF80230234673
:10BD400083F001038DF8033092F8D8309B0603D4BA
:10BD50009DF80330002B5BD0EB881B3B9BB2E02BA4
:10BD600058D82989A1F5A4739BB244F248108342A4
:10BD700050D86B881B3B9BB2E02B4BD8AA88A2F50E
:10BD8000A4739BB2834245D840F64807B94243D8D2
:10BD9000BA4241D8029E4FF0FF0886F81B819DF8F9
:10BDA00002309BBB03A93046FFF777FF6A88BDF8D6
:10BDB0001230BDF81410E888934228BF1346A6F845
:10BDC0002031BDF80E30AA88B94228BF39468342D7
:10BDD00028BF0346A6F81C31BDF810302889BB42A5
:10BDE00028BF3B46834228BF03468A42A6F81E313D
:10BDF000134628BF0B46A6F8223186F81A81002385
:10BE000086F81B31204606B0BDE8F0813A24F6E7FB
:10BE10001A24F7E71224F5E71124F3E710B5FFF72A
:10BE2000F4FE60B1F5F7BEFD044601F05CFF40B9D9
:10BE3000204601F054FF80F00100C0B210BD012087
:10BE4000FCE70020FAE72DE9F04385B00646884676
:10BE5000008802A900F055FD054640BB039C94F8FC
:10BE6000593103F0FF051BB1B8F1020518BF0125D8
:10BE700094F88730222B94F8D93043EAD3030CBFCF
:10BE800085F001094FF00009DB0702D4B9F1000F7A
:10BE90003BD0B77817B9F6F743F90746F078B0BB4F
:10BEA000F6F73EF93FB9B9F1000F29D10925284627
:10BEB00005B0BDE8F0830028F5D0FF2384F82531D4
:10BEC0000DBB94F8243103F0FF05E3B984F8270192
:10BED00084F8248184F82671B3788DF80430F378DF
:10BEE0008DF805303379727901A943EA022320469F
:10BEF000ADF8063000F064FD002384F82531D6E764
:10BF000000200746D9E73A25F6E71A25CFE7002FA4
:10BF1000D3D1C8E708B5F6F7DFF8002008BD102236
:10BF200002704FF48153C2705922A0F80130828010
:10BF3000C3800020704708B50821F4F7A9FA002053
:10BF400008BD73B506460D460088694600F0D9FC69
:10BF5000044688B9B3785BB9019B93F97000A87067
:10BF600033882B80F6F730FDA870204602B070BDF4
:10BF70007F20FFF75FFEF2E70224F6E710B50446E4
:10BF80006FF07F00FFF756FEF6F71EFD20707F2052
:10BF9000FFF750FEF6F718FD6070002010BD10B5D9
:10BFA0000446F5F7FFFC01F097FEF6F70DFD207053
:10BFB000002010BD08B50A46072300F11001FEF766
:10BFC000D7FD002008BD10B5014604460020F6F755
:10BFD0006DFA08B92060A080002010BD10B504469D
:10BFE000F6F774F828B900202146F6F747FA002042
:10BFF00010BDFFF713FF0028F5D10C20F8E710B5AE
:10C000000446FFF70BFF28B101202146F6F736FA68
:10C01000002010BD0C20FCE7F7B50C46054669462C
:10C02000008800F06EFCA21C034690B9019901F152
:10C030008F0781F8C330386810603879107128880C
:10C04000208091F8C36006F0FF00002EF1D103B00C
:10C05000F0BD0023C4F80230022013712370637016
:10C06000F5E7FFF754BE1FB5838844F29022934250
:10C0700017D840F64802934228BF13460288ADF80D
:10C0800004204088ADF80600ADF80A000A8001A837
:10C09000ADF80830ADF80C30FFF739FE05B05DF8AB
:10C0A00004FB1220FAE737B50D46694600F029FC7B
:10C0B000044618B901982946FFF7EFFD204603B062
:10C0C00030BD10B503466FF004040020482108225B
:10C0D0001C7058709970DA701C7158719971DA710E
:10C0E00010BD37B505460C460088694600F009FCCE
:10C0F000D8B9019B83F86A0093F86820012A06D01A
:10C10000022A04D04FF461710620F4F77BF8A27084
:10C1100093F86920012A01D0022AF3D1E27093F842
:10C120006A20002AE6D12B88238003B030BD10B5E9
:10C130008388022B044610D8C078FFF759FD08B950
:10C14000112010BDA078FFF753FD0028F8D020463D
:10C150000121BDE81040FFF776BE1220F1E737B5A8
:10C160008378C178027903F0010451EA040503F0F1
:10C1700002031DD052EA03051AD0002C18BF00217B
:10C18000002B18BF00228DF80320037842788DF829
:10C19000021043EA0223ADF8003043798279684601
:10C1A00043EA0223ADF80430FFF7C1FF03B030BD0E
:10C1B0001120FBE708B5F5F777F8002008BD13B5A7
:10C1C0000C46694600F09DFB20B9019BB3F8803016
:10C1D0000133238002B010BD07B50088694600F026
:10C1E00090FB38B99DF80020019B012A05D093F8F7
:10C1F0002B216AB103B05DF804FB93F8DC21D2B2C5
:10C2000093F8A81011B912F0FB0FF0D10220F1E75A
:10C21000FF2283F82B21EDE710B50446F5F77AFFEE
:10C2200020606160002010BD2DE9F341054647788C
:10C2300000780121F4F7A4FB044600285ED001F049
:10C240003BFDEE78864228BF0646042FB6B22FD1BA
:10C25000002E39D1204601F054FD6B78032B37D1E5
:10C2600007F0FD08B8F1010F44D1204601F049FD67
:10C2700000283CD1012F08BF4FF00208216B424635
:10C280006846F4F7B7FC6A68206B33460121FFF774
:10C2900096FB002834D06B78023B012B2CD8206B06
:10C2A000FFF72FFC01210246206BFFF7B9FB23E0CB
:10C2B000206BFFF726FC304480B21F2804D8FB1EF9
:10C2C000012BC7D9002EC5D1122002B0BDE8F081E4
:10C2D0000028F9D1042BC3D1204601F0AAFB002885
:10C2E000F2D0206BFFF723FC0028B9D1ECE74FF028
:10C2F0000008C3E7042FC6D10020E6E74220E4E7A8
:10C300000720E2E72DE9F3410746457890F80380DE
:10C3100000780121F4F734FB044600283CD001F0FA
:10C32000E2FC0028206B08BF4FF00008FFF7F4FB89
:10C3300000EB0806B6B21F2E30D8042D2ED0032DE8
:10C340000CD1204601F0DDFC20BB012D14BF0522DD
:10C350000622216B6846F4F74DFC08E0B8F1000FA7
:10C360001CD0204601F065FBD0B9012DE9D07A68D8
:10C37000206B43460021FFF722FB98B1023D012DBF
:10C3800004D8206B32460021FFF74AFB002002B0A0
:10C39000BDE8F0810422DCE74220F8E71220F6E74E
:10C3A0000C20F4E70720F2E713B50446F5F7FAFA94
:10C3B0004FF44073ADF8003000238DF8023068462A
:10C3C00014F8013B8DF803300194FFF79BFF02B096
:10C3D00010BD38B5012105460078F4F7D1FA0446BE
:10C3E000A0B101F026FB28B92046691C01F0B6FB7C
:10C3F000002038BD204601F076FC08B10C20F8E79B
:10C40000204601F06CFC0028EED0F7E74220F0E770
:10C4100013B50446F5F7C6FA14F8013B8DF803305E
:10C420004FF44073ADF80030684600238DF80230B9
:10C430000194FFF7F9FE02B010BD73B50546F5F79C
:10C44000B1FA2B78044663B100230DF101010120FC
:10C450008DF80030F6F72AF818B16846FFF7B9FFF3
:10C4600088B9002620468DF8006001F040FC2B784A
:10C470008DF80360C001012BADF8010005D16946BC
:10C480002046F5F72FFB02B070BD2BB9204602B055
:10C49000BDE87040FFF7D9BB1220F4E710B50021CA
:10C4A00004460088F4F76CFA20B1A11CBDE81040E6
:10C4B00001F0E9BD022010BD08B500880021F4F7A5
:10C4C0005FFA20B1BDE80840002101F0DCBD022088
:10C4D00008BD37B505460C460088694600F011FADC
:10C4E00028B92B882380019BB3F8B430638003B054
:10C4F00030BD37B503880B80044698B2638813B902
:10C50000122003B030BD694600F0FBF90028F8D1D5
:10C510006588019B42F21072A9B29C695143DA8D81
:10C5200062431C8C04FB02229142E9D39A699C6904
:10C530009442FBD10022C3F8AC20621E0A44A3F847
:10C54000B450B2FBF4F2C3F8B020DAE710B50C46F1
:10C550000021F4F715FA90B1022C12D804F0010270
:10C56000C4F3400480F8AD2180F8AC4112B190F8DA
:10C57000AA310BB9002010BD01F075F9FAE70220CD
:10C58000F9E71220F7E710B504460078FF280AD033
:10C590000121F4F7F5F958B16378A27843EA022350
:10C5A000C384002010BDB4F80100F7F713FFF8E7CB
:10C5B0004220F7E708B50078003818BF0120F7F7E8
:10C5C000D5FD002008BD10B50446F5F7EBF96178FC
:10C5D000C1F3400201F0010101F0A9FB002010BDF0
:10C5E0000820F5F78BBD01F078BD1220704710B51B
:10C5F000044604B910BD236898476468F9E70368E6
:10C600000BB9016070471A465B6813B18A42FAD1D0
:10C6100070478A4218BF5160704708B50020FFF785
:10C620009BF9F4F771FAF5F7ABFEF4F7F1FC20B1E2
:10C6300040F221119320F3F7E5FD08BD08B5F7F7A7
:10C640003DFDF8F7A9FA20B140F241119320F3F72C
:10C65000D9FDBDE808400120FFF77EB908B5FFF716
:10C66000EDFF01F0F8FC20B14FF4AB719320F3F72C
:10C67000C9FD08BDFDF71ABD0B46122203F8032BB6
:10C68000D0F80920C1F80320427B1A71704737B5F2
:10C6900004460D46F6F756FA18B36FF4A873E0187F
:10C6A00002210388ADF8003034F8ED3CADF80230DB
:10C6B000684634F8EB3CADF80430FFF7C4FB18B122
:10C6C0004221AE20F3F79EFDADF800009DF800304A
:10C6D000002063F307009DF8013063F30F2003B0DF
:10C6E00030BD18232B70D4F80930C5F8033004236B
:10C6F000ADF80030EAE708B5436893F886201AB130
:10C700008521AE20F3F77EFD202283F8862008BD28
:10C71000034610F0010007D19A0704D4C3F3800345
:10C720009B00D8B27047022070472DE9F84F0746AA
:10C73000104692461D46FFF7EBFF83460846FFF77B
:10C74000E7FF4BEA0006F6B2003E0A9C88468146A7
:10C7500018BF0126F5F7E4FC10EA0A0A18BFDA460A
:10C76000F5F7DEFC97F8683010EA080118BF494673
:10C77000534508BF4FF0000A84F800A097F86930CD
:10C780008B4208BF002161705AEA01010BD1B7F852
:10C790008030013DED1AADB247F6FD739D428CBF6E
:10C7A000002606F001063046BDE8F88F70B54468F3
:10C7B00094F88750A5F12003062B06464DD92E2D5F
:10C7C0004BD0002D47D194F88630252B45D00B79DE
:10C7D00013F0070335D04A7912F0070231D084F8FC
:10C7E000612084F8603094F8253113BB94F824312B
:10C7F000012B1ED094F8693094F86020D91E0129CD
:10C8000098BF04239A4222D194F86830DA1E012A94
:10C8100094F8612098BF04239A4218D10223B4F8F7
:10C82000642084F82431B4F86630A4F82621A4F8F2
:10C830002831222384F88730304600F0F8FB284660
:10C8400070BD3046C978BDE8704000F022BC30466B
:10C85000F5F7B0FCEDE70125F1E72025EFE708B596
:10C86000436893F88720222A05D022B140F2EA31AA
:10C87000AE20F3F7C7FC232283F8872008BDF5F725
:10C880007FBD704730B542401C7808785D786040C5
:10C890004C786C4020449D788C786C402044DD7846
:10C8A000CC786C4020441D790C795B7949796C40D7
:10C8B00020444B4018441044B0FA80F0400930BD89
:10C8C000024600200139C9B2FF2900D17047535CEC
:10C8D00083F001030344D8B2F4E708B5F5F70CFE82
:10C8E000082803D0BDE80840F5F728BE08BD08B504
:10C8F00001F000FC18B1BDE80840F9F735BB08208D
:10C9000008BD10B50C460021F4F73AF8606018B184
:10C9100001232370002010BD0220FCE7F8B5D0E908
:10C92000047605460C46FCF719F920B940F20711C8
:10C930002920F3F767FCECB1D5E90423D21B63EBA4
:10C940000603012A73F100014FF0000114DB6FF0C0
:10C9500001009042994102DA40F21111E8E7631EAA
:10C960001344B3FBF4F35C43E41946F10006C5E954
:10C9700004461C462046F8BD0C46FBE7CB1E012BA7
:10C9800010D803290CBF96234FF4167303F5BC731C
:10C990000CBF10224022984210D9C01A90FBF2F02E
:10C9A00080B27047022904D13C2807D980100F3883
:10C9B000F6E7702802D9C0100E38F1E70020704762
:10C9C00038B50D460446F5F7ABFB2B78002B08BFB6
:10C9D000034684F864306B78002B08BF034684F864
:10C9E00065306B88A4F8663038BD012908B5034668
:10C9F00006D002290CD040F289112920F3F702FC5D
:10CA000040F6C41040F2E242002B08BF104608BDB9
:10CA100040F6C410FBE707B5002301A80193FAF71D
:10CA200081FB019810F0030018BF012003B05DF8EE
:10CA300004FBC2B292FAA2F2030A93FAA3F31B0E0A
:10CA4000100E40EA0320704770B50131C9B20530BD
:10CA5000002210F8013F8B4216D310F8054C00233A
:10CA6000012505FA03F626421CBF01F1FF31C9B2C8
:10CA700069B10133082BF4D10132D2B2052AE8D1D1
:10CA800099214620F3F7BEFBC91AC9B2F4E703EBBC
:10CA9000C200C0B270BD0B6870B5C0F801300B7930
:10CAA00003F01F03437100230446C3720546461D6D
:10CAB00015F8010F00F0A1FA6871E37AB542184445
:10CAC000E072F5D170BD70B581EA11418CB20546B6
:10CAD000C17A032682EA0400FFF7ABFF013E00EBB8
:10CAE0000010221816F0FF0690B2F5D1444025221E
:10CAF000B4FBF2F302FB1343C3F3C4022A44D8B2DB
:10CB0000567803F00703012202FA03F31E4207D10D
:10CB100061432846C1F30741BDE87040FFF794BF69
:10CB200070BDF8B590F821506B1E242B044654D8E4
:10CB30000AB90020F8BD807D18B1012844D01F201B
:10CB4000F8E794F8233094F8221002FB01322523F1
:10CB5000B2FBF3F103FB1123DBB204EBD30284F845
:10CB60002330D17D03F007060122B240114202D0EA
:10CB700084F82430DDE7B3FBF5F205FB1233013313
:10CB800003F0FF0304F11B0111F8012F934218D8A1
:10CB900011F8055C0022012606FA02F72F4208D0A0
:10CBA000013B13F0FF0304D102EBC00284F8242000
:10CBB000BFE70132082AEFD10130C0B20528E3D126
:10CBC000BDE79B1ADBB2F7E72289C96904F11600B9
:10CBD000FFF779FF84F82400ABE71220AAE7037877
:10CBE000890123F0400301F040010B4303707047BB
:10CBF000037803F07F0343EAC113037070471F2AD1
:10CC000038B50546144603D9B7212A20F3F7FAFAB6
:10CC100009300634FEF78EF96C7038BD1F2A38B51E
:10CC20000546144603D9D9212A20F3F7EBFA093037
:10CC30000634FEF77FF96C7038BD037803F00F03FC
:10CC4000032B02463ED0052B42D1C37F90F8200033
:10CC5000034392F82100034392F82200034392F821
:10CC6000230000F01F00184333D05378222B2FD11C
:10CC7000B2F81930B1B1B3F5506F13D940F607517E
:10CC80008B4225D8B2F81B30B3F5FA7F20D2B2F828
:10CC90001D000A3880B240F6764398428CBF0020CF
:10CCA00001207047991F89B240F67A4081420FD81F
:10CCB000917D481E07280BD8994209D2B2F8171067
:10CCC0009942DEE74078A0F10C0358425841704782
:10CCD00000207047037801F0030123F003030B43A6
:10CCE000037070470078C0F3800070470078C0F38D
:10CCF000C00070470078C0F3001070471B2A08B5C9
:10CD000004D940F244412A20F3F77CFA4270BDE88E
:10CD100008400330FEF70EB9B0F80730B1B1B3F5F3
:10CD2000506F13D940F6075293421FD8B0F809301C
:10CD3000B3F5FA7F1AD2B0F80B000A3880B240F689
:10CD4000764398428CBF0020012070479A1F92B210
:10CD500040F67A418A4209D80279511E072905D83E
:10CD60009A4203D2B0F805209A42DEE700207047CD
:10CD7000406890F8AA3123B1002380F8AA3100F06E
:10CD800072BD704708B5017A19B101290AD0002097
:10CD900008BD0368C28802218088F5F789FE20B1AA
:10CDA0000120F5E70368C288F6E7F6F76FF8F7E7C2
:10CDB00002230B7001238B707047F5F7EBBF10B5A2
:10CDC00021B94FF410711020F3F71CFA4A600B726E
:10CDD000EFF3108472B6031D0B6042681AB1127A29
:10CDE000012A08BF036003681960016004B962B6D4
:10CDF000BDE81040F6F718B80222F6F735B803225E
:10CE0000F6F732B80422F6F72FB80222F6F770B818
:10CE100011230B706FF49A7318440388A1F8033040
:10CE2000838FA1F80530B0F84030A1F80730C38FE8
:10CE3000A1F80930B0F84230A1F80B307047012951
:10CE400008B503D10E30C00080B208BD022902D15E
:10CE50000F308000F8E74FF42E710620F3F7D2F977
:10CE600030B587B004460D46F5F774FE90B3A4F5CF
:10CE70009F74694624882046FFF715F920B14FF4C6
:10CE800084712C20F3F7BEF9BDF80630ADF80E30F2
:10CE9000BDF80830ADF81030BDF80230ADF81230F2
:10CEA00003A8BDF80430ADF80C40ADF81430FFF71E
:10CEB000D8F810B140F21111E3E7ADF80C009DF87D
:10CEC0000C30002063F307009DF80D3063F30F2052
:10CED00007B030BD2B46172203F8032BD4F80920E6
:10CEE000C5F80320D4F80D205A60B4F811201A8137
:10CEF0000423ADF80C30E2E740687047C08A704701
:10CF000010B58A880B89CC884988A0F85010A0F801
:10CF10005440A0F85220A0F8563010BD8383BDF8CD
:10CF2000003001834283C383704738B5C58B438C7F
:10CF300004469D42007A28BF1D46FFF780FF6389A3
:10CF4000AB4228BF2B46984238BF184680B238BD46
:10CF50002DE9F04106460F46808919469846144649
:10CF6000FFF76DFF414605463046FFF7DEFF85427D
:10CF700028BF05469DF81810B08AFFF760FFF38AB6
:10CF8000834228BF0346ADB2A01D15FA83F338448F
:10CF90001844BDE8F08107B590F86930009390F827
:10CFA0006830002296213030FFF7D2FF03B05DF8E1
:10CFB00004FB38B50D4619461446FFF7ECFF9634CE
:10CFC0002044A84294BF281A002038BD38B50D4629
:10CFD00011460446FFF7DFFF2844606338BD8369CC
:10CFE000006B984228BF184601F19C0383423DBF65
:10CFF000401A9C3840080020704700F05503400854
:10D0000000F05500034403F033009B0803F03303A2
:10D01000034403F00F0000EB131070474368002235
:10D0200083F8862083F8C220A3F8BE2070474368A7
:10D030000022A3F8C42093F8C620013283F8C6204A
:10D04000704708B5426892F8C630013B5BB2002BCE
:10D0500082F8C63003DA52214A20F3F7D3F808BD2C
:10D06000436883F80B1183F80A217047A0F10A0383
:10D07000042B0CD9A0F14303012B08D9A0F1200304
:10D080002E2818BF062B94BF0120002070470120D6
:10D0900070474268936F10B513F0080408D143F04D
:10D0A0000803936782F80811FFF7C1FF204610BDFF
:10D0B0000120FCE730F8023CF7B530F8A07C0546CB
:10D0C0000E4673B1012268468DF80020ADF801705C
:10D0D000ADF80330F4F780FD18B195216320F3F724
:10D0E00091F8082300243370B470A6F803706B7AAB
:10D0F00055F88C0C7371FEF714FB08B9BA21EDE7F3
:10D100003846F5F749F921463846F3F74FFC4FF416
:10D11000017303F00402204662F307001B0A63F365
:10D120000F2003B0F0BD436893F88820063A012A27
:10D1300081BF0A7983F88920062283F8882000209D
:10D140007047426892F88830063B012B84BF072362
:10D1500082F88830704770B5426892F88750F5B908
:10D16000B1F80930B2F88060A2F83C32013B9B1B59
:10D170009BB247F6FD76B34206D9282382F8A93040
:10D18000F6F7E2F8284670BD4B68C2F83E320B7ADB
:10D1900082F8423243680A2283F88720F2E70125A9
:10D1A000F0E70B46062203F8032BD0F80920C1F85C
:10D1B0000320D0F80D205A60427C1A720023CB70F5
:10D1C000704770B5436893F8875006460C46002DAB
:10D1D00042D129462046FFF79FFD28B9E178304625
:10D1E000BDE87040FFF755BF7268B4F80D30B2F873
:10D1F0008010A2F83C32013B5B1A9BB247F6FD71EE
:10D200008B4207D9282382F8A9303046F6F79CF8DC
:10D21000284670BDB4F8073040F2E2414B43C2F8F3
:10D2200044322379C3EB431003EB800303EB830306
:10D230005B00A2F83E32B4F805304B43C2F84032EE
:10D24000B4F80930A2F84832B4F80B30A2F84A32E8
:10D250000D2382F88730DBE70125D9E708B543685D
:10D2600093F886201AB12621A320F2F7CBFF1D22C6
:10D2700083F8862008BD73B5456895F886301D3B58
:10D28000022B06460C4623D809891A2919D9638925
:10D29000B3F5A47F15D3A2881A2A12D9E088B0F575
:10D2A000A47F0ED3009005F13000FFF737FE7168C0
:10D2B000284601F23511F5F73DFE70680621F6F7B4
:10D2C00069FF002085F8C20085F8860002B070BDB5
:10D2D0000120FBE74268936FD90610B5044603D4DA
:10D2E000B021A320F2F78EFF990601D5B121F8E70E
:10D2F00023F010039367FFF7A4FE60680621BDE8E2
:10D300001040F6F747BF09230B70D0F80930C1F879
:10D31000023070470B460A2203F8022BB0F80920AE
:10D320004A80C27A9A70704738B5436893F887404C
:10D33000054634B1113C0B2C8CBF01240824204637
:10D3400038BD93F88C30002BF9D0FFF770FE6B6876
:10D35000112283F88720F2E708B5436893F8872005
:10D36000152A04D04FF4BD711F20F2F74BFF0122A4
:10D3700083F8C720162283F8872008BD436893F8F6
:10D380008720122A03BF1322002083F8872002205F
:10D39000704710B5436893F88730182B044607D1BF
:10D3A000FFF74FFE63681C2283F88720002010BD22
:10D3B0000220FCE708B5436893F88720112A04D0BF
:10D3C00040F2A3111F20F2F71DFF012283F8C720AE
:10D3D000122283F8872008BD08B5436893F8872098
:10D3E000162A04D040F2AB111F20F2F70BFF1822CF
:10D3F00083F8872008BD0B46052203F8032BD0F8DD
:10D400000920C1F80320D0F80D205A60B0F811208F
:10D410001A81C27C9A72704708B5436893F88620D7
:10D420001AB1DD211C20F2F7EDFE042283F88620DC
:10D4300008BD426808B5936FD90703D4EB211C20BF
:10D44000F2F7E0FE23F001039367BDE80840FFF721
:10D45000F8BD0C23A0F596700B7003884B807047C5
:10D46000436893F886200F2A01BF002283F8B62074
:10D4700083F8C22083F886200020704738B54568BD
:10D48000AB6F13F0040407D1FFF7D1FDAB6F43F08E
:10D490000403AB67204638BD0120FCE74268936F68
:10D4A00023F004039367FFF7CCBD08B5436893F8F6
:10D4B00086201AB170214B20F2F7A4FE0F2283F8C8
:10D4C000862008BD10B5D0E90D42A24206D30B8CD0
:10D4D000C98D05334B43121B934202D3012380F8BD
:10D4E0003E3010BD01230B7000238B7030F8CA3C16
:10D4F000A1F80330437A4B714389CB8083890B8138
:10D50000704710B5446894F8C9309A070ED494F85F
:10D5100086301BB174214020F2F774FE012284F89A
:10D52000862084F8C220A4F8BE3010BDA36F9B07EC
:10D5300005D5FFF786FDA36F23F00203A367002341
:10D5400084F82A31F1E710B50B794C790A68012883
:10D5500043EA042108BF41F48031104610BD07B5ED
:10D56000FFF7F1FF0DF10702F6F70AF903B05DF8D6
:10D5700004FB08B5FFF74FFA002814BF1420002061
:10D5800008BD10B5F9F71AFD0446FFF7F2FF04F5E0
:10D590005F43D0304FF47A724133B3FBF2F3184457
:10D5A00010BD10B5044690F86900FFF7EAFF0122AC
:10D5B00001462046BDE81040FFF708BD7FB5044690
:10D5C00018B9AA213020F2F71DFE072900F2D780F2
:10D5D000DFE801F004C933332ED5C1D390F8F4311C
:10D5E000B0F88020DBB1B0F8F231934208BFB0F858
:10D5F000A4319A1AA0F8A621A4F88030D4E9822395
:10D600002046C4E98423F8F719FB94F8AB31002BCA
:10D6100000F09F8004B0BDE8704000F025BDB0F878
:10D62000F0319B1AA0F8A631B0F8F0319BB2E3E7D5
:10D6300004B0BDE87040F9F781BBFBF70BF9D4E902
:10D640008423801A61EB0301012871F1000302DADF
:10D6500040F23C61B6E76FF0010383424FF00003F4
:10D660008B4102DA40F23D61ACE7A3690BB1B0FB3C
:10D67000F3F394F88710B4F8F2210D2932D1013276
:10D68000A4F8F221B4F82A32B4F880500133A4F897
:10D690002A32B4F8BA301D44B4F8B830013DED1A5E
:10D6A000ADB202AEB4F8F2116B1A180435D40023EF
:10D6B00000961A462046F6F70BF9012849D1B4F82E
:10D6C000F221B4F8A011BDF808301344521A120424
:10D6D0009BB204D5EA1A12F4004F18BF0B46A4F807
:10D6E000F231DFE7B4F880100B449BB2D11A0D047D
:10D6F0004DBF0133013293B29BB2A4F8F23194F8DA
:10D70000F531002BBED1B4F8A431B4F8F221934224
:10D7100004BF0133A4F8F231B4E794F88A300394DB
:10D72000002B14BF08233E2384F8A9303046012380
:10D730008DF80830F5F708FE204600F097FC00232E
:10D7400084F8DC3194F8F701FBF79EF8202384F885
:10D75000F73104B070BD0120FBF748FB04B0BDE811
:10D760007040FEF743BA90F8DC31042B01D0D02191
:10D7700028E7002380F8DC31EBE7D62122E7DA2125
:10D7800020E713B5002380F8DC31A0F828321A46D0
:10D79000009319460446F6F79BF820B140F21D218C
:10D7A0003020F2F72FFD012384F8DC31C4F8D801D2
:10D7B000C4F8D001A4F8F201A4F8F00184F8F5014E
:10D7C000B4F88030A4F82A02013BA4F8803002B0FB
:10D7D00010BDD0F8CC00704710B5044690F8103159
:10D7E000EBB1FF2380F81831012100F09DFA94F885
:10D7F0001031A3B194F8C800FBF786F994F8C8007B
:10D80000FBF7BCFA94F8C800FBF73EF820B940F2E9
:10D8100009213020F2F7F6FC002384F810310020B3
:10D8200010BD08B590F8182142B990F8D02042B147
:10D83000D0E93531994202D9F7F71EFB0022104694
:10D8400008BD0122FBE710B50446FFF792FE00F287
:10D85000DB112046FFF7C3FB40F64803984228BF80
:10D86000184680B210BD7FB5044690F8AB3103F086
:10D87000FF05002B5AD190F8DC31032B56D1FAF773
:10D88000E9FFD4E98423801A61EB0301012871F1D7
:10D8900000034BDB6FF00103834275EB010104DAF7
:10D8A00040F2E5513020F2F7ADFCA269B4F88030C7
:10D8B0000AB1B0FBF2F2013313449BB2A4F8F03189
:10D8C000B4F8F021B4F8A4319B1A1BB2002B2DDD63
:10D8D00094F8F701FBF718F940B3FF2384F8F5310A
:10D8E000B4F8BA30B4F880501D44B4F8B830013DF3
:10D8F000ED1AADB20DF10E06B4F8F031EB1A1B04BF
:10D9000014D4B4F8F01100960023012289B2204605
:10D91000F5F7DEFF012809D1B4F8F031BDF80E208B
:10D9200012FA83F39BB2A4F8F031E5E704B070BDBE
:10D9300070B5044621B1012977D040F6280171E085
:10D9400000F009F994F8113105460E46DBB150EAB2
:10D95000010318D0D4E93832D4E94001C01A61EB90
:10D96000020133462A46FDF751FA05FB01F300FB9D
:10D970000633A5FB00021344D4E93821121843EB07
:10D980000103C4E93823E08C30B1F5F735FBE38CB3
:10D99000B0FBF3F202FB1300D4E93832ED1846EB8A
:10D9A00002062D184FF0000346F100060222C4E9DA
:10D9B0003856C4E9405684F8F030A4F8F82084F8CA
:10D9C000113194F8183103F0FF01DBB9D4E94202B8
:10D9D0006FF000439A4208BFB0F1FF3F18D02046D5
:10D9E000D4E9405600F0ACF8D4E94232E5305B1B94
:10D9F00062EB06021B1A62F10002002A08DA2046D6
:10DA0000F7F73AFAF9F780F8BDE87040FAF726BF61
:10DA100094F8C80004F1F001FAF7E2FF0028F1D110
:10DA20004FF4EA613020F2F7EDFB002380F8D030AC
:10DA3000E8E790F81001003818BF012070470B4646
:10DA4000142203F8032BD0F80920C1F80320D0F8E2
:10DA50000D205A60704738B50B46102203F8032B8F
:10DA60000C4600F10902293052F8041B43F8041B4C
:10DA70008242F9D112781A70A5880123A37100217E
:10DA80002846F2F77DFF70B1E37863B10088F4F7C0
:10DA900083FC00212846F2F789FF20B140F22B21B8
:10DAA0002D20F2F7AFFB38BD0121F6F775BFFFF768
:10DAB000FBBF90F87A300BB10120704790F8B2208C
:10DAC00002F0FF03002AF7D190F8A420184670470F
:10DAD00037B504460D464FF490720021FDF7EAF980
:10DAE000FF2323701323638042F21073E384F3F760
:10DAF00053F80022014620636846F3F77BF8206B59
:10DB000000220121FDF78CFF216B68460422F3F708
:10DB100071F80022206B1146FDF782FF04F1280006
:10DB2000A57403B0BDE8304000F03AB9FF23086B9C
:10DB30000B70FDF741BF0078FF3818BF0120704718
:10DB400010B50446283000F081F961882822F7F7E3
:10DB5000C5F96D3010BDD0E9020170470B68C0F8FF
:10DB600015308B88A0F819300123C37670472DE952
:10DB7000F04F06460C4607460FCE91B006AD0FC5D6
:10DB80000FCE0FC596E803000DF1100885E80300DD
:10DB9000404600F005F9667894F8149094F80AA0CD
:10DBA00094F800B006F07F05B9F1010F2E4607D0BA
:10DBB000B9F1020F04D040F29A310620F2F722FBAD
:10DBC000617A404600F0F3F8237D227F022B08BFE4
:10DBD000617D02F1010206BF0131C9B20121D2B259
:10DBE000404600F0E6F815F0080362D14046019384
:10DBF00000F02CF928223146F7F770F9E578019BFF
:10DC000000F2D722207945EA0025607940F271219F
:10DC100045EA00454D43B2FBF1F24A43AA420AD914
:10DC2000E079A57945EA0025207A45EA00454D438B
:10DC3000954228BF1546227E0393531E5A425A41ED
:10DC4000A17C386B02910192FDF783FF386BFDF7E1
:10DC500090FF039B019A0299ADF81A6008958DF820
:10DC600028208DF82B108DF82CA08DF818B08DF889
:10DC70001C90099306AE0FCE3D460FC50FCE0FC5C3
:10DC800096E8030085E8030098E80300B862B985C8
:10DC9000E37A03F0FD03003B18BF012387F85730F8
:10DCA000E368BB65238AA7F85C30002011B0BDE8AB
:10DCB000F08F00252B46BEE7438813F0040F0CBFFE
:10DCC0001F20002070474FF40043C38543881D2B5D
:10DCD00008BF00214174704790F9120070474088D6
:10DCE00000F0010070478078C0F3400070478078F2
:10DCF000C0F3C000704708B5006BFDF721FF01209D
:10DD000008BD012070470120704790F85030016233
:10DD10004B72D0F85130C1F80A30B0F85530CB8191
:10DD200070477047F6F7A6BB80F87010704780F810
:10DD3000241080F8252070478278034612F00100F5
:10DD400002D0D978C90710D5900702D5D9788907AC
:10DD50000AD512F0040008D0D878C0F3800080F013
:10DD600001008000C0B2704702207047C0F340023B
:10DD7000C0F38003134400F00100184470470228E8
:10DD800008B507D0042807D0012807D039212E2054
:10DD9000F2F738FA262008BD2720FCE72520FAE70D
:10DDA0000023C0F802300123437003707047817074
:10DDB000704710B54270017080781446FFF7D6FFA7
:10DDC00010FB01F010FB04F2FE2A03DD5C212E2083
:10DDD000F2F718FA10BD0023C37043710371704746
:10DDE00010B50446FFF7A8FF637962780133DBB210
:10DDF0009A4263710FD1E378A1780343DBB2994271
:10DE0000E37008BF23794FF0000208BF013362714D
:10DE100004BFE2702371BDE81040FFF7B0BF38B512
:10DE200001468078FFF7A2FF0446C8784D78FFF7D7
:10DE30009DFF0A790B789B1A13FB05F34A7913FBB4
:10DE400004F39B1A00FB1530C0B238BD08B501467B
:10DE50008078FFF78BFF4B780A7813FB02F313FBF4
:10DE600000F0C0B208BD40F2EF20704740F25A33D4
:10DE70005843704738B553680E3814460D4693F82A
:10DE8000862009283FD8DFE800F0053E3E3E0F3EE1
:10DE9000173E3E26042A05D12046FFF7BFF820464C
:10DEA000F5F7B0FB002038BD0F2AFBD1204600213A
:10DEB000BDE83840FFF7D4BA1D2AF3D12046FFF75A
:10DEC000ADF8002DEED0626892F8D83023F0200330
:10DED00082F8D830E6E793F88720232AE2D100259C
:10DEE00083F887502046FFF7ACF8636893F8243135
:10DEF000012B03D129462046F4F734F96368002248
:10DF000083F82421CEE740F256213120F2F77AF946
:10DF100008B590F80E31FE2B04D040F6CB0131202D
:10DF2000F2F770F9002380F80E1180F80F3112B962
:10DF3000A0F8C42008BDA0F8BE30012380F8C2308C
:10DF4000F8E708B5436893F88720162A04D040F212
:10DF500062513120F2F756F91A2283F8872008BD62
:10DF600008B5436893F88720312A06D1002283F848
:10DF70008720BDE80840FFF764B8162A03D11A22AB
:10DF800083F8872008BD40F277513120F2F73AF943
:10DF9000037D63B9C37BA3F11002032A07D990F86C
:10DFA000500028B11C2B8CBF00200120704701209D
:10DFB000704702464068097990F886301D2B14D0CE
:10DFC0000BD8042B13D00F2B13D090F88730232BB2
:10DFD0000CBF1720FE20F7F765B9282B0BD02E2B8E
:10DFE00001D0212BF1D11620F5E71420F3E70E2004
:10DFF000F1E71220EFE72320EDE7024640680B46E9
:10E0000090F8D81041F0040180F8D81059791879A7
:10E01000F7F748B938B50C460546D1E90401F2F7DF
:10E020005FFD94F8F70120280FD0FAF76DFD94F802
:10E03000F701FAF7A3FE94F8F701FAF725FC20B9E7
:10E0400040F635113120F2F7DDF828460221BDE80F
:10E050003840F2F7ABBC0020704708B5F5F716F86A
:10E06000BDE80840F5F7D6B9F3F702B90022A0F8E9
:10E07000862080F88A2090F8AB3113B10221F6F7A0
:10E0800089B80321FBE738B50446084694F83032D6
:10E0900013B10C25284638BD94F88730153B012B69
:10E0A000F7D894F8543203F0FF05002BF1D191B169
:10E0B00094F8C63123B940F6AC213120F2F7A2F82A
:10E0C000052304F1F00204F5DB71FCF751FD012397
:10E0D00084F83032DEE70223FAE7F5F74BB808B5EB
:10E0E000F8F7C6FAF8F778F8F7F7C6FEBDE8084083
:10E0F000F7F74EBF08B5C821F7F71EFF022807D172
:10E10000013911F0FF01F7D1EB213B20F2F77AF84A
:10E11000431E5842584108BD4FF08053D3F8A00029
:10E1200000F0010070474FF08053D3F8A420D3F8DB
:10E13000A830511C9BB203D14FF6FF718B4203D024
:10E140000260838001207047002070474FF08053A9
:10E1500030B5D3F89050D3F89440D3F89810D3F852
:10E160009C2005EA04030B40134001331FBF0560E8
:10E1700044608160C2600CBF0020012030BD4FF0C0
:10E18000805330B5D3F88050D3F88440D3F888104A
:10E19000D3F88C2005EA04030B40134001331FBF62
:10E1A000056044608160C2600CBF0020012030BD6A
:10E1B00010B5F8F79FFA0446FAF7FEFD201841F172
:10E1C000000110BD10B504460846F8F7F7FE4FF4FD
:10E1D0007A73B0FBF3F0201A10BD10B50446084660
:10E1E000F8F7ECFE023C00F2E7334FF47A72B3FB2F
:10E1F000F2F3E01A10BD08B5FCF76CFDBDE808406D
:10E20000FBF792BB801A00F3070038B540B20D4609
:10E2100059B21446FBF778FB002328706B7020443A
:10E2200040B238BD0023036070477047002070473C
:10E230004FF0FF3070474FF0FF30704770474FF09E
:10E24000FF307047002070470020704700230370A4
:10E2500070479DF800300022FFF7D4BF4FF0FF3029
:10E260007047002070474FF0FF3070474FF0FF308D
:10E2700070477047C0B208B520B94FF08043012203
:10E280001A6008BD5121B520FCF724FB0020FBF7E4
:10E29000A3BB4FF08043D3F8080400F0010070479F
:10E2A0004FF08043D3F8140400F0010070474FF0A2
:10E2B0008043D3F81C0400F0030070474FF0804205
:10E2C000D2F81834D2F81824C3F3004302F0030242
:10E2D000824214BF002003F0010070470020FBF7CA
:10E2E000F5BB0020FBF720BC0020FBF775BB38B561
:10E2F000054691F82B000C46FAF7C6FA18B9F62134
:10E300006A20FCF7E7FA0023238584F82A300921E4
:10E31000236A2846984718B103780BB1FA21EFE732
:10E3200038BD08B5426A034611441A785962012A79
:10E33000A1F1500006D1FAF73BFC40B9DA216A207E
:10E34000FCF7C8FAFAF734FC08B9DF21F7E708BD93
:10E3500070B5FCF735FA002405462646E0B2854242
:10E3600000D870BDFCF732FA0134068580F82A60C7
:10E37000F4E7F8B504460D46FCF722FA00270646F6
:10E38000F8B2864204D8082D0CD96FF0150008E0C9
:10E39000FCF71CFA90F82A300137002BF0D04FF030
:10E3A000FF30F8BD2CB129462046BDE8F840FCF707
:10E3B00019BA21462046F8E710B50446FCF706FADC
:10E3C000014688B190F828308BB990F82A3073B1A3
:10E3D000013B012B04D82046FFF789FF002010BD28
:10E3E000012380F82830F9E76FF00100F7E76FF0BC
:10E3F0002200F4E770B50D46FCF7E8F90446002862
:10E4000048D090F82A60731E012B49D8002D44D0C3
:10E410002846FBF7ABFF00283FD02B78FBB9012340
:10E4200023702B79003B18BF012363726B79002B9B
:10E4300014BF042302232372AB686F336360EB685D
:10E440002361032394F82B0084F82A302146FAF73D
:10E45000C7FA40BB40F2E2216A20FCF73BFA022EE9
:10E460001ED1002323702B79003B18BF0123637258
:10E470006B79002B18BF04262672EB68A9686F33EE
:10E480006360D4E906325B1842EBE172C4E90432FE
:10E490000423D7E76FF0010070BD6FF01500FBE7B4
:10E4A0006FF02200F8E70020F6E7F8B5037904469C
:10E4B0001BB11B219D20FCF70DFA4679017126B98D
:10E4C00001234371217909B96171F8BD276826716B
:10E4D0002046B84702280546F4D103212046B84714
:10E4E00008B12F21E6E723682946204698470028EF
:10E4F000E8D03021DEE703460068884204D109B144
:10E500000A681A600846704728B97047884202D1E5
:10E510000A681A60F6E7034600680028F6D17047DB
:10E520000346002018707047EFF3108272B603782C
:10E530000121DBB2017002B962B6012B0CBF6FF092
:10E54000220000207047EFF3108372B600220270A1
:10E5500003B962B600207047FCF796BBFCF7DEBB40
:10E56000FCF7DCBB00280CBF6FF0150000207047E3
:10E570000020704707230370002070470020704779
:10E580000020704710F8012B11F8013B012A28BF29
:10E590009A42F7D0D01A7047034611F8012B03F8BE
:10E5A000012B002AF9D17047034613F8012B002AEA
:10E5B000FBD1181A013870472DE9F04786468C4682
:10E5C0000846089E154674461946002B40F0C28046
:10E5D0008542B2FA82F245D94AB1C2F1200300FA6B
:10E5E00002FC2EFA03F3954043EA0C0C94404FEAE8
:10E5F000154EA8B2BCFBFEF8230C0EFB18CC08FB92
:10E6000000F943EA0C43994528D9EB1808F1FF3784
:10E6100004D2994502D9A8F102072B44A3EB0903C0
:10E62000A4B2B3FBFEFC0EFB1C330CFB00F044EA6F
:10E630000344A04214D92C190CF1FF3304D2A04298
:10E6400002D9ACF102032C44241A43EA07401EB15C
:10E65000D440002334607360BDE8F0874746DDE7AF
:10E660006346F1E792BB431B01214FEA154EAFB25F
:10E67000B3FBFEFC200C0EFB1C330CFB07F840EA3E
:10E680000343984562D9EB180CF1FF3004D298454A
:10E6900002D9ACF102002B44A3EB0803A4B2B3FBF4
:10E6A000FEFC0EFB1C330CFB07F744EA0344A742B5
:10E6B0004ED92C190CF1FF3304D2A74202D9ACF188
:10E6C00002032C44E41B43EA0040C0E7C2F12003EC
:10E6D00020FA03F1954090402EFA03F303434FEAEA
:10E6E000154EAFB2B1FBFEFC0EFB1C10190C0CFB5F
:10E6F00007F841EA0041884504FA02F422D9691872
:10E700000CF1FF3004D2884502D9ACF10200294453
:10E71000A1EB08019BB2B1FBFEFC0EFB1C110CFB34
:10E7200007F743EA01439F420ED9EB180CF1FF3182
:10E7300004D29F4202D9ACF102012B44DB1B41EA17
:10E74000004192E76046E3E76146F7E76046A3E7EA
:10E750006346B7E7834206D916B9002108467BE72E
:10E76000C6E900E0F9E7B3FA83F78FB9834201D332
:10E77000724508D8BEEB020460EB030301209C46FF
:10E780001EB9002168E73846FAE7C6E9004CF8E709
:10E79000C7F1200CBB4022FA0CF41C432EFA0CF1FA
:10E7A00020FA0CF3B84001434FEA14490EFA07F57A
:10E7B000B3FBF9F81FFA84FE09FB18300B0C08FBB9
:10E7C0000EFA43EA00439A4502FA07F240D9E318E9
:10E7D00008F1FF3004D29A4502D9A8F1020023447F
:10E7E000A3EB0A0389B2B3FBF9F809FB183308FB62
:10E7F0000EFE41EA03418E452CD9611808F1FF3322
:10E8000004D28E4502D9A8F10203214443EA004014
:10E81000A0FB0298A1EB0E014145CE46434602D330
:10E8200006D14D4504D2B9EB020E68EB0403013862
:10E83000002EA6D0B5EB0E0261EB030101FA0CFC31
:10E8400022FA07F34CEA0303F940C6E9003198E7DE
:10E850004046C5E74346D9E730B50F4D0FCD89B0E7
:10E8600003AC0FC42B68236001240C4B0C490094AB
:10E87000022203A806F0FAF8034630B1094A0A4812
:10E88000214613F0D2F809B030BD084A06480321EA
:10E8900013F0C9F8F7E700BFD070020068730200F8
:10E8A00070730200607C020040700200857C0200F0
:10E8B00010B5064A0648022113F0B5F8BDE810402D
:10E8C000044840F2676200230FF0C8BAA67C020039
:10E8D00040700200E81F002008B5302010F04CF90D
:10E8E00038B100238385011DBDE80840034813F0BB
:10E8F0009EB8BDE80840FFF7DBBF00BF086C020010
:10E9000038B5104817F075FBD8B1302010F034F945
:10E910000446B0B1102383850B4B011D0A4603F159
:10E92000100053F8045B42F8045B8342F9D10548B8
:10E93000102213F085F820B12046BDE8384017F0CA
:10E94000D4BF38BD086C02004280020070B5037865
:10E950008AB004460E4607AD032B20D8DFE803F04B
:10E9600002191B1D11492846FFF716FE059563780D
:10E970000493A3780393E378029323790193637953
:10E980000093A3790A4A1E21304612F05DFD0AB0B9
:10E9900070BD0849E7E70849E5E70849E3E7084AA1
:10E9A0000A21284612F050FDE0E700BFCF7C0200AC
:10E9B000F17C0200D67C0200DD7C0200E77C0200D4
:10E9C000B29C0200B0B50B7800AF0C46052B45D8C1
:10E9D000DFE803F003902D5F6F468B684E4A4F4887
:10E9E000032113F022F8A368002B37D060680028B9
:10E9F00034D04B4A1368C3B1181F00231360494A2F
:10EA0000136017F072FF4848002200230EF05CFFED
:10EA100020B3828D011D454813F012F8F0B1444A2D
:10EA20003E48022112F0FFFF18E00438E9E74A6887
:10EA3000CB68118D0B443F499BB213850A786AB9A4
:10EA40006268134413F8013C0A2B01D00D2B05D149
:10EA500001230B70354883685B699847BD46B0BD9C
:10EA6000344B002430201C7010F086F828B18485C7
:10EA7000011D2E4812F0DBFFF0E72F4A2748022144
:10EA800012F0D1FF40F2676200232C480FF0E6F944
:10EA9000E4E7302010F070F8014640B10023838590
:10EAA0002248836828221B6904319847D6E7224A06
:10EAB000B6E74B68198D1C1FC1B16D468AB06A4616
:10EAC0001F48D36140F2013313841E4BC2E9050194
:10EAD00042F8103F114800234FF4135101F08EFF0C
:10EAE0001948AD46214617F0CAFBB7E7204617F094
:10EAF000FCFEB3E70A4A13680BB94B681360094977
:10EB0000A368086803440B60116808480A8D19441B
:10EB1000D21A12F095FFA1E7147D020040700200A6
:10EB20006C36002068360020F80E0020086C0200C9
:10EB30002B7D02008C700020A67C0200E81F0020C4
:10EB4000497D020004000001E00E00202DE9F043A1
:10EB50008DB04FF0FF324FF0FF332848284FDFF8D9
:10EB6000A480DFF8A4900EF01BFF3022002168463D
:10EB700017F0EAFE4FF0FF334FF0FF3238460EF049
:10EB8000A3FEBDF82C40838DC4F128049C420546A9
:10EB900028BF1C4600261CB9284617F0A6FEE9E748
:10EBA000BDF82C00311D043022462944684417F07A
:10EBB000A3FEBDF82C20224492B2272AADF82C20C7
:10EBC000264408D802F130036B4413F82D3C0A2B7D
:10EBD00001D00D2B0CD101A9002002F0BBFC20B10B
:10EBE00042460221484612F01EFF0023ADF82C30A9
:10EBF000AC8DA41B282C28BF2824CCE7980E00201D
:10EC0000E00E0020607D02004070020008B505485B
:10EC1000054A032112F007FFBDE8084003480FF042
:10EC200079B800BF40700200887D02007036002075
:10EC3000B0B588B000AF0C4614F0F7FD3946FFF7C9
:10EC400085FE6D468AB06A46134BD461C2E905372A
:10EC5000124B1362124B5362124B42F8103F124C8C
:10EC6000124800234FF4435101F0C8FE2068AD461E
:10EC700018B106F041FA002323600D4C00F0E8FCC7
:10EC8000206830B106F038FA00230220236016F025
:10EC900039FD2037BD46B0BDD07D02003C7F02006B
:10ECA00000020204050000028036002040700200CD
:10ECB00084360020B0B5104A104B00AF00286D46D6
:10ECC00088B006BF1346012400246A460C49C2E9F5
:10ECD00005134FF4007393830A4B42F8103F00234F
:10ECE0004FF4E651084801F089FE2046AD4600F099
:10ECF000BFFCBD46B0BD00BFF37D0200FB7D02003E
:10ED0000047E020003000001407002002DE9F04F74
:10ED100089B0002400AF05468846164621461A22CF
:10ED2000381D3C6017F010FE284614F07EFD394671
:10ED3000FFF70CFE6D468CB06A462C4BC2F824805F
:10ED4000C2E905362A4B93622A4BC2E9077642F89C
:10ED5000103F2948DFF8A490DFF8A4A0DFF898B0AE
:10ED600023464FF4635101F049FEAD46A64209D057
:10ED700030200FF001FF054640B9224A1E4802210B
:10ED800012F051FE2437BD46BDE8F08F321B272A12
:10ED900094BF92B22722031D828508EB0401184616
:10EDA00017F0AAFDAA8D1444A4B2A64203460AD1C4
:10EDB00008EB060111F8011C0D2904D1A9180A203D
:10EDC00001320871AA851946AA8D484612F038FE0C
:10EDD00003460028CAD058465246022112F025FEAA
:10EDE0000948294617F04BFAC0E700BF157E02001C
:10EDF000010303050600000240700200086C0200D7
:10EE0000607E0200357E0200F80E0020F0B589B069
:10EE1000054600AF0C46B9B16D468AB06A46314B23
:10EE2000C2E90531304BD36140F2013313842F4BDB
:10EE300042F8103F2E4800234FF4115101F0DEFD3F
:10EE4000AD462437BD46F0BD14F0EFFC3946FFF760
:10EE50007DFD6E4688B06A46264BC2E905374FF401
:10EE600000739383244B42F8103F4FF4E65123463E
:10EE70001F4801F0C3FD2846B54614F07AFC1F4B2D
:10EE80001860022016F03BFC284600F09FFB1C484F
:10EE900017F0AFF80028D4D030200FF06DFE0446F4
:10EEA0000028CED00F238385164B011D0A4603F19F
:10EEB0000C0053F8045B42F8045B8342F9D11888D4
:10EEC0009B78108093700E480F2212F0B9FD002835
:10EED000B7D00D4A0648022112F0A5FD204617F0D2
:10EEE00004FDAEE7867E02003C7F020004000001C4
:10EEF00040700200A77E020003000001843600205B
:10EF0000086C020032800200B47E0200F7B50BF0FC
:10EF100067FF034620B1514A5148012112F085FD97
:10EF2000504E304617F065F8A8B130200FF024FE9F
:10EF3000044680B1002585854B494C4817F088FA76
:10EF4000B3681B684BB9204617F0CFFC484A4448C9
:10EF5000012112F068FD12F07BFD46492A46304639
:10EF600098470028EFD130200FF006FE0546002814
:10EF700067D0031D40491846FFF70EFB25220146C6
:10EF8000AA85304612F05CFD074660B1204617F0B6
:10EF9000ACFC284617F0A9FC384A31483B46012111
:10EFA00012F043FDD7E7AB8D354A2D48032112F00F
:10EFB0003CFD211D304612F03AFD034600283BD1AE
:10EFC00005F05CF80028C6D12E4A2548032112F02E
:10EFD0002AFD2D480EF0AAFC13F0B6FE2B4802F0D5
:10EFE000ADFA044688BB00F087FA00F04DFB0346FB
:10EFF00020B1274A1A48012112F017FD2549264859
:10F0000017F0D9F924480EF085FE4FF47022002342
:10F01000CDE9002321484FF4A02200230FF030FD5A
:10F02000013404F0010101200BF0FAFE00214FF43D
:10F03000004017F0E4FAF3E7194A0948012112F0F9
:10F04000F4FC204617F051FC85E70346154A0448B6
:10F05000012112F0EAFC002003B0F0BDDC7E0200CA
:10F0600040700200086C0200D9E80000E81F002090
:10F07000F77E0200C5E90000177F02003D7F020015
:10F08000667F0200D67F0200980E0020180A00203A
:10F090001880020059E8000070360020800D002022
:10F0A000AF7F0200EC7F020001480EF0BDBB00BF45
:10F0B000C4360020054BBFF35B8F1B68BFF35B8F2B
:10F0C00013B103480EF032BC704700BFA8360020D1
:10F0D0008836002010B515F04AFC044AC31EBDE86E
:10F0E00010400348032113F064BD00BF7F8002007D
:10F0F000707002000B4621B1034A0448022113F04C
:10F1000058BDFFF7E7BF00BF9D800200707002008E
:10F1100010B54FF0FF324FF0FF330E480E4C0EF09B
:10F120000BFB0E4A002313800D4A13800D4A1380F7
:10F13000FFF7BAFF0022002320460EF031FC002822
:10F14000F8D0094C0022002320460EF029FC0028AC
:10F15000F8D010BDC4360020AC360020684C00202A
:10F16000664C0020644C0020883600200B4B07B50D
:10F1700000221A80FFF7CCFF422200230848CDE985
:10F1800000230FF07DFC074A07484FF4FA73032170
:10F1900003B05DF804EB13F00CBD00BF604C002021
:10F1A000480D0020B68002007070020008B5114BB7
:10F1B0001B6873B1BFF35B8F0F4B1B68BFF35B8F93
:10F1C0003BB10E48012112F04EFCBDE80840FFF7AC
:10F1D000CDBF0A48002112F046FC094817F0EFFAAB
:10F1E000FFF796FF074A0848BDE80840032113F0DF
:10F1F000D7BC00BFA0360020A4360020A8360020CF
:10F20000480D0020D9800200707002002DE9F04FF7
:10F21000654FADF21C4D0025DFF8908164484FF03A
:10F22000FF334FF0FF320EF0BBFBBFF35B8FD8F81C
:10F230000030BFF35B8F002BEED0DFF87891D9F868
:10F240000060002EE8D0304615F091FBC31E0A2B5B
:10F2500035D9A0F10C04C4F30714012C38BF0124E4
:10F26000142C28BF1424230106330393BFF35B8FB0
:10F27000D8F80030BFF35B8F002BCDD0D9F8003029
:10F28000002BC9D0DFF830A14C484FF0FF324FF0CF
:10F29000FF330EF051FABAF800B0FFF705FF5C45F6
:10F2A000BAD84FF0FF3345484FF0FF320EF044FA22
:10F2B000BAF800309C4204D9FFF7F6FEACE701240F
:10F2C000D1E73A8800204FF0120E3D490DF5FE7C43
:10F2D0000EFB02110EFB00CC01F1100A51F804BB29
:10F2E0004CF804BB5145F9D10988ACF80010013045
:10F2F000C1B20132A142C2F30802E6D33A80621ED3
:10F30000D2B2013B9B1A2C4A1380FFF7CDFE40F28C
:10F31000A513ADF814302B4B8DF818401B88ADF8B1
:10F320001630002305A97FA84B7106234A7990F86F
:10F3300010C042EA0C024A71A0F1020E1A4600F116
:10F340000E0A3EF902CF01F802C001EB020BCCF32A
:10F35000072C0232F2458BF801C092B2F1D1039A28
:10F3600010339BB29A4200F11200DFD1304602F016
:10F37000F1F8034690B10135322195FBF1F201FB22
:10F380001252012A05D1104A10480095022113F0AB
:10F390001AFC0021422017F032F967E709490A8870
:10F3A00001320A80054661E7664C0020A83600203D
:10F3B000AC360020A0360020644C0020C43600206B
:10F3C0006A4C0020604C0020F48002007070020043
:10F3D0002DE9F0413D4D3E4C86B04FF0FF334FF0EC
:10F3E000FF3228460EF0DCFABFF35B8F394B1B6807
:10F3F000BFF35B8F002BF0D0684600F0ADF90346F9
:10F4000028B1354A3548022113F0D3FBE5E7BDF9B1
:10F410000030049040F6FF72C3EBC333B3FBF2F34A
:10F42000ADF804302388C3EB033201339BB2B3F54C
:10F43000FA7F28BF002340F2F3112380B2FBF1F2E0
:10F440009DF80230ADF806209DF8032043EA420300
:10F45000CDE902008DF81430214F22484FF0FF32E1
:10F460004FF0FF330EF068F93A88B2F5007F07D30A
:10F470001D490B880133C3F30803013A0B803A801E
:10F48000DFF868E01A4BBEF8002012210DF1040CE1
:10F4900001FB02330DF11408664603CE46451860A1
:10F4A0005960B44603F10803F6D1318819803B88CE
:10F4B0000132C2F308020133AEF800203B80FFF7AF
:10F4C000F3FD0C480EF032FA87E700BF88360020C3
:10F4D000624C0020A83600201381020070700200E8
:10F4E000644C0020C4360020664C0020684C00208C
:10F4F0006A4C0020AC360020F0B589B0244816F0E4
:10F5000021FE4FF400720021224816F0D1FE4FF484
:10F5100000720021204816F0CBFE00211F4812F097
:10F52000A2FA1F4812F09FFA002600271D4D0491F1
:10F530000523CDE90213CDE90011CDE906671A4B89
:10F540000C464FF40062194928460EF0D9FC1849C0
:10F55000284616F0A2FF174D174904940623CDE95B
:10F560000243CDE90667CDE90044144B4FF48062B5
:10F5700028460EF0C5FC1249284616F08EFF114AA7
:10F580001148032109B0BDE8F04013F009BB00BFEA
:10F59000C4360020AC36002088360020A836002073
:10F5A000A4360020982000200DF20000407C0020AE
:10F5B000238102001820002000780020D1F30000F1
:10F5C0002E8102003A81020070700200174B13B5C1
:10F5D0001860174B174900221A80044608F018FFDC
:10F5E000034620B1144A1548022113F0E2FA144BE5
:10F5F00000936946204614F01EF9034620B1114AD3
:10F600000E48022113F0D5FA0F4B019301A92046B1
:10F6100014F027F9034620B10C4A0848022113F0E0
:10F62000C8FAFFF7C3FD02B010BD00BFA03600202E
:10F63000604C0020240A00205A81020070700200F1
:10F64000FB0090427B8102000000020297810200D1
:10F6500008B5054B05480021196012F004FABDE811
:10F660000840FFF7A3BD00BFA0360020A43600204D
:10F6700008B50146034812F0F6F9BDE80840FFF767
:10F6800095BD00BFA436002038B5254C2548206024
:10F6900016F0AFFC40B9244A2448012113F080FA47
:10F6A0006FF01204204638BD2068836820491B682B
:10F6B0009847044630B11F4A03461C48012113F005
:10F6C00078FAEFE71C4D1D48286016F092FC08B947
:10F6D0001B4AE1E728684FF4D0120E2112F0CEF950
:10F6E000044610B1174A0346E7E7174A28680D2178
:10F6F00012F0C4F9044610B1144A0346DDE7124A79
:10F7000028680F2112F0BAF9044610B1104A0346D6
:10F71000D3E7104A0548032113F042FAC2E700BFBD
:10F72000DC360020686C0200C081020068700200B4
:10F73000047C0200D5810200D8360020886B0200CC
:10F74000F281020002820200100001001882020011
:10F750002E8202004482020070B5134B05461868E1
:10F76000F0B1836811495B6898470446B0B9104B03
:10F77000104EB3F900302B800D21306812F08CF957
:10F780000028D4BF00200120A8700F21306812F09B
:10F7900083F90028D4BF00200120E870204670BD06
:10F7A0006FF01204FAE700BFDC360020280A0020C0
:10F7B0006A700020D83600202DE9F04F97B000AFD6
:10F7C00090F802A0D7F880B03B62CBF3C0030446A8
:10F7D000FA62BB61894641B9457800780AEB80003E
:10F7E00020444D4517D8A0EB0409E378FB61BAF13A
:10F7F000000F02D01BF0010F16D1FB6953BBFB6A4F
:10F800001BB13A6A4946204698474D4628465C3720
:10F81000BD46BDE8F08F461C3046FEF7C5FE013000
:10F82000304409F10109DCE7237862687A62FA6AF8
:10F830009900796104EB8301002A40F000814D4674
:10F840000E4601EB0A094FF000084E454CD101EB82
:10F850000A0610E01BF0020FD1D023789A007A61DB
:10F8600062687A62FA6A04EB8301002A77D14D4616
:10F8700001EB0A0690461BF0050F0CBF0223012383
:10F88000FB62FB6906EB430A0BF00203BB625645C1
:10F89000BCD016F8021B16F8013C54F82390994B83
:10F8A000994502D3984B994536D3BB69002B40D07C
:10F8B000786A12F0A0FA00283BD0E9468AB06A467E
:10F8C000924B53617B6AC2E906314FF40073138493
:10F8D0008F4B42F8103F8F4800234FF4125101F034
:10F8E0008DF8023DCD46D2E716F8013BF96254F897
:10F8F0002300FEF759FED7F88430F96A01304BB186
:10F90000D7F8883098453EBFD7F8843023F81800E0
:10F9100008F10108054498E7BB6923B1786A12F041
:10F920006AFA0028C9D11BF0010F05D1FB6AED1A54
:10F93000ADE7BB6A002BAAD04846FEF735FED7F8E4
:10F94000843053B1D7F8883098453FBFD7F884202A
:10F95000431C22F8183008F10108054497E7BAF172
:10F96000000F72D01BF0040672D0D046002607F1BB
:10F97000480052463B61B96216F0BEFFB96A3B6966
:10F9800001EB0A02BA62FA69F9695200FA60BA6ACE
:10F9900002EB41023A610BF00202BA603A69B96ABD
:10F9A0008A4257D162787A621BF0020F32440CBF50
:10F9B0004FEA580100211BF0010FD2B240F09F80A6
:10F9C0001BF0040F14BF40460020BB616270A070A2
:10F9D000E1703A6A7969FB6A20469847051EFFF68E
:10F9E00015AFBB6923707B6A6370FB69E3704146A6
:10F9F0003A6AFB6A84F802A007F148009847B0F120
:10FA00000008C0F2BB807B693A6AA9EB0A01C91AF7
:10FA1000FB68C91AD7E90A0398470028C0F2B080EA
:10FA2000A84408EB00054FF0000B07F1380AB34576
:10FA300072D300213A6AFB6A08469847E6E65646C2
:10FA40004FF0000807F1380093E75646D04697E795
:10FA5000B04695E7BA6A12F8021BBA6212F8015C66
:10FA6000284A54F82500904202D3274A90421ED3D8
:10FA7000BA6932B1786A7B6012F0BDF97B68002800
:10FA80008CD1BA6802BB08F1280207F1300C08F1EA
:10FA90000100944407F1580252FA80F008F102087C
:10FAA0000CF8101C5FFA88F800F8105C76E7BA6969
:10FAB0003AB1786A7B6012F09EF97B6800287FF487
:10FAC0006DAF1BF0010F09D006F1280207F13000DD
:10FAD000711C161806F8205CCEB25FE71BF0040F0D
:10FAE0003FF45CAF08F1280207F1300008F1010192
:10FAF00002EB000808F8105C5FFA81F84EE700207E
:10FB000063E700BFA86A0200FCA90200808202002D
:10FB100004000001C86F02001BF80A3087F8373074
:10FB200054F82390D7F884302BB3D7F888309B450E
:10FB300021D2D7F8843033F81B803A6AFB6A01215E
:10FB400007F13700984700281ADB0544B8F1000F89
:10FB500006D14846FEF728FD00F101081FFA88F893
:10FB60003A6AFB6A414648469847002808DB054444
:10FB70000BF1010B5BE74FF00008DEE7454645E679
:10FB8000054643E6014B1B68184700BF3C0A0020AE
:10FB900030B585B004460D4610220021684616F0A7
:10FBA000D3FE02238DF802302A46044B01932146EE
:10FBB000684611F0DBFC05B030BD00BF85FB0000DE
:10FBC00080B505460E46174698460EF05DFC034686
:10FBD00016F060FFDFF81890044649F800304246FE
:10FBE00030463946A84754F8090002F029F900BF09
:10FBF000080000002DE9F047058B044628079046D1
:10FC000011D4022905F0070540F0CC80204612F0FF
:10FC100016FC78B10138218B042811D8DFE800F0F8
:10FC2000C2106D85950001290CBF45F0100545F007
:10FC30002005258388F31188BFF36F8FBDE8F08717
:10FC400001F0070AAA4500F0A5800027B9463E4604
:10FC5000A368002B00F0BC8041F00801218388F3E9
:10FC60001188BFF36F8FA168002900F0BA800D687A
:10FC7000002900F0B680D1F8048033465246204671
:10FC8000C047002D76D02B6829461D46F0E701F0CD
:10FC900007035A1F012A1BD8002221F00701062B57
:10FCA000276889B2C4E9002209D13B4603E0628B90
:10FCB000013262831B68002BF9D141F002012183DC
:10FCC000204612F0BCFB00287AD041F0200176E0FB
:10FCD000042B0AD121F0070189B22183204612F0BA
:10FCE000AEFB10B141F020012183218B01F0070A06
:10FCF000AA454FD00027B946AAE7236921F007019A
:10FD000041F00601062DD3F8009021832DD1B9F1E1
:10FD1000000F3FD041F00801218388F31188BFF321
:10FD20006F8F3A492046C84729E021F0070123692F
:10FD300041F0040189B2042DD3F804902183E6D068
:10FD400000273E464FF0040A82E721F007012369AD
:10FD500041F0050189B2052DD3F808902183D6D052
:10FD600000273E464FF0050A72E700273E464FF057
:10FD7000060A6DE72B4687E7B9F1000FD1D1EFF303
:10FD80001188402383F31288BFF36F8F238B23F0F6
:10FD900008032383258BEA062ED525F01003238341
:10FDA00005F007056669218B002EBFF670AF0023B2
:10FDB0002768C4E9003321F0070141F001012183E4
:10FDC000218B01F0070AAA454FF000097FF440AFEC
:10FDD000002F9CD041F00801218388F31188BFF3E4
:10FDE0006F8F002FC8D03D683946334652462046B3
:10FDF00012F051FB2F46F4E7AB067FF51BAF25F061
:10FE00002003238305F0070500E700BFC324020099
:10FE10002DE9F7430F4606460821C06ADFF85090E7
:10FE200012F05EFC3C68241A80463C6004EA090536
:10FE3000AC4203D8002003B0BDE8F08308236A4633
:10FE40002146304612F0E2FB0028F4D169463046E4
:10FE500012F050FC40B1BDF80230BDF804203C6007
:10FE600005EA090513441D44A4EB0804E0E700BFBC
:10FE70000000FFFF73B504460821C06A124E12F05D
:10FE80002FFC4FF6FF726368ADF800208DF8062056
:10FE9000E268191833401344181A00256060684658
:10FEA000ADF80210ADF8045012F011FC694620467E
:10FEB00012F0E0FC2046211D12F0E1FB63682846A9
:10FEC0003340A36002B070BD0000FFFF2DE9F04792
:10FED00004468AB000F11407384616F033F9A06AD8
:10FEE0008368DB689847E06250B98D4A8D480121EC
:10FEF00012F0D2FB6FF0150528460AB0BDE8F08776
:10FF0000A06A8368DB6898470368013B1F2B01D90F
:10FF1000854AEBE7E368B3F5803F08D94FF48032B8
:10FF200000928048814A012112F04DFEE2E7A06A6A
:10FF3000216807AA14F0AAFE08B17D4AD6E7E56851
:10FF40002DB1089BB5FBF3F203FB12550DB1794AB5
:10FF5000CCE7238A012B01D8774AC7E7E36A0295E9
:10FF600093F805904FF0FF334FF0FF3238460DF015
:10FF7000E3FBE06A082112F0B3FBA8460646238A99
:10FF80001FFA85FA534508D8238A434523D13846BA
:10FF90000DF04AFC6FF02C05AEE7E1682B04891BDD
:10FFA00013FA81F14A4608232046029112F03CFBE5
:10FFB00078B102A9204612F062FB08F1010802990B
:10FFC00008234A4620461FFA88F812F02DFB002825
:10FFD000DAD00135D3E79A450BD1029908234A4676
:10FFE000891B204612F020FB18B902A9204612F006
:10FFF00046FB02A92046FFF70BFF054618B138461D
:020000021000EC
:100000000DF012FC78E7029B63604FEA13484FEA59
:100010000848C4F80880D4E9011399420FD3082393
:1000200003AA204612F0F2FA05460028E7D103ABF6
:1000300013F8012B91453DD10135082DF8D16368A6
:100040001B0C1B0402A92046029312F018FBE36864
:1000500002994A46204612F0E7FA051ECFDB636894
:100060007ED006EB03084FF6FF79E368CDF80880F1
:100070001FFA88F29B1B9A4238D3304A2948032141
:1000800012F00AFB6168204612F008FB05460028C2
:10009000B5D163682A4AE16813400B44A3EB4603D9
:1000A00063601340A360204612F00CFC0546002D4F
:1000B00072D0A4E703A9204612F01CFB626810B9B5
:1000C000921B6260A7E7BDF81050BDF80E10E06A01
:1000D000C4F80880294412F003FB40449042A06019
:1000E000EED1002DECD06FF01C0580E0082305AAAE
:1000F0004146204612F08AFA054600287FF47FAF79
:1001000005A9204612F0F6FA38B1BDF814304B4577
:1001100003D1BDF81830002B6FD0B044A5E700BF65
:1001200048830200F86F02006A830200878302009E
:10013000B0830200C8830200DC8302004E84020008
:100140000000FFFF5B1A4A46204612F06DFA051EBA
:10015000FFF655AF08D0E26AA36812681344A360A3
:10016000D4E901318B42EDD86168E36801EB4602C6
:100170009A429CD1DFF8A880A26801EA08039A425B
:1001800095D0204612F08AFA054600287FF437AF52
:10019000636803EA0803A360E368A288A3EB46034D
:1001A0009A4220D038460DF03FFB0123A374E26849
:1001B000238A1C48009203211B4A12F004FD636845
:1001C0009AB200921748194A1B0C032112F0FBFC4B
:1001D000A3689AB200921348154A1B0C032112F02F
:1001E000F2FC002588E6204612F055FB054638460D
:1001F0000DF01AFB002DD8D07EE60E4A09480321E7
:1002000012F04AFA63681B0C1B0402A920460293F1
:1002100012F035FA0299204612F040FA46E700BF84
:100220000000FFFFF86F0200FF8302001684020047
:1002300028840200398402002DE9F04F1D4691B058
:10024000837C02910446009253B9644A64480121B8
:1002500012F022FA6FF00C06304611B0BDE8F08FB4
:10026000C26A0821104612F03BFA29460190104656
:1002700012F036FAE368019AA3EB8203AB42074619
:10028000C0F0A9801DB1009B002B00F0A480636822
:10029000059306AA05A92046DDF814A012F067FA16
:1002A00006460028D8D1BDF81830029A934206D0ED
:1002B0006268059B9A42ECD1002D36D1CCE706A9A5
:1002C000204612F017FA0028F2D0BDF81A80BDF8C7
:1002D0001C3045B39D4228D1E36ADDF800B01B68AD
:1002E0004FEA1A4A5B424FEA0A4A03F02003D0441D
:1002F0000393AA46DDF80C90D14528BFD1464B4662
:1003000008AA4146204612F081F900284AD14A46FF
:1003100008A9584616F020FB38B9BAEB090AC844B8
:10032000CB44E7D198E7002B96D0002F3DD1B846BB
:1003300004F1140A4FF0FF324FF0FF3350460DF036
:10034000FBF9238A9E4243D0A168626808EB01034F
:100350009A422FD3029BADF82030FF238DF8263030
:10036000009AADF822102B462046ADF8245012F02A
:1003700048FA29460746E06A12F0B2F9A368034436
:10038000A36057B908A812F0A2F908A9204612F0F4
:1003900071FA002814BF07462F4650460DF044FA64
:1003A0003E4659E7C1DC064656E7019B1F441FFA4B
:1003B00087F8BDE72046FFF75DFD07460028ECD132
:1003C000204612F07FFA07460028E6D10136B8E74A
:1003D0006FF01B07E1E76FF015063DE7348302007D
:1003E000F86F02002DE9FF471E46837CBDF8309070
:1003F00004460F4690464BB92C482D4A012112F075
:100400004BF96FF00C0004B0BDE8F087C06A08211A
:1004100012F066F9E368A3EB4003B34243D3D4F888
:1004200004A0CDF804A000254D455146DDF804A0F8
:1004300009D9636853451ED1BDF80830BB421AD0B4
:100440006FF00100DFE702AA01A9204612F08FF940
:100450000028D8D1BDF80830BB4206D102A92046F9
:1004600012F048F908B10135ADB26268019B9A42B9
:10047000DAD15146E0E7BDF80C30002BE0D0A945B9
:10048000DED8BDF80A00090CB3424FEA014128BF8B
:10049000334601444246204612F0B8F80028B2D153
:1004A000BDF80C00AFE76FF01500ACE7F86F020085
:1004B000348302002DE9F047DFF8588004460746F0
:1004C0004FF0010914B93846BDE8F08794FAA4F555
:1004D000B5FA85F509FA05F32E0108EB05156FEA63
:1004E000030A24EA03042B7B002BEBD058F80630D8
:1004F0001B694BB94644042273682846196807EA09
:100500000A0712F0DDFADDE7284698470028D9D11E
:10051000F0E700BF7870020030B51049104889B08C
:10052000002216F040F90F4D0F4900220023CDE9BB
:10053000062300240E23CDE90334CDE901440B4BFF
:1005400000944FF4407228460DF0DAFC0849284622
:1005500015F0A3FF204609B030BD00BF75050100AE
:10056000A02500201821002080840020A10801007F
:100570007C84020001480DF0D9B900BFB00E002004
:100580002DE9F047804621480F4612F087FA0646CB
:10059000002833D000252846BDE8F087237B83B1AF
:1005A0002368DB680BB120469847636883F80690A0
:1005B00023681B69D3B9636804221968204612F0C6
:1005C0007FFA013610345445E8D3B8F1000FE2D079
:1005D000002DDFD02846FFF76DFF0546002FF7D02E
:1005E00000214FF4A47016F00AF8F1E7204698476E
:1005F0000028E0D009FA06F31D43E2E7044CDFF8D7
:1006000014A005464FF00109DDE700BFF0360020D9
:100610007870020088700200014B53F82000704788
:100620009473020008B5034608462BB1044A1360D0
:1006300000F02AFC002008BD6FF01500FBE700BFAA
:10064000400A002010B5044C237813B903480DF07C
:100650006DF90123237010BD8D700020B00E0020B5
:1006600010B504460B4812F019FA5CB1BFF35B8F6A
:10067000094B53E8001F013943E80012002AF8D162
:10068000BFF35B8F054816F09AF80548BDE81040A7
:100690000DF04CB9E8360020EC360020A0250020F3
:1006A000B00E00200020064BBFF35B8F014653E8DD
:1006B000000F43E80012002AF9D1BFF35B8F7047A7
:1006C000E836002070B5FFF7EDFF084C084E0546F0
:1006D000B44200D370BD63685B792BB123685B685B
:1006E00013B12946204698471034F1E7787002008C
:1006F0008870020010B5044C0449204611F0BFFC7C
:10070000034B1C6010BD00BF000D00208073020071
:10071000E03600200D4A0E48002310B513700D4A34
:1007200013600D4A4FF400411360FFF77BFFFFF7A2
:10073000E1FF0A4B0A4918468B4200D310BD1A1A32
:100740005C681211013222711033F5E78E700020BF
:10075000992A0200E8360020EC360020787002006A
:1007600088700200014600220148002311F0A8BC55
:10077000000D0020014811F041BD00BF000D002018
:10078000024B0146186811F08DBD00BFE036002015
:10079000014811F0C2BD00BF000D002070B5294B0B
:1007A000187800284DD0FFF7E5FF0546002845D111
:1007B000254B264C1B68002B19DD15F0ACFF4FF4C0
:1007C0007A72A0FB020302FB0131C30BD4E90020C3
:1007D00043EA41439B1A4FEAD13140F2E93261EBDF
:1007E0000001934271F1000101D3FFF76BFFD4E9DF
:1007F000003213F57A7342F10002C4E90032BDE819
:100800007040FFF7C5BF63685B7923B12368294651
:100810001B68204698471034B442F4D32846FFF7AB
:10082000AFFFBFF35B8F0A4B53E8001F013943E86A
:100830000012002AF8D1BFF35B8FB9E7054C064ED2
:10084000EAE770BD8D700020E83600209825002072
:10085000EC360020787002008870020070B50D4DF3
:10086000297861B90120FFF78BFE0B4C0B4EB44287
:1008700006D3FFF793FF0028FBD101232B7070BD37
:1008800063685B791BB1236820469B6898471034E6
:10089000EDE700BF8E7000207870020088700200C3
:1008A00000212DE9F0470846FFF76AFE044658B3D9
:1008B00040F267684FF0000916F0ECF81B4B1C4A39
:1008C0001B58136033B11B4B1B68092B02DD1A4800
:1008D0000DF02CF8194FDFF860A0002544B1204638
:1008E000FFF7E8FD044618B94FF0FF384FF0FF3925
:1008F000FFF754FF064628B9B5B942464B46504665
:100900000DF04EF83546E9E74FF0FF384FF0FF396C
:10091000D2E72B689B691BB10022114628469847F5
:100920001035BD42F5D3E8E7054DFAE708000000B1
:10093000E4360020EC360020B00E00208870020063
:100940007870020013B5184812F0A8F8174B1B78FE
:1009500073B1EFF31184402383F31288BFF36F8FD9
:10096000FFF71CFF84F31188BFF36F8F02B010BD37
:100970000F4B1B68002BF9D050B900220023CDE9A2
:1009800000230C484FF4004200230EF079F8EDE705
:100990000928EBD1074815F012FF074802B0BDE85F
:1009A00010400CF0C3BF00BFEC3600208E7000205A
:1009B000E4360020A0250020B00E002010B5064B24
:1009C0001B68044698472146A060044811F0F7FBD5
:1009D000BDE81040FFF7B6BF400A0020000D002020
:1009E000044A054B9B1AB1EBD30F34BF52F83100C8
:1009F00000207047506F0200787002002DE9F04F20
:100A00008FB004AFC1F34A28B8600D4691467B60B1
:100A10000C0DB8F1000F63D0002607F114034FF05E
:100A2000040B4FF00A0AC7F80C80C7E907667E621C
:100A30000193CDF808B0CDF800A007F11C03F968C8
:100A400032464846FEF7B8FEB0F5006F03461CD3A9
:100A50006C468AB0D9F8041004AB2648C3E90501F6
:100A600040F2FF71D9611A464FF400711984224B8C
:100A700042F8103F214833464FF41251FFF7BEFFB2
:100A8000A5462C37BD46BDE8F08FC0F30A0804F137
:100A90001700184420F0070080083B60FFF762FE53
:100AA00068F35325044690B13B68154AC7E90836F8
:100AB00000F1100107F11403F961CDE900A3CDF8AD
:100AC00008B0F96807F11C034846FEF775FE68F3A5
:100AD00053257B68B9682A46204612F011F8D0E702
:100AE00004F1170020F007008008FFF73BFE0446E2
:100AF000EDE700BF918402000400000100700200D5
:100B0000D32A0200406820B1034BC01A40F3CF0043
:100B100070474FF0FF307047506F02000EB403B5BE
:100B200003AB014653F8042B0448019301F034FC55
:100B300002B05DF804EB03B0704700BF152C020053
:100B4000CA0605D48B064CBF02490349FFF7E6BF2E
:100B5000704700BF3B7F02003A7F02002DE9F04F53
:100B600089B09B46149B06939DF84CA0159B05935A
:100B7000169B179E049304460D469046BAF1000F4B
:100B800000F09D8006F48073079311F097FF06F044
:100B90000209024600283ED091492046FFF7BEFFD9
:100BA0000746B9F1000F08D016F0440F35D18D4932
:100BB0002A462046FFF7B2FF074406F0010353B16F
:100BC000894B8A4953F82A20894B2046002A08BFBE
:100BD0001A46FFF7A3FF06F48073002B49D006F0F6
:100BE0000803002B63D1B8F1000F66D0814942465B
:100BF0002046FFF793FF0546069B3D44002B6DD131
:100C0000049B002B73D1F30700F1E48031462046AA
:100C1000FFF796FFD8E00746C3E7774B1868002830
:100C2000CAD0764B4FF47A791B68B5FBF3F54FF4D5
:100C30006163B5FBF0F100FB115509FB05F54FF0C1
:100C40003C0CB1FBF3F203FB1211B5FBF0FEB1FB60
:100C5000FCF300FB1E550CFB131109FB05F500917D
:100C6000B5FBF0F56649CDE901E52046FFF756FFF3
:100C7000A2E706F00803EBB1624B634953F82A2060
:100C80002046FFF74BFF0546B8F1000F05D0594944
:100C900042462046FFF742FF0544BBF1000FABD0B0
:100CA0005A495A462046FFF739FF0544A4E74FF05A
:100CB000000BE1E706F00805E6E745469CE7BBF1D7
:100CC000010F069B06D1002B64D1049B002B7BD027
:100CD00000250CE0002BF8D04D485CE04D48069B09
:100CE0004D49224611F056F8049B002B68D0DFF8DE
:100CF0002C81DFF82C91049F3146102F204628BF0D
:100D00001027FFF71DFF4FF0000B5D4545DC059BED
:100D100049461A782046FFF701FF4FF0010B1BF000
:100D2000070F03D141462046FFF7F8FE5F453BD948
:100D3000059B494613F80B202046FFF7EFFE0BF109
:100D4000010BBBF1100FEAD1364920464FF0000BE2
:100D5000FFF7E4FE5A46059B9A5CA2F120015F2949
:100D600028BF2E2230492046FFF7D8FE0BF1010B99
:100D7000BBF1100F1DD01BF0070F03D141462046D9
:100D8000FFF7CCFE5F455A46E5D841462046FFF7BF
:100D9000C5FEEBE71F485546A1E741462046FFF751
:100DA000BDFE0BF1010BB0E720492046FFF7B6FE70
:100DB000C5E7059B3B440593049BDB1B04939AD139
:100DC000BAF1000F7FF41FAF204609B0BDE8F04F25
:100DD00011F013BF064A05492046FFF79FFE15E7AD
:100DE000D5840200D9840200A47302009A91020003
:100DF000D0840200FE840200F8360020F436002081
:100E0000E2840200B8730200028502000885020035
:100E10004B2C0200152C02009923010015850200BD
:100E20000D85020017850200198502001385020056
:100E300073B542F20F738B4228BF0B4605680F4A09
:100E400004460521684610F0FFFA63680C495B68A8
:100E500006460B22284611F0C2FE636832466946F8
:100E600028465B6811F0BBFE636806495B681B227D
:100E7000284611F0B4FE02B070BD00BF2CA80200DD
:100E8000388502001C850200074A00210123904298
:100E900006D8064A01B901231360054B1860704754
:100EA00040085B000121F2E740420F00F4360020C9
:100EB000F8360020014B01221A7070478F70002015
:100EC000014B002019607047103700200148FFF7E0
:100ED000AFBF00BFE873020010B5064B18680C46A0
:100EE000FFF79AFB21460346BDE8104002480F2257
:100EF000184700BF10370020E8730200F8B5094D0D
:100F0000094B0A4ED5E9004701221A700CB92C6032
:100F1000F8BD214630463A4600F01EF8241A064431
:100F2000F4E700BF0437002090700020917000208B
:100F300010B9074B18707047064B1B781BB141F274
:100F4000883015F03AB8A420002115F058BB00BF36
:100F50008F700020907000202DE9F047DFF8789026
:100F60001E4F80460E46042499F80050A5B915F08E
:100F700017F832468246414628460CF089F9054664
:100F8000504615F015F8E5B101233B7099F8003093
:100F900073B93046BDE8F0873246414600200CF078
:100FA00077F90546EFE72046FFF7C2FF651E2C469E
:100FB00000200CF0B1F90028EBD03B78002BF2D1E7
:100FC000E7E73B78002BE4D0013C2046FFF7B0FF79
:100FD0003B78002BC8D1DCE7907000208F70002098
:100FE000014B036000207047F873020070B5104B8E
:100FF0001C680D46B4B10F4B196800238B4202DB0D
:101000006FF0010070BD224612F8106B864202D0CC
:1010100001331446F2E7E06814F0EBFF28B12C60CE
:101020000020EFE76FF00C00ECE76FF01200E9E74B
:10103000440A0020F873020010B588B04368029398
:101040008368C068CDE903320A680023CDE906232E
:101050000C4601AA0449059313F01CFE079808B931
:10106000059B236008B010BDD32C02002DE9F04190
:101070000C4B1C6805460E4617467CB100F06CF917
:1010800063682046D3F8108032463B462946C04765
:10109000044600F06BF92046BDE8F0816FF00104D2
:1010A000F9E700BF1437002000230360044B5A689F
:1010B00012B9C3E90000704710605860704700BF64
:1010C00018370020014B1860704700BF143700200C
:1010D00030B585B00023CDE902330546019000F01C
:1010E0003BF9094B1C6844B9284600F0D5F8044682
:1010F00000F03CF9204605B030BD636820461B680F
:1011000001A998472468EEE7183700201FB5CDE9FC
:101110000101039200F020F9074B1C6824B900F08C
:1011200025F9204604B010BD636820461B6801A95C
:1011300098472468F2E700BF18370020024B0022CE
:10114000C3E90022704700BF18370020024B00227D
:10115000C3E90022FFF7F2BF203700202DE9F74353
:1011600007460C4609B100230B601F4DDFF87C9049
:1011700000264D450FD31E4B1D6885B355F8188CBE
:1011800001AA41463846183D11F0E5FD10B3D6B925
:1011900014BB2E461EE0D5F8008001AA4146384611
:1011A00011F0D9FD50B116B954B92E4606E0316898
:1011B0000022404611F0CFFD0028F5D11835D8E7C0
:1011C000019B2360F1E731680022404611F0C3FD26
:1011D0000028DDD1AD69D0E7019B2360D9E7304617
:1011E00003B0BDE8F08300BF88700200D070020039
:1011F000203700202DE9F04784B002AF0446D7F82D
:10120000289078600D4616469846B9F1000F07D031
:10121000D9F8001031BBD9F804A0BAF1000F28D1D9
:10122000391D2046FFF79AFF08B3D0F80C90786874
:10123000434632462946C847C8B16D468AB002AA1D
:10124000124BD061C2E905344FF400731384104B84
:1012500042F8103F0F4800234FF41151FFF7CEFB27
:10126000AD4604E03A1D11F076FD0028D3D10020F0
:1012700007E0D9F80830009378684346324629469B
:10128000D0470837BD46BDE8F08700BF748502002F
:1012900004000001507002002DE9F047DFF8AC9027
:1012A000DFF8ACA080464FF000470026294C3D46B1
:1012B0004C450DD3DAF80040002C42D0183CB8F170
:1012C000000F25D122695ABBA469F5E72F46EDE747
:1012D000B8F1000F03D122694AB91834E8E7206851
:1012E0000022414611F037FD0028F4D1F5E763688C
:1012F000BB4205DDAF4209D09D42A8BF1D46ECE7C9
:10130000EBD19047002E08BF0646E6E71D46E4E70E
:1013100020680022414611F01EFD0028D2D1D3E7FB
:101320006368BB4205DDBD4209D09D42A8BF1D4692
:10133000CAE7C9D19047002E08BF0646C4E71D463C
:10134000C2E7AF42C2D13046BDE8F087D07002009C
:10135000203700208870020003484FF0FF324FF022
:10136000FF330CF0E9B900BF700E002001480CF00B
:101370005BBA00BF700E002038B5094DFFF7ECFFD7
:101380002B783BB9FFF7E2FE00F06AF8044610B98B
:1013900001232B700024FFF7E9FF204638BD00BF72
:1013A000A17000202DE9F047048FDFF8B0A00134D0
:1013B00098B006468946A4B200F10807651EADB292
:1013C000B5F5004F47D04A2305AA2946384611F003
:1013D0004AFB04F57F543F34A4B2804621460123E2
:1013E0000DF10B02384611F03EFBB8F1000F01463B
:1013F00010DC002810DC338FAB4209D132466B1E63
:1014000022F8383F4FF4004102233846FEF714FF1C
:101410002C46D3E7002808DC2946384611F01FFB8C
:101420002146384611F01BFBE5E708F160030DEBA0
:101430000308002308F84C3C5246CDF8009003AB5B
:1014400005A80397ADF81040FFF7D4FE0028DFD0C1
:1014500018B0BDE8F0870020FAE700BFC72D0200F2
:101460007FB50123694603200193FFF7BFFD0446C2
:1014700060BB02AA01A9032011F04DFC044610B183
:1014800010F10C0F22D10399B1F5803F23D2009ABD
:10149000002394681846084484421AD30133082B69
:1014A000F9D10E4D69612B835368AB602846D36830
:1014B000EB6311F020FD044640B9094E6E602846EA
:1014C000FFF7F2FD28466E60FFF7FCFD204604B0F2
:1014D00070BD9BB2E5E76FF02004F7E728370020E6
:1014E000480A002008B5044810F0ACFCBDE80840EC
:1014F000024810F0A7BC00BF99850200CE8502000B
:10150000034B9B681BB1481E18BF0120184770474A
:101510006837002010B51C46034B1B6811460BB101
:1015200022469847204610BD68370020024B5B6872
:1015300003B11847704700BF6837002030B1044B33
:1015400002681A6042685A6082689A600020704798
:101550006837002070B586B00E4615460021044657
:101560001822684615F0F0F90B490C4BADF80C50F9
:10157000CDE9011604932CB96946204606F04AFECF
:1015800006B070BD0122204606F016FC0028F3D1FB
:101590006FF01500F4E700BF647402002D15010020
:1015A00001480DF04FBB00BFB474020038B50446CB
:1015B00018B90F4B0F485B6898476168B1F5683FF1
:1015C00010D0B1F5680F0DD00B4DA9420AD011F41F
:1015D0006861206807D00146084814F069FD0023BF
:1015E0002360656038BD142215F0AEF9F9E700BF3D
:1015F000680C0020588602002C5F5CA9743C002017
:1016000008B520B34368B3F5683F10D101220368E1
:10161000BFF35B8F53E8001F002903D143E800208C
:101620000028F7D1BFF35B8F0DD1002008BD094A18
:1016300093420AD000684FF0FF324FF0FF330CF0B6
:101640007BF80028F1D00448F0E70448EEE76FF497
:10165000E040EBE72C5F5CA9E98FFFFFEA8FFFFF1B
:1016600008B5D8B14368B3F5683F10D100220368CC
:10167000BFF35B8F53E8001F012903D143E800202B
:101680000028F7D1BFF35B8F0BD1002008BD074ABC
:10169000934208D000680CF0C7F8F6E76FF4E0401A
:1016A000F4E70348F2E70348F0E700BF2C5F5CA9CA
:1016B000E98FFFFFEA8FFFFF10B5044618B91D4BF5
:1016C0001D485B6898476368B3F5683F2FD0B3F552
:1016D000680F2CD0194A934219D1236803BB1848CC
:1016E0004FF0FF324FF0FF3321460BF0F7FF08B900
:1016F00023681BB90F4B13485B6898472068142276
:10170000002115F021F94FF46863636008E0B3F538
:10171000683F0DD83A2B03D040F6BA629342DED12F
:10172000206814F00FFD636843F03A03636010BD56
:10173000054AF3E7680C0020588602002C5F5CA97C
:10174000743C00207E8602003A00003A08B5064943
:1017500006484023142214F09DFCBDE808400449CB
:1017600004480DF033BB00BF74370020743C0020E8
:10177000BC740200D074020008B50348034A00217B
:10178000121A11F0EEFB08BD601000209C730020BF
:101790000748084A084908B5121A11F0E4FB07483F
:1017A000074A0849BDE80840121A11F0DCBB00BF27
:1017B000C00400205C10002004AA0200B80400202D
:1017C000C0040020FCA902002DE9F047064600AF46
:1017D0000C46002936D0E9468AB0D1E90012A36848
:1017E0006D462148A8464FF0050AC5E90501C5E93F
:1017F000072348F810AF1D48424600234FF42151FB
:10180000FFF7FCF8CD46D4E903126369AD461848EA
:10181000C5F810A0C5E90501C5E907231348002351
:1018200042464FF42151FFF7E9F8CD46E369114AEA
:101830000E48012111F0BDF9A3690F4A0B4801219F
:1018400011F0B7F9012E07D1EFF305830B4A0748D2
:10185000103B314611F0ADF9214630460BF08CFDBE
:10186000BD46BDE8F08700BFAB86020038700200BD
:10187000DA86020009870200188702004687020004
:1018800030BFFFF7FDBF00BF2DE9F0410B4EDFF881
:10189000308006EB0807CC1B054632460949204636
:1018A00015F02AF8A01942460021083C15F04CF822
:1018B0006C6707F10800BDE8F08100BF0000000080
:1018C00008000000D0700200054B5A699B689A42DC
:1018D0001FBF044A536843F080535360704700BFF2
:1018E0006441002000ED00E070B5294C06460D462D
:1018F0002848294911F044FBA36AD9043CD525485E
:10190000264911F03DFB1720A36A1A0504D521488A
:10191000234911F035FB18201D4CA36A9B0512D5F5
:101920001C48204911F02CFBA36BA26A100409D5B6
:101930001D4A1848012111F03CF91EB1A36A23F495
:101940000043A3621920124CA36A590504D511481B
:10195000164911F015FB1A20A36ADA050ED50D48B9
:10196000134911F00DFB1B20094A936A43F47F438E
:10197000936200232B7070BD1620C5E7A36A9B04F9
:10198000F2D504480B4911F0FBFA1C20ECE700BF2C
:1019900000ED00E038700200598702006F870200F6
:1019A0008087020093870200AC870200C187020093
:1019B000DC870200F487020010B5204C2049214842
:1019C00011F0DEFAA36A990136D51E481E4911F0BE
:1019D000D7FA1E20A36ADA0104D51A481B4911F070
:1019E000CFFA1F20154CA36A1B0304D515481849CC
:1019F00011F0C6FA2120A36A590304D511481549EC
:101A000011F0BEFA22200D4CA36A9A0304D50D48AA
:101A1000114911F0B5FA2320A36ADB0304D5094864
:101A20000E4911F0ADFA2420044A936A6FEA034389
:101A30006FEA1343936210BD1D20CBE700ED00E079
:101A400023880200387002003B8802004E880200A2
:101A50006888020086880200AB880200C588020000
:101A60002DE9F843364D80468946364836491746B3
:101A700011F086FAAB6ADE0627D53449314811F0F9
:101A80007FFA1124AB6A1D0704D531492D4811F0A6
:101A900077FA12242A4DAB6A980718D52D492948A0
:101AA00011F06EFA6E6BAB6A190646D52A4A2548C4
:101AB0003346012111F07DF8B9F1000F03D0AB6A74
:101AC00023F08003AB62132403E01024DAE76FF005
:101AD00015061B4DAB6ADA0704D52049194811F0E9
:101AE0004FFA1424AB6A9B0604D51D49154811F022
:101AF00047FA1524124B9A6AD50602D49A6A9007BF
:101B00000AD55B68190507D54146304600F078FADA
:101B100010B180F309880224094B9A6A920642BFE9
:101B20005A6A22F400525A629A6A42F0FF029A629A
:101B300000233B702046BDE8F8836FF01506C2E72E
:101B400000ED00E038700200F08802000689020013
:101B500080870200398902005189020067890200EA
:101B6000F48702002DE9F041664B8AB0D3F8048077
:101B700000AF0446C8F30805002686F31188BFF3BA
:101B80006F8F02F07F43B3F17F4F07D102F00C0358
:101B9000082B12D15C495D4811F0F2F90026344659
:101BA0000023FB71EB1E092B00F28A80DFE803F0B3
:101BB0000A80837C88888888888610074CBF0C46FA
:101BC0000126EDE7524951484E4D11F0D9F9002355
:101BD000FB71EB6A9A0705D54E494C4811F0D0F9D4
:101BE000002332E0EB6A002B01DA4B49F5E7EB6AA0
:101BF0005B00F5D54949454811F0C2F96B69A26906
:101C000043F480736B61BFF34F8FBFF36F8F6B69CA
:101C100032F8022C23F480736B61BFF34F8FBFF354
:101C20006F8F4DF602739A4208D0AB6ADBB273B382
:101C3000FA1D01212046FFF713FF37E02368384AD9
:101C40003248012110F0B5FF2368FA79DAB907F1BB
:101C5000080504F1200C206861682A4603C2083494
:101C600064451546F7D17A6A002E45D0C2F30801C3
:101C700021B96FEA52226FEA42227A6207F1080123
:101C80001846FFF7A1FD2837BD46BDE8F081AB6AD5
:101C900013F47F4F04D0F91D0120FFF725FE05E066
:101CA000AB6AB3F5803F9BD3FFF786FE0346CCE7D4
:101CB000FA1D0021BEE7F91D0020EEE719498CE767
:101CC000194A1A4B18F4F87FE8468AB018BF134631
:101CD0006A461749C2E905134FF400731384103D97
:101CE000144BD56142F8103F084800234FF41151BE
:101CF000FEF784FEC54673E722F4FF7222F001026C
:101D0000BBE700BF00ED00E0B489020038700200BC
:101D1000DF890200F6890200178A0200258A020084
:101D2000448A0200608A02009B89020086890200C0
:101D3000848A020004000001044B5A6942F0100238
:101D40005A615A6922F008025A61704700ED00E0BA
:101D5000EFF30880EFF3098101B57246FFF702FF48
:101D600001BD00BF002080F31488BFF36F8F0F48C0
:101D700080F3088809F09EFF00200D490860BFF33A
:101D80004F8F00F02BF8402080F3118809484FF462
:101D90000461401880F30988EFF31480022108439E
:101DA00080F31488BFF36F8F00F0FAF8C0A600200C
:101DB00094ED00E0009500200749D1F89020002321
:101DC000C2F307221846934200DB7047C1F89830EF
:101DD000C1F8A0000133F6E700ED00E008B572B6E7
:101DE000002383F31388FFF7E7FF144B4FF0FF3214
:101DF000C3F88020C3F88420C3F88820C3F88C205F
:101E0000C3F89020C3F89420C3F89820C3F89C200E
:101E1000C3F88021C3F88421C3F88821C3F88C213A
:101E2000C3F89021C3F89421C3F89821C3F89C21EA
:101E300062B6BFF34F8FBFF36F8F08BD00E100E0C4
:101E4000084B9B6883420BD1EFF3058343B1064BEC
:101E50005A6842F080525A605A6A22F400425A622A
:101E60000CF018BB6441002000ED00E014498A68C2
:101E70004FF030001044EFF3098C80E8F01F402051
:101E800080F31288BFF36F8F0E4F4FF000664A69E0
:101E90008A603E60506F0C4C2060906F0023936707
:101EA00080F3118804B5104600F00EF9BDE8044037
:101EB00002F1300090E8F01F8CF3098870470000B1
:101EC0006441002004ED00E0903C00201EF0040F6F
:101ED0000CBFEFF30880EFF30980816911F8021C51
:101EE0000229FFD001B5724611F03FF801BD00BFD5
:101EF00040B2002807DB044A4109012300F01F001B
:101F0000834042F82130704700E100E040B20028F1
:101F10000CDB4309064900F01F00203301228240F8
:101F200041F82320BFF34F8FBFF36F8F704700BF7F
:101F300000E100E0054B420900F01F0053F82220A9
:101F4000012303FA00F01040704700BF00E100E0F9
:101F500040B2D30754BF023100210028ACBF00F1CA
:101F60006040074A4FEA4113ACBF00F5614000F002
:101F70000F00DBB2B4BF135480F80033704700BFCA
:101F800014ED00E0044B054A23F07F039360BFF398
:101F90004F8FBFF36F8F70470000000000ED00E02F
:101FA00008B5FFF7EFFF074AD2F8883023F4700333
:101FB000C2F88830FFF7E0FBFFF7EAFB00F05AF8C1
:101FC0000BF0FEFA00ED00E042F8203C009B42F8E6
:101FD0001C3C0A49019B42F8183C029B42F8143C05
:101FE00021F001014FF0807342F8043C42F8081CD4
:101FF0000023203A02658367704700BFC1FB0000E1
:10200000094A0346906870B113F1160F406E05D06F
:10201000A0F140029A4205D8834203D2814228BFF0
:1020200000207047002070476441002008B5154625
:102030000B4A0C4B9060426F1A600E4600F044F859
:102040002C4686F309880020034B98472046002140
:1020500000220023014C2047972F0200C1FB000003
:1020600064410020903C0020014B10221A6170470F
:1020700000ED00E0044800234021C2180133302B5A
:1020800082F80013F9D1704700E100E008B5EFF3E2
:102090000583064A103B02EBC30152F8330049683E
:1020A0008847BDE80840FFF70FBC00BFA86C0200DE
:1020B000024B034A0348012100F08AB800000420C3
:1020C00000000020E0740200426E054B403A1A60A6
:1020D000044A4021C3E901121846012100F082B8E8
:1020E000943C002000000B1508B503461048D0F8BA
:1020F0009020C2F30722013A934207D90D480E4AB5
:10210000012110F056FD6FF0150008BDC0F89830A1
:102110000A6822F01F021A4342F01002C0F89C2005
:102120008A6842F00102C0F8A0201846EDE700BF1F
:1021300000ED00E0187002009B8A0200F0B50E4628
:1021400085B01F4604460025B5420DDA606810B31D
:1021500097B1431E18420AD0104A11482B4601215C
:1021600010F027FD6FF01502104605B0F0BD1F28D6
:10217000F2D921680B42EFD12368019310F02EFFB2
:10218000A36801A90343D0B20393FFF7ADFF10F199
:10219000160FE7D0421C01350C34D5E7C18A020086
:1021A00018700200044B0522C3F89420BFF34F8F30
:1021B000BFF36F8F704700BF00ED00E0BFF35F8F8C
:1021C000024B0022C3F89420704700BF00ED00E0EE
:1021D00010B5034C01232278FFF7B0FF207010BD2B
:1021E000A270002008B50B4A00231278FFF7A6FF63
:1021F00010F1160F07D0084A0021D2F89030C3F32F
:102200000723984200DB08BDC2F89800C2F8A0106E
:102210000130F2E7A270002000ED00E02DE9F0436C
:1022200057485849D0F890300D68C3F307239D42B2
:1022300085B000F2A180FFF7C1FF496800229542F6
:1022400001F10C011AD1504C504F25706846FEF731
:10225000C7FEDFF83C81DFF83C9106460025AE4220
:102260001FD1237846490020D1F89020C2F30722DD
:1022700093427BDBFFF796FF00204CE0C0F89820EC
:1022800051F80C3C23F01F03134343F01003C0F834
:102290009C3051F8043C43F00103C0F8A0300132F7
:1022A000CDE7009800EB05114FEA051CCB683B40D9
:1022B000B3F5000F44D00AD8B3F5001F2ED0B3F504
:1022C000800F34D0B3F5801F10D00135C7E7B3F1CC
:1022D000807F3ED0B3F1007FF7D150F80C30886892
:1022E0004A6810F07BFE40F4802009E050F80C3082
:1022F00088684A6810F072FE40F0885040F4302040
:10230000039001A92078CDE90123FFF7EDFE002815
:1023100028DA6FF0150005B0BDE8F08350F80C30F6
:1023200088684A6810F05AFE40EA0800E8E750F86A
:102330000C3088684A6810F051FE40EA0900DFE777
:1023400050F80C3088684A6810F048FE40F08270FF
:10235000D6E750F80C3088684A6810F03FFE40F02D
:102360008870CDE7237801332370AEE7C1F8983049
:10237000C1F8A000013377E74FF0FF30CBE700BF93
:1023800000ED00E0EC740200A27000200000F0FFFD
:102390000000081100000202F0B587B007460E46A3
:1023A00014460021102268461D4614F0CDFA02237F
:1023B0008DF802302A46054B019321466846CDE947
:1023C00004760FF0D3F807B0F0BD00BFFD2F020078
:1023D00008B50649064821F00701C1F1005202F58F
:1023E00080220FF09AFC002008BD00BFB3430120FB
:1023F000A03C002070B54169867A0B4D044659B166
:10240000437ADB0706D42C2303FB06535B6A1B6865
:102410009B689847002363612C20214606FB0050EF
:10242000BDE8704013F036BF280F0020024B2C226D
:1024300002FB0030704700BF280F0020827A064B55
:102440002C2101FB02339A6A1B7F1B33801A23F075
:102450000303B0FBF3F07047280F002038B5074B9B
:10246000827A2C2404FB02335B6AD3E901240C60DA
:102470001568FFF7E3FF04FB005038BD280F00206C
:102480002DE9F04385B005466846039190461C4609
:1024900014F043F9DDE90067EFF31189402383F37A
:1024A0001288BFF36F8F6B8B002B41D02A8B9A421F
:1024B00025D90022002328460BF006FA0446F0B185
:1024C00089F31188BFF36F8F039B002B41D03246F5
:1024D0003B46684614F046F9A27A264B2C2101FBB4
:1024E000023320465B6A1B6803A91D68DDE90023EF
:1024F000A847606170BB2046FFF77CFF24E0698B32
:102500004B1E6B8389F31188BFF36F8F2B7F2A8B50
:10251000AC6A1B3323F00303521A02FB0344154B2E
:10252000154AEB1A9B105343A3722B7FE372CBE740
:1025300089F31188BFF36F8F2346424628460BF07C
:10254000C3F904460028BFD10024204605B0BDE8E9
:10255000F0836361012300252381039B6382E27A78
:102560006560294604F1180014F0EEF963692582CC
:10257000E360EAE7280F0020A38B2EBA70B50D4C5C
:102580002C2500B970BD037A4668002BFAD0013BB8
:10259000DBB20372002BF5D1C3604360837A05FB85
:1025A00003431B6A13B198473046EAE7FFF722FF5F
:1025B000FAE700BF280F00200E4A0123C2F8403579
:1025C0004FF080424FF08051C2F87835D1F8300199
:1025D000082808D1D1F83411052904D80648415CEF
:1025E00009B1C2F838364FF080430122C3F8802584
:1025F0000020704700E001400A8B020048B1054B03
:10260000054A1B68B3FBF2F35843044B43F0010344
:1026100018477047540C002040420F0060730200BE
:1026200008B50448044A3F23C0E9002309F020FC10
:10263000002008BDAC3C0020FFFF01000E4B4029EC
:1026400070B528BF40210D4C46181D46B04203F11D
:10265000020304D1002305F81130074870BD027849
:102660001209A25C03F8022C10F8012B02F00F02F1
:10267000A25C03F8012CE9E7C17000202E8B020058
:1026800030B503788BB0044607AD032B21D8DFE8C3
:1026900003F0021A1C1E12492846FBF77DFF059520
:1026A00063780493A3780393E378029323790193E7
:1026B00063790093A3790B4A0B481E210EF0C4FEE8
:1026C00009480BB030BD0949E6E70949E4E7094983
:1026D000E2E7094A0A2128460EF0B6FEDFE700BF0E
:1026E000CF7C0200F17C0200A3700020D67C0200A7
:1026F000DD7C0200E77C0200B29C02002DE9F34180
:10270000234DBFF35B8F98462B68BFF35B8F174653
:10271000DA07044620D538B91E4A1F48012110F0B7
:102720003FFA6FF0010018E001A910F038FB1B49D7
:102730000246204614F020F90028F2D1BFF35B8F47
:102740002B68BFF35B8FC3F3C0061B0708D5144A81
:102750001148022110F024FA002002B0BDE8F081F7
:10276000A5F1D404072221464046B84706280AD8D6
:102770000C4A0948012110F013FA45F8D46CE671AF
:10278000C4F80360E8E70723B0FBF3F0E071E3E788
:10279000CC0800203F8B0200B86F0200E47C0200EE
:1027A000608B0200848B02002DE9F04188B09C7997
:1027B000DDF838805D791E79DF7893F802C093F8F0
:1027C00001E01B78B8F1000F0ED0CDE90638CDE955
:1027D00004CE1346CDE90267CDE90045084A0EF064
:1027E00033FE08B0BDE8F081CDE905E3CDE9037C17
:1027F0001346CDE90156034A00940EF025FEF0E79A
:10280000A98B0200CD8B020010B5FEF7B5FD044682
:1028100028B1044A03460121034810F0CAF92046B2
:1028200010BD00BFEE8B0200B86F020070B5044609
:102830008CB01E461546A2B129B10A4602A8042151
:102840000FF084FD02A900912B462246242103A803
:10285000FFF7AAFF109A314603A8FEF707FC0CB059
:1028600070BD0346044A242103A80EF0EDFD0028A4
:10287000F0DA6FF01500F2E7138C020007B50B4B8E
:102880000B48DA79C2EBC202009200221146FFF730
:10289000CDFF034638B1074A0748012103B05DF870
:1028A00004EB10F086B903B05DF804FBF8070020D4
:1028B000E47C0200198C0200B86F020030B50446B7
:1028C0008DB0154692B129B10A4602A804210FF035
:1028D0003DFD02A900912B462246242103A8FFF7C3
:1028E00063FF03A810F033FA0DB030BD0346054A6C
:1028F000242103A80EF0A8FD0028F2DA6FF01500DD
:10290000F2E700BF138C020007B5009313460A4696
:1029100001460348FFF78AFF03B05DF804FB00BFE0
:102920001FA102000A4601460148FFF7C7BF00BFCA
:102930001FA1020007B5009313460A46014603484B
:10294000FFF774FF03B05DF804FB00BF909F020027
:1029500008B502480BF0DEF9002008BD3C0B002052
:10296000F8B51E4DBFF35B8F2B68BFF35B8F13F081
:10297000010F2E462FD015F8CD3CA5F1D4078BB909
:1029800001F07CFE044630B1154A1648012110F0D2
:1029900007F92046F8BDFB7923B901F07FFE044614
:1029A0000028F1D1BFF35B8F2B68BFF35B8F5A0711
:1029B00001D400F055FEBFF35B8F56E8003F23F4CF
:1029C000006246E800210029F7D1BFF35B8F1B05A9
:1029D00001D5FFF7BDFF0024DBE700BFCC080020D6
:1029E000348C0200B86F02000378012B30B513D08D
:1029F000022B27D07BB9194B0A4603F1100453F878
:102A0000045B42F8045BA342F9D11B78137043883E
:102A10004B731B0A8B7330BD104B0A4603F1100435
:102A200053F8045B42F8045BA342F9D11B7813709E
:102A300043684B73C3F307221B0CCB731B0A8A73C7
:102A40000B74E8E700F1100350F8042B41F8042B55
:102A50009842F9D103780B70DDE700BF678C020064
:102A600010B510F02CFC13F012FD0E4C30B1BFF37A
:102A70005B8F2368BFF35B8F7BB910BD0BF010FC3D
:102A8000BFF35B8F2368BFF35B8F1BB9BDE81040BA
:102A90000BF01ABC0A209847F8E7BDE810400A205E
:102AA000184700BFB43C002038B50446084810F071
:102AB000B1FA054648B1631EDBB21F2B96BF054A2B
:102AC0000021D15C0C3010F01AFB284638BD00BF45
:102AD00004100020788C0200054BBFF35B8F53E895
:102AE000002F43E800010029F9D1BFF35B8F704745
:102AF000B43C00200F2810B50CD80D280CD90A487A
:102B000010F088FA044618B104210C3010F0F7FADE
:102B1000204610BD1328F2D009B10448F0E7BDE803
:102B200010400220FFF7C0BF30100020800F0020AF
:102B3000C368034A1B780348022110F03FBC00BF62
:102B4000A78C0200886F020070B5C6683378B6F8AB
:102B5000014083B90F21204602F0FCFBF3780546C3
:102B600050B90A4A118831B96FEA04506FEA10501F
:102B70001080074A137070BD4372012102F002FBFE
:102B80002846BDE8704002F0B7BA00BF6C70002064
:102B90004271002070B5C3681D78BDB9B3F80160FB
:102BA0000F21304602F0D6FB044638B93346084AB6
:102BB0000848BDE87040012110F000BC294602F031
:102BC000E1FA2046BDE8704002F096BA70BD00BF41
:102BD000CF8C0200886F020010B501210C3010F07C
:102BE000B9FABDE810400378024A0348012110F009
:102BF000E5BB00BFF58C0200886F0200014610B5EE
:102C0000084810F00BFA0849084813F0F0FB031EBF
:102C100006DABDE81040064A0648012110F0CEBB96
:102C200010BD00BF440900205C0B0020D825002007
:102C3000178D0200886F02002DE9F14FC5682E88BC
:102C40000121304602F086FB044640B9294A2A4851
:102C50003346012101B0BDE8F04F10F0AFBBB5F82D
:102C60000280EE88AF882D891FFA88F3A3F11B023A
:102C7000E02A1FFA86FA1FFA87F91FFA85FB04D9A2
:102C80001E4A1D48022110F099FBAAF11B03E02BFC
:102C900005D91B4A18485346022110F08FFBA9F5AD
:102CA000A4739BB244F24812934205D9154A1248C4
:102CB0004B46022110F082FBABF5A4739BB244F2A9
:102CC0004812934205D9104A0B485B46022110F086
:102CD00075FB2046A4F8AA80A4F8AC70A4F8AE60F6
:102CE000A4F8B05002F094FD204601B0BDE8F04FCA
:102CF00002F002BA348D0200886F0200588D020083
:102D0000818D0200AA8D0200D18D020010B5084C01
:102D10000146062294F86F0002F07EFE38B994F85E
:102D20006F000449BDE81040052202F075BE10BDD9
:102D3000F8070020148B0200024A0348012110F01A
:102D40002CBB00BFF88D0200886F0200B0B50B46A7
:102D50000D8A00AF04462946D868FFF76FFC8AB099
:102D60006A46094BC2E9053440F202439384074B9B
:102D7000C2E907504FF4325142F8103F044810F0B6
:102D80001FFBBD46B0BD00BF128E02000500000152
:102D9000886F020070B5C568B5F801600121304642
:102DA00002F0D8FA044638B933460D4A0D48BDE85A
:102DB0007040012110F002BB2B783BB9D5F80330ED
:102DC000C0F89930D5F80730C0F89D30201D4FF479
:102DD000003110F0E4FA2046BDE8704002F08CB9F2
:102DE000348D0200886F0200B0B53C2800AF044665
:102DF0001AD101F037FE6FF48071103010F0E3FA51
:102E00000020FFF783FF054630B9124A124801211E
:102E100010F0C3FABD46B0BD4472002102F0B2F911
:102E2000284602F069F9F5E76D468AB06A460B4B11
:102E3000C2E905300A4BD36140F201331384094BD8
:102E400042F8103F04484FF4125110F0B9FAAD4661
:102E5000E0E700BF348E0200886F0200558E02004A
:102E60003C7F0200040000012DE9F74FDFF81CA1B0
:102E7000BFF35B8F80468946174600235AE8004F10
:102E80004AE80032002AF9D1BFF35B8F264644B9E5
:102E90003F4A40484346012103B0BDE8F04F10F0DF
:102EA0008DBA2046FFF7CAFA3B4D4FF00C0B0BFBD7
:102EB0000050438843451FD02046FFF7BFFA0BFB65
:102EC00000504388354A00933248434601210FF0B1
:102ED0007AFEBFF35B8F5AE8003F4AE80062002A9F
:102EE000F9D1BFF35B8F002B4DD01E46304603B0A7
:102EF000BDE8F04FFFF742BBA74208D0204610F0D4
:102F000084F83A8AF96804F10C0010F0EFF82046D2
:102F1000FFF794FA0C2707FB00504368ABB1B9F1F7
:102F2000000F12D12046FFF789FA07FB005001215C
:102F30004268D2E90003127A03F01F07B9405B0927
:102F4000DAB100EB830010F02AFA2046FFF776FA98
:102F50000C2707FB00508368002BC7D02046FFF7E3
:102F60006DFA784305F800902046FFF767FA07FBF3
:102F70000055A8680AF0DAFCB8E7C94300EB830003
:102F800010F021FAE1E703B0BDE8F08F400900201E
:102F9000718E0200886F0200B83C0020998E0200FA
:102FA00037B502EBC303044608469A4202D16FF0DC
:102FB0005E0010E0114611F8085BA54211D1038AAA
:102FC0005178994209D90848084A009401210FF024
:102FD000FAFD6FF0150003B030BD5368984700202C
:102FE000F9E70A46E1E700BF886F0200CC8E0200D5
:102FF0002DE9F8430C460BF053F9E168238A0A786F
:10300000022A71D0042A0BD013463C483C4A0121C5
:1030100010F0D4F92046FFF7B1FA6FF015040AE07A
:10302000022B0DD8374A3548012110F0C7F9204648
:10303000FFF7A4FA00240BF047F92046BDE8F88317
:1030400048783E280AD1032B01D12F4AEBE7CB78F1
:10305000012B01D00A2B47D1032604E010F08BF995
:103060000646F0073ED504F10C05284610F08AF814
:10307000012107462846B4F8109010F063F80221A9
:10308000284610F067F8804600783E2816D1E3689D
:103090001B78012B2CD00A2B2AD002251B4A1C4955
:1030A0001C4841F245130EF0DAFE002383F3118829
:1030B000BFF36F8F0323184602DF04E010F05BF9C3
:1030C000C1070546EAD5144A98F8000006232146B0
:1030D00010F085F9AA070DD56369A4F8109013FACA
:1030E00087F7E760B307A5D52046FFF787FDA1E77F
:1030F0000325E8E72046FFF741FAF3E7886F02006F
:10310000948F0200EE8E02000A8F02002A8F0200C6
:103110005E8F0200778F02008C75020010B50121CE
:1031200004460C3010F016F82146034A0078BDE83A
:103130001040022310F053B9BC75020073B53E482D
:103140000FF081FF0446002873D000F10C052846DB
:1031500010F008F80228034603D0042847D0374A65
:1031600003E0238A032B05D8354A3648012110F0A5
:1031700025F913E0042128460FF0ECFFFF234288D5
:1031800006882376238AC6F30B009A42608309D00F
:103190002C48009201212C4A0FF015FD2046FFF724
:1031A000EDF912E00F2102F0D5F8054610B9638B56
:1031B000264ADAE702F0F4F8320B20762146284658
:1031C00001F020FF284601F097FF214BD3F84C3146
:1031D0007BB32049204813F00AF9031E29DA1F4A5D
:1031E0001848012102B0BDE8704010F0E7B8284649
:1031F00002210FF0AFFF054600783E2812D010F0F4
:10320000BAF810F002060DD1154A1649164840F6D4
:10321000A8430EF024FE86F31188BFF36F8F0323BB
:10322000184602DF114A28780423214610F0D7F807
:10323000B4E702B070BD00BF440900203D90020019
:10324000A88F0200886F0200C98F0200ED8F020074
:10325000F80700205C0B0020D8250020178D020005
:103260002A8F02000F900200778F0200CC750200B7
:1032700010B5012104460C300FF06CFF2146034AC3
:103280000078BDE81040072310F0A9B8EC750200E3
:10329000F8B5012100AF04460C300FF05BFF067853
:1032A000114A002321463046FFF77AFE5F3018D1DD
:1032B000258AE0682946FFF7C1F96C468AB06A465C
:1032C0000A4BC2E9053640F202439384084BC2E937
:1032D00007504FF4325142F8103F064810F070F892
:1032E000A546BD46F8BD00BF2476020051900200FD
:1032F00005000001886F02002DE9F04F83B0D0F87F
:103300000C80018A98F80040012303EB84038B4270
:1033100000AF62D96D468AB06A463248C2E90731C9
:103320000523C2E905044FF4215142F8103F2E480D
:1033300010F046F8AD460C37BD46BDE8F08F2B4A7D
:1033400029484B46012110F039F8013598F8003032
:103350009D42F0DA08EB85030F21B3F80190B3F832
:103360000360484601F0F6FF04460028E7D000F16C
:10337000CC0936B1636943B91B485A46012110F0A4
:103380000CF8204601F0B8FEDFE7A1691A68626117
:103390008B4208BFA26120467B6001F0D1FD0AF09C
:1033A000C5FA7B68C3F800A0226A9AB9C4E907335A
:1033B000BFF35B8F59E8003F013B49E80032002A28
:1033C000F8D1BFF35B8F00212046013E01F0C4FD20
:1033D000B6B2CEE713602362EAE70025DFF810B04B
:1033E000AA46B3E783900200886F0200AE90020005
:1033F000CA90020073B5C568B5F801600121304676
:1034000001F0A8FF044640B93E4A3F483346012137
:1034100002B0BDE870400FF0D1BF2B781A2B00F13D
:10342000040619D1C378012B50D14FF480413046A6
:103430000FF0B5FF42040FD4D4F88C3000936946E6
:10344000D4F894300193204602F0D2FD204602B019
:10345000BDE8704001F050BE2B78BBBBB5F803301F
:103460002A4940F2E2425343C4F88830B5F80520B7
:10347000A4F89020B5F80720A4F89220A3F5EA520A
:103480000C3A8A4204D9224A1F4802210FF096FFC3
:10349000B4F89030B3F5FA7F04D31E4A1A480221DB
:1034A0000FF08CFFB4F89230A3F10A0292B240F60A
:1034B00076418A4204D9184A134802210FF07EFF50
:1034C0006FF4805130460FF07EFF17E0BFF35B8F43
:1034D0006368BFF35B8FDB04F2D52B78202BEFD131
:1034E00094F89830002BEBD0013B84F898304FF4DF
:1034F0002032002304F140000AF07CFC204602F058
:1035000033F9A3E7348D0200886F020095F03C0088
:10351000E1900200089102002F910200094BBFF3D5
:103520005B8F1A68BFF35B8F02F00B02BFF35B8FF8
:1035300053E8001F43E800200028F9D1BFF35B8F58
:10354000704700BFCC08002010B5C1E900239DF8EA
:1035500008300B720C46FEF771FF034B0C2202FB86
:1035600000335C6010BD00BFB83C0020F8B50246D7
:103570000B4610480FF04EFD0446C0B104210C303C
:103580000FF0A3FD2046FEF759FF0B4D0C2707FB5C
:103590000050002646802046FEF750FF07FB0050F3
:1035A00086602046FEF74AFF07FB00556E60204606
:1035B000F8BD00BFD80F0020B83C00200138C0B2D1
:1035C00002289ABF014B185C00207047F394020058
:1035D00070B5C568B5F801600121304601F0BAFE4A
:1035E000044638B933460C4A0C48BDE87040012106
:1035F0000FF0E4BEE878FFF7E1FF84F8A80028792F
:10360000FFF7DCFF84F8A900204602F027F92046E6
:10361000BDE8704001F070BD348D0200886F02007B
:1036200010B592B004460749442201A813F064F98A
:10363000102C9BBF12AB03EB8404034854F8440CDA
:1036400012B010BDE47002005B910200034B014612
:10365000D3F86C0182689268104700BFF807002019
:103660002DE9F84F042100AF45480FF098FE6D4654
:1036700088B06A46434B5361434B93614FF40073E8
:103680009383424C424B42F8103F4FF4E65141487D
:10369000414E0FF095FE414BE279AD462046012A9E
:1036A00088BF1E46FEF7ECFF8AB06A463C4BD061ED
:1036B000C2E905363B4B13623B4B42F8103F35489D
:1036C0003A4EDFF8EC80DFF8CC904FF423510FF046
:1036D00077FEA346AD460125E3799D420BF1070B2A
:1036E00038DB94F870502846FFF79AFF6E468CB08E
:1036F000B4F87210B4F876306A46DFF8B8C0536296
:10370000C2E907512C4B4FF40075C2E905C015857D
:103710004FF4535142F8103F1E480FF051FEB5468A
:1037200094F871603046FFF77BFF8AB0B4F87430CC
:103730006A4622499584C2E90763214BC2E9051014
:1037400042F8103F13484FF433510FF039FEBD4695
:10375000BDE8F88F5846FEF793FFEA468AB06A46FE
:1037600040F20133C2E90565D06113844FF413516F
:1037700042F8108F48460FF023FE0135D546ABE7DF
:10378000CC0800206791020079910200F807002020
:1037900003000001886F02003C7F02006391020079
:1037A0007D91020000020103040000028C910200DE
:1037B000040000019D91020006000001DB9102005F
:1037C0000500000108B50848C37933B9074A08481D
:1037D00003210FF0E2FD002008BD0821D4300FF0D6
:1037E000DEFDFFF73DFFF6E7F8070020029202003A
:1037F000886F0200004870476780020001480AF0A5
:1038000089BA00BF4C0B002070B505460C4659B96B
:103810004FF0FF304FF0FF31FFF7A8FE044618B914
:103820006FF06805284670BD2046FEF707FE194B6D
:103830000C2202FB0033A61830465D800FF0A2FC7C
:1038400003280BD9032130460FF06BFC0580238A37
:10385000033B8370012130460FF06BFC40F635438B
:103860009D420FD12046FFF7F1FE05460028D9D032
:103870000346094A094801210FF0A0FD2046FEF742
:103880007DFECFE70648214612F0F9FC0025FFF740
:10389000B5FFC7E7B83C00202F920200886F0200F6
:1038A0004C09002073B5C368D9789A781E8842EA1B
:1038B0000122ADF8002059791A7942EA0122ADF8C7
:1038C0000220D9799A7942EA0122ADF804201A7AC5
:1038D0005B7AB4B242EA032301212046ADF80630F8
:1038E00001F038FD054658B91D481E4A01212346FE
:1038F0000FF064FD022120460FF0C0FD02B070BD44
:10390000694601F0D1FF38B91E2120460FF0B6FDFF
:10391000284601F0F1FBF1E74FF0FF304FF0FF31A7
:10392000FFF724FE04460028F2D00E210C300FF0E1
:10393000D7FB00230680C0F80A30BDF80030438072
:10394000BDF802308380BDF80430C380BDF8063076
:103950000381214642F22000FFF756FFD8E700BF5F
:10396000886F0200348D020038B502460B462B4D9D
:10397000D5F8541109B9002038BD05F598700AF042
:103980000FF80028F7D10022002305F5AA7009F0EE
:103990009BFF044668B9224A2249234840F6B843AF
:1039A0000EF05DFA84F31188BFF36F8F032318467E
:1039B00002DFD5F848315BB11C4A1D4801210FF0E8
:1039C000ECFCD5F84801FEF7D9FD0023C5F84831D5
:1039D00020460FF04EFBC5F848012046FFF736FEA3
:1039E0000346C8B1134A124801210FF0E7FC124800
:1039F00009F09CFF2046FEF721FD104B0C2202FB34
:103A00000033588818B122461F21FFF72DFA2046AF
:103A1000FEF7B4FDFFF7F2FE0120ADE7F807002046
:103A20002A8F02009B8C0200778F020051920200C5
:103A3000886F02002F92020028090020B83C002065
:103A40002DE9F04F87B0064600AF90460C4671B99D
:103A50004FF0FF304FF0FF31FFF788FD044668B9A3
:103A60006FF0680528461C37BD46BDE8F08F887AA0
:103A7000FEF7DCFC524B834240F09C800122002187
:103A8000384612F015FC2046FEF7D8FCDFF834B1BA
:103A90000C2303FB00B0876020460FF0EAFA0146D2
:103AA0003046FFF7B1FE054618B12046FEF766FD29
:103AB000D8E712F0EFFF444B1A58444B9A421ED1FC
:103AC000434812F0F1FB002182464FF4A020FFF79B
:103AD0004BFF814688B93F4A3F4940484FF4F9734C
:103AE0000EF0BDF93E4831460EF0B9F989F3118860
:103AF000BFF36F8F0323184602DF5445E0D14FF424
:103B0000A0220023384609F04BFF814698B14FF4BC
:103B1000FC73304A334931480EF0A1F932484A4625
:103B200031460EF09CF9002383F31188BFF36F8FA9
:103B30000323184602DF2046FEF780FC0C2358437F
:103B40001BF80090B9F1000F2DD06D468AB06A467F
:103B5000264BC2F81C90C2E90536254B136240F291
:103B600002439384234B42F8103F23484FF43251D1
:103B70000FF026FC2046AD46A9F10909FEF7FEFC30
:103B8000B9F1090F0CD8DFE809F0180B0B08050B89
:103B90000B0B0B156FF00B0564E76FF00C0561E77D
:103BA0006FF004055EE7B8F1000F3FF47EAFC8F890
:103BB000004057E76FF0150554E76FF06E0551E7C9
:103BC000D80F0020B83C0020080000002835002055
:103BD0004C0900202A8F02006C920200778F0200AD
:103BE00074920200949202009D920200E2920200FE
:103BF0003C7F020005000001886F0200F0B5002242
:103C000085B0114602AF40F60340FFF719FF0446A6
:103C100000285BD1FFF782FC21463A1D41F20300E8
:103C2000FFF70EFF0446002850D17A68B24DD168E4
:103C3000D1F80100D1F8051005F1780303C310464F
:103C4000FEF79CFC21463A1D41F20100FFF7F8FE09
:103C5000044600283AD17868C3685A7885F87020FD
:103C60005A88A5F872201A7985F87120B3F80720D0
:103C7000A5F87420B3F80530A5F87630FEF77EFC81
:103C800021463A1D41F20200FFF7DAFE0446E8B988
:103C9000D7F804C0DCF80C2005F18006531C413233
:103CA00018685968344603C4083393422646F7D14E
:103CB0006046FEF763FC95F87C305C060AD48F4AB8
:103CC0008F4801210FF069FB6FF0120420460C377A
:103CD000BD46F0BD3A1D002142F20300FFF7B0FEE1
:103CE00004460028F2D17A68864BD168D1F80100E9
:103CF000D1F8051003C31046FEF740FC21463A1DDB
:103D000042F20200FFF79CFE04460028DED17E68E6
:103D1000F468B4F801309AB292B1E27882B1A5F8B1
:103D20000431E3780A2B06D00A2200927448764ABE
:103D300002210EF048FFE2787448114612F0B8FAFA
:103D40003046FEF71BFC95F87C601F2316F020061A
:103D5000A5F8203119D14FF0FF304FF0FF31FFF7B8
:103D600005FC0446002800F0838002210C300FF08F
:103D7000B7F90123037046702146324640F66D4084
:103D8000FFF75EFE04460028A0D195F89C30180786
:103D900012D53A1D002142F21C00FFF751FE0446E5
:103DA000002893D17868C368D3F80120D3F8053090
:103DB000C5E93823FEF7E2FB4FF0FF304FF0FF314B
:103DC000FFF7D4FB0446002852D008210C300FF036
:103DD00087F995F8D82012F0020F14BF2F230F2374
:103DE000910695F8D92048BF43F0400312F0090F1F
:103DF00018BF43F4006300220370C3F3072343702A
:103E00008270C270027142718271C271214642F2A7
:103E10000100FFF715FE044600287FF457AF95F820
:103E20007C30B5F804119A0625D4C9B93A1D41F27F
:103E30000500FFF705FE044600287FF447AFB5F8FC
:103E400004317C684BB9E368B3F80120A5F804217C
:103E50009A882E48114612F02BFA2046FEF78EFB68
:103E60004FF0FF304FF0FF31FFF780FB044660B9A1
:103E70006FF068042AE70029F2D1254A2048012181
:103E80000FF08BFA6FF0040420E708210C300FF0DC
:103E900027F9102303708823002243700226202371
:103EA0008270C670027142718271C371214640F600
:103EB0000140FFF7C5FD044600287FF407AF014627
:103EC0003A1D4FF60140FFF7BBFD28B3114A0C48DD
:103ED00002210FF062FA0FF0B4FB044600287FF4D1
:103EE000F5AE01F07FFE044600287FF4EFAEFFF749
:103EF00069FC0446EAE600BFF807002001930200CF
:103F0000886F0200D00800202593020000090020DD
:103F10006B9302008E9302007B68DC68B4F801307A
:103F2000032B96BF434A444952F823106E468AB089
:103F300002AA4248D3614FF400731384404BC2E994
:103F4000050142F8103F3F484FF413510FF038FA83
:103F5000B4F80120B4F80330022AB54649D1052B44
:103F600047D8394A52F823106E468AB002AA374819
:103F7000D3614FF400731384314BC2E9050142F859
:103F8000103F4FF413512F480FF01AFA637994F849
:103F900006C0D4F80900032BB54698BF2C4AB4F8E4
:103FA000076094BF52F8231023496C468CB002AAD4
:103FB000DFF8A0E0C2E9073C4FF400739385264B7D
:103FC000C2E905E1C2E909604FF4735142F8103FBC
:103FD0001C480FF0F5F9A5467868FEF7CFFA3A1DB0
:103FE00000214FF60240FFF72BFD044618B11B4A93
:103FF0006DE71149B8E77868C368B3F80130A5F8F0
:10400000C130FEF7BBFA95F8C1305B077FF563AFAF
:104010003A1D21464FF60340FFF712FD08B1104A42
:1040200055E77868C3685B7885F8C030FEF7A6FA74
:1040300051E700BF7C7502005B910200B293020061
:1040400004000001886F020064750200CB93020037
:1040500054750200E393020007000001109402006F
:104060003994020010B5FFF7C9FD034B1B6813B16B
:10407000BDE81040184710BDD03C002073B52D4D51
:104080000646D5F86C0111F0B4FF48B92A4A2B480E
:1040900001210FF082F96FF01204204602B070BDCA
:1040A0006FF0020105F1D4000FF08DF901210FF03E
:1040B00076F9C3073AD4FEF7A7FB04460028ECD1F3
:1040C0001F4B1E600122114605F5987012F0F0F8A2
:1040D00005F5AA7012F0C7F81A4812F0B3F91A4998
:1040E000184800946FF0070340F6980209F018FE94
:1040F0001649144812F0D1F9D5F86C0114498368B7
:104100001B689847044630B10346124A0B48012108
:104110000FF054F9C1E726B902B0BDE87040FFF7CF
:104120006DBD05F1C40009F0F5FDB6E76FF0770449
:10413000B3E700BFF807002062940200886F020016
:10414000D03C0020D8250020C08700207A940200AF
:10415000F12F0100839402002DE9F04784B05F4BFA
:10416000B0F80190198849F4704291424FF000066E
:1041700002BF1E805A4B1E78C378012B08BF594BD3
:1041800000F1040800AF054640460CBF93F86F40AD
:1041900000240FF090F8414668B307F108000FF0D3
:1041A0007FF8D5F81130C7F80130B5F81530A7F809
:1041B00005304FF0010AEB78012B31D04046FEF775
:1041C0005FFA6C4688B06A46474BC2E905304FF447
:1041D00000739383454B464842F8103F4FF4E25139
:1041E0000FF0EEF81321A54648460FF063F910379B
:1041F000BD46BDE8F08720460FF0FBF90346006896
:10420000B8609A889B796868BA81BB73B8F8042053
:1042100098F8063095F804A03860BA80BB71CAE7F8
:1042200007F10800FEF772FD04460028C6D00346D9
:10423000B5F8012023F8702BB868BA7BB9892067DC
:104240009A719980B5F8173040F2E2425343C4F8AE
:104250008830B5F81930A4F89030B5F81B30A4F8C0
:1042600092300022EB786272224AC4F8A8204732CA
:10427000C4F8AC20012B4FF4A472E370A4F8B02072
:104280001AD187F800A0BA88BB793868A4F87B20D7
:1042900084F87D30C4F8770000F0E4FB237A1149FC
:1042A000C3EBC3035A18CB58C4F87E309388A4F8E4
:1042B0008230937984F884300721204600F062FF31
:1042C00026B166720121204600F05CFF204601F015
:1042D000A3F8204600F010FF89E700BF6C700020B3
:1042E00042710020F80700209F94020003000001A3
:1042F000886F020001011B0000B5C368187889B0FF
:1043000020B109B05DF804EBFEF76EBDB3F80120F3
:10431000ADF80120DA788DF800008DF80320B3F8AD
:104320000B20ADF81720B3F80D20ADF81920B3F825
:104330000F20ADF81B205A7C8DF81D205868019085
:104340001A899B7A8DF80A30094BADF80820684627
:104350001A689B88CDF80B20ADF80F30CDF81120EE
:10436000ADF81530FFF7F8FE09B05DF804FB00BFAB
:10437000288B020038B5042104460C300EF0EAFE0A
:10438000034640885D7818B119782246FEF76CFD27
:1043900035B1044809F0CAFABDE83840FFF72EBA33
:1043A00038BD00BF28090020B0B50321044600AF86
:1043B0000C300EF0CFFEE3680578B0F801001978F4
:1043C00040F63543984215D16C468AB06A460F4B89
:1043D0000F48C2E905310F4BD36140F2013313841A
:1043E0000D4B42F8103F4FF412510EF0E9FFA54675
:1043F000BD46B0BD10B12246FEF736FD002DF7D008
:10440000064809F093FAFFF7F9F9F1E7BB940200C7
:10441000886F02003C7F0200040000012809002090
:10442000F8B50A4DEF7906460024E3B29F4202D860
:104430006FF0010007E0294630460FF0D0F807354D
:10444000631C08B12046F8BD1C46EEE7F8070020C3
:1044500070B51A4E06223146054612F07DFA38B381
:104460004FF0FF304FF0FF31FFF780F8044608B3FC
:10447000062229460C300EF039FE2146002242F277
:104480000500FFF7DDFA044648B110F10D0F04D125
:104490000B4A0C4802210FF0AAF8204670BD3346A3
:1044A0002A6843F86929AA88B280012283F8682023
:1044B0000024F2E76FF06804EFE700BF6108002016
:1044C00005960200906F020037B504460D46E9B12B
:1044D0001E4928460FF083F8C0B91D4A2968C4EB6D
:1044E000C404A3181151AA889A80AA799A71194B09
:1044F000BFF35B8F1B68BFF35B8F5B0703D5FEF7D2
:1045000027FA0EF06FFE002003B030BD68460EF0B3
:10451000B9FE0028F8D16846FFF782FF0028F5DAD7
:104520000B4A00989DF80610C4EBC404A318105160
:10453000BDF8040098809971002DD8D012592A60D6
:104540009A88AA809B79AB71D1E700BF1B8B0200D0
:10455000F8070020CC08002070B50446B1B9C0B1FE
:1045600020490FF03CF8A0B92046FFF759FF00287A
:1045700031DA2378012B04D1A37903F0C003C02BD7
:1045800007D0194A194801210FF031F86FF01500D2
:1045900070BD174DEB79012B20D0BFF35B8FD5F8A1
:1045A000D430BFF35B8FDB0707D4002CEED00D496E
:1045B00020460FF014F80028E8D1EE792146731C4C
:1045C0003046EB71FFF780FF08B93046E0E7EB7942
:1045D000013BEB71DCE76FF07700D9E76FF00B0080
:1045E000D6E700BF1B8B020014960200906F0200FA
:1045F000F80700202DE9F341044640B91A4A1B4848
:1046000002210EF0F4FF002002B0BDE8F08101AA03
:10461000002141F20900FFF713FA054608B1144AD8
:10462000EDE7019E1349D6F80C8008F10107062238
:10463000384612F091F928B10F490622384612F097
:104640008BF918B93046FDF799FFDCE7D8F801304F
:10465000C4F80130BB88A4F8053030462570FDF75A
:104660008DFF0120D0E700BF42960200906F02004C
:104670005B960200288B0200228B020007B5684679
:10468000FFF7B8FF044BD87118B169460020FFF757
:104690001BFF03B05DF804FBF8070020F0B5304DB8
:1046A000EC7989B0002C53D195F8C26016F0010660
:1046B00010D12C4A2C4802210EF099FFEC711626DD
:1046C00000240127EB79E0B298422CD3002B3FD095
:1046D00000203BE06A4621464FF60940FFF7B0F95B
:1046E00008B1224AE6E7DDF800C0DCF80C104B7890
:1046F00023B96046FDF742FF1D4ADBE78B1C02AA87
:1047000001F1120418685968174603C70833A34219
:104710003A46F7D1186838609B88BB806046FDF741
:104720002DFF3446CAE708AB06FB0033694653F851
:10473000182C33F8143CCDF80120ADF805308DF875
:104740000070FFF7C1FE01340028BBD009B0F0BDF6
:104750000021084609B0BDE8F040FFF7FDBE00BFEC
:10476000F807002079960200906F0200A5960200DB
:10477000C59602002DE9F0410D4617461C46064637
:1047800050B14BB10A03037811D56D0708D52E4AF5
:104790002E4801210EF02BFF6FF01500BDE8F081CF
:1047A0000EF034FF0028F9D101232370F6E7A907A2
:1047B0002ED027480FB1AA0608D4C3EBC302825CEF
:1047C000012A13D002B922700020E7E790F8D82020
:1047D000510635D5C3EBC302825C012A06D002B96B
:1047E0002270237843F002032370EDE74FF00108B5
:1047F000072111FB0381014430460EF0FFFE002823
:10480000CCD184F80080002FDED0AB06DCD5E8E701
:104810006A0712D50E49C3EBC3028E5C012E09D183
:10482000072212FB036319440EF0E8FE0028B5D1FD
:104830002670EAE7002EE8D1FAE70EF0E7FEB3E7CC
:104840006FF08500AAE700BFEE960200906F0200AD
:10485000F80700202DE9F74F8A4601904FF0FF310D
:104860004FF0FF30FEF782FE044600284ED0202194
:104870000C300EF035FC2022002180464FF000095C
:1048800012F062F8DAF8007008F1010B4D46DAF820
:104890000420914509D3019888F800500022214650
:1048A00003B0BDE8F04FFFF7CBB87A7897F800C0B7
:1048B000A81C81181F2915D9BCF1090FC0F11F02CE
:1048C00001D1002A0CDC134A134801210EF068F9CB
:1048D0002046FDF753FE6FF0150003B0BDE8F08FE2
:1048E0004FF0080CD6B2711C0BF80510691CC9B248
:1048F00002360BF801C079685BFA80F02E4411F0A3
:10490000FBFFF5B209F101090837C0E76FF0680055
:10491000E3E700BF13970200586F0200F8B545683F
:104920006905064635D4046914B115F0030330D087
:10493000194F3078FB7983422BD9C0EBC00017495F
:104940000722384412F008F8A8B115F0030306D185
:1049500097F87020082A02D8B2689F2A19D915F052
:10496000300F09D0ACB1EA060AD405F46035B5F5CC
:10497000603018BF0120F8BDEB0601D4002CF4D143
:10498000D6E902239A4204D81F2A02D9B3F5804FF0
:10499000EBD90020EFE700BFF80700201B8B0200D7
:1049A000F7B5CDE90001694642F208009DF8207094
:1049B00016461D46FFF74EFF044668B97FB9BFF3A0
:1049C0005B8F0C4B53E8001F41F0040143E80012D9
:1049D000002AF7D1BFF35B8F204603B0F0BD6946D4
:1049E00042F20900CDE90065FFF734FF0028E6D068
:1049F0000446F1E720080020F8B50446164B14F8E9
:104A0000097B83F86F7005460E460722134920463E
:104A100011F0A2FF70B91249384600F081FF044638
:104A200010B96FF00B00F8BD052100F0ABFB34604E
:104A30000020F8E72146384600F0B6FF40B921468D
:104A4000287800F06DFF04460028EAD00621ECE744
:104A50006FF01500E7E700BFF80700201B8B02008E
:104A6000148B020000487047100800202DE9F04F19
:104A70008E4ED0F810B089B09A460023BBEB0304E9
:104A80000546304618BF012403930EF0EBFD0F4698
:104A90004107914640F1EA802846FFF73FFF60B9A1
:104AA0006FF015043846002340F20111994540F09B
:104AB000E680204609B0BDE8F08F28460EF0BDFD27
:104AC00080460028ECD0A6F1AC000EF0CBFDC2056C
:104AD000C0F3002300F1CD80CDE90533CDF81B30C4
:104AE000AB686868ADF81030EB68ADF812300EF0C6
:104AF000AAFD8DF81D00BFF35B8F56E8003F23F43D
:104B0000807346E80032002AF7D1BFF35B8F2A7822
:104B100006F8BC2C06F8652C696822460DF11503D1
:104B2000A6F1BC00FFF726FE04460028BAD1A6F184
:104B3000B303BBF1000F11D02A69116846F8B31C0A
:104B40009188998092799A716B689E074AD19805ED
:104B500002D4BAF1000F59D002230BE0544A116875
:104B600046F8B31C9188927999809A716B689C077A
:104B7000EDD05B468DF814304FF0FF304FF0FF3131
:104B8000FEF7F4FC0446002876D00F2204A90C306E
:104B90000EF0ACFA2146002242F20600FEF750FF6A
:104BA000044600287FF47EAFBBF1000F32D06B6863
:104BB00099073BD13F4801210EF075FD04460028BE
:104BC0003CD03D4A3D4801210DF0EAFF039D002DF8
:104BD0003FF468AF2846002100F0D4FA284600F0E0
:104BE0008BFA5FE713F0100F0CBF012304238DF83D
:104BF00014302B691A68CDF816209A88ADF81A205F
:104C00009B798DF81C304FF00008B5E703238DF831
:104C10001430F8E7129BCDF80080524649463846DA
:104C2000FFF7BEFE04460028C1D03BE7214803A998
:104C3000FFF7E2FE04460028BCD033E7039808B132
:104C400000F05AFA6A681E4812F0030218BF0122E7
:104C500009210EF00DFD42460A210EF009FD6A6899
:104C60000C21C2F380020EF003FD1BE76FF00A0473
:104C700018E76FF0770415E76FF0680412E7028811
:104C80008A4204D1426812B11278D20702D40133A9
:104C900008300BE70B490C4811F0DAFB4FF4702297
:104CA0000023094809F0DAF803E700BFCC08002028
:104CB0001B8B0200100800202C970200586F020086
:104CC00020080020494D01002808002010B5184890
:104CD0000EF00FFD17480EF0C5FC0346DA05C0F3D1
:104CE000002023D513480EF0BDFC830515D51249CD
:104CF0001248072211F030FE11490346087E93B98D
:104D00001049052200F088FE044630B100214172AE
:104D100000F038FA204600F0EFF9BDE810400448F2
:104D200000210EF0C0BC06222131EBE710BD00BF10
:104D300010080020200800201B8B0200190800200A
:104D4000F8070020148B020010B5FFF7BFFF0346E1
:104D500030B1044A0448BDE8104002210DF029BFDB
:104D600010BD00BF47970200586F020070B50C4B92
:104D70001C68054644B154F81C3C1C3C13B1697ACC
:104D800028469847E469F5E7064C074EB44200D33D
:104D900070BD236813B1697A284698472034F5E737
:104DA0005C3D0020186F0200386F020010B5044609
:104DB000FDF744FB044901EB001120460EF0BCFA5C
:104DC000BDE81040FEF71ABDD43C002070B5D1E913
:104DD000015600220446C1E90122064811F04FFAAB
:104DE0003DB1314620462B466FF06D02BDE8704064
:104DF000184770BD100F002070B505460F480022FF
:104E0000002308F0CDFDB8B90D4B1C6834B154F83F
:104E1000143C1C3C03B19847E469F7E7094C0A4E7F
:104E2000B44204D32846BDE8704008F073BFA368BD
:104E300003B198472034F3E770BD00BFC80E0020CF
:104E40005C3D0020186F0200386F02002DE9F84326
:104E5000DFF85480044640270025EFF3118387F3E1
:104E60001288BFF36F8FE16929B983F31188BFF30B
:104E70006F8FBDE8F883206A0A68E261814208BF4B
:104E8000226283F31188BFF36F8FD1E90169404635
:104E9000C1E9015511F0F3F91EB10022494620463F
:104EA000B047FEF7ABFCD8E7100F002037B5031D65
:104EB0000446BFF35B8F53E8002F42F4806143E860
:104EC0000015002DF7D1BFF35B8F51052DD4BFF333
:104ED0005B8F6368164DBFF35B8F13F4003F14D0F4
:104EE00095F8D930DA0720D5022300211A4600911F
:104EF00020460EF03DFB0346B8B10E4A0E48012194
:104F000003B0BDE830400DF054BE95F8D8301B0713
:104F1000E6D50EF0F3FA034620B1084A064801210F
:104F20000DF047FEA37A072BDAD003B030BD00BFE7
:104F3000F80700208E970200706F02006D97020044
:104F40000448B0F80431002B00F5847008BF00203D
:104F5000704700BFF807002030B5044611F09AFDF5
:104F60000D4A0D460D490858D2F8801088428BB082
:104F700005D120460BB0BDE83040FFF767BF2434B1
:104F80002146104611F033FA1DB16946204611F052
:104F90003EFA0BB030BD00BF2835002008000000ED
:104FA00038B5002204468A4202D10024204638BD8A
:104FB00004F1D4030120BFF35B8F53E8005F002DA1
:104FC00004D143E8000CBCF1000FF6D1BFF35B8FB6
:104FD00002D0D8340244E6E7002CE6D0D4220021E7
:104FE000204611F0B1FC04F14000044911F030FA00
:104FF000034904F1240011F0DEF9D7E7C95A010092
:1050000019370200F7B516460D4601210446FFF791
:10501000A3FF012E23D0022E50D123693BB130488B
:10502000304A01210DF0BCFD20460EF099FB2561B0
:1050300021690B8A012B51D9CA681288043292B2B5
:1050400093424BD341D9264800920121264A0DF0C4
:10505000BAFD204603B0BDE8F0400EF081BB2069E8
:1050600040B9224A1E4831460DF09AFD20460EF006
:1050700077FB01E02F8A2FB9284603B0BDE8F04046
:10508000FDF77CBA0C300EF081F887420CD9184A33
:10509000134831460DF084FD21690022204600F0BE
:1050A0007BFF00232361E7E720692A8AE9680C3047
:1050B0000EF01CF82846FDF761FAB9E70D4A0848DA
:1050C000334601210DF075FDD0E700230122204673
:1050D000236103B0BDE8F04000F05EBF03B0F0BD57
:1050E000706F0200A597020025980200C297020087
:1050F000E09702000798020008B5D430BFF35B8F39
:1051000050E8003F013B40E80032002AF8D1BFF3ED
:105110005B8F3BB9044808F009FCBDE80840034830
:1051200008F0F8BD08BD00BFC80E00207C0B0020B1
:1051300010B504460EF01DFB09F0B2F8104BD3F881
:10514000241104F1C80249B9C4F8C810D3F82811D1
:1051500089B9C3E9492209F0B7F806E08A4208D1C3
:1051600009F0B2F82046FFF7C7FFBDE81040FEF790
:1051700045BB0968E7E70A60C3F82821EBE700BFF1
:10518000F8070020F8B5867A8E4200AF04460D4637
:105190001AD1082E96BF554B554B53F826306C4606
:1051A00088B06A465349C2E905134FF400739383EC
:1051B000514B42F8103F514800234FF4E451FBF7A4
:1051C0001DFCA546BD46F8BD81720EB90EF0D1FAA0
:1051D000A37A082B00F2868001A252F823F000BFC8
:1051E000355201008B520100C5510100C55101002B
:1051F000C5510100C5510100C55101000552010012
:10520000C55101003E48002109F072FC0023C4E9A9
:105210000D33E378012BD5D1A378012B04BF0323F1
:1052200084F898304FF42032002304F1400008F055
:10523000E1FDC7E7082EC5D8DFE806F02005171CFA
:105240001C1C1720200004F14005284611F00CF921
:1052500001212046FFF780FE20460EF081FA002251
:105260000023284608F0FAFDACE7637A13B1204624
:10527000FFF77CFD2046FFF73FFFA3E7214A2B46BF
:105280001E4802210DF095FC9CE7637A3E2B0FD15E
:105290006D4688B06A461C4BC2E90534032342F8C8
:1052A000103F164800234FF4C451FBF7A7FBAD464F
:1052B000164D05F58476616911B9FEF79FFA81E70D
:1052C000A2690B686361914208BFA3612046FFF7A2
:1052D0007DFDB5F80431002B14BF3046002008F0E6
:1052E00025FBE8E70A4A2B46CAE700BF38760200EA
:1052F000409802004A98020003000001706F02000B
:105300008C0B00205B98020072980200F8070020C6
:1053100099980200F8B5074609480D4616460EF062
:1053200028FA044650B183781F4203D1BDE8F84003
:10533000FFF7E2BE3146A8472046F7E7F8BD00BFB9
:1053400078260020024900220120FFF7E3BF00BFBA
:105350005537020070B505460E480E460EF009FAA4
:105360000446A0B1837A012B02D0073B012B0CD855
:105370002388AB4208D1A3781E4209D1064A0748C8
:105380002B4602210DF015FC2046FFF7B5FE002448
:10539000204670BD78260020B5980200706F02008C
:1053A000034BC01A034BC0105843C0B2704700BF34
:1053B0007826002013DA4B6870B51C461443054666
:1053C0000E460DD00F4911F065FBD1F880400E4913
:1053D00009588C4206D10D4A0D4802210DF0E0FB20
:1053E000002213460B49002D14BF284608460DF035
:1053F00011FE044618B1711D0C300DF066FE2046FA
:1054000070BD00BF2835002008000000CC980200C5
:10541000706F0200280F002010B50446054808F000
:1054200079FC204600F0FEFC2046BDE81040FFF766
:105430009DBC00BF6C0B00202DE9F04F87B000AF82
:105440000023FB607B61BD4B5A8B3AB1BC4DD5F854
:1054500024413CB91C37BD46BDE8F08F1B68002BCA
:10546000F4D1F7E754F8C83903B1C83BB549002671
:1054700001E01C461346B5F80421002A00F07181B2
:10548000D5F810214AB904F1C806002BE2D0D3F8B0
:10549000C820002AEDD0C83AEBE70A68002AF2D00B
:1054A000D4F8B420002AEED0D4F8B820002AEAD0EC
:1054B000D4F8BC20002AE6D0A37A072B6AD1204674
:1054C0009047002866D0BFF35B8FD4F8CC30BFF391
:1054D0005B8F022B5EDC20460EF04BF90446002861
:1054E000B8D0A37A072B40F03981D4F8B430B5F89E
:1054F000041107F11002204698478146002800F069
:105500000D81B5F804213B699A4208D30146D4F8CD
:10551000B86007F1140307F10C022046B0477B691D
:105520003B60B9F81030D7E9038A002B00F0008106
:1055300048460DF017FF7860002840F0FC80B5F871
:105540000431DFF804B2002B14BF584600200022BB
:10555000002308F025FA78B97A480022002308F0E1
:10556000B3F9064600283BD1B5F80431002B18BF2B
:105570005E46304608F0DAF96FF00B054846FCF756
:10558000FDFFB8F1000F00F0B38039682A462046CD
:10559000C047ADE0D4F8C83004F1C802C6B9D5F8A8
:1055A0002811C5F824318A4201D1C5F828310023D9
:1055B000C4F8C8302046D4F8BC309847002890D0B2
:1055C000A37A072B40F0CA802046FFF7B1FD88E799
:1055D0003360D5F828319A4208BFC5F82861E6E75C
:1055E0003B68C0F804808360B5F804B15348DA45DD
:1055F0004FF000024FF000034FF0000198BF1FFA78
:105600008AFBFCF73DFF804650B1FCF717FF4F4B7C
:105610005A4603EB0013494640460DF068FE8046AB
:10562000B5F8043194F8D0909A4584BF01237B608B
:105630007B6884F8D0309CBF09F102095FFA89F9D0
:1056400004F1CC0ABFF35B8F5AE8003F01334AE80C
:105650000032002AF8D1BFF35B8F00233360A369C7
:10566000002B5FD1C4E90566A378012B5DD108F159
:105670000C0B042158460DF054FD238809F0FD0958
:1056800043EA09330380B8F81030043B4380022119
:1056900058460DF04EFD4046FDF7D8FF81460028E4
:1056A0005CD0BFF35B8F5AE8003F013B4AE8003211
:1056B000002AF8D1BFF35B8F314604F114000EF0DD
:1056C0002EF8234A23484B4601210DF072FA40463A
:1056D000FCF754FF20463146FFF778FBB5F804315C
:1056E0001948002B08BF002008F020F96FF00405CE
:1056F0006E4688B06B46184ADC61C3E905251A4638
:10570000042342F8103F13484FF401510023FBF7E4
:1057100075F91321B54620460EF047F82046FFF7ED
:10572000EBFC97E61E60A6619EE76FF01509B8E7EF
:105730006FF0790522E76FF004051FE7AC0F00203A
:10574000F8070020100F002000090020D43C0020A2
:105750002F920200706F0200F5980200FEF74EF8DB
:10576000DCE79368FFDE00BF2DE9F041D0F88860E8
:10577000BFF35B8F4268BFF35B8F920440F2E2435A
:105780000446B6FBF3F600F10403B6B217D5B0F841
:105790008C20B24213D8B0F88E20B2420FD3D0E999
:1057A000241291420BD1BFF35B8F53E8001F21F409
:1057B000005143E80012002AF7D1BFF35B8F114B71
:1057C0001D6865B155F80C7C1C3D37B1B4F89230BA
:1057D000B4F8902031462046B847ED69F1E70A4D0C
:1057E000DFF82880454501D3BDE8F0812F6937B146
:1057F000B4F89230B4F8902031462046B8472035AE
:10580000F0E700BF5C3D0020186F0200386F020017
:10581000F8B50F4B1C6805465CB11C3C00F1AA06AC
:10582000A36913B1314628469847E4690CB11C3C82
:10583000F6E7084C084E05F1AA07B44200D3F8BDBC
:10584000A36913B13946284698472034F5E700BFCD
:105850005C3D0020186F0200386F0200F8B50F4B56
:105860001C6805465CB11C3C00F1A806636913B1D5
:10587000314628469847E4690CB11C3CF6E7084CD1
:10588000084E05F1A807B44200D3F8BD636913B10F
:105890003946284698472034F5E700BF5C3D002094
:1058A000186F0200386F02002DE9F04107460846E4
:1058B0000D460DF0BEFD064618B900263046BDE87F
:1058C000F081144B1C6884B154F8103C1C3C0BB99B
:1058D000E469F8E72946384698470028EDD028467D
:1058E0000DF0A7FD0028F3D1E7E70B4CDFF82C8083
:1058F0004445E3D2E3680BB92034F9E7294638463A
:1059000098470028D9D028460DF093FD0028F3D100
:10591000D3E700BF5C3D0020186F0200386F020023
:1059200038B505460C460E480121FFF739FBB0B1EA
:10593000057223680367A388A0F87430A37980F800
:10594000763001238370074BC0F8B430064BC0F8A3
:10595000B830064BC0F8BC30054BC0F88C3038BDB1
:1059600078260020195D010005370200F936020093
:105970001800280070B505460A480E460DF0F9FEDD
:10598000044620B18378012B04D0FFF7B5FB002437
:10599000204670BD324629460DF027FF0028F7D17A
:1059A0002046F2E778260020B0B500AF0D46FFF79D
:1059B000E1FF044608B32846FCF762FEA37A082BF1
:1059C00096BF0F4A0F4B52F823306D468AB06A4695
:1059D0000D49C2E907030D4B53620D4BC2E9051493
:1059E00042F8103F0B4800234FF44251FBF706F8F2
:1059F0002046AD46FFF780FB0120BD46B0BD00BF8D
:105A0000387602004098020018990200010302044F
:105A100005000002706F0200F8B505460E480E46FC
:105A200017460DF0A6FE044620B18378012B03D063
:105A3000FFF762FB00240DE036B1324629460DF037
:105A4000D4FE08B92046F3E7A37ABB42FAD1237A01
:105A5000AB42F7D12046F8BD7826002038B5044681
:105A600008460D460DF0E5FC48B3164B93F8D830C8
:105A7000990707D4E37883B129462046BDE838402A
:105A800000F0B6BA94F899309A07F3D5BFF35B8F5C
:105A90006368BFF35B8F5B04ECD4294620460DF0AE
:105AA00000FF58B92B88A4F88C306B88A4F88E308E
:105AB000AB88A4F89430EB88A4F8963038BD6FF02A
:105AC0001500FBE7F8070020F7B510F8363C044650
:105AD000A0F140060BBB30460DF036FF3A4B1D6877
:105AE0004DB155F8183C1C3D1BB114F8371C30461D
:105AF0009847ED69F4E7354D354FBD4205D3304643
:105B000003B0BDE8F040FFF7F7BA6B681BB114F8BB
:105B1000371C304698472035EFE710F83E3C012B04
:105B200031D1BFF35B8FA0F13C0555E8003F23F472
:105B3000005245E800210029F7D1BFF35B8F99049B
:105B400029D5E36C00936946636D01933046FFF7F6
:105B500085FF0346C8B9BFF35B8F55E8003F23F4C8
:105B6000805345E80032002AF7D1BFF35B8FBFF3C3
:105B70005B8F55E8003F43F4006345E80032002A9C
:105B8000F7D1BFF35B8F03B0F0BD124A1248022178
:105B90000DF00FF8EBE7114A4FF0C8736946304635
:105BA000CDE90023FFF75AFF034650B9BFF35B8FDF
:105BB00055E8003F43F4805345E80032002AD4D032
:105BC000F6E7074AE2E700BF5C3D0020186F0200DD
:105BD000386F020051990200706F020006000C003D
:105BE0007699020070B50C480C4D0B4E10F03BFB43
:105BF000002429463046013410F041FB0A2C05F1FF
:105C00000C05F6D10EF01AFB0EF063FF044608B93E
:105C10000DF044FF204670BD100F0020E43C002032
:105C200008B50346034A044801210CF0C2FF0020D6
:105C300008BD00BF299A0200986F020080B500AF2E
:105C400088B06A46074BC2E90530032342F8103F8B
:105C5000054800234FF4C251FAF7D0FE6FF00B0055
:105C6000BD4680BD519A0200986F0200044B1A682D
:105C70000AB1FFF7E3BF034858600B601046704756
:105C8000643D00208476020070B5044652EA0300A9
:105C90000AD010F0FFFE074D074ED5F8805030585F
:105CA000854204BF0022134620460431BDE87040FF
:105CB000FFF782BB283500200800000073B50546B9
:105CC00018462B680BB39B7A072B1ED1002A0E7A3D
:105CD00014BF022301239E4209DD0D4A0D480096A0
:105CE00001210CF070FF6FF0150002B070BDCB7A8F
:105CF000072BF8D9C8618A6105F1300010F0BFFAAE
:105D000028460DF0F8FD0020EFE76FF07F00ECE78C
:105D1000789A0200986F02002DE9F047D0F8C04051
:105D200000AF0E4691464CB1483C236B6BB104F179
:105D3000300A504610F0B8FA054660B9FDF75EFD2E
:105D400000252846BD46BDE8F0872068C0300DF02C
:105D5000F1FDA46CE7E70DF005FB80B16C4688B05F
:105D60006A462D4BC2E90535032342F8103F2B4804
:105D700000234FF4C251FAF741FEA546E0E728465A
:105D80000DF077F9E36C0546B3B9A38CB0F8108039
:105D9000403B9BB23F2B03D8238D984528BF9846A4
:105DA000042105F10C000DF0BCF9A0F80080A38CD3
:105DB000438008F10403E364E36C2A8AB3420FD8FA
:105DC000934216D0A38C403B9BB23F2B21D9206835
:105DD000C0300DF0AFFD236B13B120460DF08BFDED
:105DE000E36CC9F800309E4234BF9E1B0026E66477
:105DF000A7E700220023504607F066FDFCF7BEFB34
:105E0000A38CA3F140023F2AE1D8054AAA61EB61C5
:105E1000DDE700221346F9E7989A0200986F020026
:105E20004D3A0200F7B5284D284F04460026BD42E2
:105E300001D303B0F0BD298820460DF0FDFD6B684D
:105E4000019001A920469847002838DB019B2A8849
:105E50009A829A8403F11002BFF35B8F52E8001F0D
:105E600042E800600028F9D1BFF35B8F9E64DE64D6
:105E70009E60A16B03F1080219BBC4E90D221C60EE
:105E8000DE6003F1300010F0EEF9019843681B6802
:105E900003B19847019BBFF35B8F103353E8001F9A
:105EA00041F0010143E80012002AF7D1BFF35B8FF4
:105EB00001984368DB6913B100F110019847083578
:105EC000B5E70A60A263DAE7006F0200186F02000C
:105ED00073B50D460646042105F10C000DF03AF9A4
:105EE0002B8A42889A42044607D000921C4A1D48D9
:105EF00001210CF068FE02B070BD43783BB91A4A2C
:105F00001848012102B0BDE870400CF049BE03788A
:105F1000012BF0D0132B06D1022AECD002230093E0
:105F20001346124AE3E7124A0E4802210CF041FEE2
:105F300061783568022201200DF063FD04460028D7
:105F4000D9D002210C300DF0CBF800230370437040
:105F50002146284602B0BDE870400DF084BD00BF68
:105F6000B09A0200986F0200D19A0200F29A0200E1
:105F70001D9B020008B50B8A032B06D8044A05486E
:105F800001210CF00DFE002008BDFFF7A1FFFAE78C
:105F9000459B0200986F020038B50B8A032B05461B
:105FA0000C4609D80F4A104801210CF0F9FD204693
:105FB000BDE83840FCF7E2BA042104F10C000DF012
:105FC000C9F8418828460DF05FFD30B9074A0648F8
:105FD0000B4602210CF0EDFDE9E7436821465B69C1
:105FE0009847E4E7639B0200986F0200809B0200E1
:105FF00070B5124B0C4619780131C9B2012938BF6E
:10600000012105460822122019700DF0FAFC0646FF
:1060100088B108210C300DF063F822880280628874
:106020004280A2888280E288C28031462846BDE84C
:1060300070400DF018BD6FF00B0070BD4371002073
:1060400023281FD81A2804D8431E182B0ED906203F
:106050007047A0F11B03082B1ED8DFE803F0051DD5
:106060001B231D19251D0500032070470F4A01231E
:1060700083401A40C2B90E4A1A40002A14BF0120B8
:106080000620704700F07F03522B05D10020704797
:10609000012070470520704710F0400F0CBF06200C
:1060A000002070470420704702207047AAAA8A0285
:1060B000545545012DE9F84F074608460C46FCF7B4
:1060C000BDF9DFF8BC80E1681823434308EB030205
:1060D0000646D2F808A0BFF35B8F786DBFF35B8FE5
:1060E000C00709D4274A284801210DF0FAFC6FF0B7
:1060F00015052846BDE8F88FE06800781071002289
:1061000048F803200B78D22B0FD13B682146186842
:106110000EF0DCFC054640B11C4A1B4801210DF085
:10612000E0FC2046FCF72AFAE3E704F10C000DF04E
:1061300029F8182303FB0683B4F810B09F600023EE
:1061400081461A462146381DFFF7B8FD054600284E
:10615000CFD010F1690F04D10D4A0B4801210DF089
:10616000C0FC6369A4F810B013FA89F3E360182344
:106170005E4308EB060348F80650C3F808A0B8E7EA
:10618000B43D0020BC9B0200606F0200D69B020061
:10619000E99B0200011F01480FF08ABFD40D0020C7
:1061A000024A034801210DF09CBC00BF0C9C020078
:1061B000606F020070B503788AB004460E4607ADE2
:1061C000032B20D8DFE803F002191B1D11492846D4
:1061D000F8F7E2F9059563780493A3780393E378DD
:1061E00002932379019363790093A3790A4A1E21CC
:1061F00030460BF029F90AB070BD0849E7E70849B5
:10620000E5E70849E3E7084A0A2128460BF01CF9AC
:10621000E0E700BFCF7C0200F17C0200D67C0200E8
:10622000DD7C0200E77C0200B29C02002DE9FF4108
:1062300005460E464FF000084FF4205300681768DB
:106240008DF8088002A91446ADF80A300CF0CCFF96
:10625000A0B142F6010328688DF80C8003A9ADF8BF
:106260000E300CF0C1FF48B123691BB15A88B2420D
:1062700000D25E80012004B0BDE8F081616828682A
:106280000CF0B2FF10B100232361F3E7E368A068CC
:106290001A786AB1B7F81AC0798D038A8C4594BF11
:1062A000C3EB0C03C3EB0103934201DA0020E2E7E6
:1062B00004210C300CF014FF2061068023695E80FD
:1062C000074B00930194A2680023294638460DF03D
:1062D0005CFD0028EADB2069003818BF0120CAE70E
:1062E000393D020010B500F150030446BFF35B8F47
:1062F00053E8001F41F0010143E80012002AF7D1E2
:10630000BFF35B8F201F0DF044FC04F174000449BF
:1063100010F09EF82068BDE8104002F067BA00BF98
:106320003972010073B50E46438D418B8B4202F1E9
:10633000010228BF0B469A42054609D91D48009222
:1063400002211D4A0CF03FFC0024204602B070BD23
:106350003046FFF775FE022812D0042810D010F046
:1063600099FB164B1958164BD3F8803099421FD021
:10637000144B1B685A1A18BF4FF0FF32134602E045
:106380004FF47022002310480021FFF77DFC0446E3
:106390000028DAD0FCF752F80C4B182202FB00332D
:1063A000012104F10C009D600CF09AFE0670CCE710
:1063B0000022E3E7606F0200299C02000800000051
:1063C00028350020A43E0020540F0020B43D0020BA
:1063D00070B5044601F10C000D460CF0CBFE2668AA
:1063E0002B8AEA68014630680EF035FB1E21002238
:1063F0002046FFF797FF014630B9054A05480121BD
:106400000DF06FFB002070BD20460DF0B4FBF9E7E6
:106410004E9C0200606F0200F0B51D4603680E46F8
:10642000003987B0044618BF0121186817460EF0DE
:1064300023FB40B904F154000DF067FD002846D05D
:10644000002007B0F0BD002D43D01822002168467F
:1064500010F07AFA6FB1002239462046FFF762FF4A
:10646000019030B91C481D4A01210DF03AFB112062
:10647000E7E723681A4A1B6800930023ADF812303F
:106480000C9B0393BDF83430ADF8103001238DF828
:10649000143029466B4628468DF808600DF0E5FB60
:1064A0009DF8143063B1002FCAD00198FCF766F84C
:1064B0009DF814302A46314620460DF035FDBFE7E1
:1064C00001990029BCD020460DF055FBB8E71220F9
:1064D000B7E70120B5E700BF606F02006B9C0200C8
:1064E000F93B02002DE9F347176805468946006825
:1064F0005168D7F804A014460CF076FE80460028B8
:106500004BD19522294650460EF033FA06462075A7
:1065100040B1E3681B780BB184F81480002002B00E
:10652000BDE8F087294650460EF0A8FA10B90823B6
:106530002375F3E7A06826750CF09FFD02210C304F
:106540000CF0CEFD164B2061A0F800900093019452
:10655000A2683346294638460DF017FC002807DAB2
:1065600010F1FF0F26BF4042C0B20E202075D5E7C4
:106570002369002BD2D0A0680DF09BFA7B8D7A8B1B
:106580009A4294BFC0EB0200C0EB0300E3681B78A3
:10659000984294BF00200120C1E70120BFE700BF5F
:1065A000C33A0200F7B50B8A076804460D463BB9AB
:1065B000284A294801210DF094FA002003B0F0BDCB
:1065C000012105F10C000CF0C5FDBB7A072B064636
:1065D000F3D154F8043C002BEFD003781F48043C5F
:1065E000002210F832709F4200EBC2010FD12A8ABC
:1065F00048788F78904220D917480093012113469C
:10660000174A0CF0E0FA012FD7D104231EE0013223
:106610001C2AE6D11048134A02210CF0CAFA31783C
:106620000846FFF70DFD0028C7D00528C5D0062372
:10663000002220460DF078FCBFE74B682046294633
:106640009847012F0346B8D10028B6D031780022F0
:10665000EFE700BF849C0200606F0200AC7602008E
:10666000B99C02009F9C02002DE9F04F91B0166882
:1066700080460F46002542F601030068D6F80490D4
:106680008DF82C500BA91446ADF82E300CF0ACFD53
:10669000002870D04FF42053D8F800008DF82C500B
:1066A0000BA9ADF82E300CF09FFD38B1A3681BB1DB
:1066B0005A88BA4200D25F8001200EE06168084625
:1066C0000DF0F7F9728D738B9A4294BFC0EB020004
:1066D000C0EB0300032803D8002011B0BDE8F08F01
:1066E00008460CF0CAFC054660680DF0E2F9728BB2
:1066F000738D05F10C0B9A4294BFC0EB020AC0EBFC
:10670000030A58460CF042FD824537D260680DF00E
:10671000D0F9728D738B9A4294BFC0EB0200C0EB2C
:10672000030070B96368987AFBF780FE00220023AB
:106730000CF070FC05460028CED0014660680CF0D5
:10674000ADFC00230093D8F80460102302AA414650
:106750004846B047061E0EDB227CE068B2422BD0D2
:1067600001460BA80CF06EFD60B9237C144A154855
:1067700002210CF01EFA0023A3609DE758460CF09E
:1067800005FDCEE7F2B202A906A80CF05BFD10B938
:106790000D4A3346EBE706A90BA80CF025FD0028AF
:1067A000E9D100236374042105F10C000CF098FC7E
:1067B000A0600780A3687EE702A910F0CDF8EEE79D
:1067C000D89C0200606F0200F79C0200F8B54FF4FD
:1067D00070220746002311480D460CF01BFC0446AE
:1067E00038B90F4A0F482B4601210CF0E2F9204638
:1067F000F8BD00F10C06092130460CF066FC20467D
:10680000FBF71CFE084B182202FB00330121304627
:106810009F600CF065FC0570E9E700BF540F002095
:10682000299A0200606F0200B43D00202DE9F0417A
:106830000E8A043EF6B2022E04468CB0084601D001
:10684000102E64D104210C300CF084FC0DF10808EA
:1068500005884788011D324640460CF0F3FC0028AD
:1068600057D09DB3002687B3AF422FD34FF42053A8
:1068700001A940468DF80460ADF806300CF0B4FC78
:1068800040BB1422002107A810F05EF81121204619
:10689000FFF79CFF0990002837D001210C30CDE98B
:1068A00007480CF01DFC00230A901B4A0370394670
:1068B0000B93284607AB0DF0D8F90A9B1B78FBB960
:1068C0000998FBF75BFE0A2301E03D4601232A46B7
:1068D00010210EE042F6010307A940468DF81C6026
:1068E000ADF81E300CF080FC0028CAD010232A46D8
:1068F000194620460DF018FB00200CB0BDE8F081D1
:10690000099920460DF037F9F6E71120F5E7042044
:10691000F3E70E20F1E700BF2D6201002DE9F043FF
:10692000036885B004460D46186801210EF0A4F8EE
:1069300040B904F154000DF0E8FAB0BB122005B0E4
:10694000BDE8F0831022002168460FF0FDFF2121F1
:106950002046FFF73BFF029048B3DFF858900094C1
:1069600005F10C074FF001082B8A012B04D802997E
:1069700020460DF000F918E038460CF0FBFB6B46A2
:106980004A46014606468DF80C800DF06EF99DF8DA
:106990000C30002BE8D00298FBF7F0FD9DF80C308E
:1069A0003246202120460DF0BFFA0020C7E7112013
:1069B000C5E700BF174002002DE9F043036885B02A
:1069C00004460D46186801210EF056F840B904F14E
:1069D00054000DF09AFAB0BB122005B0BDE8F08368
:1069E0001022002168460FF0AFFF0F212046FFF76D
:1069F000EDFE029048B3DFF85890009405F10C07C3
:106A00004FF001082B8A012B04D8029920460DF083
:106A1000B2F818E038460CF0ADFB6B464A4601462A
:106A200006468DF80C800DF020F99DF80C30002BF7
:106A3000E8D00298FBF7A2FD9DF80C3032460E21FB
:106A400020460DF071FA0020C7E71120C5E700BF0E
:106A5000B73F0200F0B51D46036885B004460E46F8
:106A60001868012117460EF007F838B904F15400F0
:106A70000DF04BFA48BB122005B0F0BD65B31022F3
:106A8000002168460FF060FF39462046FFF79EFE62
:106A9000029018B3BDF82830ADF8043001238DF80A
:106AA0000C300F4A00946B46294628460DF0DDF85D
:106AB0009DF80C305BB10298FBF760FD9DF80C303F
:106AC0002A46314620460DF02FFA0020D4E70299DD
:106AD00020460DF050F8F8E70120CDE71120CBE774
:106AE000B73F02002DE9F0410E8A043EF6B2022EB5
:106AF00004468CB0084601D0102E76D104210C300B
:106B00000CF028FB0DF1040805884788011D32466A
:106B100040460CF097FB002869D085B377B3BD429F
:106B20002DD8606801210DF0A7FF064678BB8DF8CF
:106B3000000042F6020369464046ADF802300CF010
:106B400053FB20B342F6030306A940468DF81860B4
:106B5000ADF81A300CF048FBC8B1012D03D14FF647
:106B6000FF739F4213D004F154000DF0CEF90028BA
:106B700014BF002012200CB0BDE8F0813D46012377
:106B80002A46082120460DF0CFF90020F3E718220D
:106B900000210DEB02000FF0D7FE09212046FFF780
:106BA00015FE0890F8B101210C30CDE906480CF033
:106BB00097FA0023099003700A238DF82C300D4AB0
:106BC00006AB394628460DF050F89DF82C302BB115
:106BD0000898FBF7D3FC9DF82C30D1E708992046A4
:106BE0000CF0C9FFD1E71120C5E70420C3E70E2050
:106BF000C1E700BFE56401002DE9F0430F4687B00F
:106C00000446062107F10C000CF0A4FA0588B0F840
:106C100002808288D7F80C90C5B10023B8F1000F2C
:106C200013D0454512D88DF800308DF8043001A9F5
:106C30004FF420536846ADF80220ADF806300CF052
:106C4000D3FA064660B10A2301E0454601232A46ED
:106C5000062120460DF068F9002007B0BDE8F0835A
:106C60000146142201A83F7C0FF06EFE072120464A
:106C7000FFF7ACFD0290D8B10A238DF815300D4A0C
:106C8000019401AB41462846CDE903698DF81470A3
:106C90000CF0EBFF9DF815302BB10298FBF76EFC62
:106CA0009DF81530D3E7029920460CF064FFD3E736
:106CB0001120D2E7696601007FB5CB681D885E8828
:106CC000044685B176B1B5420DD810220021684640
:106CD0000FF03AFE05212046FFF778FD019058B9E4
:106CE000112007E0354601232A46042120460DF0F5
:106CF0001BF9002004B070BD6B46094A0094314670
:106D000028460CF0B2FF029B23B90198FBF736FC32
:106D10000A23E9E7019920460CF02DFFE9E700BFBF
:106D2000813C02002DE9F04182B000AF0446884664
:106D30003E4800220023394606F0D0FC0546B0B19B
:106D40006D4688B06A463A4BC2E90534032342F8DF
:106D5000103F384800234FF4C251F9F74FFEAD46BB
:106D60006FF00B0630460837BD46BDE8F0810FF0E6
:106D700091FE314B3E681A58304B29461A60301D3F
:106D800028220FF0E1FD34603C682D487D60C4E9A5
:106D90000155C4E9095500220023391D06F09EFC67
:106DA000064688B123686C4688B06A462549C2E920
:106DB0000513032342F8103F1E482B464FF4C451DD
:106DC000F9F71CFEA546CBE77B680146B0221846C2
:106DD0000FF0BAFD1C4A82605C300FF044FA7B6809
:106DE000BFF35B8F543353E8002F43E80061002961
:106DF000F9D1BFF35B8F7B681C60636A7D681BB948
:106E000004F10C000FF02FFA626AC5F8A820A26AFC
:106E100005F1A803636202B9A3627B6817225A8551
:106E20005A830433C8F800309CE700BFB80D002037
:106E3000169D0200606F020008000000A43E0020C2
:106E4000D40D00203B9D02009C0B002008B5837AE6
:106E5000072B06D00C4A02210C480CF042FE002001
:106E600008BD04210CF010FE10B9094A0121F3E716
:106E7000BFF35B8F036DBFF35B8FDB0701D4054A64
:106E8000F4E750F8040CEBE7609D0200606F02002D
:106E90006E9D0200BC9B02002DE9F14F0546FBF7F9
:106EA000CDFA3D49182202FB00F3C81851F80380BF
:106EB0000779B0F80690D0F810A00021D0E902467A
:106EC0000FF042FDA87AFBF7B1FA6969834651B128
:106ED0006B7AD80705D4DBF824301B6828469B68FA
:106EE000984700236B61294658460FF0D3F9002FCD
:106EF00045D0002C43D02368002B40D01B68002BCA
:106F00003DD0B8F1000F08D0244A2548434601215E
:106F100001B0BDE8F04F0BF04CBE201D0DF00AF99A
:106F20003846FFF78DF8052829D8DFE800F01E0362
:106F3000281E2803BFF35B8F636DBFF35B8FDA07F7
:106F400007D4184A1648012101B0BDE8F04F0CF0F3
:106F5000C8BDA36D9BB14FF47022002304F17800EB
:106F600001B0BDE8F04F06F079BF23681D68BFF39C
:106F70005B8F636DBFF35B8FDB07E2D556B901B062
:106F8000BDE8F08F51462846B0470134A3B2994579
:106F9000F8D8F4E70024F9E7B43D0020899D020009
:106FA000606F0200BC9B0200F8B50F461646FFF763
:106FB0004DFFB0B1446A20461CB150F8A84904B155
:106FC000A83C731C194638B1428D458BAA4228BF94
:106FD0002A469A4207D264B90A4A0B4802210BF0AA
:106FE000E8FD0020F8BD32463946BDE8F840FFF71D
:106FF00099B9D4F8A85005B1A83D20460B462C46B7
:10700000E2E700BFA89D0200606F020007B50B46D3
:10701000024600210FF03EFD01910F4909580F482B
:107020000068884204D00E48D0F88000884201D120
:107030000022134601A90B4806F050FB014648B94F
:10704000019B102218460FF07FFC0346184603B040
:107050005DF804FB0023F9E708000000A43E0020CF
:1070600028350020F00D002010B50446806818B1C6
:10707000FBF784FA0023A36021460248BDE81040D4
:107080000FF016B8F00D00202DE9F34704467830D4
:107090000E4617461D460FF0E7F9A06D58B918487F
:1070A000184A02210CF01DFD204600F0A5F8002032
:1070B00002B0BDE8F087144B98424FF0000805D1AC
:1070C0002068C4F858800DF06AF8F0E7D0F8049012
:1070D000C0F80480A06DD0F80CA0FFF7C5FF2068B1
:1070E000C4F858800DF05BF8B9F1000FDFD02068CC
:1070F000CDF800A000683B4632462946C847D6E78F
:10710000606F0200C39D0200A83E0020836DCA6824
:1071100053B106498B4207D0D378002B08BF0E230A
:1071200000221146FFF7B0BF0E23F9E7A83E00206A
:10713000F7B550F8044C0546002C59D000F1A401D5
:1071400004F124000CF0C8FE2E1F05F158070022A0
:107150000023384606F0B8FB024678BB6B6D2BB1B6
:1071600001466FF067033046FFF78EFF002345F8B6
:10717000043C05F15003BFF35B8F53E8001F21F07F
:10718000010143E80012002AF7D1BFF35B8F636A65
:1071900073BB04F10C0600220023304606F094FB7A
:1071A00078B9666886B91348266021460EF080FFDC
:1071B000286803B0BDE8F04001F06ABBFBF7DEF9D8
:1071C000C5E7FBF7DBF9E6E7A26833686360964240
:1071D00008BFA36077683FB1F3680093002320687D
:1071E0001A466FF06701B8473046FFF73DFFD8E712
:1071F00003B0F0BDB80D002030B5054689B055F894
:10720000043B044618680CF010FB6946FEF7D2FFF9
:107210002846FFF78DFF606813210CF0C6FA03467D
:1072200020B1034A034801210BF0C3FC09B030BD73
:10723000DA9D0200606F0200B0B5044688B054F8D1
:10724000783D00AF18680CF0F0FA3946FEF7B2FF4F
:107250006D4688B06A460B4BC2E905374FF40073A0
:107260009383094B42F8103F00234FF4E251074843
:10727000F9F7C4FB2046AD46FFF7BEFF2037BD46F9
:10728000B0BD00BFF89D020003000001606F020066
:1072900010B50C4620B319B3FFF7D8FD00B3436A0D
:1072A000C3B153F8A82902B1A83A996D8C420AD00B
:1072B00082B11346D2F8A820002AF6D0996D8C42EC
:1072C000A2F1A802F5D1074A9A652046BDE8104010
:1072D000FFF7CABE043021460CF0FEFD2046F5E75C
:1072E00010BD00BFA83E0020F8B51D460F4616464B
:1072F000FBF7A4F8044C182303FB0040C0E9037615
:107300000123C3800575F8BDB43D002070B50D4C58
:107310002378834205460E4603D1601C0DF07AF8AF
:1073200060B9237BAB420BD1074831460DF072F8B0
:1073300018B101200C2303FB004070BD0020F9E7C9
:107340000020FAE7727000207F70002070B50D4CAD
:107350002378834206460D4604D1611C28460DF071
:1073600059F858B9237BB3420AD1074928460DF092
:1073700051F80028054808BF002070BD2046FCE7F2
:107380000020FAE7502700205D2700205C2700201E
:1073900038B50C4619466BB103F114055B698AB91F
:1073A000E268A360954200D1E36000230D684B6161
:1073B0001A46A847A3685BB9601C0649BDE8384077
:1073C0000DF041B81360E3689D4208BFE260ECE74E
:1073D00038BD00BF1B8B020070B5204B144682687D
:1073E0009A420FD1A568C66875B9227921683046DE
:1073F0000DF018F8024628B1194901300DF023F8B4
:1074000015701581012070BDE0680028FBD02B8825
:107410008B420AD0F6D2E068A36801380433E060FA
:107420000038A36018BF0120EDE7256822792946BE
:1074300030460CF0F7FF024660B9094930460CF0BF
:10744000F1FF02460028E6D0294601300CF0FBFF90
:1074500023791370A3685B881381DCE71579010039
:107460001B8B020010B501460246042311F8010BE4
:107470000832FBF749FA034630B1BDE81040034A31
:10748000034801210CF0E6BF10BD00BF2B9E020097
:10749000806F02002DE9F04180460F4616461D46DA
:1074A000FFF734FF044680B91549FFF72FFF044664
:1074B00030B9BDE8F041134A134801210CF0C1BFB7
:1074C00000F8018B39460CF0BEFF228963896AB946
:1074D00073B926816581214611F8010B0BF0CCFFB1
:1074E00040B12046BDE8F041FFF7BCBF964203D350
:1074F0009D42EFD8BDE8F0819D422681EBD9E9E7B6
:107500001B8B0200479E0200806F020010B54A1CD0
:107510000C4638B109780CF068F908B1204610BD66
:107520000020FCE7024910460CF074FFF5E700BFAD
:107530001B8B020070B5144D064640B115F8011CB6
:107540002A466C1E0CF051F998B120460CE00F4908
:1075500028460CF05FFF40B90C4905F110000CF013
:1075600059FF20B105F10F0070BD681EFCE7002037
:10757000FAE7217C04F1110230460CF036F90028BC
:10758000F5D004F11000EFE7DD3E00201B8B020078
:1075900008B5034A034801210CF053FF002008BD41
:1075A000669E0200806F020038B50F4B1446826859
:1075B0009A420D4615D122792168C0680CF032FF3D
:1075C00078B1D4F8C8302F2B03D9BDE83840FFF785
:1075D000DFBF04EB83020133158101895181C4F8B7
:1075E000C830012038BD00BF1579010008B504215D
:1075F0000A480CF046FF09486FF002010CF02CFF1E
:1076000006480CF038FFC30705D505484FF4A472AF
:10761000002306F023FC002008BD00BFE82700205F
:10762000B827002008B5044A044801210CF009FFDE
:107630006FF0150008BD00BFBA9E0200806F020007
:107640001FB51046074A19464FF0C873CDE902230B
:1076500008230093BDF818206B440DF01EF805B008
:107660005DF804FB06000C0008B513468168074A64
:10767000914209D11A791968C0680CF0D3FE18B18B
:107680000023036043600381012008BD15790100D8
:1076900010B509486FF002010CF0DEFE06480CF050
:1076A000EAFEC30706D5BDE81040044800220023C7
:1076B00006F0D4BB10BD00BFE8270020B82700208B
:1076C00010B5FFF723FE044678B1014611F8010B0F
:1076D000FBF728F9034620B1054A064801210CF0C2
:1076E000B9FE002323606360A360002010BD00BFCB
:1076F000C69E0200806F020070B500F1700605465C
:107700003146007A0BF0B8FE04463146287A54B16F
:10771000FFF7D6FF034660B1BDE87040054A064852
:1077200001210CF097BEFFF7F1FD10B10460446039
:10773000846070BDE39E0200806F020073B50C464A
:107740000546082104F1100016460CF09AFE12239B
:107750000422CDE900323146034B224628460DF083
:1077600056F802B070BD00BF814802002DE9F04319
:1077700085B00E4600AF90469946044658B9354A42
:10778000354801210CF05DFE6FF0150528461437D1
:10779000BD46BDE8F08307F108010BF0FFFC05468C
:1077A00098B16D4688B06A462C4BC2E905344FF457
:1077B000007393832A4B42F8103F274800234FF46D
:1077C000E251F9F71BF9AD46DEE7391D20460BF013
:1077D000E6FA786858B10A22294609F061FE0346A4
:1077E00028B1204A1C4801210CF034FECCE707F1F7
:1077F00008010020FFF78AFD044620BB002EC5D0FB
:107800001949FFF783FD044638B9184A1248012187
:107810000CF017FE6FF00B05B8E7002300F8013BF2
:1078200007F108010CF00FFE04F10801042248469C
:10783000C047041EAADA0E4A0748234601210CF06D
:1078400009FE2546A2E7002EEED10660466086605E
:107850009CE700BF3F8B0200806F0200F99E020090
:1078600003000001159F02001B8B0200309F0200E5
:10787000529F02002DE9F041234B154682689A423F
:10788000074602D1C468638933BB0120BDE8F0819B
:10789000FDF732FCE36800216181002BF5D038460A
:1078A0009847F2E705F17008287A41460BF0E4FDAD
:1078B00068B9164B9C4202D12846FFF71DFF1449B8
:1078C00030460CF0C0FD002323702381E2E74146DF
:1078D00030460CF0B8FDDDE72389002BDAD02646D0
:1078E000284616F8011B32460BF07FFF0028D9D13D
:1078F00020783146FEF73EF80028CBD0837A072B5C
:10790000C6D1FDF7F9FBC0E715790100CC0B0020CB
:107910001B8B02002DE9F0471F46BDF82030D1F83F
:107920000C9005468846002B7FD17B1E012B7FD80B
:10793000012F4946167818BF1688FFF7E7FD044661
:10794000B8B916B93846BDE8F0874946FFF7DEFDFD
:10795000044638B93848394A02210CF072FD6FF0FC
:107960001000F0E705F1700101300CF06CFD2B7A8E
:107970002370D9F81030002B48D1B4F808A0268124
:10798000B9F80A30B34203D0494640460CF0C5FD71
:10799000B24532D095F808807035294640460BF044
:1079A0006BFD294682464046FFF7D0FC8146BAF17E
:1079B000000F22D0B0B922480CF05DFD024688B31A
:1079C00020480CF058FD68B9DFF87C9001220C23A8
:1079D0005A43DFF878A0501C294650440CF033FD80
:1079E0000AF80280012109F108000CF04AFD18484C
:1079F0004FF40042002306F031FA002EA2D11549BF
:107A0000601C0CF020FD267026819BE73246414623
:107A100028469847002896DB01380128ADD96FF039
:107A20000D0090E7DFF82490D1E76FF006008AE7B9
:107A30006FF00C0087E700BF806F0200739F0200A9
:107A400058270020642700205C27002050270020B2
:107A5000682700201B8B020010B5144801210CF090
:107A600010FDC30721D4022110480CF00AFD084084
:107A700007D10F490F4A0B880F4CA2420FD300B118
:107A80000B800E490E480EF0E3FC02210D480CF06D
:107A9000F8FCBDE810400C490C480EF0D9BC506809
:107AA00003449BB208320120E7E710BDD03E00201E
:107AB0008A700020386F0200506F0200C5800100FC
:107AC000B8270020E82700204F490200682700203F
:107AD0002DE9F041034648B1008A38B91249DFF870
:107AE0004CE001244FF0140C714501D3BDE8F08146
:107AF000D1E90076BB4204D30CFB0672143A9342E0
:107B00000ED93444A2B208311446EDE70CFB0578D7
:107B1000434507D001356219B54292B2F6D1F2E77A
:107B20000025F8E71046E1E7386F0200506F0200C9
:107B30002DE9F74FBDF83050009199464FF6FF738D
:107B4000002D08BF1D46244B1B88834207469046E4
:107B50003CD203B0BDE8F08F73682344BB4232D2FD
:107B60009CB208361D4B9E42F6D3F2E7895801932A
:107B700040460BF039FB019B90B101340AF1010A38
:107B8000A4B273685345ECD9009B9C42E1D8BC4237
:107B90003168F2D30BFB0AF28B18B8F1000FE5D174
:107BA000B9F1000F0BD1013DADB218460E9A0D9BF5
:107BB00021469847002DCCD00028DED1C9E7DA68ED
:107BC0009145DAD1EFE74FF0000ADAE7044E0124DD
:107BD0004FF0140BC6E700BF8A700020506F020000
:107BE000386F02002DE9F04FB9B000AF0C46904657
:107BF0003749D7F808013A4699460BF0ACF838B93E
:107C0000FFF710FD05462846E437BD46BDE8F08F76
:107C10003E68391D30460BF0C2F83EB92D4A2E4859
:107C200001210CF00EFC6FF015043EE07868F8B905
:107C300007F1080A4FF0000B5146304687F814B0A0
:107C40000BF0ACFA054600B36C4688B06A46234B8D
:107C5000C2E905364FF400739383214B42F8103F7D
:107C60001D485B464FF4E251F8F7C8FEA546DAE737
:107C70000A22002109F014FC03460028D8D0194A32
:107C8000154801210CF0E6FBCDE7C7F810A0E4B1E0
:107C9000C02207F120014846C047041E07DA124AF5
:107CA0000D48234601210CF0D5FB2546ABE7A4087F
:107CB00007F12003C7E906340C4A07F110034FF619
:107CC000FF7101200CF038FE9DE72346F2E700BF6C
:107CD0008D9F02003F8B0200806F0200F99E020020
:107CE00003000001159F0200529F0200D97301009A
:107CF000F0B5B5B005460E46FFF728FB3146044601
:107D000028460BF0B9FB00283AD0002C38D004F1FB
:107D100008076FF0010138460CF09EFBC3071AD527
:107D200000233393184A019601AB4FF6FF710120EF
:107D30008DF808500CF000FE339B1BB39B0003AA88
:107D400031462846FAF7F6FD034620B10F4A10489F
:107D500001210CF07FFB38460CF08DFB80B92346E7
:107D600003F8010BC4F80100C3F80300BFF35B8FF5
:107D700057E8003F47E80002002AF9D1BFF35B8FC4
:107D800035B0F0BD1A46DBE7A9750100949F0200EB
:107D9000806F020007B500230193FFF799FE411C95
:107DA00089B20846034A01AB0CF0C6FD019803B046
:107DB0005DF804FBC54302002DE9F04387B0837AE8
:107DC000072B02AF80460C46164640F0A5800023E4
:107DD0003B7342F603032068FB8107F10C010BF0B3
:107DE00003FA0546002834D1D4F80490B9F1000F05
:107DF00005D14C4A4C4801210CF023FB8CE00123B7
:107E0000009007F108022146C847031E11DA6E46AA
:107E100088B002AA4549D3610423C2E9051442F897
:107E2000103F41482B464FF40151F8F7E7FDB546A6
:107E300072E0012B05D03E4A3B4801210CF00AFBC1
:107E40006AE03B7A13F0300F66D02046FFF7A2FFBE
:107E50000446002320683B7342F60213FB8107F1BE
:107E60000C010BF0C1F918B12046FFF793FF04464F
:107E7000002542F6021920683D703946A7F80290A5
:107E80000BF0B2F910BB002320683B7342F60213DB
:107E9000FB8107F10C010BF0A7F9054600283BD147
:107EA000D4F80490B9F1000FA3D00090022307F199
:107EB0000C0221464046C847031EA8DB022BBAD15C
:107EC000BB891E4214BF0120002026E020683D71BE
:107ED00042F60303391DFB800BF086F90028D2D04F
:107EE0004FF4205320683D727B8107F108010BF0AD
:107EF0007BF90028C7D042F6010320683D73FB815F
:107F000007F10C010BF070F90028BCD02046FFF7F8
:107F100041FF04460028AED100201437BD46BDE81D
:107F2000F08300BFB29F0200806F0200C69F020074
:107F3000EC9F02002DE9F84389465168B1F81280A0
:107F400018F09408074615463CD10222FFF734FF8B
:107F500000283AD04FF470200021AE8AFFF756F87F
:107F60000236044660B11A4B4360C56032461D219B
:107F70003846FFF719F8064638B92046FFF774F877
:107F80006FF00B052846BDE8F883012342464146C1
:107F9000FFF7AAF9A98A06F10C0002310BF0A0F84C
:107FA00020F8029BAA8A29690EF0A6FCA660214649
:107FB00038460CF0D0F905460028E3D02046FFF7FC
:107FC00053F8DFE74FF0FF35DCE76FF01505D9E731
:107FD000CB43020030B504468BB037480CF04BFA67
:107FE00042070D4661D514B1A37A072B60D16868AA
:107FF0000590FFF76DFD2A68ADF818003AB305A9A2
:1080000002912E4901910121002300914FF6FF7149
:108010000593FFF78DFD059B1BB96FF001000BB0B9
:1080200030BD6B60059B186800238DF8103004A9E3
:1080300042F60303ADF812300BF0D6F870B905988C
:10804000C3689B799B0605D46FF01500E7E700280D
:10805000E8D1E2E70CF029FCADF81800BDF81800F3
:108060003CB101230146AB752A462046FFF762FF6B
:10807000D5E76FF07F0307930223ADF8203042F677
:108080000213ADF8123005ABAC7502930C4B0193A3
:108090000123009304AA23464FF6FF7109958DF83A
:1080A0001040FFF745FD0798B9E76FF00A00B6E703
:1080B0006FF07F00B3E700BFCC080020F943020057
:1080C000FD82010073B500F13005044650F8083C0C
:1080D0000193A0F120066FF0010128460CF0BCF9D5
:1080E0000D4B44F81C3C0D4B44F8183C01AB0020F0
:1080F00044F8103C042324F8080C24F8060C24F857
:108100000C3C3146FFF766FF18B9022128460CF0F7
:10811000B8F902B070BD00BFC877020091760100C7
:10812000F8B5334B156882689A4200AF04461FD1F8
:10813000C6683389721CDBB1317828460BF055FBD9
:10814000B0B14FF49572214628460CF012FC03287A
:1081500011D16D4688B06A46264BC2E9053442F813
:10816000100F254800234FF4C451F8F747FCAD46E3
:108170000120BD46F8BD314620460CF0CEF91F4B1C
:108180009E42F5D1287A05F17001FFF7BFF8044649
:108190000028EDD0038913B94389002BE8D0284685
:1081A000FDF7FEF8164A238922F8203002EB8003FF
:1081B000618959801349144C182303FB001300B242
:1081C00002EB800200EB40005C601A610F4C9C6087
:1081D000042201EBC00128469A82FFF7FBFE00282B
:1081E000C6D00B4A044801210CF02BF9C0E700BFB0
:1081F0001579010005A00200806F0200CC0B002061
:108200006E700020B83E0020C8770200FB450200D7
:1082100019A0020030B504468BB035480CF02BF99C
:1082200042070D465DD514B1A37A072B5CD168686F
:108230000590FFF74DFC2A68ADF818003AB305A980
:1082400002912C4901910121002300914FF6FF7109
:108250000593FFF76DFC059B1BB96FF001000BB098
:1082600030BD6B60059B186800238DF8103004A9A1
:1082700042F60303ADF812300AF0B6FF70B9059864
:10828000C3689B79DB0605D46FF01500E7E700288B
:10829000E8D1E2E70CF009FBADF81800BDF81800D2
:1082A0002CB101462A4620460CF081FBD7E742F666
:1082B0000212ADF8122005AA6FF07F0302920E4A57
:1082C00007930123CDE90032ADF8203004AA2346FC
:1082D0004FF6FF7109958DF81040FFF729FC0798BC
:1082E000BDE76FF00A00BAE76FF07F00B7E700BFA5
:1082F000CC080020F9430200FD8201002DE9F8437B
:108300003F4B144682689A42074602D00120BDE8DE
:10831000F883C6683B4B9E4211D03289A3899A42AA
:1083200006F10101F2D13078FDF724FB0546002863
:10833000ECD0837A072B26D0FCF7DEFEE6E7324D41
:10834000DFF8C8904FF00008494628460CF062F864
:1083500078B915F8010C07222946FDF75DFB78B9BD
:10836000236915F8010C1A69294653881288FFF70A
:1083700091F80C35B8F1000FCFD14FF00108E3E7C9
:10838000FCF7BAFEF5E7736923B13946984708B997
:108390002846D1E77B8A13F09407F9D1A389022BF1
:1083A00014D1338913F0020604D12846FCF7A4FE49
:1083B000A660ABE72269A1882846FFF7BBFD064609
:1083C000A8B92269937D01339375EEE7012B04D0A0
:1083D0002846FCF791FEA76098E7338913F0010661
:1083E000E3D02269A18828460CF0E1FA0646284627
:1083F000FCF782FE002EA66088DA002087E700BF27
:1084000015790100CC0B0020737000201B8B02003B
:1084100073B5837A072B04460D461AD1061D4FF417
:10842000803130460CF02DF8C30315D40223CDE97A
:10843000003320460A4B0B492A460CF0E8F9044663
:1084400020B16FF4803130460CF006F8204602B0BF
:1084500070BD6FF07F04F9E76FF07704F6E700BFB7
:108460004B4502000144020007B5837A072B0A46F8
:108470002CD14B683BB908234FF0040ECDE9003EE8
:10848000144B154909E0012B11D0097B5B000193C6
:1084900041B1202300931149114B0CF0B8F903B0FE
:1084A0005DF804FB0E2300930E490F4BF5E74B8953
:1084B00033B10C234FF0040CCDE9003C0B4BE0E74B
:1084C0000A230221CDE90031094BDAE76FF07F0082
:1084D000E5E700BF85470200F58401001946020068
:1084E000B7450200BB4502008F45020077450200F8
:1084F000634502002DE9F04F83B002AF8046BC6AAD
:1085000091461D460E4641B96BB92568002300937C
:108510002246F1B24046A8472EE0B1F5807F25689B
:1085200028BF0E26F2E76368002B6ED1013D268935
:10853000B4F80AB0ADB202F1010A002D4CD099F89E
:108540000030AB4228BF2B46012B0AD83D4A3E489B
:1085500002210BF07FFF00230093256822460421AF
:10856000D8E7BAF80020023B91B29BB241B9374A32
:10857000354801210BF065FF0437BD46BDE8F08F9B
:108580008E4201D88B4517D26D468AB002AA304B75
:10859000C2E905310523C2E9076B42F8103F2A48BA
:1085A00000234FF42251F8F729FAAD460023009337
:1085B000256822460E21ADE722810093D4F800C041
:1085C0000AF10203224600214046E0470028D3D0AA
:1085D00099F80030AB4206D921464046FFF744FFE8
:1085E0000028C9DAE2E7238962899A4205D100238B
:1085F00000932568224619468CE70133238199F8B8
:108600000030ED1AADB29A4497E700951346D4F8BE
:1086100000C02246E0470028AED0238A013B9D429D
:1086200003DA009625683346E4E763891D446581D3
:1086300021464046FFF718FF00289DDA009625687E
:108640003346B6E736A00200806F02006EA002003B
:108650007DA00200F8B5837A072B06460C464FD161
:10866000FEF768FF054600284DD08368002B4AD0EE
:108670000022143B17469C4208D018892189884261
:1086800008BF01275B691BB1143BF4E70122F9E73E
:10869000002A38D004F110000BF0EDFE430703D59B
:1086A000214630460CF0B8F9A7B104F1140105F1E8
:1086B00008000CF082F8AB683BB1002325681A462D
:1086C00021463046A8470020F8BD1049681C0BF031
:1086D000BAFEF2E70E4AA78121463046FFF72EF890
:1086E0000028F1D104F1140105F108000CF065F83F
:1086F000AB68002BE7D10549681C0BF0A4FEE2E74C
:108700006FF07F00E0E76FF01500DDE71B8B0200E4
:10871000A14402002DE9F8438C688046164699462C
:1087200034B3256805B1143D34F80C3CB3421CD178
:10873000143C07E02C466D692389DDB1B342A5F1F5
:108740001405F7D12768BDF820304A462146404637
:10875000B84750B921464046FFF77CFF034620B199
:10876000064A074802210BF075FE2C46002DE2D187
:10877000BDE8F883B342E5D0FAE700BFE4A0020009
:10878000806F0200F0B587B007460E461546FEF72B
:10879000D1FE0446C8B12A46314603A80AF08FFC30
:1087A000BDF81030042B10D9042103A80AF0D2FC24
:1087B000BDF8101046880288B14208D2094A0A481A
:1087C0000095334601210AF0FEF907B0F0BD031D04
:1087D000214638460096FFF79DFF314603A80AF070
:1087E000B9FCDDE703A10200806F020030B58FB055
:1087F00000F17005044603900123007A8DF81030D3
:1088000029460AF039FE90B1227ACAB102AC04219D
:10881000204609F09BFD00940A4A242105A82B4616
:10882000F9F7C2FF05AA08491046F8F76FFC074A96
:1088300003AB4FF6FF7101200CF07EF80FB030BD96
:108840000092E9E7909F0200E57B01002181010091
:10885000F8B50E4B1B6805460E461746A3B11C68BB
:1088600004B1043C53F8043C1BB13A463146284657
:1088700098474CB1234664681B681CB1043C002B2C
:10888000F3D1F7E7002BF0D1F8BD00BFD43E0020B4
:108890002DE9F74F054603462C4A4FF6FF7101209C
:1088A00005F170080CF048F8287A4146FFF720FAE5
:1088B000287A41460AF0E0FD58B12B7A8DF8043051
:1088C000234ACDF800806B464FF6FF7101200CF073
:1088D00033F82846FEF72EFE064698B384688CB31C
:1088E00054F8147907B1143F4FF00009CA4601E06B
:1088F0003C461F4604F1100B6FF0080158460BF080
:10890000ABFD287A41460AF0B7FD68B9A4F80CA07F
:1089100023464A4631462846FEF73AFD97B17B6921
:10892000002BE5D0143BE3E758460BF0A4FDC3074A
:10893000ECD473781BB14146701C0BF084FD04F13C
:108940001409EBE703B0BDE8F08F00BF75780100B4
:1089500069760100034B42689A4204BFC3681982DA
:10896000704700BFF584010080B500AF88B06A464B
:10897000074BC2E90530032342F8103F05480023A6
:108980004FF4C251F8F73AF86FF00B00BD4680BDC6
:108990002AA10200C06F0200044B1A680AB1FFF757
:1089A000E3BF034858600B6010467047FC3E002050
:1089B0007C78020010B5094C0A44914200D110BDE8
:1089C00011F8013B584003090001E35CC0B2434089
:1089D00018091B01205CDBB25840EEE756A10200EB
:1089E00008B504F043FA034668B10748074A012175
:1089F0000AF0DFF806486FF004034363BDE808405F
:108A00001C300CF068B808BD506F020066A102006F
:108A100068090020044B93F84A3013B1034804F06E
:108A2000D1BAFFF7DDBF00BF68090020E18A01006D
:108A3000094BBFF35B8F53E8002F511C43E8001034
:108A40000028F8D1BFF35B8F0AB9FFF7E3BF6FF0DF
:108A50000F025A63704700BF6809002080B500AF5D
:108A600088B06A46094BC2E905304FF4007393831E
:108A7000074B42F8103F074800234FF4E251F7F745
:108A8000BDFF6FF00400BD4680BD00BF80A10200A5
:108A900003000001506F020010B500220D4904468A
:108AA0000D480DF080FE002004F0D0F8024620B101
:108AB0002068BDE81040FFF7D1BF01210720F9F77A
:108AC00047FA0648C36813B904300CF004F80020D4
:108AD00010BD00BF318A0100D809002068090020BC
:108AE000F8B50378002B40F0A3805C4CE36B94F85E
:108AF00060701F4225460BD1594B0022C3F8002558
:108B0000A36B002B3FD15748BDE8F8400BF0E3BF03
:108B1000018994F8A800A26E94F86160A0B90121BF
:108B2000DBB20B420BD00F4208D016EA010CB2F9AF
:108B3000000023D000EBD0704010108002324900BA
:108B400089B2B942EDD9D7E7334015D002EB4101E4
:108B50008A42D1D0B2F9003003EBD3735B1022F814
:108B6000023BF5E732F91360002EB8BF22F813007C
:108B700001338B42F6DBBFE71846FAE70028B8BF9F
:108B8000A2F800C0DAE7236DB4F85C2033B13649AF
:108B900036489847012826D002283CD0B4F85C30EB
:108BA000B4F858209A4236D90133A4F85C3094F8CE
:108BB000A830E3B9A36E94F8622003EB4203A366E6
:108BC00094F86210A06E04F011F9034678B1284AB7
:108BD0002848012109F0EDFF6FF004032148636389
:108BE0000BF079FF03E094F8A830002BE8D0E36C99
:108BF0001BB9BDE8F840FFF70DBFBFF35B8F55E829
:108C0000003F5A1E45E800210029F8D1BFF35B8FD1
:108C1000012BEEDCF8BDE36C002B3FF474AF94F84D
:108C2000A830002B7FF46FAF13480DF0C8FD6AE742
:108C3000022B0FD104F01AF903460028EAD00D48A0
:108C40000E4A012109F0B5FF04486FF004034363A5
:108C50001C3059E7052BDDD155E700BF680900201E
:108C60000070004084090020A0090020686C020008
:108C7000A0A10200506F0200D809002066A10200E6
:108C800030B587B000230393CDF80F304B798DF8C2
:108C900013300B7913F020050C4617D08A797F2A00
:108CA00008BFFF228DF81420C3F3040203F01F0352
:108CB000072B8DF815200BD95B4A5C48012109F080
:108CC00078FF6FF01505284607B030BDFF22E9E7B1
:108CD00022780C2A1ED8DFE802F00A07111D131DA6
:108CE000151D1D17191D1B0001228DF80E2062781D
:108CF000032A15D0042A16D04D4A0CE00222F4E7CC
:108D00000322F2E70422F0E70522EEE70622ECE771
:108D10000722EAE7474A4548012109F041FFD0E729
:108D200001228DF80F20628844F20A018A4227D876
:108D300043F6FE718A4203D8002A4BD03E4AEAE746
:108D4000A2F57F523F3A0B2AF8D801A151F822F040
:108D5000DD8D01003D8D01003D8D01003D8D010047
:108D6000A38D01003D8D01009D8D01003D8D010011
:108D70003D8D01003D8D01003D8D0100D58D01002F
:108D800044F214018A4227D044F228018A4225D0B5
:108D900044F20F018A42D1D1032200E001228DF872
:108DA00010202649012000FA03F391F86020DBB27D
:108DB0006DB3A5797F2D13D1134381F860302379EA
:108DC00091F8612003F01F0300FA03F3134381F8C5
:108DD00061300BE00222E2E70422E0E70522DEE751
:108DE00022EA03028DF8110081F8602003A80DF03B
:108DF000C5F8054600283FF466AF237903F01F034A
:108E00000F4A00900121094809F0DDFE5BE713439A
:108E100081F86030237991F8612003F01F0300FA94
:108E200003F322EA0303D2E7B9A10200506F020064
:108E3000EFA10200D0A1020013A2020068090020E5
:108E40003EA202002DE9FF410F464FF0FF3381485B
:108E50004FF0FF3204F0A4FD7E68731EFE2B05D98F
:108E60007D4A7E48012109F09BFE10E00024254642
:108E700026FA04F3DA0715D503F02EFFE040C30706
:108E80000ED4774A23467548012109F092FE6FF00F
:108E9000150470480BF01FFE204604B0BDE8F081B9
:108EA0000135EDB20134082CE2D10DB96D4AD8E795
:108EB0003B7CA3F10802062A0FD8DFE802F0100E6F
:108EC000120E040E0C000221012D7A7C0BD0002A18
:108ED00046D0654AC5E70321F6E7644AD3E7002197
:108EE000F2E70121F0E7082A06D8DFE802F00808D7
:108EF000080808080808080013465D4AC3E73B68ED
:108F000073B35C6864BB186801387F2828D88DF873
:108F100008208DF809401B68564A1B01013BADF83B
:108F20000A30012382F8A8308DF80C3002AA524B87
:108F3000304603F007FF04460028AAD13B686A00C8
:108F400013B19B8903FB0222FB68934211D2434871
:108F500000920121494A09F036FE6FF00B0498E7B0
:108F6000444B002083F8A800434B304603F0BAFE80
:108F7000E1E7404E86F8625096F8A830B868B066CF
:108F8000B04673B13B689D890135A9B203F02EFF4D
:108F9000044640B13A4A03460121304809F009FE2F
:108FA00077E72946F2E7BC46BCE80F00354D0FC510
:108FB000DCF800302B6074633B68002B46D00FCB8D
:108FC0002F1D87E80F00F36CB763A6F85C40002BF9
:108FD0003CD0BFF35B8F58E8003F48E80042002ACE
:108FE000F9D1BFF35B8F96F8A810E9B9F06C264C65
:108FF000264A4FF40047E0FB074100232046F2F7E2
:1090000045F80022CDE90001002305F1280005F014
:1090100037FD1F484FF0FF324FF0FF3304F0C0FC24
:1090200000B17063746B34E703F020FF034600283F
:10903000EFD0184A0948012109F0BBFD6FF0040385
:10904000A5F12C0073630BF046FDE2E7FFF7E2FCAD
:10905000DFE700BF6C0900205EA20200506F020033
:109060007CA2020096A20200D1A20200ACA20200E1
:1090700003A3020068090020E18A010026A3020080
:10908000A0A10200A00900203F420F0040420F00B3
:109090008409002066A10200084B70B5C31A0D4672
:1090A00007499B1004465943064840220BF01EFD19
:1090B0002B4601462046BDE870401847603F00201F
:1090C000B76DDBB6686B020073B50C4C0C4A4023DD
:1090D000041B00930D460B460A49A4106143064643
:1090E00009480BF02EFD011E05DA30462B4602B072
:1090F000BDE87040184702B070BD00BF603F00205F
:10910000AB4B0200B76DDBB6686B02000022F8B50E
:10911000012105461046F8F71BFF104802F0C0FC7D
:109120000446B8B90CF0C1FB2F690D49384609F067
:10913000D5F9031E09DB01263E642D69084905F1B6
:109140001C0009F0CBF9031E02DA1C462046F8BDCC
:10915000EE64FBE76FF00404F8E700BF99920100AA
:10916000A47802007FB500220123CDE9022304ABDD
:10917000CDE90433094ACDF800D06B46CDF804D0D0
:109180000BF00CFD002805DB4FF4804200236846FD
:1091900004F006FC07B05DF804FB00BFBD4B020005
:1091A00010B5EFF31184402383F31288BFF36F8F60
:1091B000074A136823F00201DB07116002D4012083
:1091C0000CF06DFB84F31188BFF36F8F10BD00BFEF
:1091D000B03F002030B4104B0C2202FB003301469C
:1091E0000020D3E90E529863EFF31180402484F3FA
:1091F0001288BFF36F8F1C6C04F0C00444F00204AB
:109200001C6480F31188BFF36F8F1DB12B46034898
:1092100030BC184730BC7047603F0020686B0200CC
:1092200010B4EFF31182402383F31288BFF36F8FE2
:109230001748016841F002040460C80707D482F3AC
:109240001188BFF36F8F012010BC02F019BC4FF0E2
:109250008041D1F80C04D1F80C14C907EFD5EFF315
:10926000118083F31288BFF36F8F0A490B6C03F0F0
:10927000C00343F002030B6480F31188BFF36F8FC8
:1092800082F31188BFF36F8F002010BCFFF7A2BFDD
:10929000B03F0020603F002010B1012804D070478B
:1092A000034B1B6C5B0701D1FFF794BF704700BFF6
:1092B000603F00202DE9F0413849BFF35B8F07463E
:1092C000012251E8003F41E800200028F9D1BFF316
:1092D0005B8F33B9324933484B60CB608A6009F009
:1092E00010F97B1E012B2BD8012F07D14FF08043A3
:1092F000D3F81C3403F00303012B21D00DF0C7F881
:109300000546F8B9284B1B78E3B14FF080430222A1
:10931000C3F808230646DFF894804FF08044D4F861
:109320001824D4F81834D20315D503F00303012B05
:1093300001D0012F0FD155B386F31188BFF36F8F82
:10934000BDE8F081EFF31186402383F31288BFF369
:109350006F8F0125DFE7ADB1304609F030FED4F85C
:109360001835002BDBD1D4F80421002AD7D0C4F85B
:109370000431D4F804310123C4F81835C8F8803119
:10938000A360CCE7002121200DF039F9E7E74FF089
:1093900080430222C3F80423D2E700BF5C3F0020D1
:1093A0004C3F00207C3F00209873002000E100E04B
:1093B000EFF31182402383F31288BFF36F8F0A4BC0
:1093C000D3F8001161B10021D3F80805C3F80011EA
:1093D000D3F80031C0B282F31188BFF36F8F7047AA
:1093E0006FF00A00F7E700BF00D00040F0B5034679
:1093F00010469C7893F803C0EFF31182402585F363
:109400001288BFF36F8F1F7893F801E0E41B04EA22
:109410000C04A04288BFA0B23E180CEA06063D46E6
:109420001E7082F31188BFF36F8F0A188A4216D11B
:1094300077450CD1EFF31182402181F31288BFF3FD
:109440006F8F1978597082F31188BFF36F8F1B7972
:10945000241AA34222BF064B01221A60F0BD5E19F6
:109460000135767901F8016B05EA0C05DEE700BFEE
:1094700000D00040DB432DE9F04713F001050E4614
:10948000144604D02248FFF7B1FFBDE8F0879AB335
:10949000EFF31188402383F31288BFF36F8F0D2001
:1094A000F8F748FD07460D20F8F730FD88F31188DE
:1094B000BFF36F8FDFF85CA0DFF85C80CAF8005163
:1094C000DAF800314FF400590123CAF8003025467C
:1094D000C8F88091DAF8003183B1FFF769FF031E05
:1094E000C8F88091F6DB013DADB27355002DF1D186
:1094F00017B10D20F8F7FCFC2046C6E7EFF311800A
:10950000402383F31288BFF36F8F09F058FDE1E722
:10951000E43F002000D0004000E100E02DE9F041F0
:10952000124F0D46144607F1450814B92046BDE810
:10953000F0814FF0FF334FF0FF32384604F030FA3D
:10954000224629464046FFF751FF0646384604F0BA
:10955000EDF93EB94FF0FF324FF0FF33044804F00D
:109560001FFAE6E7A41BA4B23544DEE7B43F0020AF
:10957000CC3F002038B5194C0122114620460CF092
:1095800097FE0122002104F118000CF091FE40F238
:109590000743A4F848304FF0706323630C2384F82A
:1095A000343000250E4B84F84550A4F84650D3F8CB
:1095B000042522F00102C3F804250121C3F800515B
:1095C000D3F80021C3F804132A4619600D20F8F7D8
:1095D000BFFC0D20F8F78CFC284638BDB43F0020B6
:1095E00000D0004010B5FFF7E3FE002820DB174B4A
:1095F00093F8322093F8314093F83310141B31EA7A
:109600000404C0B20DD193F8472093F8464093F874
:109610004810141B31EA04040BD10D4B01225A608F
:109620000EE09C180132114084F8350083F83210A6
:1096300010BD9C180132114084F84A0083F847108D
:109640000448BDE8104004F071B900BFB43F0020E9
:1096500000D00040CC3F0020024B0B600123136080
:10966000704700BF5C79020000487047D078020064
:109670000268154BFF2A08BF4FF0FF32C3F82425BC
:109680004268FF2A08BF4FF0FF32C3F828258268DE
:10969000FF2A08BF4FF0FF32C3F83025C268FF2A07
:1096A00008BF4FF0FF32C3F834250269FF2A08BF14
:1096B0004FF0FF32C3F838254269FF2A08BF4FF048
:1096C000FF32C3F83C2570470090024030B50D468C
:1096D000416885B069B1D1E900138468B4B1D4E9B7
:1096E0000024A4B19BB19C4205D06FF0150005B0D9
:1096F00030BD0B46F1E75C1C092C03780AD90E4AF1
:109700000E480094022109F05EFAEEE7224601338A
:109710001C44F1E78DF8083040F20113ADF80A302F
:1097200002A800238DF809408DF80C308DF80D50FB
:1097300002F0BEFFDBE700BFB0A3020048700200EA
:109740002DE9F04F91B043685D6B00AF804607F1A3
:109750002802002128460BF0C5FB041E6FDBBB6A04
:109760002A681979186800F0E9FD041E67DB0022F9
:1097700001212920F8F7ECFBD8F80490D8F8102044
:109780007749484602F078FF041E53DB754D0FCD34
:1097900007F128040FC495E80300002307F1040A29
:1097A0007B6084E80300CAE90133AB233B716E4B55
:1097B000D3F82425D2B23A61D3F82825D2B27A61FF
:1097C000D3F83025D2B2BA61D3F83425D2B2FA61D7
:1097D000D3F83825D2B23A62D3F83C35DBB27B629B
:1097E00007F12800FFF744FF012002F0B5FF07F161
:1097F000100605463046FFF73BFF2DBB2946504675
:10980000FFF764FF041E15DB23200CF0D6FB4FF09E
:10981000030B9F23C7E90A55C7F810A0C7F814B077
:1098200087F828303E63294607F12800FFF74EFFEE
:10983000041E0CDA02F0ACFF08B102F099FF2046DA
:109840004437BD46BDE8F08F6FF00404F2E75A4696
:10985000514609F130000DF07FF8044618B36C460C
:109860008CB097F804E097F805C0BE7999F83000FD
:1098700099F8311099F832306A46DFF8F080D362F7
:109880000823C2E9058EC2E907C6C2E9090142F808
:10989000103F37482B4644F24001F7F7AFF8A54692
:1098A0006FF01204C6E7D8F80420537F023B012B67
:1098B00016D992F81C80A8F10208B8F1020F8CBFEB
:1098C0004FF000084FF001080BF054FA051E0ADAB9
:1098D000284A27482B46012109F06BF92C46A9E7B5
:1098E0004FF00108F0E7EAB2C5F38015A845A1D012
:1098F0000023012182F04002BB623F6179613B633A
:1099000087F82810FE6207F128003B803A70FFF7C5
:10991000DDFE041E07D10BF02DFA041E04DB14F04B
:109920000104F8D186E785DA134A144B6D468AB0F4
:10993000B8F1000F18BF13466A461149D461C2E955
:1099400005134FF4007313840E4B42F8103F084880
:1099500000234FF41151F7F751F8AD466AE700BF05
:10996000FB4C02002871020000900240D9A30200C3
:10997000487002000BA40200B1980200D3A30200B9
:109980001BA40200040000012DE9F04F824687B0BD
:109990000E461C46904672B17BB10029426803DB3B
:1099A000D26A0B4493420CD93E4A3F480094334656
:1099B000012109F008F96FF01504204607B0BDE851
:1099C000F08F754205F003050BF0C0F9A54228BFE2
:1099D0002546D8F1000303F0030308F0030758BF3E
:1099E0005F427F4207F00307A74228BF2746631B59
:1099F000E41B24F0030423F00309A145C8BFA146DA
:109A000003F0030BC8BFA3EB040BB9F1000F17D091
:109A100008EB070349467219184603930CF088FABD
:109A200004460146DAF810000BF06DF9A4BBBD4204
:109A300006D0039B4A46194608EB05000CF06AFF66
:109A40009DB1C5F104070421F21B04A80CF070FAC3
:109A500004460146DAF810000BF055F9E4B904ABFE
:109A60002A46D91940460CF047FFBBF1000F17D02A
:109A7000721908214A4404A80CF05AFA0446014617
:109A8000DAF810000BF03FF934B909EB05005A463B
:109A900004A940440CF030FF50460BF03DF98CE730
:109AA0005C46F9E72CA40200487002002DE9F0435F
:109AB0000F4685B0416806461D4690462AB96FF0AC
:109AC0001504204605B0BDE8F083002BF7D0042B29
:109AD00001D9AB07F3D117F00304F0D1002F03DB5A
:109AE000CA6A7B19934207D9324A334800953B46EC
:109AF000012109F068F8E2E730460BF027F920462B
:109B00000BF053F9044630B101200BF04EF930460A
:109B10000BF002F9D5E7032D1BD804213A4603A820
:109B20000CF006FA0446014630690BF0ECF8002C04
:109B3000EAD12A46414603A80CF0DEFE3A4604214B
:109B400003A80CF0F2F90446014630690BF0DBF88B
:109B500021E008F06043B3F1005F02D118F0030F79
:109B600024D0042DA94628BF4FF004094A46414697
:109B700003A80CF0C1FE49463A4603A80CF0D5F9FB
:109B80000446014630690BF0BEF824B9B5EB09056F
:109B9000C8444F44E5D101200BF007F90546304693
:109BA0000BF0BAF8002C08BF2C468AE73A46294643
:109BB0004046C6E775A40200487002002DE9F7434D
:109BC0000B460E46D0F804C00746C1F30B011546FC
:109BD0002AB96FF01504204603B0BDE8F083C2F344
:109BE0000B0252EA0104F4D1002B04DBDCF82C1048
:109BF0005A198A4206D9374A37480095012108F098
:109C0000E2FFE6E70BF0A2F82046D7F804800BF05D
:109C1000CCF80446002858D1D8F82C30AB421ED1DD
:109C20000CF089F9A9460446386921460BF06BF817
:109C3000002C3CD14E44A5EB090500214FF4A47043
:109C40000CF0DDFC0BF096F8041E34DBE307F4D4D3
:109C5000002DE1D101200BF0A8F8044635E0B5F560
:109C6000803F09D3B3B253B93146012002F09AFDC7
:109C70004FF480390446D7E7B5F5805F09D3C6F3C2
:109C80000B0030B9314602F08DFD4FF48059044687
:109C9000CAE7124A104800953346012108F093FFA5
:109CA00038696FF015010BF02EF86FF015040C4AAF
:109CB0000095334602E00B4A0095334606480121E1
:109CC00008F081FF01200BF070F838460BF024F803
:109CD00081E700BFBFA402004870020009A502008E
:109CE00044A5020027A50200024B0B60012313606C
:109CF000704700BF084000200048704764790200A8
:109D000007B50346054A00910548012108F05BFFAD
:109D10006FF0150003B05DF804FB00BF78A50200EA
:109D2000E86F020010B5012211460748074C0CF0FD
:109D3000BFFA01F003FF0CF0F4F820600CF0EDF82E
:109D40006060002010BD00BF1040002008400020CF
:109D50004FF08042D2F81015D2F8103501F01E01F4
:109D600023F01F030B4343F00103C2F81035024BED
:109D700000221A70704700BF447100204FF08053DA
:109D8000D3F83031082B20D14FF08042D2F8101593
:109D9000CB071AD5D2F8103501F01E0123F01F03AE
:109DA0000B43C2F81035D2F808315BB1D2F8103548
:109DB00023F01F030B4343F00103C2F810356FF08B
:109DC0008B007047024B01221A700020704700BFC1
:109DD00044710020F8B504460CF09FF8237B05463B
:109DE0000BB10BF071FD134F0026FFF7C7FFE8B969
:109DF000606802F0E9F9A3685B1BA36063682B4409
:109E000063603B780BB1FFF7A3FF237B01363BB9BF
:109E1000A368002BE9D1A068003818BF0120F8BD65
:109E2000304601F019FF0028F2D0F4E76FF08B0004
:109E3000F5E700BF4471002070B5037B04460BB109
:109E40000BF042FD194E0125A368032B06D8184AD2
:109E5000D2F80034DB07FBD5002070BDFFF78EFF82
:109E600008BB23686068196802F0CAF933780BB13F
:109E7000FFF76EFF63680433636023680433236075
:109E8000A368043BA360237B0135002BDCD028466C
:109E900001F0E2FE0028D7D0054AD2F80034D907F5
:109EA000FBD50120D9E76FF08B00D6E74471002085
:109EB00000E00140F0B589B00E4615460CF02DF8D3
:109EC0002946074630460AF08EFF60B3B6FBF7F32B
:109ED00007FB136323B9B5FBF7F407FB14545CB11C
:109EE0001F4A009533461F48012108F06CFE6FF0B1
:109EF0001504204609B0F0BDAF42FAD84FF0FF3349
:109F00004FF0FF32184803F04BFD0BF0D1FC04ABCF
:109F1000014660B9102218460CF016FDCDE9056522
:109F2000FFF758FF16E0114A00953346DBE7102291
:109F3000214618460CF008FD01228DF81C200C4A21
:109F4000CDE902200B48CDE9056501F0FFFD02A82F
:109F500001F002FE0446044803F0E8FCC9E700BF34
:109F600095A50200E86F02001040002078A50200CD
:109F7000D59D0100645E010070B50D4688B019469C
:109F8000284616461C460AF02EFF58B91D4A009472
:109F90002B461D48012108F016FE6FF015042046DF
:109FA00008B070BD45EA04039B0703D0174A00942C
:109FB0002B46EEE7002CF2D04FF0FF334FF0FF328C
:109FC000134803F0EDFC0BF073FC0346CDE9046588
:109FD00004A806948BB101238DF81C300D4BCDE9FC
:109FE000023041F64C5001F0B1FD02A801F0B4FD81
:109FF0000446074803F09AFCD1E78DF81C30FFF7C0
:10A000001BFFF5E778A50200E86F0200B4A5020087
:10A0100010400020399E0100F0B545681646A8683A
:10A020002A7C01F01F0487B044EA4214002869D05A
:10A03000B6F5001F04D121460BF067FF002052E067
:10A0400001AA0020B6F5800F0190506037D1B3F11E
:10A05000007F14BF052304238DF804300023CDE9CD
:10A0600004230393EB6823FA01F111F001010DF1D0
:10A0700003073AD1B6F1A07F37D104F01F0362097C
:10A0800003F5E07326D0012A3FD1214A52F823304C
:10A09000DB072AD4A8683A4621460BF0ACFE1630FE
:10A0A0001BD00297A86803AA21460BF070FD002878
:10A0B00019DBA868012221460BF0D4FEBEE7B3F1FC
:10A0C000C06F05D0B3F1007F14BF01230223C3E7A3
:10A0D0000323C1E74FF0A042D8E7A868394601F052
:10A0E00073FF0028DDDA07B0F0BDA8683A462146C4
:10A0F0000BF081FE0028D5D19DF80310A86801F06F
:10A100005DFFCFE76FF08500EDE751F82330FFDE0C
:10A1100000030050420970B5034602D0012A17D04F
:10A1200070BD0D4E326951680029F9D003F01F034C
:10A1300001250C689D400029F2D08A682A4002D08F
:10A140004B68304698472CB1236821461C46F2E7FD
:10A15000024EE7E72346F8E7A86B0200886B02008F
:10A1600038B54568A86890B10BF074FE014670B927
:10A17000A8680BF053FE044658B902460649A86881
:10A180000BF036FE224605210620F7F7E1FE0020FF
:10A1900038BD6FF00400FBE715A101002DE9F04385
:10A1A000476840F20636D0063B7C87B002EA0606D6
:10A1B00054BFC2F3401C4FF0030C01F01F05B6F56D
:10A1C000837F144645EA43158DF803C045D00DD86A
:10A1D000062E16D005D8A6B1022E40D06FF015007D
:10A1E00038E0B6F5807FF9D101260AE040F202227C
:10A1F000964236D0B6F5407F35D0B6F5007FEDD12A
:10A2000002260123220303FA01F12ED57B68C3F84D
:10A210000815B86890BB05F01F036D092BD0012D00
:10A2200075D13D4A02EB830284F48033D2F80017E3
:10A23000C3F30043C4F3404444EA430421F4E1611E
:10A2400044EA8C0421F0070144EA06230B43C2F8D8
:10A250000037002007B0BDE8F0830726D1E70426C9
:10A26000CFE70526CDE70326CBE7630344BF7B6832
:10A27000C3F80C15CDE74FF0A042D3E70DF1020271
:10A2800029460BF0B8FD14F4403F80460CD1B86865
:10A2900029460BF0E5FDB8F1000FDAD19DF8021068
:10A2A000B86801F08BFED4E74FF0000901ABCDE9AF
:10A2B0000199CDE90439CDF80C90B86803AA294674
:10A2C0000BF065FC4845C4DB14F4003314D084F46F
:10A2D00080349DF803308DF80E30C4F300448DF8BF
:10A2E0000C608DF80D40B8684B4603AA29460BF068
:10A2F00006FD0028CFDAACE7CDE904330DF1030306
:10A300000393B86803AA29460BF041FCF1E703F573
:10A31000E07350F82330FFDE00030050036803F0C1
:10A320001F025B09026004D0012B034818BF002004
:10A3300070474FF0A0407047000300502DE9F04FE8
:10A34000DFF8B4B185B01546824600EB810840F2D3
:10A35000FF19D04503D1002005B0BDE8F08FDAF831
:10A3600000305804C3F3C321C3F3080400F1BD80D7
:10A37000624A4C45515C4FEA136312D0222B1ED91E
:10A380004E2B40F0B580C5F8144503A80394FFF7A1
:10A39000C5FF039B012606FA03F3C0F808353746CC
:10A3A00054E0222B09D94E2B40F0A2804FF0FF330E
:10A3B000C5F814350AF1040ACBE74FF0FF34222B1D
:10A3C00000F29680DFE803F012171D202329209465
:10A3D000949494396394949494949494949466711A
:10A3E00074779494947A8285888B8E00C5F80C4596
:10A3F000631CCAD1DEE7C5F81445621CDAD000261A
:10A40000CDE7C5F80845F3E7C5F81045F5E7631C47
:10A41000C5F80845CED0002604E0671CC5F80C45F9
:10A42000C8D0012603A80394FFF778FF039B0127F8
:10A4300007FA03F3C0F80C3508E0C5F80845002911
:10A44000DBD1661CB6D0002637460621DAF800308C
:10A45000019303F40040002803A81CBF0027012635
:10A460000394FFF75BFF039C019B00EB8400C3F3A5
:10A47000412CD0F800470B0243EA8C033B4304EA2B
:10A480000B04234343EA4603C0F8003792E7C5F8BC
:10A490000C45D4E7C5F86045601CDAF8003089D077
:10A4A000C3F30043002BBCD06FE7C5F86445F3E766
:10A4B000C5F86845F0E7C5F86C45EDE7C5F82445F3
:10A4C000621C3FF477AF00270126BFE7C5F8284597
:10A4D0008EE7C5F83045F3E7C5F83445F0E7C5F831
:10A4E0003845EDE7C5F83C4582E76FF0150033E7E6
:10A4F0006FF0850030E700BFF0F8FCFF12A6020005
:10A500002DE9F0410022054601210220F7F720FD48
:10A510000220F7F7EDFC6C680121E0680AF0E4FD29
:10A520006B681A682369C2F82435617D237D0B436B
:10A53000A17D0B43C2F86C352C692068A0B16B6813
:10A5400038491E68002208300CF02DF92368DD63BD
:10A5500020683549002268300CF025F92368C3F8DB
:10A560009C50324BC6F804336F68D7E9004313F0B0
:10A5700001033DD0D5F8108004F10C0108F11C0254
:10A5800004F590700BF0E1F9061E07DA284A294815
:10A59000012108F005FB3046BDE8F08198F81C0069
:10A5A00001F07AFC0823C4F800353B6AC4F844354E
:10A5B0000023C4F848350123A360D4F85831002B98
:10A5C000FBD00023C4F800356B68596811F004040F
:10A5D0000CD1D86821460AF087FD6B6821461D68BA
:10A5E000D8680AF081FD0823C5F800350026D2E7B7
:10A5F0000822C4F800253A6AC4F84425C4F848354E
:10A600000123A360D4F82031002BFBD00023C4F831
:10A610002031D4F820310123E3604FF48073C4F873
:10A620000433CAE71F5202007556020014020A00E2
:10A630001AA60200607002002DE9F843044645683E
:10A6400088460BF024FF6368A8B92E4A127892B1AD
:10A650001F684FF04009642660680AF035FD002845
:10A660003ED101200BF034F9013EF5D1002121202B
:10A670000BF0C5FFEFE721691F684FF04009EFF3CA
:10A68000118689F31288BFF36F8F60680AF01CFD92
:10A6900008B30B6853B1D3F8A4203AB1D3F8B4206F
:10A6A000002A03DAD7F84C25C3F8B4206B685B079F
:10A6B00044BF4FF48003C7F804332B6A83F800804B
:10A6C000296A012220460AF070FD86F31188BFF343
:10A6D0006F8FBDE8F88386F31188BFF36F8FCEE7E5
:10A6E000EFF311810E4689F31288BFF36F8F606814
:10A6F0000AF0EAFC0028D9D181F31188BFF36F8FEB
:10A70000B4E700BF987300202DE9F04F9946D0F8C8
:10A7100004A00369DAF800401D6885B0064602937C
:10A720009AF8083088461746002B40F0A88095F824
:10A730006130002B40F0A68095F8623003F0FF01F5
:10A74000002B40F09F80B9F1FF3F66D0B9F1040FB4
:10A7500063DDDFF838E14E4A4FF400404FF0050C5E
:10A7600099FBFCFCCCFB00E100237046F0F78EFC6B
:10A770004FF0000BC5E915B0C5E91087C5E912BB5C
:10A78000E965C5F850B0DAF80420520756D5EFF362
:10A7900011824021039281F31288BFF36F8F02214F
:10A7A00030460AF0F1FC039A82F31188BFF36F8FF1
:10A7B000DAF80420530741D595F86060002E3DD0AB
:10A7C000BE4228BF3E46DAF81C10324640460CF026
:10A7D00093F8BF1B2ED195F86020921BD2B285F85A
:10A7E0006020DAF81C0081190CF094F8029BBFF38A
:10A7F0005B8F03F1180B5BE8003F43F004034BE869
:10A800000032002AF7D1BFF35B8F44F30734002CEA
:10A8100006DA002005B0BDE8F08F00200146A7E76A
:10A8200063091C4904F01F0401224033A24041F88F
:10A830002320EEE7B9F1FF3F12D1B0440023C4F862
:10A840003485C4F83875C4F81031D4F81021C4F830
:10A850004C31D4F84C31012385F861302360D8E7BE
:10A86000C4F808B1D4F80831D5E916230020002136
:10A87000CDE9000105F1080004F002F9DDE76FF011
:10A880008500C7E76FF00F00C4E700BF3F420F002D
:10A8900040420F0000E100E0F7B5064605691C469E
:10A8A000EFF31187402383F31288BFF36F8F2B6878
:10A8B000D3F8A4C0BCF1000F07D087F31188BFF311
:10A8C0006F8F6FF00F0003B0F0BDC3F8A4202B68AA
:10A8D000C3F8A01001F06043B3F1005F2B6814D1FE
:10A8E000C3F8A8102B68C3F8AC20294630460AF0FC
:10A8F00075FC87F31188BFF36F8F73681B7D012B85
:10A9000001D1631C06D10020DDE7C3F8B0C00AF016
:10A91000BCFBEAE70B480C4A2D6824EAE4744FF4C8
:10A92000004600210023C4FB0601F0F7AFFB6835A9
:10A9300002460B4600200021CDE90001284604F024
:10A940009FF8E0E73F420F0040420F0070B501233F
:10A9500083400E4ABFF35B8FDC4352E8001F01EADD
:10A96000040542E80056002EF7D1BFF35B8F4FF489
:10A97000803282400648C0F80823BFF35F8FBFF3E0
:10A980006F8F0B4214BF0120002070BD4440002097
:10A990000010014070B40E49D1E90034D01AC31838
:10A9A00044F1000422F07F46C1E90034A6F500130B
:10A9B000B3F5400F09D2074B1B681A0A1B069C19F6
:10A9C000054B42F10005C3E9004570BC03F058BFD8
:10A9D000C028002048400020C828002011B3BFF341
:10A9E0005B8F0123104A834052E800CF4CEA030CEE
:10A9F00042E800C10029F7D1BFF35B8F0B4A4FF447
:10AA000080338340C2F80433094BBFF35B8F1B686C
:10AA1000BFF35B8FC340DB0742BF064B4FF40032EE
:10AA2000C3F80021704700BF4440002000100140DF
:10AA30004040002000E100E00D4B1868010A0006CC
:10AA4000BFF35F8F0B4BD3F80435181841F10001A9
:10AA5000B3F5801F0AD2084BD3E90023904271EB73
:10AA6000030303D210F1807041F10001704700BF71
:10AA70004840002000100140C82800202DE9F04F78
:10AA800085B016461F469DF840A00446FFF75EFFBE
:10AA90000190FFF7D1FFB04271EB070354D23E4B58
:10AAA000301A67EB0101984271F100014FD23B4B24
:10AAB00003EB0413D3E902239F4208BF96425ED002
:10AAC00037494FF4803804F1500508FA04F8AD0016
:10AAD000C1F848832046ADB20AF0CFFD26F07F4B87
:10AAE00005F1804504F5A87305F58835DC464FF07F
:10AAF00003090293029A2CF07F4341F82230C1F8F7
:10AB00004483D1F80435274A6FF00200C01A60442C
:10AB100020F07F40904232D9286868B1D1F80435DE
:10AB20000393A3EB0B0020F07F40B0F5000F26D974
:10AB300020460AF0A2FD039BBAF1000F07D109EBF2
:10AB4000030C09F10109D5E7BAF1000F09D06FF044
:10AB5000150520460199FFF741FF284605B0BDE8DD
:10AB6000F08F0123104ABFF35B8FA34052E8000F20
:10AB7000184342E800010029F8D1BFF35B8F074971
:10AB80000E98230101EB0412C8500F9B5360C2E9D9
:10AB900002670025DDE700BF01008000B02800202B
:10ABA00000100140FDFF7F00404000207FB51C4C9D
:10ABB0001C4BC4F80833C4F848331B4B00254FF036
:10ABC000FF304FF0FF31C4F80855C3E902014FF4DC
:10ABD0008033C4F80433154B02264FF400320121B0
:10ABE000C4F804631120C3F880212A46F7F7B0F9AE
:10ABF0001120F7F77DF90E4A0123A360236013604B
:10AC00000C4B0D4A0093CDE9015500232846FFF770
:10AC100035FF3046FEF74EFB284604B070BD00BF3E
:10AC20000010014003000F00B028002000E100E008
:10AC30004440002095A90100FFFF7F002DE9F74364
:10AC40002B4CD4F8043399070BD5D4F8043143B115
:10AC5000284A0023C4F80431D4F8043113680133BE
:10AC60001360D4F80433DA0323D5BFF35B8F224B90
:10AC700053E8002F22F0010143E800100028F7D12B
:10AC8000BFF35B8FD30702D4D4F840318BB10025DA
:10AC9000C4F84051D4F84031FFF7CEFEEFF31082F4
:10ACA00072B6164BD3E90267B042B94104D282F3BF
:10ACB000108803B0BDE8F0834FF0FF384FF0FF3944
:10ACC000C3E90289D3E900101D604FF48033C4F852
:10ACD0004833C4F84051D4F8403182F31088002939
:10ACE000E7D0009032463B4628468847E1E700BF60
:10ACF000001001404840002040400020B0280020C3
:10AD000030B5431C124C85B005D08442A8BF044620
:10AD1000012CB8BF0124FFF78FFE0E4B0C4DD3E979
:10AD20000013401AB0F5000F10D22218AA4228BF13
:10AD30002A4652184FF0000007490091CDE9010062
:10AD400043F10003FFF79AFE05B030BD2A46F0E755
:10AD5000FFFF7F00C028002095A9010008B5FFF77C
:10AD60006BFE024B1B68C01A08BD00BFC028002044
:10AD700008B5034903480AF0B5FC6FF0150008BD9B
:10AD800057A60200D86F02002DE9F041114E074688
:10AD90008846002527FA05F212F0010210D128FAA0
:10ADA00005F3DB070ED5317930680AF08BFC0446D9
:10ADB00040B1094909480AF095FC2046BDE8F081F8
:10ADC0000122F0E70135042D06F10806E2D1002446
:10ADD000F3E700BFE879020072A60200D86F020014
:10ADE00070B50C4E00254FF4003130460AF055FC8A
:10ADF000044648B90135042D06F10806F3D1BDE833
:10AE000070400F21FFF7C0BF034904480AF06AFCF5
:10AE1000204670BDE879020088A60200D86F0200C3
:10AE2000032810B50A4603D9BDE81040FFF7A0BFBC
:10AE3000074B03EBC00153F8300009790AF042FCDC
:10AE4000044618B1034904480AF04CFC204610BDE2
:10AE5000E879020072A60200D86F020002460B4693
:10AE6000014802F069BC00BF340E0020014802F026
:10AE7000DBBC00BF340E0020014902480BF0B7BA1A
:10AE80005040002088330020094B93F8FB31042BFD
:10AE900002D1810709D47047022B02D1020704D4E2
:10AEA0007047082B03D1830601D5FFF7E5BF704734
:10AEB0005471002010B403460A46034881680C68A8
:10AEC0001946234610BC1847E86B0200B0B584B0A1
:10AED00000AF00243B1D7C600A22BC60C7F80B4019
:10AEE0003960014618460BF059FD6D468AB0396845
:10AEF00003466A460D48D161C2E905034FF4007369
:10AF000013840B4B42F8103F0A4823464FF411516B
:10AF1000F5F774FDAD4684F31188BFF36F8F0323FB
:10AF2000184602DF1037BD46B0BD00BFB6A602000E
:10AF300004000001B06F0200F0B589B0064600AF12
:10AF400034480D4634490BF036FA07F10C00E5F7AA
:10AF50006DFA6C4688B06A46304B5361304B936152
:10AF60004FF4007393832F4B42F8103F2E492F4824
:10AF700007F10C03F5F742FDA5462D480BF039F813
:10AF800050B92C4A2948012107F00AFE6FF012043B
:10AF900020462437BD46F0BD274B7B60381DE5F7C2
:10AFA0006FFA034638B1254A2048012107F001FE17
:10AFB0006FF01504ECE74FF0FF304FF0FF31FFF773
:10AFC0004DFF04460028E3D11D491E48E5F7F0F97E
:10AFD000044610B1FFF74AFFDAE741F64C5307F198
:10AFE0000800BB60F0F778FA20B1FFF73FFF6FF081
:10AFF0008504CDE7012338463B70F0F765FA002859
:10B00000F3D1FFF733FF33690F481D60F7F764FD95
:10B01000BEE700BF50400020AF5702009A910200E7
:10B02000DBA6020003000001C01C4001B06F02005B
:10B03000E86B020002A70200B5AE010022A70200E1
:10B04000D028002019B1010089AE010030B52F4889
:10B0500087B0E5F72BF90446002852D1E5F7F8F957
:10B060000125E5F701FAF0F72BF8F0F72BF8F0F7E8
:10B070002BF803AA022120468DF80C50E5F74AF977
:10B0800000283DDB082303AA07212046ADF80C3039
:10B09000E5F740F9002833DB4FF0FB13039303AAD5
:10B0A00040F2032303212046ADF81030E5F732F9D2
:10B0B000002825DB03AA042120468DF80C50E5F773
:10B0C00029F900281CDB1F2303AA06212046ADF81E
:10B0D0000C30E5F71FF9002812DB40F6B823984240
:10B0E00012DD0B4A009029460A4807F06CFD84F3F4
:10B0F0001188BFF36F8F0423184602DF6FF00B0037
:10B100000446204607B030BD2046F9E7CDAE010029
:10B1100046A70200B06F020073B5454C94F8FB31AE
:10B12000CBB194F8FB31042B3FD120783E2825D0B9
:10B13000FF2829D00025002200232946F7F7DAFC52
:10B14000064630BBC5B1002384F8FB3102B0BDE830
:10B150007040FFF791BE4FF0FF304FF0FF31FFF727
:10B160007DFE48B904F2FB11204600F0ADFB054618
:10B17000FFF77CFE002DD4D002B070BDA578022D63
:10B1800014BF00250125D6E7A57805F0FD05802D23
:10B19000F6E76278264902320C3007F0A7FF254B0C
:10B1A0001B68314624489847CDE7022B24D1002262
:10B1B00000230820F7F778FC05460028DCD06388D8
:10B1C0000433B3F5FE7F23D340F2FB1200921B48F9
:10B1D0001B4A012107F0F7FC1A4A18486FF00B03CD
:10B1E000012107F0E6FC002383F31188BFF36F8F82
:10B1F0000423184602DFA6E7082B13D10023002200
:10B200002020F7F751FC638805460028D8D1B3E722
:10B2100007491A4605F10C0007F068FF054B29465F
:10B220001B68BFE7084A0548012107F0C2FC8AE70E
:10B23000547100204C400020286C0200B06F0200C6
:10B2400069A70200C3A702008AA70200F7B5C04D94
:10B250002B780646002B40F0308304238DF807300E
:10B26000BC4B04881F68B7B10DF106030DF107024E
:10B27000691CB84701280ED09DF80630002B40F01D
:10B2800074819DF80730AB700E2201236A70EB7059
:10B29000AC80A87172E1B4F5105F4FEA94230AD232
:10B2A000002B4ED0013B072B08D8DFE803F009073D
:10B2B000367A070707C13F2B00F00882012055E0CE
:10B2C000304640F2064230F9033B93420FD040F241
:10B2D0001D4293421ED0012040F206439C4200F0E2
:10B2E000448140F21D439C4200F03F813EE0F0F774
:10B2F00049F942F264039C4240F2B68242F285036D
:10B300009C4233D842F267039C4200F2BF8242F271
:10B310006603E8E7F0F738F9EBE7304640F66342BA
:10B3200030F9033B934230D00DDC40F603429342A8
:10B330001FD040F62D4293421ED040F60142934268
:10B3400012D0012011E140F67B42934220D040F61A
:10B350007C429342F5D19DF807307F4902338DF846
:10B360000730F0F739F801E0F0F728F80128E8D0C5
:10B3700087E7E5F75BF9F9E79DF80730764903338E
:10B380008DF80730F0F71FF8F0E7F0F71EF8EDE75B
:10B390009DF80730704904338DF80730F0F71AF83C
:10B3A000E4E73388A3F58053013B082BC9D801A2F9
:10B3B00052F823F0D9B30100EBB30100FFB3010051
:10B3C00043B3010043B3010043B3010043B30100A1
:10B3D00043B301001FB401009DF807305E480833F5
:10B3E0008DF80730F0F793F8C0E79DF807305A481A
:10B3F00040338DF807300AF0DCF9002041E79DF872
:10B40000073008338DF80730534B00221A605A601A
:10B41000EB7A23F0600343F06003EB72EDE79DF8F5
:10B4200007304D4806338DF80730F0F772F89DE786
:10B43000304642F2320130F8033B1AB28A4279DCDC
:10B44000B2F5005F42F2640208DC94423FF479AF47
:10B4500040F21A8242F28503012051E7A3F500531E
:10B46000013B312BF1D801A151F823F05DB501006A
:10B4700087B5010099B501004BB40100ABB50100DF
:10B48000B1B50100B7B50100C9B50100CFB50100E4
:10B49000D5B501004BB401004BB401004BB4010021
:10B4A0004BB401004BB401004BB401004BB401009C
:10B4B0004BB401004BB401004BB40100E1B50100F5
:10B4C000F3B50100F9B501000BB601004BB4010062
:10B4D0001DB601002FB6010041B601004BB40100BA
:10B4E0004BB401004BB401004BB401004BB401005C
:10B4F00061B6010073B6010085B601004BB40100CE
:10B500004BB401004BB401004BB401004BB401003B
:10B510004BB401004BB401004BB401004BB401002B
:10B520004BB401008BB601009DB60100AFB601001F
:10B53000B5B6010042F24B039A4200F0BE8042F2DF
:10B540007C039A4249D042F264039C427EE700BFEA
:10B55000507300206040002057730020EFF7DBFF9E
:10B5600042F264039C427FF4C4AE0F236B70042349
:10B57000AB700123E8702B71A5F8054001232B70F7
:10B58000002003B0F0BD9DF80730CD4803338DF89F
:10B590000730EFF7C5FFE3E79DF80730C8480833E9
:10B5A0008DF80730EFF7BEFFDAE7EFF7BDFFD7E71B
:10B5B000EFF7BCFFD4E79DF80730C14801338DF8A1
:10B5C0000730EFF7B5FFCBE7EFF7B4FFC8E7EFF7CA
:10B5D000B3FFC5E7EFF7B2FFC2E7EFF7D1FFBFE771
:10B5E0009DF80730B64907338DF80730EFF7A8FF0D
:10B5F000B6E7EFF7A7FFB3E79DF80730B049103380
:10B600008DF80730EFF7A0FFAAE79DF80730AC48A8
:10B6100008338DF80730EFF799FFA1E79DF8073061
:10B62000A74902338DF80730EFF792FF98E79DF8AE
:10B630000730A34902338DF80730EFF78DFF8FE70E
:10B640009DF8073008338DF807308F23EB71C02346
:10B65000EB7242F264039C4240F00081002084E7D8
:10B660009DF80730964902338DF80730EFF778FFE1
:10B6700076E79DF80730924804338DF80730EFF7EE
:10B6800071FF6DE7EFF770FF6AE79DF807308C48B0
:10B6900008338DF80730EFF769FF61E79DF8073051
:10B6A000874904338DF80730EFF762FF58E7EFF76B
:10B6B00061FF55E7EFF760FF52E79DF807308048DC
:10B6C00002338DF80730EFF759FF49E730464FF660
:10B6D000165230F8033B93425AD84FF60152934228
:10B6E00006D803F2FF3292B20A2A33D901205EE073
:10B6F000A3F57D43023B142BF8D801A252F823F0A6
:10B7000021B8010027B801002DB8010033B80100AD
:10B71000EDB60100EDB60100EDB6010039B801004B
:10B72000EDB60100EDB601003FB80100EDB6010035
:10B73000EDB60100EDB60100EDB60100EDB6010079
:10B74000EDB60100EDB6010045B80100EDB601000F
:10B7500057B80100A3F57C43013B0A2BC6D801A2D0
:10B7600052F823F09FB70100BBB70100EDB601000E
:10B77000EDB60100EDB6010009B80100EDB601001B
:10B78000EDB60100E5B70100F7B701000FB8010001
:10B790004FF61D529342A9D1EFF7B7FE07E09DF88F
:10B7A000073047480C338DF80730EFF717FE24F0C9
:10B7B00008034FF60252934296E59DF80730403356
:10B7C0008DF807303E4B00201880EB7923F02303DF
:10B7D00043F02303EB712B7A23F0070343F00703B5
:10B7E0002B72E4E79DF80730354817338DF80730A2
:10B7F000EFF711FEDBE79DF80730314820338DF875
:10B800000730EFF72CFED2E7EFF703FECFE79DF806
:10B8100007302B4801338DF80730EFF73DFEC6E7C0
:10B82000EFF750FEC3E7EFF74FFEC0E7EFF74EFE2E
:10B83000BDE7EFF751FEBAE7EFF750FEB7E7EFF7D6
:10B8400051FEB4E79DF807301D4904338DF80730E9
:10B85000EFF74AFEABE7EFF756FEA8E703D942F24F
:10B86000850300204CE5002042F219039C4218D8C1
:10B8700042F20C039C427FF62FADA4F500530D3B22
:10B880009BB241F2412206E00120EDE7A4F501530D
:10B89000283B0C4A9BB222FA03F3DB077FF566AD27
:10B8A00063E642F232039C423FF45FAEA4F50153DB
:10B8B000033B012B3FF65AAD57E64FF0FF3060E6F1
:10B8C000577300202F80402038B5094C23780D464F
:10B8D0001BB9BDE83840EFF761BDA278611C0232A8
:10B8E0000BF00AF80020042320702B7038BD00BF35
:10B8F0005073002070B505460E46084C20460AF0ED
:10B9000078FB38B1A368B2B2294620461B68BDE86F
:10B91000704018476FF0120070BD00BFE86B020066
:10B9200037B53223ADF80430154A0023012519211B
:10B9300068468DF80630ADF800508DF80230EEF70D
:10B94000F5FF0446C8B909F040F980B2EEF708FCEB
:10B950000C482946F2F70DFD044670B901462A4607
:10B960000820F6F7F5FA2A4621460B20F6F7F0FAFA
:10B970002A4621462846F6F7EBFA204603B030BDAA
:10B9800099B9010064400020014902480AF02FBD26
:10B990009440002088330020B0B584B000AF00246C
:10B9A0003B1D7C600A22BC60C7F80B403960014631
:10B9B00018460AF0F3FF6D468AB0396803466A46B6
:10B9C0000D48D161C2E905034FF4007313840B4B9A
:10B9D00042F8103F0A4823464FF41151F5F70EF88C
:10B9E000AD4684F31188BFF36F8F0323184602DF3F
:10B9F0001037BD46B0BD00BF1BA802000400000107
:10BA00001070020037B50D4D0D49002400946FF001
:10BA100009034FF48062284602F082F9094928465A
:10BA20000AF03BFD084909480AF0C5FC22460421FA
:10BA30001920F6F78DFA204603B030BD8833002078
:10BA4000C09000202FA8020021580200944000203E
:10BA50000346024A0248022107F0ABB843A802009D
:10BA60003070020010B9024B1B681847FFF7F0BF97
:10BA7000A4400020014B01201B681847A44000206F
:10BA800028B1012807D104490020EEF791BA034BF1
:10BA900001201B681847704765BA0100A4400020C8
:10BAA000014B186000207047A440002010B51F48CB
:10BAB000BFF35B8F0368BFF35B8F23B9062904D8FC
:10BAC000042926D839B1002010BD0729FBD1403800
:10BAD00001F02CFFF7E750F8203CA0F14004D3E937
:10BAE00000209047012808D0114B984203D0022330
:10BAF000E06384F834300F48E6E742F210732363C2
:10BB0000032384F8343004F1240384F82900A36368
:10BB1000F1E700F8173C084B40F8103CA0F11C017D
:10BB20004038007EF2F766FCCDE700BFE840002019
:10BB30001F646602DC400020FF3F420F02480122E2
:10BB400000210AF0B5BB00BFA8400020014BD8611E
:10BB5000704700BFA840002038B54FF0FF310546C0
:10BB60004FF0FF30FFF77AF934493548EEF7ECFD36
:10BB70000446FFF77BF9002C08DA3248324A2346A4
:10BB8000012107F016F86FF00B0038BD2F4C40F282
:10BB900001132385E36925626433E36242F2107383
:10BBA000236300226FF0730384F82420E36304F11D
:10BBB0004005BFF35B8F55E8003F45E800210029B1
:10BBC000F9D1BFF35B8F4FF0FF314FF0FF30FFF73C
:10BBD00045F904F12401207EF2F70CFCFFF746F949
:10BBE0001B4A0023204601F0DBFE00280FDA194A29
:10BBF0001448012106F0D4FFBFF35B8F012355E801
:10BC0000002F45E800310029F9D1BFF35B8F4FF0D9
:10BC1000FF314FF0FF30FFF721F9207EF2F7CCFB28
:10BC2000FFF724F9BFF35B8F236CBFF35B8F13B176
:10BC3000064801F0DBFEE06BA7E700BFC040002034
:10BC4000ADBA0100F06F02006FA80200A84000200A
:10BC5000447B0B0095A80200074B01221A64D3F81D
:10BC60004035B3FBF0F01844044BDB69984234BF15
:10BC700000200120704700BF00800040A840002045
:10BC80004FF08053D3F83021082A06D1D3F834314D
:10BC9000052B02D8024AD05C70470020704700BFD5
:10BCA000B3A80200024AD2F80034002BFBD0704740
:10BCB00000E0014010B54FF08053D3F83021082A3E
:10BCC0004ED14FF080420021C2F80C11C2F8101181
:10BCD000C2F8381502F54042D3F80414C2F8201512
:10BCE000D3F80814C2F82415D3F80C14C2F8281598
:10BCF000D3F81014C2F82C15D3F81414C2F8301568
:10BD0000D3F81814C2F83415D3F81C14C2F840152F
:10BD1000D3F82014C2F84415D3F82414C2F84815F7
:10BD2000D3F82814C2F84C15D3F82C14C2F85015C7
:10BD3000D3F83014C2F85415D3F83414C2F860158F
:10BD4000D3F83814C2F86415D3F83C14C2F8681557
:10BD5000D3F84014C2F86C15D3F84434C2F87035E7
:10BD6000FFF78EFF18B13A4B3A4AC3F88C26FFF71B
:10BD700087FF18B1384BFB22C3F81825FFF780FF67
:10BD800070B14FF080414FF08053D1F8E42ED3F8DA
:10BD9000583222F00F0203F00F031343C1F8E43EC0
:10BDA000FFF76EFF20B12D4B4FF40072C3F8402611
:10BDB0004FF08053D3F83031082B1AD14FF0804325
:10BDC000D3F80024D20744BF6FF00102C3F8002467
:10BDD0004FF08053D3F83431052B02D8204AD35C7E
:10BDE0003BB14FF01023D3F808224FF08043C3F843
:10BDF00058254FF01023D3F80022002A03DBD3F894
:10BE00000432002B22DA174901234FF01020C1F829
:10BE100004351224FFF746FFC0F80042FFF742FF47
:10BE2000C0F80442FFF73EFF0023C1F80435FFF7D6
:10BE300039FFBFF34F8F0C490C4BCA6802F4E06224
:10BE40001343CB60BFF34F8F00BFFDE710BD00BFB2
:10BE5000005000404881030000F000400090024084
:10BE6000ADA8020000E0014000ED00E00400FA058A
:10BE7000014B1860704700BFEC40002010B5054B27
:10BE80001868144609F026FD0028A4BF2070002081
:10BE900010BD00BFEC400020024A01238340C2F8DD
:10BEA0000435704700F00140036803F01F025B098E
:10BEB000026004D0012B034818BF002070474FF0E8
:10BEC000A040704700030050034A430900F01F00E0
:10BED000D35C1844C0B27047B9A80200034611F001
:10BEE000010030B5CCB213D1A207C4F3400020D575
:10BEF000124AD2F8200558604FF08053C2F820054E
:10BF0000D3F83031082B15D0003818BF012010E0CD
:10BF10004FF0A0414FF08055D1F820251A60C1F8AC
:10BF20002025D5F83051082D08BFD1F82015002A5A
:10BF3000DAD030BDD2F82035E6E700BF000300506C
:10BF4000F7B504460846FFF7BFFF06B204EB460606
:10BF50000D46B38ADB072BD5204609F0F5FD2946AF
:10BF6000204609F060FD58B1204609F072FD2768AF
:10BF700000B207EB80030022C3F81025C3F8102598
:10BF80002946204609F08EFD0021B18201A80195C5
:10BF9000FFF78AFF019B00EB8300074BD0F80027D7
:10BFA000134043F00203C0F80037084603B0F0BD69
:10BFB0006FF01500FAE700BFF0F8FCFF014809F048
:10BFC000A7BC00BF580C002010B504480C4609F06F
:10BFD00081FC0028A4BF2070002010BD580C002058
:10BFE0002DE9F04F804689B058F804ABDAF8041315
:10BFF000C9B28346082241F00041504609F07CFD59
:10C00000051E2BDA0023032106A8CDE90633FFF72E
:10C0100065FF644B01930DF118090023019A009309
:10C0200012F8013B60490192DA0803F007038A5CC9
:10C0300022FA03F3DA071AD4009B09F10409A3B129
:10C040004FF000410022504609F056FD032106A89A
:10C05000FFF744FF0028DCD125F000450124002D26
:10C0600040F08A8009B0BDE8F08F0123D6E7009B3D
:10C070004E4A13440293D9F800100029DCD0029BE9
:10C0800091FAA1F11C78B1FA81F141EA44142046F9
:10C09000FFF71AFF0BEB40000594878AC808BB081E
:10C0A00019F80020039301F00701012303FA01F1BD
:10C0B00022EA010209F8002005A8FFF7F5FE059A1B
:10C0C000039B02F5E072C7F3820650F822205B075B
:10C0D0003746C2F3014233D5D6B240463A462146EE
:10C0E00009F0C1FC05A80594FFF7DEFE059B03F5EA
:10C0F000E07350F82330C3F301439E4207D100217F
:10C10000204609F081FC3146204609F07DFC05A857
:10C110000594FFF7C9FE059B012202FA03F3C0F85C
:10C1200020354FF08053D3F83031082B01BFD0F8C1
:10C130002035D0F82035D0F82035D0F820359AE7D2
:10C14000022A0DD10321204609F05EFC06F005030A
:10C15000012BDCD13A462146404609F084FCD6E763
:10C1600002212046039209F04FFC032EF2D0039ADD
:10C17000032ACCD1022EECE795FAA5F3B3FA83F3A8
:10C1800004FA03F225EA020503F5A2720BEB43035E
:10C190005AF82220B3F87C10C2F30142404609F05D
:10C1A00062FC5CE7C9A80200187A0200C9A8020074
:10C1B000044AD2F80034DB07FBD50160BFF35F8F80
:10C1C000704700BF00E001404FF080531A69B0FB98
:10C1D000F2F302FB13036BB9084B0222C3F80425E8
:10C1E000C3F80805D3F80024D207FBD50020C3F814
:10C1F000040570476FF00C00704700BF00E001407D
:10C2000010B5054C0123C4F80435FFF7D1FF002316
:10C21000C4F8043510BD00BF00E0014070B5114DF9
:10C220006C6BA4B14FF47A735C430A23B4FBF3F450
:10C230000D4ED6F800316BB995F8393053B90A2054
:10C2400009F046FB013CF4D16FF0730070BD4CF275
:10C250005034EDE795F8393003F0FF00002BF5D0AE
:10C26000F2E700BFF040002000900240084B10B5FC
:10C2700000220124C3F80045C3F800211C6028B146
:10C28000FFF7CCFF18B9034B83F83840002010BDEE
:10C2900000900240F040002070B500F06044B4F11E
:10C2A000005F5DD184075BD1304C94F83050012D94
:10C2B00005D09D4257D194F83850002D53D02C4DC5
:10C2C000022B0BBFC5F81025C5F80425C5F81405C9
:10C2D000C5F808050CBFC5F81815C5F80C154FF0C2
:10C2E000000684F8396026680CBF08250425BEB90D
:10C2F00094F838306BB11E4B05F1804505F52435B7
:10C300000022C3F8002101232B60BDE87040FFF735
:10C3100085BF0120FFF7AAFF10F1740FEBD170BDAC
:10C32000A66826B1E0606161E2610020F7E7A261E2
:10C330000F4A84F830300123A0602161C2F8006107
:10C34000C2F8043394F8382002F0FF0012B9FFF766
:10C350008DFFEAE705F1804505F524352B60E4E71C
:10C360006FF00C00DBE76FF00F00D8E7F040002023
:10C3700000900240084B9A685A621A699A629A6958
:10C38000DA62DA689A6032B15A691A61DA699A61D6
:10C390000022DA6070477047F040002000F01F0371
:10C3A00040090FD0012810D10B4A02EB83020B4B3E
:10C3B000D2F80007034043EA012343F00203C2F826
:10C3C000003770474FF0A042EFE7002203F5E0731B
:10C3D00052F82330FFDE00BF00030050F0F8FCFFEE
:10C3E00010B50E4B0238D3F83C26D3F83836072860
:10C3F00013D8DFE800F0110F0D0B0A080604100E29
:10C40000C871100C8871100A48710A711A0ECA702E
:10C410001A0C8A701A0A4A700B7010BD0090024004
:10C42000023807281FD8DFE800F02927251123212B
:10C430001F04CB791B068A7943EA02434A7943EA0F
:10C4400002230A7913430E4AC2F83C36CB781B0606
:10C450008A7843EA02434A7843EA02230A7813437C
:10C46000074AC2F8383670470023E4E70023E5E7BF
:10C470000023E6E70023EBE70023ECE70023EDE7EA
:10C48000009002400268154BFF2A08BF4FF0FF32B0
:10C49000C3F824254268FF2A08BF4FF0FF32C3F8D3
:10C4A00028258268FF2A08BF4FF0FF32C3F83025E5
:10C4B000C268FF2A08BF4FF0FF32C3F83425026973
:10C4C000FF2A08BF4FF0FF32C3F838254269FF2A20
:10C4D00008BF4FF0FF32C3F83C2570470090024080
:10C4E00030B5194D0FCD8DB006AC0FC495E80300E3
:10C4F00084E803001549D1F82435DBB20093D1F864
:10C500002835DBB20193D1F83035DBB20293D1F894
:10C510003435DBB20393D1F83835DBB20493D1F86C
:10C520003C3506A8DBB20593FFF7ACFF0023C1F84A
:10C53000003101230B60D1F80031002BFBD068469D
:10C54000FFF7A0FF0DB030BD407102000090024027
:10C5500070B590F82930044613B190F82A204ABBF0
:10C560006068FF2867D0A268FF2A64D0E268FF2ACB
:10C5700061D02269FF2A5ED0B3B90321FFF70EFF15
:10C58000A068FFF70BFFE068FFF708FF2069FFF7DF
:10C5900005FF6069FF2801D0FFF700FFA069FF28B1
:10C5A00002D00321FFF7FAFE94F82A3013B9201DB8
:10C5B000FFF768FF214E636A736394F8293086F8A9
:10C5C0003A304FF080531E4DD3F83031082B04D150
:10C5D0000123C5F80833FFF783FF2368C5F840350A
:10C5E000A37F617F227F9B0143EAC1031343E27F64
:10C5F00043EAC213C5F84435D5F8002694F8203034
:10C6000022F07F4222F0FF02134394F8212043EAF4
:10C61000026394F8222043EA426394F8232043EA19
:10C620000273C5F8003633680BB9002070BD2920AD
:10C63000F5F75EFCF9E76FF01500F7E7F040002032
:10C64000009002400A4B002283F83820094B012158
:10C650004FF08050C3F808131961D0F83001082852
:10C6600008BF5965C3F80025C3F80021704700BF13
:10C67000F04000200090024038B50C4C94F8305047
:10C6800085B9C4E9001240B90020C4E902000123C1
:10C6900084F8303084F8380038BDFFF759FF00289F
:10C6A000F2D0F9E76FF07700F6E700BFF040002026
:10C6B0002DE9F041DFF89880064698F8300001280F
:10C6C0000F46144640D198F8383083B3214D0123EA
:10C6D000C5F808334FF08053D3F83031082B01D11F
:10C6E000FFF7FEFE1FB170783946FFF799FE00276D
:10C6F00088F83970C5F80071B37872781B0343EA83
:10C70000022332781343F27843EA4233327943EA20
:10C710008233727943EAC233C5F83436FFF77EFDBF
:10C72000743008D0C5F800714CB9002005E0FFF75F
:10C730009DFD7430CAD16FF07300BDE8F081707850
:10C740002146FFF74DFEF0E76FF00F00F5E700BF61
:10C75000F040002000900240044B93F838300BB9B1
:10C76000FFF784BD6FF07700704700BFF0400020F6
:10C7700008B5064B93F83030012B03D1FFF762FF69
:10C78000002008BD6FF00F00FBE700BFF040002065
:10C79000034B93F83000003818BF0120704700BFEA
:10C7A000F040002038B511F0030539D11F4B1A684D
:10C7B000D2B193F83040012C35D11D4AC2F81C1576
:10C7C0000421C2F8200583F8395083F83010C2F8EC
:10C7D0000051C2F8044393F8383003F0FF00EBB97E
:10C7E000FFF744FD002018E0114CC4F81C15C4F8F4
:10C7F000200583F8392093F8383043B10023C4F87A
:10C8000000310123E360BDE83840FFF707BD012098
:10C81000FFF72CFD10F1740FF0D138BDD460E1E7C3
:10C820006FF00C00F9E76FF00F00F6E7F040002022
:10C830000090024010B5224BD3F8002192B1214C58
:10C840000022C3F8002194F8381094F8302071B910
:10C850000121032A84F8381005D0042A05D0022AC1
:10C8600000D1996010BD5960FCE7D960FAE7032A4E
:10C8700019D0042A19D0022A04D1012384F82030C7
:10C88000FFF778FDA36813B9012384F8303094F8DA
:10C89000393003F0FF0013B9D4E900319847002381
:10C8A00084F82030DEE70223E8E7032284F8202022
:10C8B000D3F81C256262D3F8203584F82830E1E7EC
:10C8C00000900240F040002080F08003042B04D848
:10C8D000054B034413F8800C704707289ABF034B9D
:10C8E000185C0020704700BFD1A80200D6A8020043
:10C8F00030B50B4B012493F830500022082320421E
:10C9000003D0254208D00132D2B2013B4FEA4404A1
:10C91000F5D10A70184630BD6FF01500FBE700BF77
:10C920002C410020054B93F82E00431E012B03D908
:10C93000043818BF01207047002070472C410020A8
:10C9400010B5164A16490020C2F8000591F82F408C
:10C95000D2F8043381F82E400C6823F033030CB175
:10C9600043F02303C2F81C01D2F81C41C2F818019D
:10C97000D2F81841C2F80801D2F8082191F8332002
:10C98000D00791F8342048BF43F08003D207034A10
:10C9900048BF43F04003C2F8003310BD00700040B0
:10C9A0002C41002070B50D4A002392F8301001256B
:10C9B0001E4618B90BB182F8301070BD90FAA0F382
:10C9C000B3FA83F305FA03F40C3302EB430320EAD2
:10C9D0000400DE8021EA04010123EAE72C41002063
:10C9E00073B50023044601AA0E464FF480710193EB
:10C9F00009F0A5FA4FF48A71204609F0A0FA4FF425
:10CA000082710546204609F09AFA20B11EB115B18F
:10CA1000144BD3F8343601AA4FF48471204609F040
:10CA20008EFA4FF48671204609F089FA4FF4887126
:10CA3000204609F084FA0C4B234083B14FF48E75E5
:10CA4000294601AA204609F07AFA291F083589B239
:10CA50002046ADB209F073FAB5F5AE7FF0D101987A
:10CA600002B070BD00700040C0FF3F002DE9F04FE4
:10CA70009A464FF0805393B0D3F830411C9D082C58
:10CA800043D1D3F83431052B03D8444CE35C002B5D
:10CA90003BD00DF1080C0AAF414C3E46E046002366
:10CAA00004EB031E0133DEF8189548F8049B082BAD
:10CAB000DEF81CE546F804EBF2D1D4F8F065D4F8C2
:10CAC000403601934FF0010E0023D4F84496D4F879
:10CAD0004886C4F8FC3FC4F8FCEF314C5CF804BB5A
:10CAE00004EB031E0133CEF818B557F804BBCEF89B
:10CAF0001CB5082BF2D1019BC4F84036F6B2C4F83D
:10CB00004496C4F84886C4F8F065264B002483F8A0
:10CB1000334083F834409C601C611D6083F8310011
:10CB20009C831F4BC3F8F015C3F8F4254DB32322A3
:10CB3000C3F800231B4D1A4E0021012707FA01F309
:10CB400003404FEA01121FD002F1804303F5E04396
:10CB5000EC7F95F81EC0C3F810C5C3F814455346C2
:10CB600032440131D2F8184524F0807444EA03635A
:10CB70000829C2F8183505F10205DFD113B0BDE868
:10CB8000F08FC3F80053D5E702F1804404F5E04488
:10CB9000C4F81035C4F81435E2E700BFCBA8020092
:10CBA000007000402C410020F8B50446067A477911
:10CBB000417AC079FFF788FE10B96FF01500F8BD13
:10CBC000214A01F10C0502EB4503012F987139D17F
:10CBD0003046FFF779FE0028EFD002EB4505E871FB
:10CBE000E378A0781B03000200F4E06003F48053B4
:10CBF0000343207800F0030003432079000400F48D
:10CC0000E02003436078000100F030000343A07986
:10CC1000000600F0807003436079000500F4801086
:10CC20000343080100F1804000F5E040C0F81835EA
:10CC3000012303FA01F192F830300B4382F83030CF
:10CC40000020BCE70020C8E72C41002070B51F4D34
:10CC500095F82E40002C36D10126FF2085F82E6055
:10CC6000FFF7A0FE1A4B1B49C3F80041D3F800217F
:10CC7000C3F80441D3F80421C3F81041D3F81021BC
:10CC8000C3F81441D3F814311C239A0806FA02F2AF
:10CC900012F0330F1FBF03F1804202F5E24214602D
:10CCA00012681A1F920806FA02F212F0330F1CBF24
:10CCB0005C505A5808335C2BE7D10720F5F718F978
:10CCC0000020286070BD6FF07700FBE72C4100204A
:10CCD00000700040FC700040014B93F8300070473A
:10CCE0002C4100202DE9FF4105460F461646984687
:10CCF000FFF718FEF8B90DF10F012846FFF7F8FD10
:10CD00000446A0B90D4BC3F8F805331E18BF012324
:10CD10003246CDF8008039462846FFF7A7FE084B7B
:10CD20009DF80F2083F83220022283F82E2020461F
:10CD300004B0BDE8F0816FF00F04F8E70070004028
:10CD40002C4100202DE9FF4707469946FFF7EAFDF1
:10CD50008A461446064600283DD10DF10F0138469B
:10CD6000FFF7C6FD054638BB63889DF80F803BB3CF
:10CD7000B8F1010F32D8B9F1000F2FD022786378C3
:10CD800012B1B3FA83F67609CDF8009051463846D1
:10CD9000FFF76CFE6388134A0BB143F48053C2F86B
:10CDA000F835114B83F83280227983F8352004223C
:10CDB00083F8366083F82E20284604B0BDE8F0875B
:10CDC00022786378002ADFD0002BDDD1B8F1010F83
:10CDD00004D80126D8E76FF00F05EDE76FF0850561
:10CDE000EAE700BF007000402C41002030B51D4A2A
:10CDF000136904466BBB00F06043B3F1005F2BD1B5
:10CE000092F83250B1FBF5F305FB131038BB0BB2AF
:10CE1000002B24DD92F82E30052B06D8032B0BD8DF
:10CE2000022B0ED06FF0760030BD062BFAD10E4BE0
:10CE3000C3F82C46C3F8301693683BB1C2E90441ED
:10CE4000F2E78D420BD1C2E90245EDE7C2E90241AA
:10CE5000EAE76FF07700E7E76FF00C00E4E76FF0C8
:10CE60000600E1E72C410020007000402DE9F3416D
:10CE7000514CA368002B00F09B8094F82E20022ACE
:10CE800006D0042A31D06FF0760002B0BDE8F08100
:10CE90004A4D0126C5F800652168E26849B10321C1
:10CEA00084F82E10C5F82C36C5F830262E600020E8
:10CEB000EBE7C5F82C36C5F830262E6009F056F899
:10CEC00008346E6021460220FFF78AFD0028F9D061
:10CED0003A4B0022C3F80821D3F80811C3F80C21FB
:10CEE000D3F80C11C3F80025E1E7344D4FF00108E9
:10CEF000C5F80085276857B1052284F82E20E2681E
:10CF0000C5F82C36C5F83026C5F80080CFE7A18BD0
:10CF100094F83220019203EB41030093C5F82C36BC
:10CF2000C5F83026C5F8008009F020F894F83630AE
:10CF300063BB224D01236B6069460220FFF750FD61
:10CF40000028F9D00023C5F80831D5F80821C5F824
:10CF50000C31D5F80C21A18B94F832200A44E168F9
:10CF600092B28A42A28321BF154AA383D2E9020169
:10CF7000236124BFC2E900011846104B4FF00002A4
:10CF800038BF6FF00F00C3F800257EE7D5F8F465D1
:10CF9000F6B208FA06F6013EBE42CAD9C5F80480C8
:10CFA00000210420FFF71CFD0028F9D00137F3E72A
:10CFB0006FF00B0069E700BF2C41002000700040BB
:10CFC00034410020F8B50246FFF7ACFC002851D1EF
:10CFD0002A4E2B4C96F82E3086F82F30072386F8F1
:10CFE0002E3001237260C4F80035D4F80453C4F81D
:10CFF0000003E3603AB125F0C00545F03305C4F8FD
:10D0000000530020F8BD00211020FFF7E9FC0028A4
:10D01000F9D00023C4F80431D4F80431194BC4F812
:10D020002C3601270223C4F83036276008F09EFF13
:10D03000A76000212020FFF7D3FC0028F9D0104B77
:10D040000022C3F80421D3F80411C3F80821D3F84F
:10D050000811C3F8002596F82F1086F82E10C3F893
:10D060001C21D3F81C11C3F81821D3F81821C3F8D8
:10D070000053C6E76FF00F00C4E700BF2C4100204B
:10D0800000700040444100207FB56449634E332066
:10D09000FFF7A6FC10F0100F05460BD0604B1022D6
:10D0A000C3F80823B218C3F82C260222C3F830268E
:10D0B00001221A605B4CAA0694F82E300ED5072B7D
:10D0C000574A05D0D2F834369BB2E360002323617F
:10D0D000D2F80433DB0601D5FFF732FCA8071AD5D6
:10D0E00094F82E20A16802910023E1688DF80430A5
:10D0F000062AADF80C101AD0072A39D0032A0AD113
:10D10000474AC2F80035C2F80035022384F82E30B1
:10D11000236801A89847E90751D594F82E30033BBE
:10D12000042B4CD8DFE803F05C4B2B43600094F8F1
:10D13000353023B1236913B1394B01221A602368BA
:10D1400001A89847384B93E8030086E803000023C2
:10D150002361A368002BDED1314AC2F80035C2F842
:10D160000035042384F82E3005238DF80430CFE7F2
:10D17000FFF7E6FB02238DF804306368C9E7042358
:10D180008DF8043001A823689847254BD3F8F8257B
:10D19000D20444BF01225A602269062384F82E304B
:10D1A0002AB11F4B6169C3F82C26C3F830162369D6
:10D1B0002BB903238DF8043001A82368984794F80D
:10D1C0002E30072B0AD0164B1848D3F80433002111
:10D1D0001840FFF705FC012685094DB904B070BD64
:10D1E0000F4B01225A60EAE70D4B01229A60E6E7F5
:10D1F00095FAA5F3B3FA83F306FA03F225EA0205DA
:10D200005A08DB4303F001038DF809308DF8046000
:10D2100023688DF8082001A89847DEE734410020F4
:10D22000007000402C4100203C410020C0FF3F0026
:10D2300008B5124BA8220021184609F085FB0322ED
:10D2400002610F4942610F4A8161C2614FF48062FD
:10D250000262002282624262C26201660A4941663B
:10D2600010218166094902670346C266426711F8C8
:10D27000010D98540132102AF9D108BD1004002084
:10D28000DEA802001000002000000020F7A8020025
:10D290002DE9F84FDFF87C80182606FB008E00FB96
:10D2A00006664644DEF82440DEF828C07368A445CC
:10D2B00007468946154603EB040022D8DEF820B065
:10D2C000ABEB040A0AF1FF339A4203D809F014FBCE
:10D2D0002C440FE063449A4219D852462C4409F07A
:10D2E0000BFBB4EB0B0405D07068224609EB0A0176
:10D2F00009F002FB182303FB078301205C62BDE8F1
:10D30000F88F0CF1FF3CACEB040C9445DED200200E
:10D31000F5E700BF10040020034B182202FB003386
:10D320009A6A586A801A70471004002010B4084A9C
:10D3300008490023C85C12F8014D844204D101332E
:10D34000102BF7D110BC704710BCFFF771BF00BFA6
:10D35000F7A802001004002010B50446F3F77EFA87
:10D360000348044A012105F01BFC204608F04CFE4E
:10D3700038700200F8A802002DE9F843044600AF17
:10D380000D46EFF31188402383F31288BFF36F8FAC
:10D390000428294A98BF294B9668117C94BF53F8FA
:10D3A0002030274BE9468AB06A462648C2E9073151
:10D3B00040F201339384244BC2E9050442F8103F44
:10D3C000224800234FF43151F3F718FBCD4645B105
:10D3D000EB69C3F3080323B11D4A1C48012105F082
:10D3E000DFFB2EB1304609F05BF808B1037803B9D2
:10D3F0001848E9468AB06A46174BD061C2E905363B
:10D4000040F201331384154B42F8103F00230F48BC
:10D410004FF41151F3F7F2FA2946CD462046FFF7B3
:10D420009BFF88F31188BFF36F8F3046F4F708FD38
:10D43000BD46BDE8F88300BF644100201C7A0200AD
:10D4400007A9020015A902000500000138700200BA
:10D450003DA902005B9102005EA9020004000001E8
:10D4600038B50A4B53F82040013053F82050A542FC
:10D4700000D838BD606830B1037FDB0701D408F005
:10D48000A0FD0834F3E723689847FAE7307A0200F2
:10D4900070B52A4B2A4C2B4D012286B003201A70FE
:10D4A000FFF7DEFFF4F71EF80420FFF7D9FF26464A
:10D4B000AE4204F1300410D300F0F2FE204C224EB4
:10D4C000AC4226D300F000FFF1F720FD1F4A137B8A
:10D4D00023F00103137306B070BD54F80C3C0593A0
:10D4E00054F8103C049354F8143C039354F8183C3B
:10D4F000029354F81C3C019354F8203C009354E9E7
:10D500000A2354E90C0100F0AFFC54F8303C5E658E
:10D51000CDE7D4E90A23B3F1FF3F08BFB2F1FF3FE3
:10D5200005D052EA0301206803D100F089FF3034AE
:10D53000C6E73146183001F013F9F8E79873002078
:10D54000286E0200586E020093650200A834002085
:10D5500070B5002386B00122CDE90423134E144D8B
:10D5600001930F22CDE902321249142303FB005527
:10D5700006EBC01604464FF4C07000FB04110E4BBE
:10D5800000954FF4A072304600F06EFC737B0B4A9E
:10D59000EE6023F0040373734FF4046304FB03335E
:10D5A00013442C746B6006B070BD00BF283400209B
:10D5B00064410020409D00201F6102000095002072
:10D5C000BFB50020FFF74CFF2A4B83F308882A4C95
:10D5D0002A4F636943F400736361E02384F82230C7
:10D5E00000252023E37725766576A57684F82050FC
:10D5F000636A43F4E023636284F82350F4F79CFBEE
:10D60000F4F732FD4FF0FF33A362E362F4F706FE56
:10D61000F4F74EFDF3F77EF819481A4C00F09CFC25
:10D620000120FFF71DFF0220FFF71AFF00F080FE28
:10D63000154B16495C61164B05930123CDE9035345
:10D640004FF400623B46CDE901550095204600F0BD
:10D650000BFC627B064622F004022046627308F04F
:10D660005BFF2846FFF774FF3A4631462046F4F741
:10D67000DDFC00BF409D002000ED00E091D40100E2
:10D68000C8350020A834002064410020C09E00203E
:10D69000C0A9020038B5064C064DAC4201D30020AB
:10D6A00038BDD4E90112204608F0B6FC1434F4E782
:10D6B0000C0E0020200E002038B5064C064D002030
:10D6C000AC4200D338BD204608F0CAFC0028F9DB84
:10D6D0001C34F5E7B80D00200C0E002073B50C4685
:10D6E000EFF31181402585F31288BFF36F8FC56872
:10D6F0005DB125602B68C3608369013383610020BD
:10D7000081F31188BFF36F8F11E052EA030603D152
:10D7100025606FF00B00F3E7CDE9002302460830E7
:10D7200000F004FD18B9034B9B681B69236002B02D
:10D7300070BD00BF644100202DE9F3410446174647
:10D740001E46EFF31188402383F31288BFF36F8FD7
:10D75000C368334A7BB180689168884219D057EA20
:10D76000060318D188F31188BFF36F8F6FF00F0095
:10D7700002B0BDE8F081916891F90E10216101338A
:10D78000E3609368A36088F31188BFF36F8F002074
:10D79000EEE72169F2E791F90E1090F90E30994207
:10D7A000A8BF19466FF07E029142B8BF11468B4266
:10D7B0002DDD08F0BFFC0546CDE90076194822466C
:10D7C000414600F0B3FC0028E1D0EFF3118640237E
:10D7D00083F31288BFF36F8FA068D0B123682169EB
:10D7E0009C420AD04BB193F90E309942A8BF19461A
:10D7F0006FF07E039942B8BF194608F09BFC40B118
:10D800000848314600F026FD6FF00A00B0E7002519
:10D81000D2E7002DF4D186F31188BFF36F8FF3E7C1
:10D820006441002099730020F8B583680546002BF9
:10D830003FD0234A926893423ED1C368012B03D95B
:10D84000013BC3600020F8BDEFF31187402383F351
:10D850001288BFF36F8F0169806808F06BFC2C6839
:10D86000AC4207D10023C5E9023387F31188BFF327
:10D870006F8FE7E7002CF5D0D4E9003213605A60CF
:10D88000637B002623F002036373C4E90066A6608D
:10D8900004F1180008F013FFAC6094F90E302B610E
:10D8A0002046E66708F038FE0648394600F0D2FC0C
:10D8B000C8E76FF01500C6E74FF0FF30C3E700BFC1
:10D8C000644100209973002037B51146EFF31185AC
:10D8D000402282F31288BFF36F8F04689CB12368E3
:10D8E000426823F003039442036008BF43600121B0
:10D8F000204608F0ACFC044685F31188BFF36F8F17
:10D90000204603B030BD51EA0302F5D000F1080211
:10D91000CDE900131046294600F008FC0028EFD19D
:10D92000014B9B681C69EBE76441002070B5EFF385
:10D930001186402383F31288BFF36F8F0468A042DF
:10D940001AD0CCB1D4E9003213605A60637B002551
:10D9500023F00203C4E900556373A56004F11800C5
:10D9600008F0ADFEE567204608F0D6FD31460B48CD
:10D97000BDE8704000F06EBCD0E902329A4218BF98
:10D98000013383600221103008F078FF0028EDD1C8
:10D9900086F31188BFF36F8F70BD00BF99730020AD
:10D9A00013B5EFF31181402484F31288BFF36F8F16
:10D9B000846844B1013C846081F31188BFF36F8FA8
:10D9C000002002B010BD52EA030406D181F3118891
:10D9D000BFF36F8F6FF00F00F3E7CDE9002302462E
:10D9E000014800F0A3FBECE7997300202DE9F84310
:10D9F0000546EFF31188402383F31288BFF36F8F3E
:10DA0000002637466FF00A092C68A54216D0ACB143
:10DA1000D4E9003213605A60637BA76023F00203ED
:10DA20006373C4E9007704F1180008F048FEC4F8F5
:10DA30007C90204608F070FD0126E5E70023AB60EE
:10DA4000022105F1100008F019FF30B92EB988F352
:10DA50001188BFF36F8FBDE8F88341460248BDE8E7
:10DA6000F84300F0F7BB00BF9973002007B5074BE0
:10DA70000093074907484FF0FF334FF4805200F0FE
:10DA80004FF9002003B05DF804FB00BF487A0200A4
:10DA900000A70020283500202DE9FF414F4E044605
:10DAA0004027EFF3118887F31288BFF36F8FD4F804
:10DAB0008450F5B9022104F19C0008F009FC00280B
:10DAC00068D004F1940500220121284608F0BEFD2B
:10DAD0000028F8D1002302934FF0FF324FF0FF33BC
:10DAE000CDE90023414604F18C023D4800F072FD6F
:10DAF000D7E7D4F888202B68C4F88430954208BF53
:10DB0000C4F88830D4F89C3043F00203C4F89C3049
:10DB1000EB6823F0040343F00103EB606B6888F3C8
:10DB20001188BFF36F8F28469847EFF3118887F36A
:10DB30001288BFF36F8FEB68D80623F0010236D44A
:10DB4000EA60EB689A0716D5306823F00203EB60B1
:10DB500088B10368002170B14268954235D10368ED
:10DB600069BB72683360824200D17360002340F861
:10DB7000083BFFF7DBFED4F89C3023F00203C4F827
:10DB80009C3088F31188BFF36F8FDB0589D400F0D8
:10DB9000D7FB86E7D4F89C30D9069BD5C4F89C0007
:10DBA00088F31188BFF36F8F04B0BDE8F08123F0D4
:10DBB0001103EB6005F11000FFF7B8FEC1E70B6041
:10DBC0007368834208BF7160D0E723B11A680146C9
:10DBD00018461346BFE71A46F9E700BF8441002004
:10DBE00099730020F8B5C3689A0704460F46C3F33B
:10DBF00040062ED45B071CD40B680BB983680B60FE
:10DC0000E368DD0744BFA3683B603D684CBF022664
:10DC10000126002D3CD0204B9A68D5F880309A42DE
:10DC20000AD0D5F89C30D807C3F3800214D46FF023
:10DC3000120600233B6025E008F029FCD5F89C3053
:10DC40000028F0D1D907C3F3C002F0D552B15B0769
:10DC500008D46FF00F06ECE7002AFAD1C3F3C00333
:10DC6000002BF6D100232360D5F8883063B9C5E9CD
:10DC70002144284608F047FBE36843F00403E360CF
:10DC80003B68A3603046F8BD1C60C5F88840F0E7EB
:10DC90006FF01506CDE700BF64410020F8B5C368FA
:10DCA00003F00503002B06460C4614BF012700278E
:10DCB0001CD085680122002104F1100008F0F8FA58
:10DCC0001349204608F077FBE36843F01003E36054
:10DCD000F3685B0712D5336823606BB9D5F88830D9
:10DCE00033B9C5E92144284608F00DFB3846F8BD94
:10DCF0001C60C5F88840F6E73460F4E7D5F8843056
:10DD00002360D5F88830C5F88440002BEBD1F0E7CC
:10DD1000E76202000146014808F069BB283500208F
:10DD2000F0B589B004460020C4E921000E9D04F13D
:10DD30008C00C4E9230004F19400C4E9250055B324
:10DD40002879002840F2011008BF0120C4F89C0087
:10DD500000204FF0FF364FF0FF37CDE90330CDE91B
:10DD60000100CDE906670D4B0094204600F0C8F88D
:10DD700055B1296811B1204608F08FFB6B791BB1B2
:10DD8000237B43F001032373204600F059FBC4F8C2
:10DD9000804009B0F0BD0120D8E700BF99DA01004A
:10DDA00037B501900846EFF31184402181F31288C2
:10DDB000BFF36F8FC16811F01E0F16D153EA020531
:10DDC00008D101A9FFF70EFF84F31188BFF36F8F0D
:10DDD00003B030BD41F00801C1600199816204497E
:10DDE000103000F0BDFC0120EEE70020ECE700BFA2
:10DDF0007B63020001460148FFF7D2BF28350020AF
:10DE0000F7B50C46019016461D46EFF311874023E7
:10DE100083F31288BFF36F8F084608F065FA55EA5E
:10DE2000060309D101A92046FFF7DCFE87F311881C
:10DE3000BFF36F8F03B0F0BDE368074943F00803F9
:10DE4000E360019BA36232462B4604F1100000F010
:10DE500087FC0120EAE700BF7B630200014601481E
:10DE6000FFF7CEBF283500202DE9F043073285B0FB
:10DE700022F007020E461F461099017300F1580365
:10DE80007F32C0E916330446002322F03F0204210A
:10DE9000836041733F2A0F98A073C4E90633E3738C
:10DEA00006F14009A2F1400805D883F31188BFF3B9
:10DEB0006F8F084602DFB51829462046F3F7E4FCC9
:10DEC00007300E9B20F00700E066C4E91998029322
:10DED0000D9B01932D1A0C9B00932A463B4631461D
:10DEE0002046F4F771F800236365044B9B6803B187
:10DEF0001B6F2367284605B0BDE8F083644100200E
:10DF0000F0B587B000250595109D04950F9D0395EC
:10DF10000E9D0295DDE912760D9D01950C9D0095F3
:10DF20000446FFF7A1FFB6F1FF3F08BFB7F1FF3F7F
:10DF300005D056EA070305D1204600F081FA2046B5
:10DF400007B0F0BD3A46334604F11800014900F02D
:10DF500007FCF4E79365020040F2011310B58381DA
:10DF60000023C0E91933044600F010FE014B9C6009
:10DF700010BD00BF64410020094A93686FF00A0198
:10DF8000D967084998674B6843F080534B6000237A
:10DF900083F31188BFF36F8F9368D86F704700BF0A
:10DFA0006441002000ED00E070B590F90D20437B46
:10DFB000002A36DBD90634D11B4C63F07F0322469E
:10DFC000437352F8183FE169934207D1C0E9002139
:10DFD0000860E06111E09942F8D01B68002BF5D091
:10DFE00090F90E5093F90E60B542F4D0AE42F2DDD6
:10DFF0005968C0E9003108605860A569954200D0B1
:10E0000005B9E568A3685A7BD20604D1DA897F2A6C
:10E0100001D9AA6932B1AB4202D0284600F01AFBFE
:10E02000656170BD6361FCE76441002038B590F91B
:10E030000D20437B002A014604DA03F07F0343737B
:10E0400008F030FA0D4D2A46AB6852F8184F94424A
:10E0500000D004B9EC688B4207D05A7BD20604D1B9
:10E06000DA897F2A01D9A2692AB1A34202D02046C7
:10E0700000F0F0FA23466B6138BD00BF6441002018
:10E08000B3F1FF3F08BFB2F1FF3F03D002491830A0
:10E0900000F066BB704700BF9365020070B590F951
:10E0A0000D20437B002A014604DA03F07F0343730B
:10E0B00008F0F8F94B7B1C4C63F07F0322464B734E
:10E0C00052F8183FE069934207D1C1E9002001608E
:10E0D000E16111E09842F8D01B68002BF5D091F96E
:10E0E0000E5093F90E60B542F4D0AE42F2DD58689E
:10E0F000C1E9003001605960A569A368954200D06C
:10E1000005B9E5688B4207D05A7BD20604D1DA897B
:10E110007F2A01D9AA692AB1AB4202D0284600F071
:10E1200099FA2B46636170BD64410020F8B50E4B2F
:10E130000C4611460D4A98681060DDE90667EFF35A
:10E140001182402282F31288BFF36F8F9D682846A8
:10E1500008F0BAF9284632463B46FFF791FF2046C1
:10E16000BDE8F840FFF708BF644100208C41002063
:10E17000F8B50446EFF31187402383F31288BFF309
:10E180006F8F437B03F01F02002A0CBF012600267D
:10E1900049B239D103F07F03437308F083F92C4D62
:10E1A000437B817363F07F032A46437352F8183F21
:10E1B000934227D1E869C4E900200460EC610FE0D4
:10E1C0009842F8D01B68002BF5D093F90EC061453A
:10E1D000F6D08C45F4DD5968C4E900310C605C6010
:10E1E000AC69944200D004B9EC68AB689C4202D0A0
:10E1F000204600F02FFA6C6187F31188BFF36F8F10
:10E200003046F8BDE869DEE79B071ED5856808F053
:10E2100049F981732B689D4209D16B68C4E90053A9
:10E220001C606C60E8E76A689342F6D01B68002BBC
:10E23000F3D093F90E209142F5D08A42F3DD5A686B
:10E24000C4E9003214605C60D6E78173D4E700BF94
:10E250006441002049B9EFF3058030B9054B5A6994
:10E260009B689A4201D0FFF787BE81F31188BFF304
:10E270006F8F704764410020034648B9EFF3058271
:10E2800032B9064A51699268914201D0FFF774BED3
:10E2900083F31188BFF36F8F704700BF6441002084
:10E2A000EFF31181402383F31288BFF36F8F054B87
:10E2B0009A68D37B013BD37381F31188BFF36F8FCF
:10E2C000704700BF6441002070B5EFF31186402312
:10E2D00083F31288BFF36F8F144DAB68DA7B013282
:10E2E000DA732A4652F8184F944200D004B9EC6809
:10E2F0005A7BD20604D1DA897F2A01D9A2692AB1D0
:10E30000A34202D0204600F0A5F923466B6186F3B4
:10E310001188BFF36F8FEFF31180402383F31288CE
:10E32000BFF36F8FBDE87040FFF7A6BF64410020C8
:10E33000024B03F11802C3E9062270476441002032
:10E3400070B5EFF31186402383F31288BFF36F8F0C
:10E350001B4CA168E0690B68814214BF1A46002279
:10E3600049680B605960A368E1692AB9154AC3E995
:10E3700000210B60E3610CE093F90E0092F90E505E
:10E38000A84218D0854216DD5168C3E900210B6010
:10E390005360A5690B4B9D4200D005B9E568A368A1
:10E3A0009D4202D0284600F055F965613046BDE82F
:10E3B0007040FFF7E1BD8A42D8D01268D5E700BFB0
:10E3C000644100207C410020F8B550EA0103064674
:10E3D0000C4603D1FFF7B4FF0020F8BDEFF311871F
:10E3E000402383F31288BFF36F8F124D124BA8683E
:10E3F0001860FFF71BFEA868104923463246183004
:10E4000000F0AEF9AA68537B43F00403537304464B
:10E410003846FFF7B1FDAB68D3E90A23B3F1004FEB
:10E4200008BF002AD8D108F072F9201A20EAE0705B
:10E43000D3E700BF644100208C41002093650200B7
:10E4400038B50446EFF31185402383F31288BFF3F8
:10E450006F8F437B5B070FD5183008F030F9637B73
:10E4600023F0040320466373FFF79EFD2946054809
:10E47000BDE83840FFF7EEBE85F31188BFF36F8F1C
:10E4800038BD00BF99730020014B9868704700BFEA
:10E49000644100202DE9F8430446077BEFF3118522
:10E4A000402383F31288BFF36F8F437B190705D591
:10E4B00085F31188BFF36F8FBDE8F883D90943F066
:10E4C00008025DD14273A36813B1204607F0F2FF42
:10E4D00004F1180008F0F3F8A66D04F15808B045EF
:10E4E00011D04FF0000976B1304607F0E3FF06F196
:10E4F000180008F0E4F8C6F87C903046FFF754FDA9
:10E50000A66DB045EFD1DFF8C080D8F808309C4246
:10E510003ED1EFF30589B9F1000918BF4FF00109A9
:10E52000D8F81860294A964200D00EB9D8F80C6085
:10E53000B34202D0304600F08DF82046C8F814608F
:10E5400004F026FDB9F1000F02D02148FFF704FDC9
:10E55000D8F808309C4231D1EFF3058373BB227B9E
:10E56000D20718D42846FFF707FDFB07A4D50023E0
:10E5700083F31188BFF36F8F0423184602DF9BE7F4
:10E5800003F07F0343F00803437307F08BFF9AE720
:10E590004FF00009C4E785F31188BFF36F8F83F351
:10E5A0001188BFF36F8F0423184602DFEFF3118049
:10E5B000402383F31288BFF36F8FD4E785F311886C
:10E5C000BFF36F8FD1E700BF644100207C41002082
:10E5D000C8350020D3B5DDE90667089CCDE90067A2
:10E5E000FFF7A4FD1CB1034B9B681B69236002B0BD
:10E5F000D0BD00BF64410020044BC01A044BC010C2
:10E600005843044B01221A54704700BF483600207B
:10E61000ABAAAAAA99730020C3897F2B12D80A4BF0
:10E620001B6863B1094B90F90E201B689A4209DB05
:10E63000437BDB0606D1064BC31A18BF012303F048
:10E64000010070470023FAE75C0C00209041002095
:10E650002834002070B50E4B0E4C1E7C06EB460392
:10E6600004EBC3040546204608F029F80A4B0022B3
:10E6700028469A55FFF7D0FF48B1084B08491A6859
:10E68000013A2046D317BDE8704000F069B870BD6C
:10E690006441002048360020997300205C0C002063
:10E6A000F9E5010038B5EFF31185402383F31288B3
:10E6B000BFF36F8F104B114A9C681068A04206D1BF
:10E6C000FFF7C8FF85F31188BFF36F8F38BD0021B6
:10E6D0001B7C11600A4AD35C002BF3D02046FFF765
:10E6E0009BFF0028EED0637BDB0602D12046FFF7BC
:10E6F000D5FC2046E4E700BF644100208C410020A7
:10E7000099730020024B1868984208BF0020704798
:10E71000600C0020034B1B680BB9FCF71FBB0020EB
:10E72000704700BF9441002030B570B10B4B5B685F
:10E7300098420AD0036843B1D3E90421D0E90445E3
:10E74000121941EB0501C3E90421D0E9003213603D
:10E750005A600023C0E9003330BD00BF600C0020C8
:10E76000B3F1FF3F08BFB2F1FF3F2DE9F84F044678
:10E77000994615461F467AD08160EFF311884023F1
:10E7800083F31288BFF36F8FB9F1000FDFF8E4A0B5
:10E7900020DBFFF7BFFFDAE90027013549F1000967
:10E7A0002D1849EBE073C4E90453AD18064643EB5A
:10E7B00007074FF00109FFF7A5FFDFF8BCE0DEF81F
:10E7C00004A00346EBB9C4E900EACAF80040CEF859
:10E7D000044028E0DAE900126FF001035B1A4FF001
:10E7E000FF3161EB02025B1B62EB0902012B72F14C
:10E7F0000001BCBF01230022C0E904324FF0000930
:10E80000D9E7D3E9041CD4E904208A4270EB0C0B4D
:10E8100024DA891A5A686CEB0000C3E90410C4E9D1
:10E82000003214605C60FFF76DFF84420ED1134B21
:10E830001B685BB9B9F1000F02D1FFF76BFF064609
:10E84000304607F025FF0021FCF75AFA88F31188BB
:10E85000BFF36F8F28463946BDE8F88F521A60EB38
:10E860000C009A45C4E90420ADD01B68AAE7002536
:10E870002F46EFE760360020600C00209441002016
:10E880002DE9F047EFF31185402383F31288BFF39E
:10E890006F8FDFF8A490DFF8A480C9F80000FFF7BD
:10E8A00031FF00260027D9F80030D8E900ECD9174D
:10E8B00050B1D0E90442A34271EB020A1CDAE41A17
:10E8C00062EB0102C0E9044213EB0E034FF00004B7
:10E8D0004CEB01012046C8E90031C9F8004007F0BF
:10E8E000D7FE2146FCF70CFA85F31188BFF36F8F32
:10E8F000BDE8F047FFF7D6BE14EB0E024CEBE47315
:10E90000C0E90467C8E90023FFF70EFF85F311880B
:10E91000BFF36F8F83689847EFF31185402383F32C
:10E920001288BFF36F8FD9F800301B1BC9F8003075
:10E93000FFF7E8FEB7E700BF9441002060360020F3
:10E9400010B5EFF31184402383F31288BFF36F8F68
:10E95000FFF7E0FE054A0346D2E90001181841EB33
:10E96000E37184F31188BFF36F8F10BD6036002010
:10E97000F8B50546EFF31187402383F31288BFF300
:10E980006F8F036823B187F31188BFF36F8FF8BDD2
:10E99000D0E90A46611C46F10002022972F1000228
:10E9A00036D3012C76F10002BCBF01241E46013C87
:10E9B00046F1FF3607F0AFFE013041F100010019CA
:10E9C00046EB0101012871F1000130DB07F0A3FEE5
:10E9D000013041F100016FF00203001946EB010123
:10E9E00083426FF000438B4126DB07F094FE013039
:10E9F00041F100016FF00102001946EB0103121A08
:10EA00004FF0FF3161EB03031C492846FFF7A8FED6
:10EA10002B6B01332B632B6A93B93C462B4653F87F
:10EA2000185F9D4200D0D5B984F31188ADE76FF02F
:10EA300001024FF0FF33E7E700224FF00043E3E726
:10EA400087F31188BFF36F8F2B6A28469847EFF33F
:10EA50001184402383F31288BFF36F8FDEE72846CB
:10EA600007F069FD0023EB6784F31188BFF36F8F14
:10EA70002846BDE8F84007F04FBD00BF71E901002E
:10EA80002DE9F04105461C4690461F46EFF31186DE
:10EA9000402383F31288BFF36F8FB4F1FF3F08BFA9
:10EAA000B2F1FF3F05D186F31188BFF36F8FBDE848
:10EAB000F081002C09DB012A74F10003BCBF0122A4
:10EAC000002412F1FF3844F1FF37284607F0F7FD24
:10EAD000DDE906010023C5E90A012B6342463B46F6
:10EAE00028460249FFF73CFEDDE700BF71E901005F
:10EAF00038B50346EFF31185402282F31288BFF345
:10EB00006F8FC160012181600068834206D185F367
:10EB10001188BFF36F8F0024204638BDD0E9003242
:10EB200013605A600023C0E9003307F064FE2946F1
:10EB300004460248FFF78EFBEEE700BF9A73002001
:10EB40002DE9F04105460E46174607F0A0FC28B90E
:10EB5000074B9B681C6F14B9BDE8F081054C3B4620
:10EB6000324629462046BDE8F04107F0A6BE00BF68
:10EB7000644100200C0E00200246024B0248002196
:10EB800007F09BBE151D02000C0E0020014B036711
:10EB9000704700BF0C0E00200146024A0020FFF71C
:10EBA000CFBF00BF151D020010B50C4C236813B178
:10EBB0000B4B1B682BB900F029FE30B9084B012222
:10EBC0001A6001232360002010BD0138062801D9F6
:10EBD000044810BD044B53F8200010BD9C41002098
:10EBE00098410020FE8FFFFF547A0200BFF34F8F41
:10EBF0000549064BCA6802F4E0621343CB60BFF3D9
:10EC00004F8F00BFFDE700BF00ED00E00400FA05F4
:10EC100010B4094B09490A4C4FF0FE32C3F80024E6
:10EC20004968C3F80424C3F80824C3F80C2400235B
:10EC3000C4F8003510BC084700B00250680C002032
:10EC400000A00250D0E90012014BC3E90012704746
:10EC5000680C00202DE9F043134B144E002814BF1C
:10EC600004461C4683B02368B34219D00D462046A3
:10EC70004FF4E07104F10409174604F58E7800F0B2
:10EC8000E9F8484600F0ACFC404600F0DBFA0849E1
:10EC900000972B464A46404600F0EAFA08B926603B
:10ECA000002003B0BDE8F083A0410020A5BCC95AF4
:10ECB00069F6010070B51D460C4B002818BF0346CD
:10ECC0000B481E68864282B00DD1002603F58E7077
:10ECD00000963346144600F017FB002818BF344650
:10ECE0002C6002B070BD0348FBE700BFA0410020CC
:10ECF000A5BCC95AE88FFFFF10B5044650B1636840
:10ED000013F0685F05D0064A934202D000232360C7
:10ED1000626010BD034B04485B689847EFE700BF93
:10ED20002C5F5CA9680C0020707A0200C8B14368AF
:10ED30000D4A934213D013F0685F0ED0012350E8C0
:10ED4000002F194640E8001C9CF0000FF7D1012A63
:10ED5000F5D0BFF35F8F0020704704487047044828
:10ED600070476FF4E04070472C5F5CA9E98FFFFFAC
:10ED7000EA8FFFFF80B14368094A93420AD013F03B
:10ED8000685F05D0BFF35F8F0023036018467047AC
:10ED900004487047044870476FF4E040704700BF74
:10EDA0002C5F5CA9E98FFFFFEA8FFFFF10B50446D7
:10EDB00020B1044B63600022226010BD0248FFF7BF
:10EDC00027FFF6E73A00003A987A020070B5D0E9DA
:10EDD0000023174C174D6360D0E90230C4E90230BC
:10EDE00022604868D1F800C0134BC3E900C0D5F8D1
:10EDF0001801D1F808C0C3F808C010F0685FD1F856
:10EE00000CC00969C3F80CC0196110D00B49C5F8D2
:10EE1000BC110023C5E9453105F58A70C5F8B83144
:10EE20009047236805F5DC70BDE87040184770BD59
:10EE3000840C0020A0410020700C00202C5F5CA9F5
:10EE400038B131B1014400220346013081421A70C9
:10EE5000FAD1704738B131B1014400220346013084
:10EE600088421A70FAD170472DE9F04FB2F5C07F91
:10EE7000B5B000F2D780DFF8B49114460D464FF4D8
:10EE8000D07200210DF15C080746484607F05CFD92
:10EE9000404601F051F9002309F11806A9F8103095
:10EEA00063BA29462246A9F812303046202389F851
:10EEB000173007F021FD5E4B079303F104338022E6
:10EEC000089303F104330993325503F1043307A97E
:10EED00040460A9301F046F9824600287FD104F1AA
:10EEE00019030BAE0FAC029303970196049401989B
:10EEF000DFF840B11022002107F026FDDDF808A060
:10EF000005940E9B5BF8044C5BF80C7C0B995BF84A
:10EF1000100C5BF8085CDDE90C625C40019B7E40F4
:10EF2000554081EA00071A4601214046CDE90B769B
:10EF3000CDE90D5401F030F9BAF1100F94BFAAEBEE
:10EF40000A0AAAF1100A0BF1100B002865D1BAF1D8
:10EF5000000FD6D1059C01992046102207F0CCFC69
:10EF600099F8033010340133A04589F80330BED13D
:10EF7000049C039F019E80222146404601F0F2F846
:10EF8000824670BB07F120093D4613AB1A460121AA
:10EF9000404601F001F91022824613A92846154483
:10EFA000BAF1000F1DD107F0A7FC4D45EDD1404649
:10EFB00001F0D2F81D484FF4D071FFF74BFF204607
:10EFC0002021FFF747FF07A81021FFF743FF304636
:10EFD0001021FFF73FFF504635B0BDE8F08F0FAC72
:10EFE0000BAE404601F0B8F810484FF4D071FFF76F
:10EFF00031FF20462021FFF72DFF07A81021FFF742
:10F0000029FF10213046FFF725FF20213846FFF762
:10F0100021FF504635B0BDE8F08F039F019E049C50
:10F020008246DEE76FF0370AF3E700BF7043002047
:10F0300000010203804300202DE9F04188B004461E
:10F040000D4620220021684607F07EFC04F12006D0
:10F050006F46E27B0132D2B2E273002A4DD1A27B2D
:10F060000132D2B2A273002A47D1637B0133DBB2F3
:10F070006373002B41D1237B0133DBB22373002B5D
:10F080003BD1E37A0133DBB2E372002B35D1A37AB3
:10F090000133DBB2A372002B2FD1637A0133DBB2D1
:10F0A000637253BB237A0133DBB223722BBBE37948
:10F0B0000133DBB2E37103BBA3790133DBB2A3718C
:10F0C000DBB963790133DBB26371B3B923790133FF
:10F0D000DBB223718BB9E3780133DBB2E37063B940
:10F0E000A3780133DBB2A3703BB963780133DBB2A1
:10F0F000637013B92378013323703B462246012104
:10F10000304601F049F8804650BB103708AB9F42AB
:10F110009FD1029AAB68039F0799534002933046F0
:10F12000EE68009B7E400396049F2E697E40049605
:10F130006E69059F7E400596069FAE697E400696E5
:10F14000EE697140079129684B40009301996B6803
:10F1500080224B406946019301F004F8804638B1A3
:10F1600068462021FFF776FE404608B0BDE8F081F2
:10F1700010220DEB0201204607F0BEFBF0E700BFB6
:10F180002DE9F84304468069B0F5C07F52D81D468A
:10F19000C0F5C073AB424DD3C5F5C0731B1A934283
:10F1A000164647D3DFF898904FF4C0720F46484692
:10F1B000002107F0C9FBD4F89430A269D4F8980074
:10F1C00049469847002838D1D4F818803DB1D4E991
:10F1D00025302A4609EB0801984770BBA84407B1BF
:10F1E000C6B9174942460846FFF73EFE054638B104
:10F1F00013484FF4C071FFF72DFE2846BDE8F88391
:10F200000F492046FFF718FF05460028F0D10123DB
:10F210002361EDE709EB08003946324607F06CFB45
:10F220000749B04442460846FFF71EFE054600283F
:10F23000DED1E5E76FF03705DFE76FF03305DCE798
:10F240001045002010B5A4220446002107F07CFBE5
:10F25000064B4FF0FF314FF6F0722161E26104F18D
:10F260009C001B68BDE81040184700BFD40C00206C
:10F270002DE9F04385B005460F46164600211022C1
:10F280006846994607F060FB1D4B05F19C081B681A
:10F290004046984720B10446204605B0BDE8F083BB
:10F2A00005F12004204600F047FFAA69C5E925764C
:10F2B0002E69E2B92022002EAA611FDB2046694692
:10F2C000802200F04FFF044630B90C9A334649467D
:10F2D0002846FFF755FF04460A4B40461B689847EF
:10F2E000002818BF0446204605B0BDE8F083002E74
:10F2F000E4DA172A02D801325608DFE70026DDE7F4
:10F30000D00C0020CC0C00202DE9F04F8DB0B2F5D0
:10F31000806F169F00F2E380B7F5807F00F2DC80FB
:10F32000044615460E462022002104A8984607F000
:10F330000BFB6C4B04F19C091B68484698478346BD
:10F34000002840F092802269E3699A4200F391809C
:10F350006369002B40F08D80002F40F0A980DFF81A
:10F3600088A16F46002D00F0988004F120086F46B8
:10F370000EE0102DAB4628BF4FF0100B30465A461A
:10F38000394607F0B9FAB5EB0B055E4400F085800D
:10F39000E37B0133DBB2E373002B4DD1A37B01335D
:10F3A000DBB2A373002B47D1637B0133DBB2637302
:10F3B000002B41D1237B0133DBB22373002B3BD1E4
:10F3C000E37A0133DBB2E372002B35D1A37A013348
:10F3D000DBB2A372002B2FD1637A0133DBB26372ED
:10F3E00053BB237A0133DBB223722BBBE3790133A6
:10F3F000DBB2E37103BBA3790133DBB2A371DBB9E9
:10F4000063790133DBB26371B3B923790133DBB2C2
:10F4100023718BB9E3780133DBB2E37063B9A3786E
:10F420000133DBB2A3703BB963780133DBB26370A5
:10F4300013B92378013323703B462246012140460D
:10F4400000F0AAFE8346002893D0DAF80030484640
:10F4500098472021034604A8002B18BF9B46FFF7BE
:10F46000F9FC10213846FFF7F5FC58460DB0BDE811
:10F47000F08F3A46414600232046FFF781FEDFF831
:10F4800068A000283FF46DAFDAF80030484698478E
:10F49000834600283FF465AFE7E704A92046FFF75D
:10F4A000CBFD83460028D0D1236901332361CCE70B
:10F4B0003A46414604A8FFF7D7FC834618B1DFF867
:10F4C00028A06F46C1E704A92046FFF7B5FD834693
:10F4D00000283FF444AFF2E76FF0370BC5E76FF059
:10F4E000350BC2E7D00C0020CC0C00202DE9F043F6
:10F4F000202B8BB01D4606468846914626D8DBB2A7
:10F5000002AF8DF80480B0468DF8053058F8041B22
:10F5100021B9404600F084FE044640B9012333601F
:10F52000022201A9404600F08FFE044638B1384659
:10F530002021FFF78FFC20460BB0BDE8F0832A4660
:10F540004946404600F080FE0446F0E702AF194607
:10F55000104600233A4600F0FDFF04460028E6D19D
:10F560002023B9461D46CCE7F0B5D0F8F830A7B057
:10F57000002BD8BF02AE2CDDD0F80C41054600238D
:10F5800002AE0193A4F10107D0F80001D5F8FC40C8
:10F5900001AB90223146A047B7FA87F77F090446AE
:10F5A00010B9019B3BB9A7B130469021FFF752FC3F
:10F5B000204627B0F0BD014632462846FFF796FFA9
:10F5C00050B9D5F80431019A1344C5F80431002F1D
:10F5D000EAD16FF03C04E7E70446204627B0F0BDCF
:10F5E00070B50025044604F5887614222946C0F833
:10F5F000F850FC3007F0A8F908222946304607F0F9
:10F60000A3F9154B30461B689847204640F8045B29
:10F6100000F0ECFD114B30461B689847D8B9D4F880
:10F62000F830AB4211DC03EB830204EB82022021B1
:10F63000C2F808110121C2F80C1101330849C2F8BF
:10F640000001C2F8FC10C4F8F830064B30461B68C5
:10F65000BDE87040184770BDD40C0020D00C0020CD
:10F660003D000200CC0C00202DE9F047202A88B094
:10F6700079D83E4B00F588791B6804464846174602
:10F68000884698470546F8B9D4F8F83040F2011694
:10F69000002B64D02046FFF767FF054638B9D4F841
:10F6A000F830002B14DC013EF2D16FF03B056E46C2
:10F6B00020213046FFF7CEFB2D4B48461B6898476C
:10F6C000002818BF6FF01D05284608B0BDE8F08778
:10F6D000D4E94132934203D3D4F80C21012A02D059
:10F6E000013ED7D1E1E71F2BFAD96E460146202211
:10F6F000304604F1040A07F027F93146504600F07D
:10F70000CDFD05460028D3D1504600F083FD50467C
:10F7100000F06CFD2946504600F082FD05460028A9
:10F72000C6D150462022314600F08EFD0546002805
:10F73000BED1034632462021304600F00BFF05467D
:10F740000028B5D1D4F8F830002BC4BF0023C4F88A
:10F7500004313A464046314607F0CEF8A8E76FF04C
:10F760003F056E46A4E76FF03B05ADE7D00C0020E7
:10F77000CC0C002030B58DB00021282202A80191C8
:10F7800007F0E2F802A800F00DFF044610B1204691
:10F790000DB030BD174D4FF0FF31286800F044F92F
:10F7A000044620B11448FFF733FA012C18D000208A
:10F7B00000F06AF9D0B9114A02A901A800F030FCA2
:10F7C0000446012000F060F960B9286800F034F9BF
:10F7D0000028DCD00A48FFF71BFA20460DB030BDE8
:10F7E0000524F2E70748FFF713FAEEE70648FFF7AC
:10F7F0000FFAE0E7B80C0020BC7A02009046002027
:10F80000147B0200F47A0200D47A020030B583B08F
:10F8100000F05CF828B100F0ABF80324204603B0F8
:10F8200030BD00F077F8D8B900F02EF9E0B9224CDD
:10F83000D4F828391B0EF02B0AD1D4F8242A1F4BF8
:10F840009A4231D000F044F8072400F091F8E5E73F
:10F8500000F03EF800F08CF80624204603B030BDDE
:10F860000424204603B030BD00F032F800F080F8E8
:10F87000FFF780FF044698B9114D2B68002BCDD1BE
:10F8800002460146FFF7E6F950B90E4901AB68227E
:10F89000FFF710FA20B90C4B2B60204603B030BDA7
:10F8A0000524204603B030BD012000F0EDF800280B
:10F8B000DAD1C4F80C0ADBE700B002500000E02007
:10F8C000B0480020B44800205AEA5A5A0020704735
:10F8D00000207047430504D5044B4FF0FF32C3F8B6
:10F8E0000821024BC3F8080A704700BF00B002505D
:10F8F000014BC3F8040A704700B0025008B100F091
:10F900006BB84FF47500704708B100F04FB84FF472
:10F910007500704710B5114800F072F800B110BDC5
:10F920000F4800F06DF80028F9D10E4C204600F089
:10F9300067F80028F3D10C4B0C481C6000F060F80D
:10F9400001460028EBD100F02DF8044608B120460E
:10F9500010BD00F07BF82046FAE700BFC80C00207D
:10F96000C40C0020C00C0020B80C0020BC0C0020EF
:10F9700008B5084800F04EF8074800F04BF8074873
:10F9800000F048F8064800F045F8BDE8084000F0EF
:10F990000BB800BFC80C0020C40C0020C00C002015
:10F9A000BC0C002000207047704700BF10B4094C09
:10F9B0000246D4F8003A1342FBD021B1D4F8043106
:10F9C0000B60C4F80831034BC3F8082A002010BCB0
:10F9D000704700BF00B00250044AD2F8003A184203
:10F9E000FBD0C2F8080A0020704700BF00B00250E8
:10F9F00006F090BF06F0A8BF0A46002106F0A4BF9B
:10FA000008B5034B02681B6810689847002008BDC2
:10FA1000840C002008B5034B02685B6810689847A7
:10FA2000002008BD840C0020024B02689B6810680F
:10FA3000184700BF840C002008B5034B0268DB6840
:10FA400010689847002008BD840C002070B5094C50
:10FA5000094D2069AB68984718B1084B08485B68A6
:10FA60009847084AEB68206900211160BDE87040A2
:10FA7000184700BF700C0020840C0020680C002088
:10FA80002C7B02001C490020F8B51A4D1A4E044682
:10FA9000B26828699047E8B9184F3B684CB1A3B1E8
:10FAA000012B19D0013B3B602869F368984700207F
:10FAB000F8BD43B9124A0121C2F800151149D1F825
:10FAC0001029002AFBD101333B60F368286998476D
:10FAD0000020F8BD0C48F8BD0A4AD2F81039002BB6
:10FAE000FBD1074A6FF07E40C2F80035FFF700FFF8
:10FAF0003B68D7E7700C0020840C00201C490020D4
:10FB000000A0025000B00250E98FFFFF014B1B68BC
:10FB1000184700BF840C0020014B9B68184700BFAA
:10FB2000840C0020014BDB68184700BF840C0020C8
:10FB30002DE9F047002878D00C46002975D01D46E5
:10FB4000002B72D007461AB1012200232A600360FD
:10FB50002B68002B64D02946204600F0DBFD804650
:10FB600000285FD12868214600F0BAFD80460028B1
:10FB700058D12B68082B6CD0042B6DD0A3F102094F
:10FB8000B9FA89F94FEA5919354E0121C6F8C4115D
:10FB9000C6F84011C6F8C411636AC6F83031D6F809
:10FBA00030219342F6D14FF0000A4FF0FF30C6F8F3
:10FBB0002CA1FFF78FFE6FF01B03C6F800315046F3
:10FBC000FFF796FEC6F80C91D6F8040A40F4806060
:10FBD000FFF78EFE0A23C6F83831089B012B29D087
:10FBE0002369204AA2FB03231B09626A02FB03F379
:10FBF00003EB43031A4ADB039B09C2F8D831012304
:10FC0000C2F82C313B682A6823F07F4343EA026341
:10FC10003B602A6843EA02233B604046BDE8F08728
:10FC2000DFF844804046BDE8F087DFF8408040467A
:10FC3000BDE8F0874FF08053D3F80C2C013206D08A
:10FC4000D3F80C3C074AA2FB03231B09CDE716237C
:10FC5000CBE74FF0030997E74FF0020994E700BFA5
:10FC600000B00250ABAAAAAA310CF100350CF10089
:10FC700050B34B1EB3F5047F26D24FF0000C30B5C5
:10FC8000CD00E6466446630904F01F0150F82330B6
:10FC90001F2923FA01F306D003F001031CB9012444
:10FCA0009E46A446EFE79E4504F1010406D09E4619
:10FCB0004FF0010CAC42E6D1002030BD0CF1010C3C
:10FCC0009445F7D1014830BD00487047360CF1002B
:10FCD000C8B32DE9F0434C1EB4F5047F1CD2DBB150
:10FCE000D2B14FF0000ECF007646F046754603F1D4
:10FCF000FF396C0905F01F0150F824401F2924FA30
:10FD000001FC0CD00CF0010C4DB90126E046354643
:10FD1000B646EEE7964218D90D48BDE8F083734524
:10FD20000CD0C44508BF0136F145F3D00EF1010EE9
:10FD30000135BD42DDD10020BDE8F0834FF0010E5A
:10FD4000E0467646F4E7024870479E46F0E700BF7B
:10FD5000370CF1002DE9F04F91B00D46DDE91B4164
:10FD6000824600296ED1286906901A981C600023EB
:10FD70000360002A00F02E819C4B6A6AD3F8381188
:10FD8000D3F830319A4269D10A2967D19AF8033001
:10FD9000089304F1080306990793954B934CA3FB32
:10FDA00001239B0803EB4303A1EB430303930423C9
:10FDB00005931A9B069E1E60002E00F0E980002726
:10FDC00000F0B8FC0997BAF1000F00F0D580DDF81B
:10FDD0001C804FF00109002D00F0CE80089B002B05
:10FDE0003ED008A9284600F095FC00283AD0814B67
:10FDF000984220D0089B082B00F0E4805B00002292
:10FE00000893009208AB29465046FFF791FE7A4BC3
:10FE1000984200F0D38070B9DAF80020130A03F496
:10FE20007F03134323F07F43CAF80030059B013B57
:10FE30000593BED10020039000F07CFC039811B024
:10FE4000BDE8F08F4FF08050D0F80C6C013614BF35
:10FE5000D0F80C0C4FF40470069086E76748EAE788
:10FE60006548C4E70898294600F03AFC0028BED14E
:10FE7000089B082B00F0A880042B00F0A880A3F1B9
:10FE80000203B3FA83F35B090493C4F8C491C4F882
:10FE90004091C4F8C4916B6AC4F83031D4F8302171
:10FEA0009342F6D14FF0000BC4F82CB14FF0FF3065
:10FEB000FFF710FD6FF01B035846C4F80031FFF741
:10FEC00017FD049BC4F80C31D4F8040A40F4806098
:10FED000FFF70EFD0A23C4F838312B69ABF1553B0F
:10FEE000ABFB03236A6A1B0902FB03F303EB430327
:10FEF000DB039B09C4F8D831C4F82C91DAF8003040
:10FF0000089923F07F420B0243EA01631343CAF8C6
:10FF1000003009A800F0D4FB099B03F01A03034347
:10FF20007FF468AFABFB063BD4F814310A93D4F8E6
:10FF300018310B93D4F81C310C93D4F820310D9365
:10FF4000D4F824310E93D4F828310F93B7EB9B0FDC
:10FF500001D1039B93B9404618220AA9183EFFF726
:10FF600047FD08F11808013796B100F0E3FB0023C4
:10FF70000993002D7FF432AF214838E74046F61A46
:10FF80001A460AA998440137FFF732FD002EECD13A
:10FF9000069F079E6A6939463046FFF769FEAA69DF
:10FFA00040B94FF4806339463046FFF791FE002890
:10FFB0003FF440AF1A9A0023136018E72B6A002B16
:10FFC0003FF439AF0F4836E7032304935DE702237C
:10FFD00004935AE7009108AB012229465046FFF7E7
:10FFE000A7FD00283FF4D5AE25E700BF00B00250C2
:10FFF000ABAAAAAA020CF100310CF100300CF100FE
:020000022000DC
:10000000350CF100320CF10010B4DDE9013401943B
:10001000039C02940024039410BCFFF79BBE00BF16
:1000200010B586B005AB0124CDE901240093002270
:1000300004ABFFF78FFE06B010BD00BFF0B587B070
:10004000002966D01E46002B63D01446002A60D0DB
:10005000314F0D4638684FF0FF31FFF7E5FC0028BF
:100060004DD10020FFF710FD002844D12B4800F0AF
:1000700099FA0346D8B101204FF0FF35FFF704FD90
:10008000002834D126484FF40871FEF7D9FE2548E0
:100090000421FEF7D5FE21482821FEF7D1FE38685D
:1000A000FFF7CAFC00282ED1284607B0F0BD1C4A35
:1000B000029205AA019204AA0390009217491948D6
:1000C0001A46FFF7A1FF03460028D4D128461D4653
:1000D000059B04999C42224628BF1A46326008318B
:1000E000FFF786FC0120FFF7CFFC0028CAD00E489E
:1000F000FEF78EFDC6E70D48FEF78AFDB6E70C4811
:10010000FEF786FDADE70B48FEF782FD284607B0F7
:10011000F0BD4FF0FF35C7E7B80C002024490020A0
:100120004C49002020490020F47A0200D47A0200D1
:10013000BC7A02004C7B020010B5044630B10022AC
:1001400001236265A265E365236610BD0148FEF7E1
:100150005FFDF4E7647B020018B174220021FFF711
:1001600049BC704790B1A1B110B5802A4FF000048E
:10017000846380F83C4006D1102204631044FFF7EA
:1001800037FC204610BD6FF01F0010BD6FF021003E
:1001900070476FF01F00704728B322B31BB30129CB
:1001A00021D870B50446816B86B017D0012917D1CC
:1001B000102500210DEB05066163104600950196A0
:1001C00002AA294600F0C2FA50B92B46324602A9CB
:1001D000204600F043FD18B906B070BD0029E7D0F5
:1001E0006FF02100F8E76FF02100704710B504466A
:1001F00028B12046F421BDE81040FFF7FDBB0448BC
:10020000FEF706FD2046F421BDE81040FFF7F4BBE1
:10021000787B020010B1F421FEF712BE704700BFD8
:1002200008B521B1012908D06FF0360008BD0121C1
:1002300000F058F80028F7D108BD022100F052F86C
:100240000028F9D0F0E700BF30B505468818B0F5B2
:10025000801FA1B00B46144601D8802A0CD9B3F5F3
:10026000801F17D922461946284600F07DF804461B
:1002700084B9204621B030BD6846FFF7B9FB22465D
:100280006946284600F070F8802104466846FFF76A
:10029000B3FBEDE76FF03604EBE700BF70B5E8B1F4
:1002A0000E46D9B1044600F031F80546B0B92368CE
:1002B000012B0BD0022B01D0284670BD1C2204F16B
:1002C00008013046FFF794FB284670BD202204F158
:1002D00008013046FFF78CFB284670BD6FF03605ED
:1002E000EAE700BF78B138B504460D46F021FFF7C4
:1002F00083FB40232560E365204600F05BFA00386D
:1003000018BF012038BD0120704700BF70B5056ED1
:10031000A4B0044604AEE5B9012200236260304671
:10032000CDE9003302AA294600F010FA10B10120ED
:1003300024B070BD2A4602A9204600F063FA0028C6
:10034000F5D1204600F074FB0028F0D1206624B0DF
:1003500070BD802D2A4600F1640128BF80223046FE
:10036000FFF746FB256ED7E7002800F0AE802DE9A9
:10037000F04F1446A5B0002A3DD00F46002949D0C1
:10038000B2F5803F0546006E20D34FF6FF7805F1A9
:10039000640AEB6D1A1AB2FBF3F103FB1122002A77
:1003A00065D18342B9464FF6FF7672D0B6FBF3FBB8
:1003B00003FB0BFBBBF1000F30D1002E45D1A4F5A0
:1003C0007F44FF3CB4F5803F4744E2D2EA6D161A01
:1003D000B6FBF2F302FB1366A64228BF2646002EA8
:1003E00075D1824200F08D80B4FBF2F602FB06F676
:1003F0002EB9002C79D1002025B0BDE8F08F002364
:10040000CDE9003302AA3146384600F09FF90028B2
:1004100000F09580012025B0BDE8F08F0023CDE9E4
:10042000003302AA5946484600F090F90028F1D15D
:1004300002A95A46284600F0E5F90028EAD1A6EBC1
:100440000B06286ED944002EB9D01930494605EB69
:1004500080003246FFF7CCFAA4F57F44286EFF3CBB
:100460003044B4F5803F4744286692D2AEE7424517
:1004700028BF4246504439461646FFF7B9FA286E5F
:10048000EB6D3044834207EB06092866A8EB0606AD
:100490008CD1802B28BF80231A46514604A8FFF731
:1004A000A7FA0023CDE9003302AAE96D04A800F001
:1004B0004DF90028AED1EA6D02A9284600F0A2F954
:1004C0000028A7D1EB6D286670E70120704705F181
:1004D0006403394632461844FFF78AFA286EEA6DFB
:1004E0003044A41B374428667BE72B6E193305EB99
:1004F000830022463946FFF77BFA2B6E23442B6696
:1005000079E7802A28BF802205F1640104A8FFF75B
:100510006FFA0023CDE9003304A8E96D02AA00F0C8
:1005200015F900287FF476AFEA6D02A9284600F09D
:1005300069F900287FF46EAFEA6D286654E702A9D6
:100540003246284600F05EF900287FF463AF374456
:10055000A41B4EE7F8B51C46054611480E46174643
:10056000FFF744FE21460E48FFF75AFE044620B12D
:100570000B48FFF74FFE2046F8BD09483246294692
:10058000FFF762FE04460028F2D139460448FFF71F
:1005900085FE04460248FFF73DFE2046F8BD00BF39
:1005A0006C4B002030B583B01C2301A90546019394
:1005B00000F032F8044638B9019B1C2B07D0144CCC
:1005C0001C212846FFF718FA204603B030BDD5E9B4
:1005D0000112131E18BF012300392A6818BF012118
:1005E0009B0043EA4103002A18BF43F00103EA6875
:1005F0000120E8612AB9C5E90834002BE4D1054C93
:10060000DEE743F008032046C5E9083403B030BDF7
:10061000370CF0000E0CF00018B111B10B681C2B58
:1006200001D0012070474FF08053D3F8102C0132D5
:1006300014BFD3F8102C41F25C224FF080530260BB
:10064000D3F8142C013214BFD3F8142C41F66412E1
:100650004FF080534260D3F8182C013214BFD3F806
:10066000182C40F6D8624FF080538260D3F81C2CCF
:10067000013214BFD3F81C2C41F288324FF0805362
:10068000C260D3F8002C013214BFD3F8002C9022A2
:100690004FF080530261D3F8042C013214BFD3F819
:1006A000042C51224FF080534261D3F8082C0132C0
:1006B00014BFD3F8083C40F2373383610020704701
:1006C00008B501464FF48060FFF71EF9034B002286
:1006D000C3F8C821C3F82C2108BD00BF00B00250E8
:1006E0000138072805D8DFE800F0100E040A0404DA
:1006F000040607487047CB684B62002070478B6840
:100700004B62002070474B68F6E70B68F4E700BFC8
:10071000310CF1000B6802E0082B0B6006D8026A6E
:1007200013424FEA4303F7D0002070470048704758
:10073000310CF100044B0022C3F82C214FF48060EF
:10074000C3F8C421FFF7C6B800B00250F0B583B0BB
:100750001D46B0F1005F4FF000038DF8073024D341
:100760008C468444BCF1804F04461ED817460DF1D8
:100770000703012200F064FE0646B0B9099A9DF80D
:1007800007303C603B7192B14DB1024608990DF1C2
:100790000703284600F054FE38B99DF80730099A3F
:1007A00030461560137103B0F0BD4FF47506304646
:1007B00003B0F0BDD8B108B50368012B04D0022BFB
:1007C0000FD043B10B4808BD0B4920220830FFF77A
:1007D0000FF9002008BD094914220830FFF708F975
:1007E000F7E7074920220830FFF702F9F1E74FF455
:1007F000730070470100F300887B0200C87B020091
:10080000A87B02002DE9F843002900F0F980044696
:10081000002800F0F980036890460F46002B00F096
:10082000C380013B012B00F2D78079484FF0FF31A4
:100830004FF00209FFF7F8F8002840F0BF800020D1
:10084000FFF722F90646002840F0C280714AD2F82C
:100850001C39002BFBD16F4DD5F8203C002BFBD170
:100860004FF0FF30FFF736F8D5F8040A20F04000CB
:10087000FFF73EF801230722C5F81838C5F800290C
:10088000C5F8C437A36CC5F8CC37E36CC5F8D037CE
:10089000C5F8C09723685BB1013B012B18D8636A88
:1008A000C5F85C36236AC5F85836E369C5F854368E
:1008B000584BA269C3F850266269C3F84C262269D6
:1008C000C3F84826E268C3F84426A268C3F8402665
:1008D000504AD2F81039002BFBD1B8F1000F5FD08D
:1008E0006368012B08BFC2F884364A4B3A68C3F8E4
:1008F000282C4020C3F82C8CFFF700F80646454A08
:10090000D2F81039002BFBD1424AD2F8203C002B00
:10091000FBD123685BB1013B012B18D8D2F85C36C0
:100920006362D2F858362362D2F85436E361394B09
:10093000D3F85026A261D3F84C266261D3F848263A
:100940002261D3F84426E260D3F84036A360314AEE
:10095000D2F8CC17A164D2F8D017E16400230121AA
:10096000C2F8C417C2F88436C2F8C837D2F81039B2
:10097000002BFBD1C2F81838002E3BD1254BD3F801
:10098000040A40F04000FEF7B3FF0120FFF77CF8B7
:1009900060BB1F48FFF750F810BB3046BDE8F88336
:1009A0000423C2F8C837AAE719484FF0FF314FF0C7
:1009B0000109FFF739F800283FF441AF1648FEF768
:1009C00027F90020FFF760F8064600283FF43EAF05
:1009D0001248FEF71DF939E7114E3046BDE8F8839D
:1009E0001048FEF715F93046BDE8F8830E48FEF7CB
:1009F0000FF9CEE7102104F10800FEF7FDFFBDE777
:100A00000A4E3046BDE8F8834FF47306C5E700BFD1
:100A1000C80C002000B00250BC7A0200D47A020058
:100A20000100F300147B0200F47A02000300F300DB
:100A300098B370B4D0E90241D0E9042326BA0DBAC4
:100A400014BA19BAD0E9062312BAC0E90441826186
:100A5000D0E90842C0E902651BBA25BAC0E90735EA
:100A600014BAD0E90B23816A12BA09BAC0E9094164
:100A7000C262D0E90D421BBA25BAC0E90C3514BADE
:100A8000D0E91023C16B12BA09BA1BBAC0E90E41F2
:100A9000C0E91023002070BC70474FF4730070470A
:100AA000002847D090F83C30002B34D0032B10B5F1
:100AB00013D02248224C2268224B1268C3F800242B
:100AC00022685268C3F8042422689268C3F8082494
:100AD0002268D268C3F80C2410BD016B006C184C5E
:100AE00000F0A8FB0028E6D12268164B1268C3F874
:100AF000002422685268C3F8042422689268C3F86C
:100B000008242268D268C3F80C2400F0A1FB002856
:100B1000D1D1002010BD0B4B0269C3F800244269FB
:100B2000C3F804248269C3F80824C269C3F80C24FA
:100B3000002070474FF47100704700BF0900F100BA
:100B4000B40C002000B00250374A38B50446D2F841
:100B50001039002BFBD1344AD2F87034002BFBD172
:100B6000314AD2F8203D002BFBD12F4AD2F8203C4D
:100B7000002BFBD12C4AD2F8383D002BFBD12A4D5B
:100B8000D5F8383C002BFBD14FF0FF30FEF7A2FE2A
:100B9000636BD5F8040A23F00403032BE36D39D00B
:100BA000012B0CBF20F0800020F02000FEF7A0FEFB
:100BB0001D4A0123C2F80039D2F81039002BFBD1AD
:100BC000194AD2F87034002BFBD11749C2F8BC3453
:100BD000D1F81039002BFBD1134AD2F87034002B16
:100BE000FBD1626B22F00401032918BFA36B0E49ED
:100BF0004FEA820218BF03F0010302F01C021A43FD
:100C0000C1F8C024636B072B04BF0123C1F87C34F7
:100C1000002038BD012B0CBF20F0400020F0100058
:100C2000FEF766FEC4E700BF00B00250094A0A4B57
:100C300011680968C3F8001411684968C3F80414FE
:100C400011688968C3F808141268D268C3F80C24C4
:100C5000704700BFB40C002000B002502DE9F04FE7
:100C600085B0002900F0EC809046002A00F0E88072
:100C70000546002800F029819946C36D0E46002BD9
:100C800052D1B9F5805F54D295F83C30042B00F076
:100C9000FF800027AD484FF0FF31FEF7C5FE00286A
:100CA00040F0D5800020FEF7EFFE002840F0D8800D
:100CB000A7480123C0F81038D0F81049002CFBD108
:100CC0006B6B032B3ADC002B3BDAA24CA04AD2F828
:100CD0001039002BFBD1002F40F0D1806B6BEA6DF7
:100CE00023F00403032B9A4BD3F8040A00F09F80EF
:100CF000012A0CBF40F0800040F02000FEF7F8FD14
:100D0000934B0022C3F810280120FEF7BDFE0028F7
:100D100040F0B1808D48FEF78FFE002840F0A4809F
:100D2000204605B0BDE8F08F012BADD1B9F5803F6D
:100D3000AAD3894C204605B0BDE8F08F063B012BB5
:100D4000C3D8AB6B012B00F2BE80EB6D012B7CD8BE
:100D50002B6E012B00F2E8802846FFF7F5FE0446D3
:100D60000028B3D12846FFF79BFE04460028ADD1EA
:100D70006B6B072BA9D801229A4012F08A0F40F022
:100D8000D58012F0440F40F0BA80D2079DD523F0F1
:100D90000403032B32680DD02B6ED8F80010012B02
:100DA0006B4B0BBFC3F8281DC3F8301DC3F82C9D37
:100DB000C3F8349DEB6D012B654B0BBFC3F8282C9A
:100DC000C3F8302CC3F82C9CC3F8349C6B6B23F015
:100DD0000403032B00F0A2802B6E012B14BF2020F4
:100DE0008020FEF78BFD044600287FF46FAF584B40
:100DF000D3F81049002CFBD1696B072914D80122C4
:100E00008A4012F08A0F40F0BB8012F0440F0BD0E2
:100E1000D3F860242A60D3F864246A60D3F8682485
:100E2000AA60D3F86C34EB600123AB654EE7012A6E
:100E30000CBF40F0400040F01000FEF759FD5FE7A6
:100E4000464C204605B0BDE8F08F454C3EE745488E
:100E5000FDF7DEFE0020FEF717FE00283FF428AF66
:100E60004148FDF7D5FE23E74048FDF7D1FE204677
:100E700005B0BDE8F08F3E48FDF7CAFE4AE70423FF
:100E800085F83C30202105F11000FEF7B5FD25E77F
:100E9000296B286C00F0C0F998B9364F2C4C3B6890
:100EA0001B68C4F800343B685B68C4F804343B68D2
:100EB0009B68C4F808343B68DB68C4F80C34296BC1
:100EC00031B10127E6E62C4C00E74FF4710427E727
:100ED0002B6D0193EB6C009305F1100A4FF0100B92
:100EE000CDF808A0CDF80CB0D5E91123286C00F09E
:100EF000B9F9002851D1002385F83C30E1E7144BC3
:100F00002A68C3F860246A68C3F86424AA68C3F82E
:100F10006824EA68C3F86C246B6B38E7EB6D012B2F
:100F200014BF102040205CE7144CCFE6084B2A6821
:100F3000C3F840246A68C3F84424AA68C3F8482464
:100F4000EA68C3F84C246B6B21E700BFC80C002093
:100F500000B002500100F1000500F1000B00F100AB
:100F60000300F100BC7A0200D47A0200147B020074
:100F7000F47A0200B40C00200200F1000400F10039
:100F8000D3F840242A60D3F844246A60D3F8482474
:100F9000AA60D3F84C34EB6046E73B681B68C4F8A2
:100FA00000343B685B68C4F804343B689B68C4F851
:100FB00008343B68DB68C4F80C3459465046FEF7E9
:100FC0001BFD98E72DE9F04109B302B30446002860
:100FD00000F0AF801D46436B072B0E461BD05DB95A
:100FE000032B10D1836D73B900F1640345668566E8
:100FF000C56605670B6010252B4631462046BDE8C7
:10100000F041FFF72BBE2F463846BDE8F081764F02
:101010003846BDE8F081C36D002B40F08D80B5F5FA
:10102000805F80F090801DB9A36D002B40F08B8015
:101030006E484FF0FF31FEF7F7FC002840F08F803C
:101040000020FEF721FD002840F08580684A01233A
:10105000C2F81038D2F81039002BFBD1636B032B88
:101060004FDD063B012B4ED8A36B012B6DD8E36DF2
:10107000012B78D8236E012B77D82046FFF764FD2B
:101080000746002840D12046FFF70AFD0746002802
:101090003AD1626B072A36D80123934013F08A0FA6
:1010A00040F0818013F0440F6FD1DB072BD5504BFC
:1010B0000122C3F87C24C3F8BC543168002D56D1FA
:1010C000A16D09B9C3F82425494BD3F81079002F35
:1010D000FBD1616B072917D801228A4012F08A0FD1
:1010E0006FD112F0440F0FD0D3F860242260D3F8F0
:1010F00064246260D3F86824A260D3F86C34E3609F
:1011000002E0002BB0DA3B4F394AD2F81039002BFD
:10111000FBD1C2F810380120FEF7B6FCB8B933484D
:10112000FEF78AFC00283FF46FAF3348FDF770FDEF
:101130006AE74FF4710767E7012B7FF474AFB5F5E9
:10114000803FFFF470AF2D4F5EE72D4FDCE72D4859
:10115000FDF75EFDE3E72C48FDF75AFD76E72B48E7
:10116000FDF756FD6CE72A4FCEE72A4FCCE7E26D3C
:10117000012A33D0C3F8301C1020C3F8345CFEF7CA
:10118000BDFB074600289FD0BEE7194B2268C3F875
:1011900060246268C3F86424A268C3F86824E26823
:1011A000C3F86C2483E7124B2268C3F840246268BA
:1011B000C3F84424A268C3F84824E268C3F84C2466
:1011C00075E7D3F840242260D3F844246260D3F852
:1011D0004824A260D3F84C34E36095E7C3F8281C98
:1011E0004020C3F82C5CCAE70B00F100C80C0020BB
:1011F00000B002500100F100147B02000500F10074
:101200000200F100F47A0200D47A0200BC7A0200F3
:101210000300F1000400F10029B9044B002814BFB9
:101220001846002070470248704700BF0100F700D1
:101230000300F70029B9044B002814BF184600200A
:1012400070470248704700BF0100F7000300F70035
:10125000034B00200122C3F8380AC3F878247047F2
:1012600000B002502DE9F047CCB00024579DDDF8C6
:101270005881824689461646214674220EA81F468A
:1012800005F062FB802221462CA82B9405F05CFB24
:101290008423B5F57F6FCDE90A44CDE90C4405936D
:1012A00063D8FFF7C3FC05AB30462BAE0193029524
:1012B000DDE954233946009600F062F800284FD14A
:1012C00003238DF813309DF813308DF87430072305
:1012D00000221C9010210EA81B9301240123CDE9AC
:1012E0002423CDF86890CDF878A026940DF120093C
:1012F000FEF782FB102200920599CDF804900AAB0C
:10130000304606AAFFF722FA074670B11DE00EA983
:1013100008EB0700FEF76CFB10210EA8FEF76CFB34
:101320000134AD1B3744E4B224D0102D4A46059B4E
:101330008DF8AC4006A90EA82E4628BF1026FFF750
:1013400041FE32460028E2D007460EA87422002152
:10135000FEF750FBFFF76AFC38464CB0BDE8F0875B
:10136000054F38464CB0BDE8F087044F38464CB0C6
:10137000BDE8F0872F46E8E70E00F1000F00F1000E
:101380002DE9F04182B01E460A9D0023B5F57F6F1E
:1013900001933ED8ED00B5F5807F174601F1FF328D
:1013A00034BF032304233F2A0C46009331D880B373
:1013B00066BB089A6AB3099A116851B3A21913441B
:1013C000994226D3089B01462246581CFEF710FB83
:1013D000089B04F102081C440023637026BB089B91
:1013E0000095FF2D03EB080017D92B029BB243EAAF
:1013F0001523022201A90193FEF7FAFA08F102036C
:10140000099A0020136002B0BDE8F0810FB1402EB0
:10141000CFD90A4802B0BDE8F08101226946FEF743
:10142000E7FA08F10103EBE7089B324603EB0800FB
:101430003946FEF7DDFAB044D1E700BF0600008070
:1014400000201870704700BF0CB430B589B0054655
:101450000C461C22002101A805F076FA02238DF823
:1014600006300E4B0293059523462CB1B4F1004F84
:1014700028BF4FF00043013B1D440DAA0C9906956F
:1014800001A8009200F072F814B1059B00221A70B6
:1014900009B0BDE8304002B0704700BF836A020067
:1014A000242AF0B5044601D8012A40D105F0F2FA09
:1014B0002D4B16221A5001B10C600020F0BD2F46B2
:1014C0003D4615F8010B2028F9D0A0F10906042E9D
:1014D0000346F4D92B282CD02D282CD101267B783B
:1014E000BD1C302B2DD1287840F02000782824D145
:1014F00032F0100021D16B782C46102202350020EA
:10150000392B82BF03F1FF3343F02003263B303BEE
:101510009A421AD9A0FB02040CB9C01801D346F0B4
:1015200002062F462C4617F8013B3D46E8E70746E2
:10153000C6E70026D3E70026D3E7002A08BF082223
:10154000DDE7002A08BF0A22D9E701B10C60F207E3
:1015500048BF4042B307B1D505F09CFA024B2222A6
:101560001A504FF0FF30A9E70C0000002DE9F04FB2
:101570008DB043680293837815469A07804640F100
:101580000D8100240E78002E00F00A81252E0BD04C
:101590004B1C03930134029B414630469847002878
:1015A000C0F2F6800399EDE74E788B1C252E03934D
:1015B000F0D00027B946BB46BBF11F0F38D8A6F1C3
:1015C0002003102B0AD8DFE803F02A0909300909A3
:1015D000092109090928092D09091F00A6F130036D
:1015E000092B33D92A2E37D11BF0400F55F8043B75
:1015F00040F08280002BA7BF4BF0200B9946C3F12F
:1016000000094BF0280B01E04BF0010B039B13F892
:10161000016B0393002ECFD130E04BF0020B4BF067
:10162000040BF3E74BF0080BF0E74BF0100BEDE782
:10163000BBF17F0F19D8A6F13003092BD2D81BF0CC
:10164000400F03D00A2101FB0737DFE70A2101FB26
:1016500009394BF0200BD9E72E2E06D11BF0400F95
:1016600040F09E804BF0400BD0E76C2E31D02BD851
:10167000682E36D06A2E3CD04C2E3AD0002F46F041
:101680002003B8BF2BF04002A3F16501BCBF1FFAD5
:1016900082FB0027022901D9612B2FD1073525F0C4
:1016A0000705DFF8ACA2083507271BF0080F66D046
:1016B0000AEB070B56465E4563D1A4EB0A0A06EB1C
:1016C0000A02A9EB07096FE1742E9FD07A2E9DD0F4
:1016D000D4E71BF0800F18BF4BF4007B4BF0800B5E
:1016E00094E71BF4807F18BF4BF4007B4BF4807BA6
:1016F0008CE74BF4207B89E71F4687E7A6F163015F
:10170000122900F2F080DFE811F013004F00EE0024
:10171000EE00EE00EE004F00EE00EE00EE00EE00F8
:10172000EE00FE00E900EE00EE001B00EE00AF0050
:1017300055F8043B8DF8183001270DF1180AB4E76D
:1017400055F804AB834BBAF1000F08BF9A461BF063
:10175000400F14BF39464FF0FF31504605F02EF9C7
:101760000746A2E7029B41462020984700280FDB4E
:10177000013EB742F6D34C44A41BB14698E74E460F
:10178000F7E716F8010B029B41469847002892DACA
:1017900098F8023043F0040388F802304FF0FF3429
:1017A00020460DB0BDE8F08F1BF0800F34D01BF445
:1017B000007F2CD0073525F00705AA4669685AF83E
:1017C000080B2BF010050029ADB237DA404261EB6F
:1017D000410145F480650DF1180B0A235A4605F0C6
:1017E000F9F8A0EB0B0301936B0662D5019B25F082
:1017F00001019F4289B240F3A180002E00F0998040
:1018000015F0100240F09C80BB460D4623E0AA462E
:101810005AF8040BC117D4E7AA461BF4807F5AF884
:10182000041B01D10846F5E71BF4007F15BF48B241
:1018300008B241F3C01141F3C031C2E750EA0103DD
:10184000C9D11BF0400FC6D0002FC4D12BF011021C
:1018500095B2BB46019740F2064115EA01021CBF52
:101860000BF1010B00222CE02BF010021FFA82FB7F
:101870000A231BF0800C49D01BF400711DBF0735F3
:1018800025F00705AA46AA461ABF5AF8080B696848
:101890005AF8040B50EA010545D12BF016051BF050
:1018A000400FADB242D0002F40D12BF0170295B2BD
:1018B000019715F0100248D0019B002E42D103F190
:1018C000010B29075AD4EB0706D5D9456FDD0199DD
:1018D000A9EB0B035F18CB465B4649E04BF0100BBE
:1018E00010237826C5E7782B04D1C6F1780343F09E
:1018F0001003BEE7029B4146252098470028FFF6CB
:1019000047AF023447E608230026B2E7AA461BF495
:1019100080715AF8040BBDD01BF400711ABFC0B21D
:10192000614680B2B6E72BF0060295B20DF1180BB6
:1019300054E725F01105ADB2BB468CE70D46B8E77C
:101940003B460D4603F1020BBBE7DDF804B082E72E
:10195000F3A90200ECA90200CDE904324146029B42
:10196000202098470028FFF613AF049B059A013307
:101970009945F1DCA4EB0B01CC189B460AB3029B02
:101980004146302098470028FFF602AF8EB9013457
:101990002744019B391B994224DC1D465DBB019AFB
:1019A000A9EB0B09224455461446914435E0019FAA
:1019B00092E7023441463046029B98470028E7DA16
:1019C000E6E640F206410D42E2D015F0020F14BFE8
:1019D0002B20202015F4806F04F10104414618BF2C
:1019E0002D20E9E7029B414630209847002804F16A
:1019F0000104CEDACCE606AB013D4146585D029BC0
:101A000098470028CADAC3E6029B4146202098473F
:101A1000002804F10104FFF6BBAEA9EB0403002B80
:101A2000F2DCBFE5704701F0BBB801F0C2B810B4FA
:101A30008368DC682822A4464CF2503310BC60470F
:101A400010B483685C684FF0FF33A44610BC604755
:101A500008B500210F2003F049FE00214FF400409B
:101A600004F0CDFDF9E7BFF35B8F50E8003F40E89D
:101A70000012002AF9D1BFF35B8F7047F0B40669FA
:101A80008768336801248C4023EA040333603B6891
:101A900022F48012F0BC184737B50C4605698368FC
:101AA00001A95B68984748B9019B2A685A400123FD
:101AB00003FA04F10A4214BF1846002003B030BDF7
:101AC00000EBC100408840087047F8B50346FFF7B7
:101AD000F7FFB0FA80F0C0F11F0003EB800CCA00E2
:101AE000DCF81060171D0C4606328DB256B9012184
:101AF00001FA00F0D9680143D960CCF81040DD53F9
:101B00009D52F8BDF1000431585AD85303EBC00080
:101B10009E52C5805D52F4E710B500EBC104E38826
:101B2000994202F104010AD1012303FA02F2C368C7
:101B300023EA0203C360002340F8213010BDA288CD
:101B400040F8213000EBC20100EBC300CB80828063
:101B5000F4E708B50346FFF7B3FFB0FA80F2C2F12D
:101B60001F021846BDE80840FFF7D6BF2DE9F8432D
:101B7000B1FA81F5C5F11F0900EB89080346D8F8D1
:101B800010200E46C2B10327D8F81040184621464F
:101B9000FFF796FFB04206D34A461846FFF7BCFF50
:101BA0002046BDE8F88303EBC404013FE088C8F891
:101BB000100001D08242E7D1C5F120024FF0FF347E
:101BC0009440DA681440EBD094FAA4F2B2FA82F2AC
:101BD000111D53F821402146DFE738B50346FFF7D2
:101BE0006FFF0D46044611461846FFF769FF03EBE9
:101BF000C5050444600068801846FFF761FF014492
:101C000023F8314038BD38B50346FFF759FF0C467D
:101C1000A51A511A03EBC40405444800608003EB85
:101C2000C2006C00448023F8321018461146FFF7BA
:101C300047FF014423F8315038BD38B50546FFF75A
:101C40003FFF0C46014405EBC1035B88DA070AD469
:101C50002846FFF77EFF21462846FFF731FF22186E
:101C60002846FFF7BAFF35F83410611A05EBC103B7
:101C70005B88DB070CD42846FFF76BFF35F8341080
:101C80002246611A2846FFF7A8FF35F83430E41AD7
:101C900021462846BDE83840FFF717BF61B100680C
:101CA0000439091A21F007030344C9085A8822F0AD
:101CB00001025A80FFF7C1BF704770B5056809B9C6
:101CC000002070BD01F007030B33CC0804EBD304F4
:101CD000AB689C4228BF1C4621462846FFF746FFBA
:101CE00006460028ECD001462846FFF7E9FEA04250
:101CF00007D932192846FFF786FF11462846FFF715
:101D0000E4FE05EBC6021046538843F001035380FE
:101D10000430D6E71146FFF7D0BF043A2DE9F04171
:101D2000CC1D114424F0070421F007010E1BF70815
:101D3000B7FA87F2C2F12405AD004FF0000807356D
:101D4000C2F12002ED0804604146A760C4F80C808F
:101D5000920004F1100004F0F7FD6B0043F0010362
:101D6000638004EBC5027B1B5900A4F800805180FE
:101D7000A21924F83550A2F80280A35304EBC7033C
:101D800029465A8842F001025A802046BDE8F041B7
:101D9000FFF79BBE2DE9F04706460D4617469846CD
:101DA0002BB398F8004093F80190DB78A40004EB83
:101DB000430498F802301C4444444FF0000ACA45DA
:101DC00009D3D8F8042008F1080339463046AC4658
:101DD000BDE8F047604714F8013B48F8234020462F
:101DE000ECF7E2FB013004440AF1010AE7E76FF087
:101DF0001500BDE8F08770B5002502462846144658
:101E000014F8013B0BB9184609E098B18D4207D18F
:101E1000702B04D0A3F140023A2A0BD8002070BDE9
:101E2000A3F140063A2E05D853780135941C002BB7
:101E3000E9D00020252B08BF80F001002246DEE714
:101E4000002070470FB407B504A951F8040B0191A5
:101E5000EDF79EFE03B05DF804EB04B070470FB4DD
:101E600007B504A951F8040B0191EDF791FE03B0F9
:101E70005DF804EB04B0704710B50369024613F037
:101E8000080009D11368D4689C4297BF126AE31A0C
:101E9000D31A01200B6010BD00231846FAE713B5D2
:101EA00001A90446FFF7E8FF20B1019BE268013B6E
:101EB00013440193206A019BC01A013802B010BD7F
:101EC00010B5044650182269236AD20702D5013B97
:101ED000184010BD984228BFC01AFAE710B5044652
:101EE0000A46C168FFF7ECFF2369E06023F00803AE
:101EF000236110BD38B50D46C2698B00016843F0FF
:101F0000020342F82130044601682A46FFF7D8FF51
:101F1000E36861682060984202BF236943F00803C8
:101F200023612A462046FFF7CBFF606038BD2DE9CC
:101F3000F74FC768C6699B4606EB8703009316F800
:101F4000273003F00303022B0446884691464FF0E6
:101F500000030BD01360CBF8003023699B0713D428
:101F60004FF0000A504603B0BDE8F08F56F8271036
:101F700013608908CBF80030EFD0FFF7AFFFE368BC
:101F8000A3604FF0010AEDE7A36906EB87009847CD
:101F900016F8272012F0010A0546E1D012F00202DD
:101FA0001FD0B8F1000F03D041462046FFF7A2FF33
:101FB00061682A462046FFF783FFD4E90221914257
:101FC000606006D12A462046FFF77AFF4FF0000AEC
:101FD000A060A2682260E260226942F008022261E9
:101FE000C0E7014620460192FFF778FFE368A3604F
:101FF000B8F1000F04D02168E369019A43F8212069
:1020000005EB0802CBF8002021682046FFF758FFB7
:102010002369206043F00803236116F827306FF32B
:10202000000306F82730009BC9F80030A9E770B517
:1020300004461546FFF744FF2368834205D1236910
:10204000216023F00803236170BDE269AB0043F017
:10205000020342F82130204661682A46FFF730FF2C
:102060006060F1E738B503695B07044606D5456A49
:10207000FFF715FF85422CBF6562606238BD38B539
:102080000D4604461C22002104F05EFCEB68A361AF
:10209000AB6863612B68E3616B6823620022626254
:1020A0002A6923B1591E194208BF42F00102226178
:1020B000012204F128000021BDE8384004F0F8B8FE
:1020C0002DE9F04F87B000250093036A03958B42FA
:1020D00004460E4692460595A94639D3EFF3118B77
:1020E000402383F31288BFF36F8F059AD8462AB135
:1020F00029462046FFF79BFF0023059304A92046AD
:10210000FFF7BAFE0499B14207462AD32268E36971
:1021100013F8221021F0030103F8221003EB8209C7
:10212000216832462046FFF7CBFEE36820609842E4
:1021300012D0002788F31188BFF36F8F039929B15C
:1021400062690AB12046904700230393002FC5D14E
:10215000484607B0BDE8F08F236943F008032361C8
:10216000E7E718B12046FFF7C5FEE3E7009B5AEA10
:1021700003021CD0019104F08AF90199B8B9BBF1AE
:10218000000F14D187F31188BFF36F8F009B524665
:1021900004F12800FBF704FCEFF31188402383F3DC
:1021A0001288BFF36F8FB0FA80F77F09C2E705ABE3
:1021B00003AA20462568FFF7BAFE0746BAE770B5BE
:1021C0000446836908460D4698470246EFF3118698
:1021D000402383F31288BFF36F8F2B7843F0010302
:1021E0002B7061682046FFF76BFE60602046FFF7AA
:1021F00039FF86F31188BFF36F8F70BD2DE9F04171
:1022000004464027EFF3118687F31288BFF36F8FE0
:10221000236913F0080FA36802D16268934200D9C2
:10222000226AE169D21A32B986F31188BFF36F8F3F
:102230004FF0000833E011F8232012F0030001EB07
:102240008308F1D0022803D151F82350AD0805D1FD
:10225000D00712D4A369404698470546A1682A468C
:102260002046FFF72DFE2946A0602046FFF736FEE8
:1022700086F31188BFF36F8FC4E742F0020201F8C2
:1022800023204046A369A568984729460246204670
:10229000FFF716FEA06086F31188BFF36F8F4046EC
:1022A000BDE8F081F8B50446836908460D469847B5
:1022B0000646EFF31187402383F31288BFF36F8F35
:1022C0002B786FF300032B7023699B0705D5E26819
:1022D000E36903EB82039D421AD12B786FF341032C
:1022E0002B70D4E90231994204D132462046FFF7DF
:1022F000E7FDA06031462046FFF7F0FD87F3118827
:10230000BFF36F8F04F12800BDE8F840FBF70EBB68
:102310002B6860F39F032B60F0E7EFF311814023FC
:1023200083F31288BFF36F8F036913F0080F83687C
:1023300002D14268934200D9026AD31A81F311880C
:10234000BFF36F8F181E18BF01207047F0B56423CC
:102350000546042600200A2769B9F0BD9A42B2FB5F
:10236000F3F40CD2012B0AD048B903FB1422D2B2E9
:102370000A24B3FBF4F3013EF0D12E70EDE73034C4
:1023800005F8014BB2FBF3F4013903FB14220130D1
:10239000B3FBF7F3C9B2C0B2D2B2DBB2DCE7A0F153
:1023A0003003DBB2092B02D80B7000207047A0F17C
:1023B0006103052B02D85738C3B2F5E7A0F14103FA
:1023C000052B01D83738F7E76FF015007047F7B5E0
:1023D000054601F0010000EB51069E424FEA51070D
:1023E00003D90026304603B0F0BD58B128780DF16E
:1023F0000701FFF7D4FF0028F3DB9DF8073002F850
:10240000013B013501351744BA42EBD015F8010CF8
:102410000DF10701FFF7C3FF0028E2DB9DF807403D
:102420002401E4B2147015F8020BFFF7B8FF00287E
:10243000D7DB9DF807301C4402F8014BE4E7038B1F
:1024400013F0070305D10368002B0CBF0020032005
:102450007047022B05D1408BB0FA80F04009800014
:102460007047012B05D10368002B0CBF002005200D
:1024700070470020704710B50C4600B111B96FF0DD
:10248000150010BD081D00F093F80028F9D1A368CD
:10249000032BF6D9F3E72DE9F0410D46074619461F
:1024A000281D90461E4600F097F8044638B1334682
:1024B000424629463846A446BDE8F0416047BDE89B
:1024C000F08110B4EFF31182402484F31288BFF33B
:1024D0006F8F416110BC0121EDF78CBB38B50C4604
:1024E000054658B151B10B6843B14B6833B11C225A
:1024F000002104F029FA2C61002038BD6FF015008E
:10250000FBE770B505460E46FFF7B5FF041E14DB6A
:10251000EFF31182402383F31288BFF36F8F6B8B2D
:102520002C8B4FF6FF718B4204F0070407D182F326
:102530001188BFF36F8F6FF00A04204670BD022C24
:102540000CD101336B8382F31188BFF36F8F0023AB
:10255000224631462846FFF79EFFEEE7062C14D8A8
:10256000DFE804F004131313041A0400002333609B
:102570006B683BB9C5E90066ACB902212846EDF7A6
:1025800039FBDAE71E606E60F6E782F31188BFF36D
:102590006F8F6FF00404D0E782F31188BFF36F8F61
:1025A0006FF08504C9E782F31188BFF36F8FC4E72A
:1025B000034640B1426802F00302022A06D0032A11
:1025C00004D0012A05D06FF0150070471A68002A60
:1025D000F9D000209860704710B54268816002F021
:1025E0000302022A03464FF0000407D0032A02D058
:1025F0005C60002001E018685C6010BD18685C60D9
:102600000028F6D0FCF774FAF3E7704770B4C66898
:102610000468806A0D0C06FB054414FA81F1846895
:102620002468A44670BC60472DE9F0431C46C36A89
:102630001D686D4289B006468846174605F020059C
:102640001CB9204609B0BDE8F083AC42A14628BFC2
:10265000A9464B466A4641463046FFF7D7FF002859
:10266000F0D16B46484502D1241A8044E8E713F8BC
:10267000012BBA4201D10130F4E70120E2E70B68F7
:1026800003F580330B60008A1A0CB0EB134F04BFC4
:10269000A3EB02430B60704700F082BA38B5C26802
:1026A00003680D0C090C04462D04806A02FB0131FD
:1026B00000F042FC50B9E26AE368527929462046AC
:1026C000FFF7B2FF002818BF6FF0050038BD10B546
:1026D000014604460722FF20F6F76CF9E07110BDB1
:1026E0000368012B81BFC91801F1FF315B4219401A
:1026F000084670472DE9F0410C4605460821C06A9E
:10270000FFF7EEFF072207462146FF206688B4F850
:102710000480F6F74FF9E379834208D1E86846442C
:10272000C01BB04294BF00200120BDE8F081002012
:10273000FBE738B505460C46FFF7DCFFA0B1A088E3
:1027400098B922884FF6FF739A420DD1E86A0821A2
:10275000FFF7C6FF6288EB689B1AB3FBF0F202FB3F
:102760001030B0FA80F0400938BD0020FCE7F7B522
:1027700004460D46C06A0821FFF7B2FF29680746E4
:1027800008232046FFF742FF0646002836D12B6873
:102790003B442B60E26899B2D21B91422ED11A0CB5
:1027A00003BF228A02F1FF3203EB0241A3F580311D
:1027B000296008236A462046FFF728FFE8B9E36A44
:1027C0005A796B4613F8011B8A420CD10130082854
:1027D000F8D1636805E02B68BDF802201B0C1B04D0
:1027E00013442B600AE069462046FFF7A2FF002849
:1027F000F1D129462046EDF70BFB0646304603B0E3
:10280000F0BD2DE9F043074689B090461C461BB940
:10281000002009B0BDE8F083FD683B68080C05FBAB
:10282000003313FA81F6FB6A1D686D4225400CD017
:10283000B86A83683146D3F804902B46C84700280D
:10284000E7D1641BE4D02E44A844224641466846A2
:1028500004F052F8FD6A2A686979121B0DEB040036
:1028600004F072F8B86A2B688268314654686A4688
:10287000A047CEE710B50A46082341680446FFF793
:10288000C0FF08210246E06AFFF72AFF63681B1AAF
:102890006360104610BD13B54FF6FF730022044667
:1028A000ADF800308DF806308368ADF80420684636
:1028B000ADF80230FFF70BFF69462046FFF7DAFF5D
:1028C00002B010BD2DE9F04F044695B0C06A082152
:1028D000FFF706FF63681B0C1B04054603A920468F
:1028E0000393FFF7CCFEDDF80CB0E6685E44761B80
:1028F00006AA0823314620460496FFF787FE021EEB
:10290000C0F2A980E36A06AA5979002312F8010BE4
:10291000814240F08F800133082BF7D1A3686268B1
:102920002B449A427ED259462046FFF7B7FE024614
:1029300091E0BDF81A30360C36041E44049608AAFD
:1029400004A92046DDF810A0FFF711FF0246002879
:1029500040F0818008A92046FFF7CCFE18B9019B02
:102960009A45ECD1DAE7636805930AAA05A92046DF
:10297000059EFFF7FCFE024600286CD1BDF828201A
:10298000BDF820309A4227D06268059B9A42ECD16C
:102990005645E4D1BDF82430002BE0D0BDF82270BC
:1029A0004FEA1A431B041F4408A8A368ADF822305D
:1029B000FFF78DFEE36ABDF824901E68764206F0AC
:1029C0002006B9F1000F0ED108A92046FFF752FFEB
:1029D00002460028C3D03EE00AA92046FFF78AFE3F
:1029E0000028D1D0D4E74E45B04628BFC8460CAA2F
:1029F000434639462046FFF709FE024658BB434688
:102A0000A1680CAA2046FFF7FCFE41460246E06A98
:102A1000FFF766FEA3680344A360E2B9A9EB0809C7
:102A20004744CEE72046FFF736FF024600283FF432
:102A30007AAF10E0731B06A920460193FFF779FED9
:102A400000287FF476AF04A92046EDF7E1F90246AD
:102A500000283FF474AF104615B0BDE8F08F002396
:102A60001A46EDF7E9BB13B500240094EDF7BAFC64
:102A700002B010BD03785B075FBF03684288C3F3F1
:102A80004A2303EB12105DBF173020F007008008C7
:102A9000002070470020704702F0FBBD0346BFF3E3
:102AA0005B8F53E8000F421C43E800210029F8D156
:102AB000BFF35B8F70470120EDF7D2BD0020704758
:102AC0004368DA7143681960436801225A71EDF76F
:102AD000B9BD70B515460C4669B1D2E901369B1BEC
:102AE00099420AD813680A460146981903F004FF70
:102AF000AB682344AB60204670BD6FF01B00FBE762
:102B000070B50E4615461946044618B9BDE8704022
:102B1000EDF7A6BD33B1C2F34A231030120D1844AD
:102B200003F0EAFEC4E900562046BDE87040EDF728
:102B300045BF2DE9F3415F1C4FEA8708064608F1BF
:102B4000170020F0070080080C461546EDF70AFE36
:102B50000023ADF805308DF807308DF8047068B1AA
:102B60000346019A43F8102FA8F104012A4629448C
:102B700052F8045B43F8045F8A42F9D1A20102F4DF
:102B8000E07242EA482222F07F4222F470020023DF
:102B900022F03F02314602B0BDE8F041FFF7B0BF7E
:102BA00007B50123019201AAFFF7C3FF03B05DF847
:102BB00004FB07B5CDE9002302236A46FFF7B9FFFE
:102BC00003B05DF804FB1FB5CDE90123069B039319
:102BD00001AA0323FFF7ADFF05B05DF804FBF8B5CC
:102BE00006460D4614461F4604B9F8BD2146284640
:102BF0003A46B047241A0544F6E710B542688168A2
:102C00000446D2E900230068FFF7E9FF6368002269
:102C10001A6010BD38B54B681A68CB689A420546F1
:102C20000C4602D10846FFF7E8FF6368BFF35B8FED
:102C300053E8002F511C43E800100028F8D1BFF3DF
:102C40005B8FA3689D54002038BD0A2838B5044620
:102C50000D4602D10D20FFF7DDFF29462046FFF784
:102C6000D9FF002038BD2DE9F043054687B008465E
:102C70000E8891F80090D1F808800C461746EDF7C1
:102C800041FF011EC6F38216C9F3C2091EDB484686
:102C9000EDF7A6FE03462146608851F8102B0196F9
:102CA000C2F34A22002A01EB0204C0F30B1008BF52
:102CB00000210022CDE90407CDE90214009241462B
:102CC0002846EDF74BFF07B0BDE8F0830023E2E7AD
:102CD000704770B54C680368A34201D2012070BDF3
:102CE0008A682244934201D30020F8E7D1E9032502
:102CF0004E69B54203D36FF00B038B61F4E71B1BE6
:102D000042F835304368086902EBC00253600B6932
:102D100001330B61E2E737B50C46C0B201A9154695
:102D2000EEF764F900280CDB019850B121462A46E1
:102D3000EEF782F904460198FFF7CAFF204603B078
:102D400030BD6FF01504F9E70020EEF7C1B900229D
:102D50001146EEF78BB9034610B508460AB10021BB
:102D6000116053B1D0B1411E11F8010F80B113F8B9
:102D7000014BA04201D13D28F6D100200EE00133E5
:102D800013600AE03D2808D0B0FA80F0400905E061
:102D900018782F28F6D1002AF1D1012010BD10B5E6
:102DA00009B100230B6058B103461A781C46013361
:102DB0002AB13D2A03D02F2AF7D101B10B60201A86
:102DC00010BD0830704710B5134614460A46818876
:102DD0000068FFF748FEA042A8BF204610BD2DE9BD
:102DE000F04F97B0044601929A46894600297CD05C
:102DF000DAB1BAFA8AF67609258F0135ADB2A8465E
:102E000004F1080B6F1EBFB2B7F5004F26D04A235E
:102E100003AA39465846FFF726FE002807DA10F1C4
:102E2000020F08BFB8463D46ECE70126E4E700F193
:102E300058030DEB0300002300F84C3C03A948465F
:102E4000EBF7A0FB0028EED126B339465846FFF732
:102E500006FE002805DA17B0BDE8F08FBEB30020EB
:102E6000F9E705F57F513F3189B25846FFF7F7FD85
:102E70000028F0DB238FBB42F1D12246013B22F830
:102E8000383F4FF4004102235846EDF7D5F900EAE8
:102E9000E070E0E7B846B8F5404F29D0238F4345AE
:102EA00004F1080515D308F58041019A534689B20B
:102EB0002846EDF7C1F90028CDDB002ECFD04846DB
:102EC000EBF772FB4A46034641462846DDE70126FA
:102ED000E1E72246022322F8388F4FF400412846CA
:102EE000EDF7AAF90028DEDAB5E76FF01500B2E7D2
:102EF0006FF00B00AFE773B5C36B03630446C3B158
:102F000000F108063046ECF7E1FF054670B90223F0
:102F10000DF106024FF400413046FFF7A4FD0028F2
:102F2000ACBFBDF806304FF400432387284602B0FB
:102F300070BD6FF01205F9E72DE9F0418768FB6875
:102F400004460D4616469847BB682BB132462946C3
:102F50002046BDE8F04118476FF05700BDE8F0810A
:102F6000FEE703F0F1BC03F0C7BC01460068EEF7D2
:102F70002BBC08B5EEF784FCBDE80840EEF7A4BC16
:102F80000A460121FFF70CBE00210120EEF71CBC10
:102F90006FF08500704761B662B680F31188BFF3A9
:102FA0006F8F704772B6002383F31188BFF36F8F62
:102FB000BFF34F8F30BF62B6BFF36F8F704772B6EB
:102FC000002383F31188BFF36F8FBFF34F8F20BFB0
:102FD00080F31188BFF36F8F62B67047202809D93C
:102FE000B0F1004F08D80138B0FA80F0C0F11F00EE
:102FF00040007047082070473E20704708B5D1E96F
:1030000004319847002008BD7047002303824369BC
:10301000C3607047416A8968EFF732BAEFF31182F3
:10302000402383F31288BFF36F8F00230B60436844
:1030300033B9C0E9001182F31188BFF36F8F704775
:1030400019604160F7E710B50346EFF311814022A4
:1030500082F31288BFF36F8F006828B15C68026842
:103060001A60A04208BF5A6081F31188BFF36F8FC6
:1030700010BD027A013202727047034618465B683F
:10308000002BFBD17047426810B52AB10B461C4695
:103090005B68002BFBD16260416010BD10B5044637
:1030A00020B90B7A01330B72084610BD034618464F
:1030B0005B68002BFBD1FFF7E6FF2046F5E792B2F5
:1030C00081600160C2808280704783680B44036026
:1030D000704703680B6043684B6083688B60704780
:1030E0008388026819448180D018704730B484887E
:1030F0000568A3188380281930BC03F0FDBB10B508
:10310000838802685C1C8480D154D01810BD8388E9
:10311000026830B5D4189D1C8580D154090A6170AD
:1031200030BD034600689A88401A1144186099809F
:1031300070470268531E036083880133838002F85E
:10314000011C70478288521A034682800068084436
:1031500018607047034600689A88521A01449A80A2
:103160001960704710B503681C780121FFF7EAFF6A
:10317000204610BD10B503681C880221FFF7E2FF4E
:10318000204610BD02688068101A70478388C28884
:103190008168D21A03685B1AD01A704770B50D4661
:1031A00000210446FFF7FBFD0D2818D1237B302BAF
:1031B00013D0312B13D1012305F8063B04F10C0683
:1031C0002A462046012302210234FFF700F9B442C7
:1031D00005F1FF35F4D1002070BD0023ECE76FF05E
:1031E0001500F9E70020704710B50C4601782278E9
:1031F0008A428AB00FD06946EFF7F6FB05A9204650
:10320000EFF7F2FB10220DF115010DF1010003F0B3
:10321000A3FB0AB010BD012A06D0022A07D072B95A
:1032200040886388C01AF4E740686368FAE71022B0
:10323000611C01300AB0BDE8104003F08DBB6FF097
:103240001500E6E7042A0AD0102A0DD0022A4FF012
:10325000000315D103700B884380012070470123C0
:1032600003700B684360F8E7022300F8013B01F1AB
:10327000100351F8042B40F8042B9942F9D1ECE7E4
:1032800018467047012310B50621044600F8013B9B
:10329000F8F730FB18B9A37963F03F03A37110BDB1
:1032A0000B6803608B8883808B798371037823F0AC
:1032B0000203037070470078C0F34000704738B5D0
:1032C0000446807AEFF7B2F86169054649B1637A3E
:1032D000DB0704D4436A1B6820469B689847002399
:1032E000636121462846BDE8384002F0D3BF2DE98E
:1032F000F04101F10C080C46054600F10C01404676
:1033000017461E46FFF7E5FE4046FFF73BFF012349
:1033100010FA87F068826B722F8239464046FFF7B9
:1033200011FFE3687360628A0023E3607281638245
:1033300034602846BDE8F08138B5D1E90032DA6062
:103340000B684A895A820C4605460868EFF716F959
:1033500020461022002103F0F7FA2846BDE8384045
:10336000FFF7ADBF438A23B9C068B0FA80F04009C7
:103370007047002070470F2807D80D280BD8052864
:1033800008BF032018BF02207047132803D01A2853
:1033900008BF0120F6E701207047FFF701BC10B518
:1033A0000346BFF35B8F53E8000F40EA010243E896
:1033B0000024002CF7D1BFF35B8F10BDFFF7F9BBE2
:1033C0000023EDF71BBBBFF35B8F50E8003F0B40C2
:1033D00040E80032002AF8D1BFF35B8F704738B560
:1033E00004460D46EFF7DCFD5F3005D12946204647
:1033F000BDE83840EFF7AABC38BD10B5F1F732FB95
:103400006FF4807104461030FFF7DDFF2046BDE801
:10341000104000F06EB9C368DB78012B01D1FFF7D3
:10342000ECBF7047C368DB78012B01D1FFF7E5BF24
:10343000704710B503884288934219D8052B17D9D5
:10344000B2F5486F14D88388B3F5FA7F10D2C088DC
:10345000A0F10A0189B240F67644A14208D80133AE
:103460009BB25343B3EB800F34BF0120002010BD4B
:103470000020FCE7002070470020704770B506462A
:103480000D464FF0FF304FF0FF31F0F76FF8044674
:1034900018B9BDE87040EFF74FBC03210C30FFF7BF
:1034A0001FFE06808570214642F22100BDE8704073
:1034B000F0F7AAB970B506460D464FF0FF304FF051
:1034C000FF31F0F753F8044668B103210C30FFF7E1
:1034D00007FE0680857021460022BDE8704040F25C
:1034E0000640F0F7ADBA6FF0680070BDC368187899
:1034F00008B1EFF779BC1846F0F72EBE38B54FF09B
:10350000FF3105464FF0FF30F0F730F8044668B160
:1035100002210C30FFF7E4FD2B88038021460022B6
:10352000BDE8384042F21600F0F78ABA6FF0680042
:1035300038BDF8B507460E464FF0FF304FF0FF316B
:103540001546F0F713F8044678B106210C30FFF762
:10355000C7FD3B8803804680858021460022BDE868
:10356000F84042F22200F0F76BBA6FF06800F8BD45
:103570002DE9F047814688464FF0FF304FF0FF318C
:103580009DF820A017461E46EFF7F0FF0546A0B1B4
:1035900007210C30FFF7A4FDB9F80030038080F854
:1035A0000280C7700671A0F805A029460022BDE878
:1035B000F04742F23200F0F743BA6FF06800BDE81E
:1035C000F08708B500200021F0F7CEF918B1BDE86A
:1035D0000840F0F713B9BDE80840F1F72DBF08B572
:1035E000072203F0B9F9B0FA80F0400908BDFFF7EF
:1035F000D7BA00280CBF08460020704718B111B197
:103600000846F0F725BF6FF01500704713B5044664
:1036100080B106216846F8F76DF948B99DF8053084
:10362000694603F03F0320468DF80530FFF7E6FFBB
:1036300002B010BD6FF01500FAE7003818BF012086
:10364000704700207047034610F4004F0CBF07205E
:103650000620DA0348BF00F005009B0348BF00F0D6
:10366000FB007047BFF35B8F0068BFF35B8F704751
:10367000012303FA01F15AB1BFF35B8F50E8003F19
:103680000B4340E80032002AF8D1BFF35B8F70474C
:10369000C943BFF35B8F50E8003F0B4040E8003266
:1036A000002AF2D0F7E770B5064686B00D464FF017
:1036B000FF304FF0FF31EFF759FF0446B0B10C3047
:1036C00095B10121FFF71BFD06F1100203A9204669
:1036D00000950823EFF738FF0022214642F20A0046
:1036E000F0F7AEF906B070BD2946EBE76FF0680061
:1036F000F8E7183002F0B8BED0F8C000003818BFA4
:1037000001207047084689691160C2691A60C27A4F
:103710000021183003F018B92438F1F797BB03687B
:1037200000220BB9184670478B4210D10B6842B982
:1037300042680360914200D1436000230B60012086
:10374000704713604368994208BF4260F5E71A4624
:103750001B68E6E7837A072B01D1F1F7A7BB704717
:1037600010B50446006918B1EEF708FF0023236185
:1037700010BD10B5BFF35B8FD0F8D430BFF35B8FB3
:1037800000F1D4027BB1BFF35B8F591C52E8004FAC
:103790009C4204D142E8001CBCF1000FF6D1BFF3FB
:1037A0005B8FE7D110BD1846FCE710B5837A023B6A
:1037B0000446062B16D8DFE803F009041515150B8F
:1037C0000900417200212046F1F7DCFC002010BD09
:1037D0000088FFF76FFE0028F9D1A37A072BF5D1F7
:1037E0000821F0E76FF07F00F1E738B5037A8B42EC
:1037F0000446154615D100F170010722284603F052
:10380000ABF880B1E378072243B904F17E01284682
:1038100003F0A2F8B0FA80F0400938BD04F1770156
:10382000F5E70020F9E70120F7E78378012B0CBFCB
:103830007030002070478278012A0B460BD109882E
:103840005A88B0F8AA308B4203D1B0F8AC3093421A
:1038500004D0FFF76EBE6FF0150070476FF0770071
:10386000704713B58478012C0B4617D10A8802F0F3
:103870000301032910D0D10701D402F002049A7881
:10388000DB78B2FA82F149090BB941F002010094E8
:10389000FFF76EFE02B010BD0024F0E76FF01500D8
:1038A000F8E7F8B507460D464FF0FF304FF0FF310F
:1038B000EFF75CFE0646D0B10E210C30FFF710FC8E
:1038C0000E220446002103F03FF83B8823802B881A
:1038D00063806B88A380AB88E380EB8823813146CB
:1038E0000022BDE8F84042F21300F0F7A9B86FF0EB
:1038F0006800F8BD704710B50446FAF7D1FC2346BE
:1039000053F8482BD2F8C01061B9A164D2F8C410A2
:1039100061B9C2E93033FAF7D7FC2068BDE810403E
:10392000F1F706BC8B42F6D00968EDE70B60C2F8F0
:10393000C430F0E703682BB141681A6802608B421B
:1039400008BF4260704770472DE9F843446B002C74
:1039500055D054F8085905B1083D002701E02C4620
:103960001D46D4E900682EB3FAF79AFCD6F8C030A9
:1039700004F14801002263B1994232D1A36C42BBE9
:10398000D6F8C420C6F8C030914201D1C6F8C43080
:10399000A764FAF799FC04F1300900220023484695
:1039A000F9F792FF0646F8B9D8F804300BB1204673
:1039B00098472760E3680BB120469847D8F8203035
:1039C0000BB120469847D5B1AB68002BC7D0083B58
:1039D000C5E71360D6F8C430994208BFC6F8C420C2
:1039E000D6E71A461B68C6E7B36923B1F1692068B8
:1039F0006FF06D0298473046EEF7C0FDCDE7BDE8A9
:103A0000F883F8B50F4600210546164600234FF40B
:103A100080320846F2F738F9044620B92846BDE856
:103A2000F840F2F7FDB804210C30FFF759FB0570A0
:103A3000477046802046F8BD406B30B1838B8B4287
:103A4000A0F1080001D08068F7E7704710B54AB9C7
:103A500089B2FFF7F1FF28B143689B6913B1BDE854
:103A60001040184710BD38B50D460521FFF7E4FF9B
:103A700000231A462946F2F721F9044610B12846D8
:103A8000EEF77CFD204638BD406B30B183898B4218
:103A9000A0F1080001D08068F7E77047704703463F
:103AA000006828B1596802681A60884208BF5A60E5
:103AB00070470346002003B970471A8A5B681044B8
:103AC000F9E710B5D4682378023113B921700120C9
:103AD00010BD8B42FBD0038A023B038200201061A1
:103AE000F6E7FFF75DB82DE9F04104468868FFF777
:103AF000E0FF638D628B934228BF134683420D46DD
:103B00001DD3A165D1F8088000278F60FAF7C8FBA4
:103B100041462046F2F7CEFA064638B1C5F808808D
:103B2000A765FAF7D1FB3046BDE8F081618D638B64
:103B3000994228BF19462846F4F70CFFF1E76FF0C9
:103B40007906F0E708B503680A8A1868C968F4F7C7
:103B500019FE002008BD38B5054601F10C000C46E1
:103B6000FFF708FB2D68238AE2680146286800F009
:103B700072FF002038BD38B504460D46F2F79AFAB8
:103B800030B1294604F15C00BDE8384002F077BB53
:103B900038BD70B405686A6A52B3136803B1A83BB4
:103BA000A2F1A8040022114600E0A83B844207D0FD
:103BB000668D648BB14238BF3146A24238BF22467F
:103BC0001C462BB1D3F8A830002BEED18442EFD1A4
:103BD000438D408B8B4201D890420BD9824238BF33
:103BE00002469942286838BF194670BCF4F730BEC7
:103BF0001146EDE770BC704773B5144601460546A3
:103C00004FF49572206800F0B4FE207530B920683A
:103C1000294600F035FF20B908232375002002B0A3
:103C200070BD237AB3B1A3F11802534253419B00F4
:103C30000193638A0093AE68238AE268206829466C
:103C4000B047002808DB238A98420CD10023237553
:103C50000120E4E70223EBE710F1FF0F03D340421A
:103C6000C0B22075DAE70E20FBE71FB5CDE90123CE
:103C7000002300931A46F3F75BFF05B05DF804FBE1
:103C8000F8B59368166805460F46144663B9506840
:103C900001210C30FFF724FAA0602B681B78002B61
:103CA00014BF022301230370A3681B78012B03D0E8
:103CB000022B1FD000201CE02B681B78002BF9D1B1
:103CC000606804210C30FFF70BFAE06007802A6877
:103CD000E36852885A806168728D738B088A9A42B1
:103CE00094BFC0EB0200C0EB0300042894BF002087
:103CF0000120F8BD2B681B78022BDBD160681221F4
:103D00000C30FFF7EDF9E06007802B68E268591C82
:103D10000232113351F8040B42F8040B9942F9D1E5
:103D20006168728D738B088A9A4294BFC0EB02005F
:103D3000C0EB03001228D9E7D0680378043113B927
:103D40000170012070478B42FBD091680B8A0020E4
:103D5000043B0B821061704770B504460E4600228A
:103D600000230846F9F7B0FD054658B10146204644
:103D7000F2F7A0F9044618B12946304602F08AFA53
:103D8000204670BD6FF00104FAE72DE9F04F0446BC
:103D900085B0104690469946FFF78BFE638B628D87
:103DA000934228BF134683428B4640F29380636858
:103DB00003934046FFF761F94FF0000A064640467C
:103DC000FFF777FE628B638D06F10C079A4294BF72
:103DD000C0EB0205C0EB03053846FFF7D7F9854273
:103DE00017D24046FFF765FE628B638D9A4294BFFF
:103DF000C0EB0205C0EB03058DBB98F80A00EEF797
:103E000015FB00220023FFF705F9064630B9574697
:103E100036E03846FFF7BAF90546EDE70146404679
:103E2000FFF73CF94046FFF744FE628D638B06F1D5
:103E30000C079A4294BFC0EB0205C0EB030538465D
:103E4000FFF7A4F985421FD24046FFF732FE628D8C
:103E5000638B9A4294BFC0EB0205C0EB0305F16887
:103E6000328ACDF80090DBF8047003980A44ABB2B4
:103E70005946B847071E0CDABAF1000F18BF57466B
:103E8000384605B0BDE8F08F3846FFF77FF90546A4
:103E9000E5E70E9BB3B9394606F10C00FFF720F9B0
:103EA0004046FFF706FE638D628B934228BF1346A0
:103EB000B9448342BA441FFA89F9A8D9AF423FF402
:103EC0007EAFA4E70F9A0E9B3946304698470028EC
:103ED000E1D19CE70027D3E70368002203B97047CC
:103EE0008B420FD10B683AB942680360914200D10E
:103EF000436000230B60704713604368994208BF1A
:103F00004260F6E71A461B68E8E7BFF35B8F50E8AC
:103F1000003F43F0080240E800210029F7D1BFF339
:103F20005B8FC3F3C00070472DE9F0410646904611
:103F30001F460D46B9B104220121F2F7F3F90446F8
:103F400018B9BDE8F041F2F72BB904210C30FFF7A6
:103F5000C7F80570A0F80180C77021463046BDE85B
:103F6000F041FFF708BEBDE8F08137B50C460546C5
:103F700001F10C00FFF7FEF8228A0192E26800923C
:103F80000346132212212846F2F746FA03B030BD49
:103F900037B50C46054601F10C00FFF7EBF8228A15
:103FA0000192E26800920022034611462846F2F789
:103FB00033FA03B030BD2DE9F3411768D7F8048018
:103FC000002314461373014606469522404600F02E
:103FD000D0FC0546207330B93146404600F04EFD16
:103FE00028B908232373002002B0BDE8F081CDE991
:103FF00000553146A388A2683846FFF7C6FE002860
:1040000007DA10F1FF0F26BF4042C0B20E20207326
:10401000E9E70120E8E72DE9F3411768D7F80480C4
:10402000002314461373014606469522404600F0CD
:10403000A0FC0546207330B93146404600F01EFD15
:1040400028B908232373002002B0BDE8F081A068DE
:10405000798D7A8B038A914294BFC3EB0103C3EB42
:104060000203012BEFDD02210C30FFF739F8CDE917
:1040700000558046A388A26831463846FFF785FE82
:10408000031E06DA13F1FF0F26BF5B42DBB20E23DD
:10409000D8E7A8F800300120D6E707B5CA6813882A
:1040A000528800920C210D22F2F7D4FC03B05DF887
:1040B00004FB07B5CB6800221B8800920A210B2263
:1040C000F2F7C8FC03B05DF804FB70B5CB681E883E
:1040D000B3B2162B044629D90321F2F777FB054624
:1040E00030B302210C30FEF7FBFF6FF00D030370BD
:1040F0000123437029462046FFF73DFD4FF4F97335
:104100006383236866851B68BFF35B8F043353E8C2
:10411000001F41F4803143E80012002AF7D1BFF3B9
:104120005B8F2046FFF735FD002070BD0420FCE7C3
:104130000E20FAE7F8B50546071F00F1500350F8C6
:10414000044CBFF35B8F53E8001F21F0040143E8E8
:104150000012002AF7D1BFF35B8FFCB16B6D83B9FE
:10416000636873B1201DFFF79AFC06460146384686
:10417000FFF7B9FC90B163683360A368666003B968
:10418000A66005F158013846FFF7E6FD30B104F1AD
:104190000C013846BDE8F840FFF7DEBDF8BD2DE95B
:1041A000F041446A074634B354F8A86906B1A83E02
:1041B00000231D4607F1040801E034461646A26DAF
:1041C00092B905B983B94046FFF769FC054650B17D
:1041D00001462046FFF787FC68B17B682B60BB680F
:1041E0007D6003B9BD6023462EB1D6F8A820002A11
:1041F000E3D0A83AE1E7BDE8F08138B5BFF35B8FC3
:104200000B68BFF35B8FDB07054616D550F8040C2F
:1042100098B16B6D8BB90430FFF741FC044660B177
:104220000146281FFFF75FFC38B155F8043C5A6877
:1042300022609A685C6002B99C6038BDF3F70CBCE0
:1042400008B5F2F703FE08B3426A02B3136803B17C
:10425000A83B32F88E0C32F87E2C904228BF1046D4
:1042600043B913E0934228BF1346984238BF18461B
:10427000A1F1A803D3F8A8105A8B5B8D0029F1D1C6
:104280009A4228BF1A46904238BF104608BD1046D1
:10429000FCE70A8AC9680023F2F7F6BEFFF7F9BF08
:1042A000FFF7F7BFFFF7F5BFFFF7F3BFFFF7F1BF6A
:1042B000FFF7EFBFFFF7EDBFFFF7EBBFFFF7E9BF7A
:1042C000FFF7E7BFFFF7E5BF70B5CE6833889AB256
:1042D000162A04460D4606D8002204231146BDE8DE
:1042E0007040F2F7D1BE4FF4F97242834385FFF775
:1042F00050FC2A8A002331462046F0E770B50E466E
:10430000F2F7A4FD044628B93046EEF737F96FF00E
:104310007F0070BD00F10C052846314601F0AFFF6B
:10432000606A38B150F8A84904B1A83C2946FFF7A3
:1043300013FD20B90020ECE71C466FF00100002CB3
:10434000F8D0D4F8A83023B90230F5D020461C4666
:10435000ECE7A83BF8E738B505460C46F9F7A0FFAF
:104360002846F2F773FD20B9F9F7AEFF6FF07F0032
:1043700038BD0023236083683BB9C0E90144FFF7DF
:104380000EFFF9F7A1FF0020F2E71C608460F6E75A
:1043900010B50C46F2F75AFD98B1436A4BB153F889
:1043A000502CD168A142A3F1A80309D0D3F8A830BA
:1043B000F4E7406828B1C368A34202D00068F9E777
:1043C000104610BD10600020704710B5029CA36815
:1043D00033B1B1F5807F28BF0E21CAB2214698477C
:1043E000A37DE268013BDBB2A37522B11BB9204675
:1043F000BDE81040104710BD10609180002070474C
:10440000B1F5807F009A28BF0E211368C9B2184702
:104410000020704708B5072202F09EFAB0FA80F03B
:10442000400908BD10B503789342044607D1013016
:10443000FFF7F0FF002814BF2046002010BD002029
:10444000FCE7FEF7ADBB0B6803608B8883808B793C
:1044500083717047FEF7ADBB10B50346BFF35B8FAA
:1044600053E8000F00EA010243E80024002CF7D1D2
:10447000BFF35B8F10BDBFF35B8F0068BFF35B8F33
:10448000704710B50346BFF35B8F53E8000F40EA57
:10449000010243E80024002CF7D1BFF35B8F10BD6D
:1044A0002DE9F041069D0C4606466FF0040105F12A
:1044B0001000FFF7D1FFF4B13046F3F73BF80146A7
:1044C00048B3836853B11868002205F1140C2BB16E
:1044D000634508D12B463046F2F75AFFB4F5807F8A
:1044E00028BF0E240FE020B107681A46034638465D
:1044F000EDE70746F9E7AB892BB92F68234622463B
:1045000029463046B8476B682BB12A46E1B230469F
:10451000BDE8F0411847BDE8F08170B50D4606468C
:1045200011F8010BF1F726FA044610B12C89F0F7C7
:10453000E3FD6B89A34207D0EB686C8123B1214670
:104540003046BDE87040184770BD08B502210C30F8
:10455000FEF7C6FD6FF00D030370012343700020CA
:1045600008BD10B502210C301446FEF7B9FD2389B1
:104570000380002010BD10B504210C301446FEF756
:10458000AFFD2389038063894380002010BD70B58F
:104590001446002500F10C066268EBB29A4205F160
:1045A000010501D8002070BDA268304632F8131012
:1045B000FEF7ADFDF0E7FFF7EABFF7B5089D064649
:1045C0002F680C4651B973B9002308932A46E1B20B
:1045D0003046BC4603B0BDE8F0406047B1F5807F8F
:1045E00028BF0E24F0E7009313462A46B8470894E4
:1045F0002F6823462A462146EAE710B5144652B9E9
:1046000000F17001007AF2F781FE20B18460BDE80C
:104610001040F2F727BF10BDF0B587B00D460C9CD7
:10462000114606461A465DB983B92768002322461B
:10463000E9B23046BC460C9307B0BDE8F040604795
:10464000B5F5807F276828BF0E25EFE703A8FEF7A2
:1046500036FDBDF81030012B08D8002300932568E3
:10466000224619463046A84707B0F0BD022103A8EC
:10467000FEF770FD0346BDF8102033F8027B974229
:1046800028BF174600972568224600213046A847D4
:10469000394603A8FEF75EFDDBE738B5BDF81040EC
:1046A000A24215460CD84CB16BB1A21A8A42A8BFDF
:1046B0000A4694B22246591902F01EF9204638BD26
:1046C0006FF00600FBE76FF00D00F8E730B585B03E
:1046D000C96814461D46F2F719FF00B10089ADF80C
:1046E0000E0002230093BDF820200DF10E03294691
:1046F0002046FFF7D2FF05B030BD1FB50C46194666
:10470000E3681C781046BDF818203CB11024013332
:10471000069404B0BDE81040FFF7BFBF5B88ADF85A
:104720000E30022300930DF10E03FFF7B6FF04B025
:1047300010BD2DE9F04114461D46BDF81870EFF785
:1047400059F80646E9F730FF80B2069033463A46FC
:1047500029462046BDE8F041FFF79FBF30B585B040
:1047600014461D46FEF786FE0223ADF80E000093A8
:10477000BDF820200DF10E0329462046FFF78DFFDE
:1047800005B030BD38B500F10C04042120461546B3
:10479000FEF7A6FC2B8903806B894380E9680B78C0
:1047A0002BB949882046FEF7B2FC002038BD102204
:1047B00001312046FEF79AFCF7E7036800220BB9A7
:1047C000184670478B4210D10B6842B942680360AB
:1047D000914200D1436000230B60012070471360B9
:1047E0004368994208BF4260F5E71A461B68E6E74E
:1047F000022A10B508D1002300F170011A46007A90
:10480000F2F748FE022010BDF2F776FFFAE72DE935
:10481000F84306460D464FF470200021DDF8249041
:1048200017469846F2F7F2FB044660B14560C76050
:104830009DF820104A463046F2F7B6FB054638B9D7
:104840002046F2F711FC6FF00B052846BDE8F8830F
:10485000002211460123F2F747FDA56028463A469B
:104860004946C047054618B12046F2F7FDFBECE784
:1048700021463046FFF76FFD05460028E5D0F3E7F7
:1048800038B500F10C05022128461446FEF728FC35
:1048900063890380A1892846FEF739FC042104F1CD
:1048A0001000FFF7EEFD002038BD13B5044610B927
:1048B000002002B010BD00238DF80430006842F6DD
:1048C000030301A9ADF80630FEF78EFC0028EFD1F6
:1048D000E36898880028ECD12046F3F7F9F8013016
:1048E00080B2E6E770B5CC6888B008461E46A3796A
:1048F0008DF80C301546FFF7D8FFADF80D00246891
:1049000023786BB96388ADF80F3005230093BDF8A9
:10491000302003AB31462846FFF7BFFE08B070BD1C
:10492000631C0DF10F02113453F8041B42F8041BF1
:10493000A342F9D11323E9E71FB5CDE901230023F1
:1049400000931A46F3F7F4F805B05DF804FB10B5D0
:104950000446A0F1170110F8180CF3F7C9F914F880
:104960000C0CA4F10B01BDE81040F3F7C1B9FFF73F
:1049700067BC4B8A12F0010FC3F30E0304D013F08F
:10498000950F10D0486870B112F0020F04D013F4E4
:10499000957F0AD0896841B1134013F4DE7F14BFBC
:1049A0000520002070470220704703207047F8B5AB
:1049B0000F4651684B8A03F094030646144613BB16
:1049C0000122F3F7F9F908B3A2891B21023230461C
:1049D000F2F7EAFA0546E0B1A1890C300231FEF7A0
:1049E0007FFB20F8027BA289A16801F085FFD4E952
:1049F000041228460123F2F777FC29463046BDE829
:104A0000F840FFF77BBC4FF0FF30F8BD6FF01500AA
:104A1000FBE76FF00B00F8E773B504460D46F9F7B6
:104A20003FFC29462046FFF7B3FC014620B902B0FF
:104A3000BDE87040F9F748BC46682046F2F728FC0C
:104A4000F9F742FC2EB1002300951A460E212046AC
:104A5000B04702B070BDF7B50D46044616461F4676
:104A6000F2F768FD014628B1009733462A462046F2
:104A7000F3F750FE03B0F0BD0120704701207047EE
:104A8000012070470021F8B54FF0FF324FF0FF339F
:104A900005460846F1F7F8F800F10C070446012135
:104AA0003846FEF71DFB0526067001213846FEF745
:104AB00017FB002306701A4621462846F1F7FEF838
:104AC00010B12046EDF75AFD0020F8BD6FF08500CB
:104AD000704700207047F8F729BF0369C9B20C225C
:104AE00001FB0233186C00F00700704770B5C9B2C3
:104AF0000369EFF31185402484F31288BFF36F8FAD
:104B00000C2606FB0134246C14F0C00408D0A24229
:104B100006D085F31188BFF36F8F4FF0FF3070BD63
:104B200071430B4401221A6485F31188BFF36F8F20
:104B300043680B445B6898470020F0E78022FFF74A
:104B4000D5BFF8B5069F0469C9B2EFF311864025B9
:104B500085F31288BFF36F8F0C2569430C44256CD5
:104B600005F0070CBCF1010F0BD1276486F3118807
:104B7000BFF36F8FC4E90E2343685B58984700204A
:104B8000F8BD05F0C005AF4286F31188BFF36F8F03
:104B90000CBF6FF077004FF0FF30F1E713B58024C2
:104BA0000094FFF7CEFF02B010BD10B40069CBB285
:104BB0001C2403FB0400002110BC10471046F8F72A
:104BC000B5BE00F06BBEF6F755BF4FF4AF6070474F
:104BD000002208B511461046FAF73CF8002818BF25
:104BE0006FF0150008BDF7B50F4616464FF4806507
:104BF0000024A64203D816D0162003B0F0BD331B04
:104C0000B3F5806F38BF1D462A4601AB3919002025
:104C1000FAF750F820B9019BAB4201D12C44E8E7E8
:104C20006FF01500E9E70020E7E7F7B51C461646E8
:104C3000002382682360A36053690D4601AA694678
:104C40009847019B5A1E01921BB96FF0150003B0E3
:104C5000F0BD0098A26847682168676085B9B31AFB
:104C6000D0F800C0634528BF63461A4403FB071110
:104C70002160A26002689A4206D808300090E0E7FE
:104C80006B1AB3FBF7F3EBE70020E0E713460022D3
:104C9000FFF7CBBF2DE9F047836886B05B69884694
:104CA000914601A902AA98470024A2462546029BE4
:104CB000AB4202D806B0BDE8F087019F07EBC507FD
:104CC00000267B6804933A68B2420AEB060302D8D6
:104CD00001359A46EBE703940593494603A8C0477C
:104CE0000028E7D0049B01361C44ECE74FF4000297
:104CF0000023C1E900230020704718B901F1180012
:104D0000F8F714BE704731B94FF0FF324FF0FF3360
:104D10001830F8F745BE704710B50169BFF35B8FD7
:104D2000044601F1300353E8002F013A43E8002024
:104D30000028F8D1BFF35B8F4B6B1A4301D1F7F713
:104D400017FD2069BDE81040F8F7F0BD0369BFF317
:104D50005B8F303353E8001F013143E80012002A13
:104D6000F8D1BFF35B8F00694FF0FF324FF0FF3394
:104D7000F8F716BE7FB5FF238DF803300DF103035E
:104D8000002101930123CDE9023105238DF80C3078
:104D900003A801AB04910593F4F798FC0028A8BF81
:104DA0009DF8030007B05DF804FB1FB500218842A1
:104DB0000CBF0623042301A8CDE9011103918DF84E
:104DC0000430F4F783FC002818BF6FF0040005B02E
:104DD0005DF804FB10B50C4601F099F80023C4E916
:104DE0000003184610BD38B505460C4601F08FF893
:104DF000002D07DBA84205D9401B84428CBF002050
:104E0000012038BD0020FCE770B50D462846194644
:104E100016461C46FFF7E7FF28B921462846BDE89D
:104E20007040F4F76DBF24B122462946304601F0A8
:104E300063FD002070BD43685B68D3F810350B60DC
:104E40000020704743685B6802EA010021EA020122
:104E5000C3F80805C3F80C150020704743685B6869
:104E60000020C3F80815704743685B680020C3F84A
:104E70000C15704743685A68D2F8043521EA0300DC
:104E80000B40C2F80805C2F80C350020704710B579
:104E900003695868F8B1884219D19C68086858605D
:104EA000A14200D19860002008602AB15A680A60C7
:104EB0009A68596002B99960002010E0814206D1D9
:104EC0000868206098688142EDD19C60EBE7044659
:104ED00000680028F2D1002AE8D16FF0150010BD5B
:104EE000F7F77EB830B543681360057A446804EB81
:104EF000C504A34202D36FF0010030BD5C798C423F
:104F000001D00833F0E70020F7E743681B68D3F8C7
:104F10008004C3F88004704703691A6813680BB1F2
:104F200052681847704730B587B004460D461422C2
:104F3000002101A801F008FD04230DEB0301204628
:104F40008DF804300295FFF7E7FF07B030BD70B56C
:104F500086B0066904460D461422002101A801F01E
:104F6000F3FC02238DF8043033681B6C0293336822
:104F70009B6C01A92046CDE90335FFF7CDFF06B0B4
:104F800070BD30B503691C6843681B68EFF3118579
:104F9000402080F31288BFF36F8F206CA8B1E06CC3
:104FA000B0B9C4E91312042AC3F83415C3F838257C
:104FB00082BFD3F8002242F02002C3F80022002072
:104FC00085F31188BFF36F8F30BD6FF00C00F7E7EA
:104FD0006FF00F00F4E70369186820B101601B68E7
:104FE00000205A6070476FF08500704710B5426826
:104FF00000691368006860B9D3F8104164B1526A5F
:1050000012780A70C3F81001D3F8102101221A6037
:1050100010BD6FF08500FBE74FF0FF30F8E770B58B
:1050200003691D6843680E461C6805F1080001F01D
:10503000C6FBEFF31182402383F31288BFF36F8F17
:10504000EB6C53B1D4F8003223F02003C4F80032E3
:105050000023C4F84C31D4F84C31002385F861307A
:1050600001230EB185F86230636082F31188BFF3CB
:105070006F8F002070BD03691B681B6C13B1012189
:10508000FFF7CDBF6FF00D00704710B503691968C9
:10509000D1F8A420D1F8B040121B13D0082A28BFA1
:1050A00008224068C1F8AC2019688069C1F8A800DE
:1050B0001B68D3F8A010D3F8B030194401F01CFCE1
:1050C000012010BD1046FCE702680346D2F85801E3
:1050D00040B95B68DB0706D4D2F82001003818BF5E
:1050E000012070470120704713B501AA0446FFF75D
:1050F000F9FE002805DB019B226819791868F5F78D
:105100001DF902B010BD10B402694468936923EA26
:105110000101916111F0030108D143681B68C3F8D4
:105120000015E06810BC0121FFF7DEBF10BC70471E
:1051300070B5036945681E6886B0044614220021D4
:1051400001A801F001FC05238DF80430002386F846
:1051500061306B685B070ED5EFF31185402383F355
:105160001288BFF36F8F02212046FFF7CCFF85F333
:105170001188BFF36F8F01A92046FFF7CDFE06B05F
:1051800070BD6FF08500704710B5026993691943CF
:10519000916113F0030107D143681C68D868FFF7D9
:1051A000A3FF0823C4F8003510BD10B543681C6880
:1051B000C4F84415C4F848250022C4F82021D4F8C6
:1051C0002011C4F858215B68D4F858215B0702D538
:1051D0000121FFF7D9FF0123A36010BD10B543687B
:1051E0001B684FF48002C3F8042304464068FFF7AD
:1051F0006BFF0B6818B9012283F8B82010BD00229C
:1052000083F8B8200B684FF0FF32C3F8B4200B6866
:105210002046D3E92A12BDE81040FFF7C6BF37B5D4
:10522000426B536812691B681068D3F808217AB181
:105230000022C3F80821D3F808314265D0E91623CB
:1052400000240025CDE900450830F9F719FC06E0F7
:10525000426D0132042A4265F0D101225A6003B046
:1052600030BD2DE9F04F436807691D68D7F800800D
:10527000D5F80463D5F8083189B00446DBB172076C
:1052800019D50022C5F808214168D5F8083103690D
:10529000D1F8009019684A651868D0E916234FF0D4
:1052A000000A4FF0000BCDE900AB0830F9F7E8FB3E
:1052B0000423C9F80833D5F8243163B3B3052AD5DC
:1052C0000021C5F82411D5F824316368D3F800A073
:1052D000DAF88094142203A801F036FB062319F0B3
:1052E000010F8DF80C3040F0418119F0020F40F0B1
:1052F0003F8119F0040F40F03D8109F008038DF85B
:10530000103003A92046CAF88094FFF705FE00215B
:105310002046FFF784FED5F81031002B59D0F00657
:1053200057D54FF0000BC5F810B1D5F81031C5F8BE
:1053300010B1D5F810312369D3F800906368D3F821
:1053400000A009F1080001F03AFA99F86010D9F8C4
:105350004830DAF83C2589F860B0C91A114459453B
:1053600002DD2046FFF7F3FDD9F840102046FFF795
:10537000DAFDD9F84C30C9F84030D9F85030C9F8C6
:1053800044300023C9E91333C9F8483099F8613033
:10539000FBB1EFF31182402383F31288BFF36F8FC9
:1053A000D9F84030002B00F0E780DAF84C3133B9FF
:1053B0000121CAF80010CAF84431DAF84431DAF8A9
:1053C000003223F02003CAF8003282F31188BFF3C1
:1053D0006F8F31031FD5D5F84C31E3B1D5F81011DB
:1053E000C9B9C5F84C11142203A8D5F84C3101F005
:1053F000ABFA03238DF80C3023691A68D2E9163210
:1054000013431FBF63681B680422C3F8042303A966
:105410002046FFF781FDB2032AD5D5F844313BB3CE
:10542000D5F810A1BAF1000F22D1C5F844A1D5F8E2
:1054300044312369D4F804B0D3F80090D9F840106F
:1054400021B12046FFF76FFDC9F840A099F86230FE
:10545000002B00F09580002389F8623063681B6898
:105460000022C3F808212046D3F80831FFF760FE78
:10547000F00519D5D5F82031B3B163681B68EFF397
:105480001182402181F31288BFF36F8FD3F820116E
:1054900031B10021C3F82011D3F820110121D960C6
:1054A00082F31188BFF36F8F71023DD5D5F8583163
:1054B000002B39D063682569D3F80090EFF3118A87
:1054C000402282F31288BFF36F8F2A685B68D2F89C
:1054D000B4100029ACBFD2F8B460D9F84C655A07B3
:1054E00007D54FF48003C9F8083301212046FFF7A0
:1054F0000AFE8AF31188BFF36F8F2B68D3F8A020C0
:1055000092B193F8B81000295ED0EFF311864023D2
:1055100083F31288BFF36F8F29462046FFF75EFEA4
:1055200086F31188BFF36F8F1837BFF35B8F57E88F
:10553000003F23F0040247E800210029F7D1BFF320
:105540005B8F5B077DD5D8F844102046FFF7FFFC42
:105550002046D8F84010FFF7E6FC00232046C8E9B3
:10556000103309B0BDE8F04FFFF7E2BD0123C6E6F6
:105570000223C4E60423C2E60123CAF8043024E768
:10558000DBF804305B077FF569AF62681368D269A6
:10559000C3F834250522C3F838250122DA62D3F88E
:1055A0001021002AFBD00021C3F81011D3F81021DC
:1055B000D3F84C212AB1C3F84C11D3F84C21D3F8BD
:1055C0003C2589F8602049E7D3F8A8108A4210D01A
:1055D000D3F8AC10D3F8B020B14232442FD1C3F885
:1055E000B0202046FFF751FD00288ED12B68D3F85C
:1055F000B0602868683001F0E2F81422002103A8A6
:1056000001F0A2F92B68D3F8A030CDE904362B685D
:10561000D3F8A4309E421CBF01238DF80C304FF408
:105620008003C9F808332A680023C2F8A0302A682A
:1056300003A9C2F8A4302046FFF76EFC74E71646B3
:10564000D7E709B0BDE8F08F38B54268036915683F
:105650001A68D2F8A01051B1002482F8B840186836
:10566000683001F0ACF80123EB60204638BD6FF0E4
:105670000D00FBE7406BFFF7E7BF00F150039B0015
:105680009BB203F1804303F5883300221A601B6844
:10569000704708B5F5F7D0F908BD70B403460C465D
:1056A000DA88006819792243056986682B68012425
:1056B0008C4012F0010F14BF2343A3432B603368C7
:1056C00070BC1847012303FA01F103691B681942F2
:1056D00003D022B183681B6903E0002AFAD08368F3
:1056E000DB6818470A460121FDF75ABA40EA010370
:1056F0000F2B01D8F5F748BB6FF01500704701215B
:10570000F5F78EBB0021F5F78BBB10B54FF0FF30DE
:105710004FF0FF31F5F7A2FB044628B9DAF776FE21
:10572000044618B1F5F7A2FB204610BDF5F79EFB25
:105730002046EDF7D1F9F7E738B50B8A0D463BB1B6
:1057400001F10C00FDF70EFD012818D0022803D04E
:105750006FF01504204638BD4FF0FF304FF0FF3199
:10576000F5F77CFB04460028F4D1E868E5F70BFE6A
:105770000446F5F77BFBACB1F5F77EFBEAE74FF0AB
:10578000FF304FF0FF31F5F769FB04460028E1D107
:10579000E868F5F75BFD0446F5F768FB002CD9D106
:1057A000F5F76AFB2846ECF7E9FE0024D2E7F5F7A7
:1057B000B3BC10B531220446002101F0C5F8202306
:1057C00023708023A3706FF03F0363710423A372DF
:1057D0002823A3730223E3730423A3756FF0080344
:1057E00063760323A3766FF00F03E3767E2323779C
:1057F000302384F820306FF03F0384F821300123F8
:1058000084F822306FF0070384F82330012384F8F2
:105810002430802384F82630402384F82D3010BDB6
:1058200008B54FF0FF314FF0FF30F5F717FBE8F701
:1058300093FEBDE80840F5F719BB684620F0070164
:105840008D4601B5E3F792FFBDE8014085467047FC
:10585000684620F007018D4601B5E2F739FFBDE843
:10586000014085467047684620F007018D4601B526
:10587000E2F722FFBDE801408546704708B5E8F72A
:10588000BAFC002008BDF9F78FB908B5EBF788FE20
:10589000EBF75CFFBDE80840F9F786B970470128CF
:1058A00002D10020E4F7A0BB70477047E4F79AB933
:1058B00008B5E5F793F830B1EFF305800338032816
:1058C00094BF0020012008BD704703460020184700
:1058D00000F073BB10B502461168B1B1BFF35B8F26
:1058E000B1FA81F3C3F11F000123834021EA0303CE
:1058F00052E8004F8C4204D142E8003CBCF1000F5A
:10590000F6D1BFF35B8FE7D110BD6FF00B00FBE763
:1059100010B50368CB40DB0714D401238B40026829
:10592000BFF35B8F43EA020150E8004F944204D179
:1059300040E8001CBCF1000FF6D1BFF35B8FEED145
:10594000002010BD6FF01500FBE770B50C4600217C
:10595000054608461646F6F791FA00280ADB337822
:10596000DB0003F1804303F5F8330020C3F8105542
:10597000C3F8144570BDF7B5019001A8DDE90847EB
:1059800016461D46F6F790FA019BB6F1000C18BFBB
:105990004FF0010C00EB83000B1E18BF0123002DFC
:1059A00043EA4C0314BF4FF00C0C4FF0000C002CDA
:1059B00043EA0C0314BF4FF4E06C4FF0000C002FCF
:1059C00043EA0C03D0F8002714BF4FF4403C4FF0DB
:1059D000000C43EA0C0322EA030301B109780EB17B
:1059E0003678760019430DB12D78AD0031430CB1F6
:1059F0002478240229430FB13F783F040C433C43F1
:105A0000C0F8004703B0F0BD1FB50DF10F030193BF
:105A100000238DF80F1000931A461946FFF7ABFFCD
:105A200005B05DF804FB10B504460846F6F74CFADD
:105A300004EB4004A08AC0F3401010BD10B504462A
:105A40000846F6F741FA04EB4004A08AC0F3400090
:105A500010BD10B504460846F6F736FA04EB4004CC
:105A6000A08A400B10BD70B5044608461646F6F7EE
:105A70002BFA08300D4634F81030DA0509D5C3F397
:105A8000432304EBC302314654F8333052682846AE
:105A90009847A3682BB1E26831462846BDE87040BC
:105AA000184770BD10B504460846F6F70DFA00B267
:105AB00004EB4000838ADA051DD5C3F3432123F4A8
:105AC000F853838204F1120204F1720032F8023FAB
:105AD00013F4807F03D0C3F3432399420BD0824257
:105AE000F4D104EBC10300225A6004F17800BDE850
:105AF0001040FFF70DBF10BDF0B5034600F58074F0
:105B0000002005460127844695420AD1D3F87C211E
:105B100032B10022C3F87C21D3F87C3140F0004040
:105B2000F0BD25F0404607FA06F6314209D0D4F818
:105B300000E0BEF1000F04D0C4F800C0D4F800E0CB
:105B4000304301350434DFE738B504460D46FFF72E
:105B50006AFFB0B12046FFF771FF90B92046FFF70A
:105B600078FF226801238340C2F80833236800B21B
:105B700003EB8003D3F8102522F00302C3F81025AD
:105B800038BD28460021BDE83840FFF73DBF2DE96C
:105B9000F043174685B004460846F6F795F9D7F85E
:105BA00000800E460546B8F1000F1FD02046FFF7D3
:105BB00045FF18B12046FFF736FF30BB0023CDE983
:105BC00000338DF80E308DF80F300DF10F02434683
:105BD0000DF10E013046FFF7CEFE2AB204EB420271
:105BE000938A23F0020343F0010393827B68002B26
:105BF00034D03146204693F80080D3F80490FFF764
:105C00001DFF28B1B9F1000F1FD06FF0150028E07B
:105C100028B204EB4000838A23F4604323F020037E
:105C20008382B9F1000F10D0B8F1030FEDD87B6873
:105C300021685B6893F800C001EB8C01B8F1000F9C
:105C400012D1C1F81085C1F810852AB204EB4202C6
:105C5000938A23F01C0343EA88039382BB684BBBFF
:105C6000002005B0BDE8F083D1F8102522F0030232
:105C7000C1F81025226802EB8C03D3F8102522F41A
:105C80004F3222F44072C3F810253202D3F81015B7
:105C900002F47C5242EA08420A43C3F8102504EB9E
:105CA0004C03A3F87C60838A43EA4C3343F020031F
:105CB0008382CAE7D3E9007831462046FFF7F2FE37
:105CC000002FCDD063689F4206D004F17800FFF723
:105CD00001FE002804DAC4E7A3689845F5D1002046
:105CE00004EBC003C3E901782DB204EB4505C0B253
:105CF000AB8A43EA402343F48073AB82B0E72DE9DB
:105D0000F043054685B0084617461E46F6F7DCF810
:105D10000C46804637B32846FFF790FE18B9284650
:105D2000FFF781FE28BB0FFA88F905EB4909B9F89E
:105D3000143013F01C0F02D07B78012B19D00123F3
:105D40008DF80F300023CDE900737A1CBB1C0DF1D8
:105D50000F012046FFF70FFEB9F8143043F003039C
:105D6000A9F81430002E41D021462846FFF766FEE0
:105D700020B96FF0150005B0BDE8F08337782B68C7
:105D800003EB87030022C3F81025C3F810250FFA90
:105D900088F205EB42024FEA870C938A23F46043B2
:105DA00023F020039382707800B32968B6786144A9
:105DB0000004D1F8103523F4991323F4F853C1F8F3
:105DC0001035230200F4403003F47C5303433005C4
:105DD000D1F8105500F4801003432B43C1F810355F
:105DE000938A43EA473343F0200393820020C2E7BB
:105DF000C0E90312704770B504461546FFF713FE5D
:105E000048B10846F6F760F804EB40040020A38A86
:105E10005B0B2B7070BD6FF01500FBE738B590F889
:105E20008C4005469CB960222146143000F08CFD60
:105E30002868C0F87C41D0F87C3140F30730ECF79B
:105E400057F8012385F88C30AB67204638BD6FF0DA
:105E50007700FBE790F88C00003818BF01207047EE
:105E6000F6F76EB82DE9F34104461746FFF7DBFD60
:105E70000D46266800B32046FFF7E0FD8046D8B9FE
:105E80002046FFF7E6FD05B2AD0005F5807246F845
:105E900002802168B2582944D1F8102542F001024D
:105EA000C1F810252FB12168012202FA00F3C1F8D0
:105EB000043302B0BDE8F081D6F80433002BA4BF50
:105EC0004FF00043C6F804332846F5F7FDFF04EB16
:105ED0004004A38AC3F38203042B12D0052B12D0F3
:105EE00001A80195F5F7E0FF019BD0F81015D94006
:105EF00001F001010231284602B0BDE8F041FFF790
:105F000083BD0321F7E70221F5E7FFF71DBE4FF040
:105F100080531A695869504370474FF0805318698D
:105F200070474FF08053586970470223F6F7B4B9B1
:105F30000323F6F7B1B900210220F6F733BCA1F52F
:105F4000807310B59B08012404FA03F318400CD0A9
:105F500001F1804101F5E041086830B1002008609E
:105F60000968116819431160204610BD08B5002169
:105F70000120F6F735FD0028F9D008BD08B5024626
:105F8000F6F7D0FC20B9BDE808401046F6F70CBE85
:105F90006FF00F0008BD08B5F7F7C8F9002008BD7D
:105FA000EFF31180402383F31288BFF36F8F7047A4
:105FB00080F31188BFF36F8F704708B1ECF71EBBF9
:105FC000704710B5436904463BB90020E268537836
:105FD00043F001035370404210BD98470028F4D0AD
:105FE0000028B8BF4042E368FF28A8BFFF20187010
:105FF000ECE740B1C368587810F001001EBF187874
:10600000B0FA80F040097047EFF31183402383F327
:106010001288BFF36F8FFEE710B400F10C04C0E9E3
:10602000034410BCFBF779BE38B50446EFF3118585
:10603000402383F31288BFF36F8FFBF72FFE04F129
:106040000C0000F0C8FA30B1294604F11400BDE894
:106050003840F8F7FFB885F31188BFF36F8F38BD6C
:106060004169826842EA010313F003030FD1C36060
:106070000369013B03FB0122002B01DA002070477A
:10608000C16811604169C260013B521AF4E76FF0C8
:106090001500704710B5C0E90432002381608361A8
:1060A0000446FFF7DDFF0028A8BFC4E9004410BD87
:1060B0002DE9F04105460F46EFF31188402383F3A5
:1060C0001288BFF36F8FC668F6B90468A0421BD070
:1060D000D4B1D4E9003213605A60637BA66023F028
:1060E00002036373C4E9006604F1180000F0E7FAE4
:1060F0002046E667276100F00FFA414605F10800E7
:10610000BDE8F041F8F7A6B83E60AB69EF60013B2F
:10611000AB6188F31188BFF36F8FBDE8F08108B5DC
:106120004024EFF3118384F31288BFF36F8FFCF7E1
:1061300039FFF6E790F90E308B4201D0F8F718B826
:106140000020704703460020C3E90200C3E9003382
:106150007047D0E9003213605A60427B002322F07E
:106160000202C0E900334273836070472DE9F843AF
:10617000914604469DF820200D4600F10807EFF3F4
:106180001186402181F31288BFF36F8F02B14568F9
:10619000D4F80880474518D0B8F1000F15D0404614
:1061A000FFF7D7FF08F1180000F089FA0023C8F8BC
:1061B0007C30C8F81090404600F0AEF938463146C1
:1061C000F8F748F80020BDE8F883A3B10820F8F7F5
:1061D000E3FC002838D00122C0F804900260016876
:1061E00001F003015DB922680A4302606268206021
:1061F0006AB960600BE0C9F800304846EFE72A68EA
:10620000032A16D80160616869B9C4E90000042155
:1062100004F1100000F032FB0028CFD186F3118882
:10622000BFF36F8FCFE70A6802F0030202430A60F0
:10623000DFE722F003020A4302602A6802F0030249
:1062400040EA02032B60E2E76FF00B00E6E710B5CF
:10625000044630B10268930703D0446809B100F0E6
:1062600044FB204610BD0023C0E9003300F10803C1
:10627000C0E9023300F11003C0E90433704707B5E9
:106280000123009300230A461946FFF76FFF03B06E
:106290005DF804FB07B500230A4600931946FFF793
:1062A00065FF03B05DF804FB00680021FFF7CFBF76
:1062B0005AB18A4209D300F11003C0E90212C0E9C1
:1062C0000000C0E90433002070476FF015007047EC
:1062D000026801238B4022EA0303036022FA01F0E3
:1062E00000F001007047704710B5032104460C30E0
:1062F000FFF7EEFF30B104F1100000F0E0F9B0FA62
:1063000080F0400910BD20B1002211468C3000F011
:106310009DB9704770B5C368C3F340069B07044638
:1063200016D4856802210C30FFF7D2FF80B1D5F872
:1063300084206AB194421DD122689EB9D5F8883074
:10634000C5F884209C4201D1C5F888200023236031
:10635000E36813F01F001EBF43F00203E36040F048
:10636000020070BD3260D5F88820944208BFC5F89D
:106370008860EBE716461268DBE773B50446EFF377
:106380001185402383F31288BFF36F8F0023A0F1A0
:106390001006032104380193FFF79AFF28B1A3697F
:1063A000019301A93046F7F71DFC85F31188BFF36F
:1063B0006F8F02B070BD38B504460D461022002123
:1063C00000F0C2FA656038BD13B501900846EFF3DE
:1063D0001184402383F31288BFF36F8F01A9F7F76D
:1063E00001FC84F31188BFF36F8F02B010BD10B5AC
:1063F000FFF7EAFF041E08DDEFF31180402383F36B
:106400001288BFF36F8FF7F737FF204610BD70B5C6
:106410000D46EFF31186402383F31288BFF36F8F8D
:10642000F7F73CFC044686F31188BFF36F8F38B151
:106430004FF0FF324FF0FF3305F11000F7F7B0FADD
:10644000204670BD08B5A022002100F07DFA08BDED
:1064500038B5302204460D46002100F075FA4FF49D
:1064600080736560E36038BD38B50446EFF311858D
:10647000402383F31288BFF36F8FFFF735FF204669
:10648000FFF748FF85F31188BFF36F8F38BDEFF337
:106490000580003818BF012070476FF05700704723
:1064A00000207047D0E9003213605A600023C0E931
:1064B0000033704708B5FFF7F5FF437B23F0020375
:1064C00043730023836008BD38B504460D46F7F7D3
:1064D000ADFD637B43F002036373E5B1A5602B68F8
:1064E0009D4209D16B68C4E900531C606C6012E0E6
:1064F0006A689A42F6D01B68002BF3D094F90E20FC
:1065000093F90E108A42F3D09142F1DD5A68C4E942
:10651000003214605C6038BD10B5EFF31184402385
:1065200083F31288BFF36F8FF7F73EFD84F3118872
:10653000BFF36F8F10BD08B5EFF31181402282F3D6
:106540001288BFF36F8F83680BB1FFF7B3FF81F33E
:106550001188BFF36F8F08BD10B50146EFF31184AA
:10656000402383F31288BFF36F8F437B13F0280F10
:106570000AD183680BB1FFF79DFF4B7B23F0040327
:106580004B730846F7F710FD84F31188BFF36F8F44
:1065900010BD01211838FFF7DFBF08B50346EFF340
:1065A0001181402282F31288BFF36F8F006883420B
:1065B00007D008B1FFF77EFF81F31188BFF36F8F1B
:1065C00008BD0020F8E710B5FFF7B5FFBDE81040A3
:1065D000183000F074B838B504680546AC424FF086
:1065E000000000D138BD002CFCD02046FFF7EBFFA7
:1065F0002046FFF791FF2C680120A542F1E738B54E
:1066000004460D46F7F7E0FEB5F1FF3F08BFB4F1D1
:10661000FF3F0246204618D000204FF47A7447F618
:10662000FF730146C2FB0431B3F5004F71F1000264
:106630000BD36FF400429A4243F6FF728A4126BFA1
:10664000D80B40EA41406FF0004038BD38B5EFF359
:106650001185402383F31288BFF36F8F0468A04233
:1066600012D09CB1E16722612046FFF723FF04F1BD
:10667000180000F024F82046F7F796FC012085F377
:106680001188BFF36F8F38BD0020F8E72046F6E78A
:1066900008B50246F8F736F870B1D0E904319B1A14
:1066A00061EBE272B3F1004F72F1000104DA002AEB
:1066B000ACBF1846002008BD6FF00040FBE738B5BE
:1066C0000246EFF31185402383F31288BFF36F8FE7
:1066D0000368CBB1F8F716F804461046F8F724F82B
:1066E00000224FF000438442C0E9042306D1F8F7AA
:1066F00011F8FFF7CDFF0021F4F702FB002085F32E
:106700001188BFF36F8F38BD6FF01500F7E708B53C
:10671000F8F716F908BDF8F713B9B3F1FF3F08BF52
:10672000B2F1FF3F70B506461D46144614D01A4319
:1067300016D0002B08DBF8F703F9041941EB05012B
:10674000C6E90041304670BD6FF001031C1B4FF0DD
:10675000FF3363EB0501F3E74FF0FF342146EFE72A
:106760000024FBE7B3F1FF3F08BFB2F1FF3FF8B5EC
:10677000074616461C4610D054EA020311D0F8F71B
:10678000DFF8B0420A46A14103460AD2F31A64EB8D
:106790000204C7E900343846F8BD4FF0FF331C4609
:1067A000F7E70023FBE70023C0E9081200F1180215
:1067B000C0E90622C0E9003303634363704710B5A4
:1067C0000446FFF77CFFA8B9636A0BB120469847DF
:1067D00004F11800FFF7E1FE60B1FFF79DFEEFF353
:1067E0001180402383F31288BFF36F8FBDE8104000
:1067F000F7F742BD10BD2DE9F041846805460E460D
:10680000D4B16378012B22D114F8533C9A0711D5E7
:10681000A4F160073846FFF7D6FE082E0CBF6FF0D4
:1068200003030023E36114F8533CDB0602D138462E
:10683000FFF772FE00232370EB68C3F38632164322
:10684000002066F39433A860EB60BDE8F081022B72
:10685000F0D12378002BEDD054F8048CB8F1000F60
:10686000E8D004F11400FFF72AFFA4F11407002375
:10687000E36239464046FFF7A7FDDBE738B5EFF3A3
:106880001185402383F31288BFF36F8F0468A04201
:1068900011D0D4E9003213605A600023C4E90033F8
:1068A0002046FFF7A8FF85F31188BFF36F8F201EE6
:1068B00018BF012038BD0024F5E7043270B5044646
:1068C0000ED2EFF31185402686F31288BFF36F8F47
:1068D00041F00401984785F31188BFF36F8F08B921
:1068E000002070BD40F8044BFBE720B1011F50F8B9
:1068F000040CFFF799BB70470A44914200F1FF3343
:1069000000D1704710B511F8014B03F8014F9142C7
:10691000F9D110BD884210B501EB020402D98442BE
:10692000234607D8431EA14208D011F8012B03F8D3
:10693000012FF8E7024401468A4200D110BD13F846
:10694000014D02F8014DF7E702440346934200D19E
:10695000704703F8011BF9E710B501390244904272
:1069600001D1002005E0037811F8014FA34201D0C6
:10697000181B10BD0130F2E710B56AB10139841857
:1069800010F8012B11F8013F9A4203D1A04201D027
:10699000002AF5D1D01A10BD1046FCE710B5013918
:1069A000044632B111F8013F00F8013B013A002BD7
:1069B000F7D10021FFF7C8FF204610BD10B50246F1
:1069C00001448A42134603D01C780132002CF8D1CE
:1069D000181A10BDF0B5C3F137070446FFB203F033
:1069E0001F031046082BE6B233D0102B3ED06508AB
:1069F000A40844EA817445EAC1752D194FEA910251
:106A000042EB5102290941EA02716D1842EB121260
:106A1000290A41EA02616D1842EB1222290C41EA6F
:106A200002416D1842EB1242AD1842F10002EC082F
:106A300044EA4274D10804EB8402A6EB4205EDB2AD
:106A4000092D0CD90134A5F10A0541F10001EDB27F
:106A500012E0E40844EA417406F00705C90830353D
:106A600054EA010200F8015BBCD1F0BD240944EAFC
:106A7000017406F00F050909092D84BFED19EDB267
:106A8000EDE7D1E9043293421EBF5A1C0A61187027
:106A9000704700000148006870470000903C0020EB
:086AA000E47AFE7F0100000012
:106AA800B9250100000000002126010000000000B7
:106AB80000000000686B0200975F02000000000001
:106AC80095D6010000000000B9D6010000000000C2
:106AD80000000000A86B020000000000886B0200A4
:106AE80021B90100000000007D58020000000000EC
:106AF800875802000000000000000000E86B020058
:106B080000000000C86B020000000000086C0200D2
:106B1800ADAB0100000000001905010000000000F5
:106B2800D12301000000000000000000286C0200D2
:106B380005BA0100000000008B58020000000000A8
:106B48006DDA01000000000000000000486C02003F
:106B580000000000686C020000000000886C020061
:106B680067A30200B0780200C06E0200EE0C00209D
:106B7800603F00200D9101000000000000000000AF
:106B8800F6A502006C7902009C6E0200F80C002049
:106B98002840002061A10100000000000000000062
:106BA80004A60200807902009C6E0200FA0C002004
:106BB8003440002061A10100000000000000000036
:106BC80090A3020000000000646E0200F00C002098
:106BD800B43F00207595010000000000000000008F
:106BE800A0A3020000000000C8780200F20C0020F8
:106BF80000000000D14B020000000000000000006F
:106C080039A6020094790200DC6E0200FC0C002018
:106C1800340C002001A5010083510200000000008F
:106C2800F0A7020000000000087A0200FE0C002015
:106C38004C4000204DB001000000000000000000A2
:106C480062A50200D8780200846E0200F40C0020CD
:106C5800FC0B00204197010000000000000000002C
:106C68004BA3020000000000586E0200EC0C00204C
:106C780000000000998A01000000000000000000E8
:106C8800D2A50200000000006C6E0200F60C002085
:106C980000000000259D0100000000000000000029
:106CA800AD580200CB58020000000000892F0200F6
:106CB800086C02006352020000000000892F0200E5
:106CC80000000000892F020000000000892F020048
:106CD800AC0A0020E14E020089D00100CB58020026
:106CE80000000000892F020000000000892F020028
:106CF80000000000892F020000000000892F020018
:106D080000000000892F0200B43F0020E595010033
:106D180000000000892F020000000000892F0200F7
:106D280000000000892F0200000000003DAC0100B7
:106D380000000000892F020000000000892F0200D7
:106D480000000000892F020000000000892F0200C7
:106D580000000000892F020000000000892F0200B7
:106D680000000000892F02000000000089B901001E
:106D780000000000892F020000000000892F020097
:106D880000000000892F020000000000892F020087
:106D980000000000892F020000000000892F020077
:106DA80000000000892F020000000000892F020067
:106DB80000000000892F020000000000892F020057
:106DC80000000000892F020000000000892F020047
:106DD80000000000892F020000000000892F020037
:106DE80000000000892F020035C80100CB580200BE
:106DF80000000000892F020000000000892F020017
:106E080000000000892F020000000000892F020006
:106E180000000000892F020000000000892F0200F6
:106E2800681F0020C0730020000400004DEB000024
:106E38000000000000000000000000000700000043
:106E48000000000053800200000000000000000065
:0C6E5800818C0100458E010058020000F2
:086E64001D9501007594010069
:106E6C00094E0200799F0100B59E0100F99C0100BA
:106E7C00D54D0200E99C010089990100AD9A0100F1
:106E8C00BD9B010069960100ED4C02005996010072
:106E9C009DA10100374E0200454E02005D4E0200DE
:106EAC00694E0200754E020019A001008F4E0200BF
:046EBC0000000000D2
:106EC000659101003D4B02009D4B02000000000057
:0C6ED000DB4A020000000000000000008F
:106EDC00D74F020099A801004956020009A70100EA
:106EEC00834F020077500200ED4F020039A60100DB
:046EFC000B4F020036
:106F0000050000006D5C0100060000009989010089
:086F100004000000256D0100E2
:106F18000DEE000031EC00000DEC00000000000058
:106F28000000000000000000000000000000000059
:106F3800A077020004000000F077020007000000BC
:086F48003C7402000600000089
:106F500058A302000300000066970200030000002F
:106F6000249E020003000000988C02000300000031
:106F7000219A0200030000009F8C02000300000021
:106F800022A1020003000000F995020003000000A6
:106F90000D97020003000000B39B020003000000F5
:106FA00051860200030000000DA80200030000004B
:106FB000FBA70200030000005B8C0200030000003E
:106FC0004FA1020003000000238302000300000021
:106FD00082A3020003000000A2A60200030000003A
:106FE0007E8B020003000000ECA5020003000000FD
:106FF0009DA8020003000000758402000300000049
:107000008484020003000000888402000300000062
:1070100039A8020003000000978A02000300000064
:10702000F38A020003000000FB8A02000300000054
:107030005FA8020003000000C5A9020003000000D1
:107040006F800200030000006FA502000300000033
:107050005E8C020003000000108B020003000000A1
:1070600047A60200030000002E810200030000007A
:08707000B181020003000000E1
:10707800CC730200FC360020648502000100000089
:10708800588C02000000000000000000FD260100EE
:1070980061290100000000008D9F0200010000002E
:1070A8000000000011440200000000000000000081
:1070B8001CA1020001000000000000006D77010023
:0870C800ED750100000000005D
:1070D0000000000003000000A0000000F00000001D
:1070E00000000000F6940200FB940200FF940200EE
:1070F00003950200079502000B9502000F95020010
:1071000013950200179502001B9502001F950200BF
:1071100023950200279502002B9502002F9502006F
:107120003395020037950200FF000000FF000000C9
:10713000FF000000FF000000FF000000FF00000053
:10714000FF000000FF000000FF000000FF00000043
:10715000FF000000FF00000001000100000101002D
:1071600000010001000001000100000001000B000F
:1071700002000A00050009000A00080014000700C8
:107180001E000600320005004B00040064000300EE
:1071900096000200FA000100F40100000203010061
:1071A000F401FA00960064004B0032001E00140047
:1071B0000A000500020001000C0802170D0101027F
:1071C000090901010602091818030101090903034D
:1071D00005030201230202240910040405050B0B18
:1071E000040B2B1B1B151A1A1C021D161305014933
:1071F0000D150508061B1B0F1D1D0A0606010100C3
:1072000000FEFEFEFEFEFEFEFEFEFEFEFEFEFEFE9C
:10721000FEFE16FEFEFEFEFEFEFEFEFEFEFE1F1F34
:10722000FEFE26FEFEFEFEFEFEFEFEFEFEFEFEFE56
:10723000FEFEFEFEFE3E3EFEFEFEFE3B3B00A301CA
:10724000B103BF05EF024906A309C505F50B2512D9
:107250000E021C045A03B4063006600C0100000044
:1072600010110040000000000000000000000000BD
:10727000000000000406080A0C0E10121416181C58
:107280001E20222426282A2C2E30323436383A3C2E
:107290003E40424446484A4C4E021A50000000000C
:1072A000280000001800000000000000141E00006C
:1072B000301100000000000070170000A00F000057
:1072C0000000DC05E803000000000000141E0000C0
:1072D0003011000000002CA6E0A100003408E803F3
:1072E00000010302D8ECF0F4F8FC000203040506E8
:1072F000070800000000000000000000000000007F
:10730000000000000000010101010202020203036B
:107310000303040404040505050506060608090020
:10732000000000000000000000000000000000005D
:107330000000000101010102020202030303030431
:107340000404040505050506060708090A0B0C0DCB
:1073500000100200FA000000000000000000000021
:107360000338FDD87047000007100000D80C00203B
:1073700001010000E80C00200907000067800200FE
:107380009821002000010000B72A0200752A02009F
:1073900002000000672C0200000000000000000056
:1073A0000000000000000000448502004C8502003F
:1073B00000000000000000000000000054850200F2
:1073C000588502005C85020060850200D90E01002C
:1073D000CD0E0100FD0E0100B50E01000000000001
:1073E000C10E010000000000590F01000437002009
:1073F0009170002010000000040000000000000058
:107400000000000000C00000886C020001000000C5
:1074100000C0000000600700886C0200020000004D
:107420000020080000600700886C020003000000D4
:1074300000800F0000800000886C0200187C0200B1
:10744000FB46020000000000408602000000010030
:10745000147C0200E548020000000000840A0020BD
:10746000000001001E860200000000000000000075
:107470000000000000000100107C0200CD46020068
:10748000157901006C0A0020000003000C7C02004A
:10749000E548020000000000640A0020000001002E
:1074A000FC8502000000000015150100000000002E
:1074B0000000030000000000612F0200A40A002069
:1074C0009C0A0020940A0020000000008C0A002082
:1074D000B9160100AD150100011601006116010089
:1074E000C00400200000000000000B0602000000A5
:1074F000F474020000000000E48A02002600020288
:1075000000000020EC8A020022000B115D24010023
:1075100000000000093002000C750200287502000E
:10752000FB01000000000000F0F700200C750200D5
:107530003C7502002E000000000000003415012000
:107540000C750200507502000201000000000000EE
:10755000081601203B95020059950200749502001F
:1075600084950200919502009A950200A19502006F
:10757000A8950200AF950200B79502009195020010
:10758000BF950200D1950200E69502000E030000AF
:10759000A94301000F040000754301001A01000017
:1075A000312B010005040000492B010013010000EC
:1075B000F93201003E0100001D31010001120000FE
:1075C000253402000A1E000017340200FF010000EB
:1075D000913201003E0100007132010005040000FB
:1075E000952B010010010000D92B010001120000B1
:1075F000F94201000A1E0000ED34020003090000F8
:10760000F5330100040B0000952D0100060A00006F
:10761000A5380100070A0000392C01000C05000004
:10762000D13501000C7502003476020047000000DD
:107630000000000024170120A0990200AD9902006B
:10764000CD990200C1990200D8990200EF99020079
:10765000FF990200649D0200139A02000C7502005B
:107660006C7602000000000000000000E41701201A
:107670000C75020080760200FB0100000000000093
:107680000C180120F5380200473902000000000004
:107690000000000000000000755F01000000000015
:1076A00000000000000000000000000002020100D5
:1076B000CB40020004040100B96C01000606010081
:1076C000F96B010008040100E56A01000A020100EB
:1076D000B34002000C0401009B4002000E040100B4
:1076E000B9690100200401001D69010010040100B6
:1076F0002D680100120201006B3F02001E00040011
:10770000C542020052020000913F02000104020043
:107710000D71010003020200C942020005010200CE
:1077200093420200070402009D4202000901020088
:10773000A14202000B000200A54202000D0002005F
:10774000A94202000F000200AD4202002102020025
:10775000B142020011010200B54202001300020012
:10776000B942020017040200BD42020019000200E3
:10777000C14202001B020300573B02001D0205002C
:10778000D163010023040300453B02000C75020095
:107790009C770200FD010000000000006C2D01201C
:1077A000307C0200FB460200000000002C7C02003E
:1077B00000000100287C0200E548020000000000F3
:1077C000C40B002000000100207C0200000000002B
:1077D0000000000000000000000000001C7C02000F
:1077E000CD46020015790100CC0B002000000300FB
:1077F0005C7C0200FB46020000000000587C020096
:1078000000000100547C0200E54802000000000076
:10781000F40B0020000001004C7C02003347020002
:10782000000000000000000000000100487C020091
:10783000E548020000000000EC0B00200000010001
:10784000407C02005D4702000000000000000000D4
:10785000000001003C7C0200E5480200000000003E
:10786000E40B002000000100347C0200417601009E
:107870000000000000000000000001000000000007
:1078800000000000000000000000000000000000F8
:10789000854A020000000000000000000000000017
:1078A00000000000C9900100999001000000000054
:1078B00021920100A191010076A30200C74B0200B2
:1078C000C34B02007CA30200E74B02000000000053
:1078D0000400000000FF00000000000000000000A5
:1078E0000000000000000000000000000000000098
:1078F000000000000403000000000003F401000089
:107900000001010000008000C22817001079020069
:10791000009002401C79020002000000447902003D
:10792000060000002C790200060100001380001DF3
:107930001480001F1580002016800021178000226F
:107940001186001E1318001D1418001F15180020A2
:1079500016180021171800221118001E0008000038
:10796000001000000400000000FF0000FFFF000006
:1079700000030050AC0A00200000000001000000DD
:10798000BCF801FF00000050AC0A0020000000001D
:107990000000000000200040050000000000000082
:1079A000BC7902000000D601000000004C710020EC
:1079B00047710020467100204571002000200040E2
:1079C000C879020002000000E07902000200000015
:1079D000D8790200020100000D8000000C80000137
:1079E0000D0000000C060001A86B02000D00010054
:1079F000A86B02000E000100A86B02000F0001003E
:107A0000A86B02001000010039AF01000B57020003
:107A100039570200080000000300000076A90200A8
:107A200084A9020098A90200A7A90200B3A9020034
:107A3000A86A0200A86A0200186B0200206B02000C
:107A4000686B0200686B0200C8A902000001000018
:107A500000000000FF8FFFFFFF8FFFFFFE8FFFFF83
:107A6000FE8FFFFFFD8FFFFFFC8FFFFFFC8FFFFFEF
:107A70006D757465785F667265652063616C6C65B1
:107A8000642077697468204E554C4C207061726197
:107A90006D6574657200000043616E277420696E25
:107AA000697469616C697A65206D757465782C20DC
:107AB000776173204E554C4C0D0A00004661696C8D
:107AC00020746F2061637175697265206D757465CE
:107AD000780A00004661696C20746F20696E6372D9
:107AE0006561736520504D20636F756E7465720A11
:107AF000000000004661696C20746F206465637249
:107B00006561736520504D20636F756E7465720AF0
:107B1000000000004661696C20746F2072656C651E
:107B2000617365206D757465780A0000436F756C2C
:107B300064206E6F74206C6F636B20706F7765725A
:107B40002073617665206D75746578004661696C97
:107B500020746F20756E6C6F636B206D7574657823
:107B60000A0000006374782063616E6E6F74206297
:107B700065204E554C4C00000A63747820697320D0
:107B80004E554C4C0A00000067E6096A85AE67BB9B
:107B900072F36E3C3AF54FA57F520E518C68059BEF
:107BA000ABD9831F19CDE05BD89E05C107D57C36C4
:107BB00017DD703039590EF7310BC0FF11155868B9
:107BC000A78FF964A44FFABE0123456789ABCDEFB7
:107BD000FEDCBA9876543210F0E1D2C36472616769
:107BE0006F6F6E2F6C6962732F73636865642F7398
:107BF00072632F73636865645F68616C5F7274633E
:107C00002E630000000400000001000000000328B3
:107C100000000229000003280000002800000229BB
:107C20000000052A0000052A0000032800000118B2
:107C3000000000280000042A0000042A0000032895
:107C40000000012A0000012A000003280000002A89
:107C50000000002A0000032800000018000000288F
:107C60004164766572746973696E67206661696CD8
:107C7000656420746F207374617274202865727259
:107C800020256429004164766572746973696E67A2
:107C9000207375636365737366756C6C7920737498
:107CA0006172746564004E6F742061626C6520744B
:107CB0006F20616C6C6F6361746520554152542074
:107CC00072656365697665206275666665720070C7
:107CD00075626C69630072616E646F6D00707562CD
:107CE0006C69632D69640072616E646F6D2D6964E7
:107CF00000253032583A253032583A253032583A39
:107D0000253032583A253032583A2530325820281A
:107D1000257329005541525420545820646F6E65D4
:107D20002C202575206279746573004661696C6545
:107D30006420746F2073656E642064617461206FC9
:107D40007665722055415254005541525420525884
:107D50002066726F6D20434F4D3A20252E2A730006
:107D60004661696C656420746F2073656E6420647D
:107D7000617461206F76657220424C4520636F6E9E
:107D80006E656374696F6E00436F6E6E65637469D0
:107D90006F6E206F626A65637420617661696C61E1
:107DA000626C652066726F6D2070726576696F75A2
:107DB0007320636F6E6E2E20446973636F6E6E6501
:107DC000637420697320636F6D706C657465210046
:107DD000446973636F6E6E65637465643A202573DE
:107DE0002C20726561736F6E2030782530327820D8
:107DF000257300656E61626C65640064697361621D
:107E00006C6564004E5553205458206E6F7469663B
:107E10007920257300526563656976656420257550
:107E20002062797465732066726F6D2025733A2025
:107E3000252E2A73004E6F742061626C6520746F6A
:107E400020616C6C6F6361746520554152542073DE
:107E5000656E642064617461206275666665720097
:107E6000756172745F7478206661696C656420283E
:107E70002564292C2071756575656420666F7220F4
:107E8000726574727900436F6E6E656374696F6EAC
:107E9000206661696C65642C2065727220307825DB
:107EA00030327820257300436F6E6E6563746564AD
:107EB000202573004661696C656420746F207365CA
:107EC0006E6420636F6E6E6563742062616E6E65B2
:107ED00072206F76657220554152540043616E6E78
:107EE0006F7420696E6974204C4544732028657254
:107EF000723A202564290043616E6E6F7420696EAA
:107F0000697469616C697A652055415254206361D6
:107F10006C6C6261636B005374617274696E67208C
:107F20004E6F7264696320554152542073657276B6
:107F30006963652073616D706C650D0A0043616E45
:107F40006E6F7420646973706C61792077656C63FF
:107F50006F6D65206D65737361676520286572724A
:107F60003A2025642900554152542077656C636F8F
:107F70006D652071756575656420282564206279BA
:107F8000746573293B206F70656E205553422D54E4
:107F9000544C20434F4D2040203131353230302079
:107FA0006F6E2050302E31332F50302E313200433F
:107FB000616E6E6F7420656E61626C6520756172B2
:107FC0007420726563657074696F6E2028657272C3
:107FD0003A2025642900426C7565746F6F746820BF
:107FE000696E697469616C697A6564004661696C7F
:107FF000656420746F20696E697469616C697A6563
:108000002055415254207365727669636520286556
:1080100072723A202564290041444320696E6974D4
:10802000206661696C656420286572723A20256457
:108030002900424C4520636F6E6E65637465640D64
:108040000A0055415254206865617274626561741A
:108050000D0A00626C655F77726974655F7468729F
:108060006561645F69640057616C6B4545470070EA
:1080700065726970686572616C5F75617274004DDC
:1080800054552065786368616E676520646F6E651E
:108090002C204E5553204D54553D2575004D5455BB
:1080A0002065786368616E6765206661696C6564E8
:1080B00020282575290057616C6B454547204543AD
:1080C000472073747265616D2073746172746564A6
:1080D0002028256420487A290057616C6B45454764
:1080E000204543472073747265616D2073746F700F
:1080F0007065640062745F6E75735F73656E642093
:10810000657272202564202873747265616B202566
:108110006429006164635F72656164206572722026
:1081200025640077616C6B6565675F7478007761C3
:108130006C6B6565675F6164630057616C6B454597
:1081400047204543472073747265616D206D6F64ED
:10815000756C652072656164790062745F67617433
:10816000745F65786368616E67655F6D74752066BE
:1081700061696C656420282564290064617461204C
:108180006C656E20757064617465206661696C65EC
:108190006420282564290050485920324D207570EC
:1081A00064617465206661696C65642028256429B2
:1081B0000077616C6B6565675F73747265616D00F4
:1081C00041444320646576696365206E6F74207254
:1081D00065616479006164635F6368616E6E656C9C
:1081E0005F7365747570206661696C65643A2025FB
:1081F00064006770696F31206E6F7420726561640E
:10820000790053444E20636F6E666967206661692A
:108210006C65643A202564004C4F2B20636F6E66BA
:108220006967206661696C65643A202564004C4F7B
:108230002D20636F6E666967206661696C65643ABC
:108240002025640057616C6B45454720414443201D
:10825000696E6974204F4B202841494E302C204CC8
:108260004F2B2050312E31332C204C4F2D205031AC
:108270002E31352C2053444E2050312E31342900DC
:1082800028756E7369676E65642920636861722062
:108290002A207573656420666F7220252570206121
:1082A0007267756D656E742E204974277320726530
:1082B000636F6D6D656E64656420746F20636173B8
:1082C0007420697420746F20766F6964202A20629C
:1082D000656361757365206974206D6179206361E0
:1082E000757365206D69736265686176696F722068
:1082F000696E206365727461696E20636F6E666972
:108300006775726174696F6E732E20537472696E33
:10831000673A2225732220617267756D656E743A23
:1083200025640063627072696E74665F7061636B6E
:10833000616765004E5653206E6F7420696E6974D4
:1083400069616C697A656400436F756C64206E6F57
:1083500074206F627461696E20666C61736820704E
:108360006172616D657465727300556E73757070BE
:108370006F7274656420777269746520626C6F63D4
:108380006B2073697A6500536563746F722073693B
:108390007A6520257520746F6F206C617267652C7B
:1083A000206D6178696D756D20697320257A75007F
:1083B000556E61626C6520746F2067657420706112
:1083C000676520696E666F00496E76616C6964202E
:1083D000736563746F722073697A6500436F6E66AC
:1083E000696775726174696F6E206572726F722051
:1083F0002D20736563746F7220636F756E74002532
:108400006420536563746F7273206F662025642047
:10841000627974657300616C6C6F63207772613A86
:108420002025642C202578006461746120777261B6
:108430003A2025642C20257800474320446F6E6540
:10844000206D61726B657220666F756E64004E6F91
:1084500020474320446F6E65206D61726B6572200A
:10846000666F756E643A2072657374617274696EBA
:10847000672067630066735F6E7673006C6F676773
:10848000696E67006C6F67006C6F675F6D676D7416
:10849000004D6573736167652028222573222920AA
:1084A00064726F70706564206265636175736520C6
:1084B000697420657863656564732073697A6520E3
:1084C0006C696D69746174696F6E20282575290067
:1084D0001B5B306D00257320005B2530386C755DAB
:1084E00020005B253032753A253032753A2530321E
:1084F000752E253033752C253033755D200025739E
:108500002F003C25733E200025733A200025303291
:10851000782000202020007C00256300206D6573FA
:1085200073616765732064726F70706564202D2DB0
:108530002D0D0A1B5B306D001B5B313B33316D2D04
:108540002D2D20001B5B313B33316D001B5B313B1C
:1085500033336D006572720077726E00696E66006B
:10856000646267006C6F675F6261636B656E645F16
:10857000727474007365742D76616C756520666124
:10858000696C7572652E206B65793A2025732065BC
:1085900072726F7228256429002A2A2A20426F6F7E
:1085A00074696E67206E524620436F6E6E65637409
:1085B0002053444B2076332E322E312D64383838F8
:1085C0003766366633326466202A2A2A0A002A2A47
:1085D0002A205573696E67205A6570687972204F3A
:1085E000532076342E322E39392D656337383130A9
:1085F000346631353639202A2A2A0A00029ECADC1E
:10860000240EE5A9E093F3A3B50200406E029ECAD2
:10861000DC240EE5A9E093F3A3B50200406E029EB0
:10862000CADC240EE5A9E093F3A3B50300406E0273
:108630009ECADC240EE5A9E093F3A3B50300406EC7
:10864000029ECADC240EE5A9E093F3A3B501004025
:108650006E62745F6E7573006D757465785F696EB8
:1086600069742063616C6C65642077697468204E5E
:10867000554C4C20706172616D6574657200436F7A
:10868000756C64206E6F7420616C6C6F63617465CF
:10869000206D75746578206265666F726520696EFD
:1086A000697469616C697A696E670072302F613133
:1086B0003A2020307825303878202072312F6132EE
:1086C0003A2020307825303878202072322F6133DC
:1086D0003A20203078253038780072332F61343AD0
:1086E0002020307825303878207231322F69703A66
:1086F0002020307825303878207231342F6C723A4F
:1087000020203078253038780020787073723A2035
:1087100020307825303878004661756C74696E6752
:1087200020696E737472756374696F6E206164641E
:108730007265737320287231352F7063293A2030A7
:10874000782530387800556E68616E646C656420F9
:108750004952516E3A202564002A2A2A2A2A2042A8
:108760005553204641554C54202A2A2A2A2A0020B3
:1087700020537461636B696E67206572726F72005B
:108780002020556E737461636B696E672065727229
:108790006F72002020507265636973652064617494
:1087A0006120627573206572726F720020204246EC
:1087B000415220416464726573733A2030782578A1
:1087C000002020496D70726563697365206461746F
:1087D0006120627573206572726F72002020496E8D
:1087E000737472756374696F6E206275732065723D
:1087F000726F72002020466C6F6174696E672D7015
:108800006F696E74206C617A79207374617465206D
:10881000707265736572766174696F6E20657272CD
:108820006F72002A2A2A2A2A20555341474520469A
:1088300041554C54202A2A2A2A2A002020446976AD
:108840006973696F6E206279207A65726F002020EB
:10885000556E616C69676E6564206D656D6F7279C8
:10886000206163636573730020204E6F20636F7017
:10887000726F636573736F7220696E737472756360
:1088800074696F6E73002020496C6C6567616C20A1
:108890006C6F6164206F66204558435F52455455A4
:1088A000524E20696E746F205043002020496C6C3A
:1088B0006567616C20757365206F6620746865203C
:1088C00045505352002020417474656D70742074BB
:1088D0006F206578656375746520756E646566697B
:1088E0006E656420696E737472756374696F6E006F
:1088F0002A2A2A2A2A204D5055204641554C5420D8
:108900002A2A2A2A2A002020537461636B696E6721
:10891000206572726F722028636F6E7465787420A0
:1089200061726561206D69676874206265206E6F91
:10893000742076616C696429002020446174612090
:108940004163636573732056696F6C6174696F6E00
:108950000020204D4D46415220416464726573737E
:108960003A2030782578002020496E737472756340
:1089700074696F6E204163636573732056696F6C11
:108980006174696F6E005265736572766564204527
:108990007863657074696F6E202800537075726912
:1089A0006F757320696E74657272757074202849D2
:1089B00052512000535053454C20696E2074687208
:1089C000656164206D6F646520646F6573206E6FF0
:1089D0007420696E64696361746520505350002A85
:1089E0002A2A2A2A2048415244204641554C5420E4
:1089F0002A2A2A2A2A002020427573206661756C73
:108A000074206F6E20766563746F72207461626C7F
:108A10006520726561640020204465627567206589
:108A200076656E740020204661756C7420657363F2
:108A3000616C6174696F6E20287365652062656C76
:108A40006F772900415243485F45584345505420B1
:108A50007769746820726561736F6E2025780A00EB
:108A60002A2A2A2A2A204465627567206D6F6E695A
:108A7000746F7220657863657074696F6E202A2A3E
:108A80002A2A2A002A2A2A2A2A202573202564290C
:108A9000202A2A2A2A2A006D7075004661696C65B1
:108AA0006420746F20616C6C6F63617465206E6507
:108AB00077204D505520726567696F6E2025750AC5
:108AC00000506172746974696F6E2025753A207365
:108AD000616E69747920636865636B206661696C97
:108AE00065642E00464C4153485F30005352414D5F
:108AF0005F30006E65745F627566006E65745F62FC
:108B000075665F73696D706C6500000001000000A0
:108B1000736F630000FFFFFFFFFFFF000000000016
:108B20000000FFFFFFFFFFFF0000000000003031EA
:108B300032333435363738396162636465660049EB
:108B40006E73756666696369656E74206E756D62B5
:108B50006572206F6620617267756D656E74730053
:108B600049676E6F72696E67206964656E746974B7
:108B70006965732073746F72656420696E20666C1A
:108B800061736800496E76616C6964206C656E671C
:108B90007468204944206164647265737320696E4F
:108BA0002073746F726167650062742F25732F25BF
:108BB00030327825303278253032782530327825B9
:108BC0003032782530327825752F25730062742F66
:108BD00025732F25303278253032782530327825AC
:108BE000303278253032782530327825750073653B
:108BF0007474696E67735F7375627379735F696E9E
:108C00006974206661696C6564202865727220252C
:108C100064290062742F2573004661696C656420C5
:108C2000746F207361766520494420286572722034
:108C300025642900556E61626C6520746F20736530
:108C400074757020616E206964656E746974792032
:108C5000616464726573730062740062745F73654B
:108C60007474696E67730002FB349B5F8000008040
:108C700000100000000000000104000200000002DB
:108C800000000000000000050000000000000000DF
:108C9000000000000000000562745F6275660062FB
:108CA000745F64617461004461746120627566661A
:108CB0006572206F766572666C6F7720286C696EBE
:108CC0006B20747970652030782530327829005512
:108CD0006E61626C6520746F206C6F6F6B207570B5
:108CE00020636F6E6E20776974682068616E646CB3
:108CF0006520257500486172647761726520657230
:108D0000726F722C20686172647761726520636F84
:108D100064653A20256400436F756C64206E6F743F
:108D2000207375626D69742072785F776F726B3A29
:108D300020256400556E61626C6520746F206C6F35
:108D40006F6B757020636F6E6E20666F7220686146
:108D50006E646C65202575006D61785F74785F6F57
:108D600063746574732065786365656473207468E3
:108D7000652076616C69642072616E676520257577
:108D8000006D61785F72785F6F63746574732065DE
:108D9000786365656473207468652076616C6964C6
:108DA0002072616E6765202575006D61785F74784B
:108DB0005F74696D652065786365656473207468A8
:108DC000652076616C69642072616E676520257527
:108DD000006D61785F72785F74696D652065786396
:108DE00065656473207468652076616C69642072BF
:108DF000616E676520257500556E61626C65207433
:108E00006F20616C6C6F6361746520627566666566
:108E10007200556E68616E646C6564206576656E7F
:108E20007420307825303278206C656E2025753AB4
:108E3000202573004E6F2070656E64696E67207028
:108E400065726970686572616C20636F6E6E6563D0
:108E500074696F6E00556E65787065637465642023
:108E600073746174757320307825303278202573DF
:108E7000004E6F20636F6D6D616E642073656E745C
:108E800020666F7220636D6420636F6D706C657413
:108E90006520307825303478004F70436F6465204A
:108EA00030782530347820636F6D706C657465643C
:108EB00020696E7374656164206F662065787065E3
:108EC000637465642030782530347800546F6F20E7
:108ED000736D616C6C202825752062797465732927
:108EE000206576656E742030782530327800496EC2
:108EF00076616C696420484349206576656E74200C
:108F000073697A65202825752900496E76616C6938
:108F100064204C45206D657461206576656E742013
:108F200073697A65202825752900574553545F5485
:108F30004F504449522F7A65706879722F73756269
:108F40007379732F626C7565746F6F74682F686FB7
:108F500073742F6863695F636F72652E6300657653
:108F6000745F666C6167732026202831554C203C65
:108F70003C202830292900415353455254494F4E33
:108F8000204641494C205B25735D20402025733AE3
:108F900025640A00496E76616C69642062756620FA
:108FA0007479706520257500496E76616C6964205E
:108FB0004843492041434C207061636B65742073C2
:108FC000697A6520282575290041434C2064617425
:108FD00061206C656E677468206D69736D61746380
:108FE000682028257520213D2025752900556E61B2
:108FF000626C6520746F2066696E6420636F6E6EAC
:1090000020666F722068616E646C65202575006251
:10901000745F6863695F6576745F6765745F666CCB
:10902000616773286864722D3E6576742920262056
:109030002831554C203C3C202831292900556E6BA5
:109040006E6F776E20627566207479706520257565
:1090500000556E68616E646C65642076656E646F41
:10906000722D7370656369666963206576656E74D9
:1090700020307825303278206C656E2025753A20B6
:10908000257300657674206E756D5F68616E646C23
:10909000657320283D25752920746F6F206C6172DF
:1090A00067652028257A75203E20257529004E6F9A
:1090B00020636F6E6E656374696F6E20666F7220D9
:1090C00068616E646C65202575007061636B657402
:1090D0007320636F756E74206D69736D617463685E
:1090E00000696E74657276616C206578636565648D
:1090F00073207468652076616C69642072616E67A4
:1091000065202575207573006C6174656E63792028
:1091100065786365656473207468652076616C6941
:10912000642072616E676520307825303478007372
:109130007570765F74696D656F75742065786365A9
:10914000656473207468652076616C69642072615F
:109150006E67652030782530347800756E6B6E6FE1
:10916000776E005B305D00484349207472616E7316
:10917000706F72743A20257300534443004964654C
:109180006E7469747925733A202573004964656E9D
:10919000746974795B25645D3A20257300484349FE
:1091A0003A2076657273696F6E20257320283078B7
:1091B0002530327829207265766973696F6E2030A8
:1091C00078253034782C206D616E75666163747516
:1091D00072657220307825303478004C4D503A203A
:1091E00076657273696F6E2025732028307825307C
:1091F0003278292073756276657220307825303494
:1092000078004E6F20494420616464726573732E48
:1092100020417070206D7573742063616C6C2073D5
:10922000657474696E67735F6C6F6164282900559B
:109230006E61626C6520746F2073656E6420746F5C
:10924000206472697665722028657272202564290F
:1092500000556E636C65617265642070656E64694B
:109260006E672073656E745F636D6400737563630E
:109270006573730009636F6D6D616E64206F706359
:109280006F6465203078253034782074696D656F9F
:1092900075740A00657272203D3D20300009436FED
:1092A0006E74726F6C6C657220756E726573706F20
:1092B0006E736976652C20636F6D6D616E64206FCF
:1092C00070636F6465203078253034782074696D60
:1092D000656F7574207769746820657272202564E3
:1092E0000A006F70636F6465203078253034782011
:1092F000737461747573203078253032782025734B
:10930000004E6F6E2D4C452063617061626C65206C
:10931000636F6E74726F6C6C6572206465746563E4
:1093200074656421004E756D206F6620436F6E7406
:10933000726F6C6C657227732041434C20706163BF
:109340006B65747320213D2041434C2062745F6340
:109350006F6E6E5F747820636F6E746578747320BF
:1093600028257520213D202575290041434C2042A8
:10937000522F4544522062756666657273206E6F87
:109380007420696E697469616C697A6564005665F8
:109390006E646F722048434920657874656E736906
:1093A0006F6E73206E6F7420617661696C61626CA0
:1093B0006500485720506C6174666F726D3A2025C5
:1093C000732028307825303478290048572056619A
:1093D0007269616E743A2025732028307825303404
:1093E0007829004669726D776172653A202573208D
:1093F00028307825303278292056657273696F6E6F
:109400002025752E2575204275696C642025750010
:109410004661696C656420746F20726561642073B5
:109420007570706F727465642076656E646F7220FB
:10943000636F6D6D616E6473004661696C65642075
:10944000746F207265616420737570706F727465DB
:10945000642076656E646F722066656174757265EE
:1094600073004843492064726976657220697320ED
:109470006E6F7420726561647900425420525820E6
:1094800057510048434920647269766572206F70B5
:10949000656E206661696C65642028256429004E2C
:1094A0006F2070656E64696E6720636F6E6E2066F4
:1094B0006F72207065657220257300556E65787037
:1094C000656374656420484F53545F4E554D5F4348
:1094D0004F4D504C455445445F5041434B455453C8
:1094E0002C207374617475732030782530327820A5
:1094F000257300010204312E306200312E3100311B
:109500002E3200322E3000322E3100332E30003415
:109510002E3000342E3100342E3200352E300035FE
:109520002E3100352E3200352E3300352E340036E4
:109530002E3000362E3100362E32005374616E64A8
:1095400061726420426C7565746F6F746820636F1C
:109550006E74726F6C6C65720056656E646F72200B
:10956000737065636966696320636F6E74726F6C94
:109570006C6572004669726D77617265206C6F610F
:109580006465720052657363756520696D61676516
:10959000007265736572766564006E524635317887
:1095A000006E5246353278006E5246353378006E82
:1095B000524635344878006E524635344C7800496E
:1095C0006E74656C20436F72706F726174696F6E38
:1095D000004E6F726469632053656D69636F6E64DA
:1095E0007563746F72004E58502053656D69636FD8
:1095F0006E647563746F72730062745F6863695F31
:10960000636F726500636D6420646973616C6C6F75
:10961000776564004F6E6C792072616E646F6D20A7
:10962000737461746963206964656E746974792008
:109630006164647265737320737570706F727465A2
:109640006400496E76616C696420696E707574207F
:10965000706172616D6574657273004661696C65F5
:109660006420746F2072656164207075626C696338
:109670002061646472657373005265616420537481
:1096800061746963204164647265737365732063F8
:109690006F6D6D616E64206E6F7420617661696CB0
:1096A00061626C65004661696C656420746F20724C
:1096B00065616420737461746963206164647265B8
:1096C00073736573004E6F207374617469632061F6
:1096D00064647265737365732073746F726564205C
:1096E000696E20636F6E74726F6C6C65720043619B
:1096F0006E27742073657420626F74682049444536
:109700004E544954592026204E5250410062745FF5
:10971000696400546F6F20626967206164766572C6
:10972000746973696E672064617461004661696C75
:10973000656420746F20737461727420616476654F
:10974000727469736572004661696C656420746F38
:109750002073746F70206164766572746973696ECA
:10976000673A2025640062745F616476004661692F
:109770006C656420726561642072656D6F7465202C
:1097800066656174757265732028256429004661D9
:10979000696C6564204C45205365742050485920FD
:1097A0002825642900556E657870656374656420AA
:1097B0006669727374204C32434150206672616D49
:1097C0006500556E6578706563746564204C32433E
:1097D000415020636F6E74696E756174696F6E00BD
:1097E0004E6F7420656E6F7567682062756666657A
:1097F0007220737061636520666F72204C32434142
:1098000050206461746100556E657870656374659D
:10981000642041434C20666C6167732028307825B2
:10982000303278290041434C206C656E206D69739D
:109830006D6174636820282575203E2025752900F8
:1098400028756E6B6E6F776E29006E6F2074726173
:109850006E736974696F6E20257300496E76616C52
:1098600069642028257529206F6C642073746174E5
:109870006500636F6E6E202570206661696C65649B
:1098800020746F2065737461626C6973682E205256
:1098900046206E6F6973653F006E6F2076616C695C
:1098A000642028257529207374617465207761739D
:1098B0002073657400696E636F6D70617469626CAA
:1098C000652068616E646C652025750054696D655E
:1098D0006F7574206469736361726465642E204ED1
:1098E0006F20626C6F636B696E6720696E2073799D
:1098F0007377712E00466174616C206572726F72AD
:1099000020282564292E20446973636F6E6E656379
:1099100074696E6720257000466F756E64207661ED
:109920006C696420636F6E6E656374696F6E202866
:109930002570292077697468206164647265737387
:1099400020257320696E202573207374617465204F
:109950000053656E64204C4520706172616D207506
:109960007064617465206661696C65642028657245
:1099700072202564290053656E64206175746F2020
:109980004C4520706172616D207570646174652052
:109990006661696C656420286572722025642900FF
:1099A000646973636F6E6E65637465640064697384
:1099B000636F6E6E6563742D636F6D706C65746537
:1099C000007363616E2D6265666F72652D696E69E5
:1099D00074696174696E6700696E6974696174693C
:1099E0006E672D66696C7465722D6C6973740061A5
:1099F00064762D636F6E6E65637461626C65006181
:109A000064762D6469722D636F6E6E656374616236
:109A10006C6500646973636F6E6E656374696E670D
:109A20000062745F636F6E6E00556E61626C6520DC
:109A3000746F20616C6C6F6361746520627566661B
:109A4000657220666F72206F702030782530327812
:109A5000004E6F20617661696C61626C65204C32EA
:109A600043415020636F6E7465787420666F722076
:109A7000636F6E6E20257000457870656374696E43
:109A80006720757020746F20256420726566732CC2
:109A900020676F7420256400616C726561647920B1
:109AA000686176652076696577206F6E2025700085
:109AB0004C32434150206C656E677468206D697349
:109AC0006D617463682028257520213D2025752946
:109AD00000496E76616C6964206964656E742076F5
:109AE000616C756520696E204C32434150205044B2
:109AF0005500496E76616C6964204C4520636F6E39
:109B00006E20706172616D207273702073697A6566
:109B10002028257520213D20257A75290052656A67
:109B2000656374696E6720756E6B6E6F776E204C1F
:109B3000324341502050445520636F646520307893
:109B40002530327800546F6F20736D616C6C204C3F
:109B500032434150207369676E616C696E672050B3
:109B6000445500546F6F20736D616C6C204C324310
:109B700041502050445520726563656976656400E4
:109B800049676E6F72696E67206461746120666FE9
:109B90007220756E6B6E6F776E206368616E6E6596
:109BA0006C2049442030782530347800636F6E662D
:109BB00069670062745F6C326361700041545420C5
:109BC0006368616E6E656C206E6F7420636F6E6E7D
:109BD0006563746564004572726F72207369676EA5
:109BE000696E6720646174610052616E206F7574E4
:109BF000206F662054582062756666657273206F08
:109C00007220636F6E74657874732E00556E616296
:109C10006C6520746F206372656174652065727273
:109C2000207273702050445500415454204D5455B7
:109C30002065786365656465642C206D61782025F6
:109C4000752C2077616E74656420257A7500556ED9
:109C500061626C6520746F20637265617465206356
:109C60006F6E6669726D2050445500556E61626C6E
:109C70006520746F20637265617465207273702053
:109C800050445500546F6F20736D616C6C204154CB
:109C900054205044552072656365697665640055AB
:109CA0006E68616E646C65642041545420636F6417
:109CB000652030782530327800496E76616C6964B1
:109CC000206C656E20257520666F7220636F646559
:109CD0002030782530327800556E61626C652074D2
:109CE0006F2063726561746520555549443A20734D
:109CF000697A6520257500556E61626C6520746F08
:109D00002063726561746520555549443A20736932
:109D10007A65202564004E6F20617661696C61620E
:109D20006C652041545420636F6E746578742066AE
:109D30006F7220636F6E6E202570004E6F2061760B
:109D400061696C61626C6520415454206368616E86
:109D50006E656C20666F7220636F6E6E20257000DA
:109D60004E6F7420636F6E6E656374656400556E2C
:109D700061626C6520746F2066696E642041545482
:109D8000206368616E6E656C00476F742065727247
:109D90002025642C206E6F742063616C6C696E6783
:109DA00020415454206362004E6F2041545420637C
:109DB00068616E6E656C20666F72204D545520256B
:109DC0007A75004E6F2070656E64696E672041542D
:109DD00054207265717565737400446973636F6EA6
:109DE0006E656374696E67206661696C65642028BE
:109DF00065727220256429004154542054696D65B0
:109E00006F757420666F72206465766963652025BE
:109E1000732E20446973636F6E6E656374696E6739
:109E20002E2E2E0062745F617474006661696C6529
:109E30006420746F2073746F72652053432028650B
:109E400072722025642900756E61626C6520746FE2
:109E500020736176652053433A206E6F20636667F6
:109E6000206C65667400546F6F206D616E792043BD
:109E70006C69656E742043686172616374657269B0
:109E80007374696320436F6E666967757261746984
:109E90006F6E2E2053656520434F4E4649475F4203
:109EA000545F53455454494E47535F4343435F53B4
:109EB000544F52455F4D41580A00496E76616C69B6
:109EC00064206B6579006661696C656420746F203D
:109ED00064656C6574652053432028657272202583
:109EE0006429004661696C656420746F20636C6549
:109EF000617220534320256400556E61626C6520B9
:109F0000746F206465636F64652061646472657357
:109F10007320257300496E76616C6964206C6F63F1
:109F2000616C206964656E7469747920256C7500B4
:109F3000556E61626C6520746F20726573746F7208
:109F4000652053433A206E6F20636667206C656618
:109F500074004661696C656420746F206465636F8A
:109F600064652076616C7565202865727220257A9B
:109F70006429004E6F20737061636520746F2073D5
:109F8000746F726520434343206366670062742FD9
:109F9000636363004661696C656420746F20737449
:109FA0006F726520434343732028657272202564D5
:109FB000290052656164206D6574686F64206E6F5E
:109FC0007420736574004661696C656420746F2049
:109FD00072656164206174747269627574652025AC
:109FE00070202865727220257A642900496E766196
:109FF0006C69642072656164206C656E6774683A90
:10A0000020257A6400434343202570206E6F74201E
:10A010007772697461626C65005343207265737472
:10A020006F726520696E6469636174696F6E206622
:10A0300061696C65640042616420706565723A20F4
:10A0400041545420726561642D62792D757569647F
:10A05000207273703A20696E76616C696420415495
:10A06000545220504455206C656E20257500496E71
:10A0700076616C69642068616E646C65004261643D
:10A0800020706565723A2041545420726561642DD8
:10A0900062792D75756964207273703A2048616E1B
:10A0A000646C6520307825303478206973206F75B2
:10A0B0007473696465207265717565737465642075
:10A0C00072616E6765203078253034782D307825C0
:10A0D0003034782E2041626F7274696E6720726529
:10A0E00061642E004661696C656420746F20756E32
:10A0F00073756273637269626520286572722025C8
:10A10000642900496E76616C696420646174612021
:10A110006C656E202575203E2025750062742F73B6
:10A12000630062745F67617474004E6F20617661D2
:10A13000696C61626C6520534D5020636F6E74656D
:10A14000787420666F7220636F6E6E2025700062D7
:10A15000745F736D700000070E091C1B1215383FE9
:10A16000363124232A2D43616E6E6F74207374611F
:10A1700072742073616D706C696E673A202564009B
:10A180004661696C656420746F20696E69746961E9
:10A190006C697A65206465766963653A2025730089
:10A1A0004661696C656420746F2073657420627504
:10A1B000666665723A20256400496E76616C696452
:10A1C000206368616E6E656C2049443A2025640006
:10A1D00053656C656374656420414443206761691D
:10A1E0006E206973206E6F742076616C6964005311
:10A1F000656C6563746564204144432072656665DF
:10A2000072656E6365206973206E6F742076616C71
:10A2100069640053656C6563746564204144432040
:10A220006163717569736974696F6E2074696D65B6
:10A23000206973206E6F742076616C6964004361DD
:10A240006E6E6F7420636F6E6669677572652063EA
:10A2500068616E6E656C2025643A20256400496E45
:10A2600076616C69642073656C656374696F6E20D8
:10A270006F66206368616E6E656C73004368616E23
:10A280006E656C202575206E6F7420636F6E666935
:10A290006775726564004E6F206368616E6E656CF1
:10A2A00020636F6E66696775726564004144432080
:10A2B0007265736F6C7574696F6E2076616C75650D
:10A2C000202564206973206E6F742076616C696448
:10A2D000004F76657273616D706C696E672069738B
:10A2E00020737570706F7274656420666F7220736E
:10A2F000696E676C65206368616E6E656C206F6E59
:10A300006C79004F76657273616D706C696E672051
:10A3100076616C7565202564206973206E6F7420EA
:10A3200076616C69640050726F766964656420625E
:10A33000756666657220697320746F6F20736D6136
:10A340006C6C202825752F257529006164634034C5
:10A3500030303037303030006164635F6E72667861
:10A360005F736161646300636C6F636B40343030B2
:10A370003030303030006866636C6B006C66636C44
:10A380006B00636C6F636B5F636F6E74726F6C00F6
:10A3900072616E646F6D4034303030643030300044
:10A3A00063727970746F4035303032613030300014
:10A3B00063696E7374722025303278207472616E16
:10A3C0007366657220746F6F206C6F6E673A20251C
:10A3D0007A7500636C656172004A454445432069A3
:10A3E00064205B25303278202530327820253032C9
:10A3F000785D20657870656374205B253032782045
:10A400002530327820253032785D00524453522076
:10A410006661696C65643A202564005145202573A6
:10A42000206661696C65643A202564007265616428
:10A43000206572726F723A20616464726573732072
:10A440006F722073697A652065786365656473202F
:10A4500065787065637465642076616C7565732ECC
:10A46000416464723A203078256C782073697A658B
:10A4700020257A75007772697465206572726F7233
:10A480003A2061646472657373206F722073697A15
:10A4900065206578636565647320657870656374AD
:10A4A00065642076616C7565732E416464723A2030
:10A4B0003078256C782073697A6520257A75006577
:10A4C00072617365206572726F723A2061646472A2
:10A4D000657373206F722073697A65206578636590
:10A4E0006564732065787065637465642076616C5B
:10A4F0007565732E416464723A203078256C78203B
:10A5000073697A6520257A7500756E737570706F42
:10A5100072746564206174203078256C78207369CA
:10A520007A6520257A750077616974206572726F8B
:10A5300072206174203078256C782073697A6520E8
:10A54000257A75006572617365206572726F72207D
:10A550006174203078256C782073697A6520257ABB
:10A5600075006D783235723634333566403000719F
:10A570007370695F6E6F7200696E76616C696420DA
:10A58000616464726573733A2030782530386C7872
:10A590003A257A7500756E616C69676E6564206135
:10A5A0006464726573733A2030782530386C783A79
:10A5B000257A75006E6F7420776F72642D616C69F7
:10A5C000676E65643A2030782530386C783A257AA1
:10A5D0007500666C6173682D636F6E74726F6C6C5E
:10A5E000657240343030316530303000666C6173F4
:10A5F000685F6E7266006770696F4035303030306A
:10A60000333030006770696F403530303030303073
:10A61000300000010203040506074661696C6564A9
:10A6200020746F20616C6C6F6361746520505049B9
:10A63000204368616E6E656C0075617274403430E1
:10A6400030303230303000756172745F6E7266780F
:10A650005F7561727465004C454420696E6465786D
:10A66000206F7574206F66207468652072616E6754
:10A67000650043616E6E6F74207772697465204C5B
:10A680004544206770696F0043616E6E6F7420638C
:10A690006F6E666967757265204C45442067706906
:10A6A0006F00646B5F627574746F6E735F616E646C
:10A6B0005F6C65647300536F6674446576696365A7
:10A6C00020436F6E74726F6C6C65722041535345FA
:10A6D00052543A2025732C20256400536F6674442D
:10A6E000657669636520436F6E74726F6C6C65721A
:10A6F000206275696C64207265766973696F6E3A61
:10A700002000456E74726F707920736F7572636587
:10A7100020646576696365206E6F7420726561647C
:10A7200079004661696C656420746F2072656769A1
:10A73000737465722072616E6420736F75726365E5
:10A74000202825642900416C6C6F63617465642066
:10A750006D656D6F727920746F6F206C6F773A2022
:10A76000257A75203C202575004576656E7420623B
:10A77000756666657220746F6F20736D616C6C2EE8
:10A7800020257A75203E20257500556E6578706508
:10A7900063746564206D73675F747970653A202512
:10A7A000752E20546869732069662D656C73652069
:10A7B0006E656564732061206E6577206272616EDC
:10A7C000636800556E6B6E6F776E206572726F7284
:10A7D000207768656E2070726F63657373696E674A
:10A7E00020686369206D6573736167652025640067
:10A7F00062745F6863695F7364630062745F73644B
:10A80000635F6863695F6472697665720062745F32
:10A810007364635F63727970746F004D50534C20A2
:10A820004153534552543A2025732C202564004D42
:10A8300050534C20576F726B006D70736C5F696E74
:10A84000697400556E737570706F7274656420481A
:10A8500046434C4B206576656E743A202564006E45
:10A860007266785F636C6F636B5F6D70736C006DA5
:10A8700070736C5F74696D65736C6F745F7365730F
:10A8800073696F6E5F6F70656E206661696C656479
:10A890003A2025640074696D656F757400666C619B
:10A8A00073685F73796E635F6D70736C0000000096
:10A8B0000000010100000000000020303030303086
:10A8C00030303030303030303000010100010101D3
:10A8D00001090000000D0102030405060708546584
:10A8E000726D696E616C00000000000000545452EB
:10A8F000205245474745530048616C74696E672094
:10A9000073797374656D00556E6B6E6F776E20652D
:10A9100072726F72003E3E3E205A45504859522096
:10A92000464154414C204552524F522025643A2012
:10A930002573206F6E2043505520256400466175B5
:10A940006C7420647572696E6720696E74657272CA
:10A950007570742068616E646C696E670A00437577
:10A960007272656E74207468726561643A20257035
:10A97000202825732900435055206578636570743D
:10A98000696F6E00556E68616E646C656420696EF7
:10A990007465727275707400537461636B206F76A6
:10A9A0006572666C6F77004B65726E656C206F6FB9
:10A9B0007073004B65726E656C2070616E69630028
:10A9C0006D61696E006F7300737973776F726B716D
:10A9D000009B8FACC31D42AE44FACD1FC348A0B448
:10A9E0002FCF29EE3D00FFFFFFFF1F00286E756C83
:0CA9F0006C29002A666C6F61742A00005C
:10AA0400FFFFFFFFFF1F00001F0000000000000009
:10AA14001D40000000000000FFFFFFFF1FFF0000BB
:10AA2400BAABBABA10101010000000000080004049
:10AA340000000000000000000C0000000000000006
:10AA440000FF7F0000000000000000000000000084
:10AA540000000000F11F0000000000003DC60000DF
:10AA64000000000009200000000000005DC6000096
:10AA7400000000001BC600000000000000000000F1
:10AA840000000000000000000000000000000000C2
:10AA940000000000000000000000000000000000B2
:10AAA40000000000000000000000000000000000A2
:10AAB4000000000000000000000000000000000092
:10AAC4000000000000000000000000000000000082
:10AAD4000000000000000000000000000000000072
:10AAE4000000000000000000000000000000000062
:10AAF4000000000000000000000000000000000052
:10AB04000000000000000000000000000000000041
:10AB14000000000000000000000000000000000031
:10AB24000000000000000000000000000000000021
:10AB34000000000000000000000000000000000011
:10AB44000000000000000000000000000000000001
:10AB540000000000000000000000000000000000F1
:10AB640000000000000000000000000000000000E1
:10AB740000000000000000000000000000000000D1
:10AB840000000000000000000000000000000000C1
:10AB940000000000000000000000000000000000B1
:10ABA40000000000000000000000000000000000A1
:10ABB4000000000000000000000000000000000091
:10ABC4000000000000000000000000000000000081
:10ABD4000000000000000000000000000000000071
:10ABE4000000000000000000000000000000000061
:10ABF4000000000000000000000000000000000051
:10AC04000000000000000000000000000000000040
:10AC14000000000000000000000000000000000030
:10AC24000000000000000000000000000000000020
:10AC34000000000000000000000000000000000010
:10AC44000000000000000000000000000000000000
:10AC540000000000000000000000000000000000F0
:10AC640000000000000000000000000000000000E0
:10AC740000000000000000000000000000000000D0
:10AC840000000000000000000000000000000000C0
:10AC940000000000000000000000000000000000B0
:10ACA40000000000000000000000000000000000A0
:10ACB4000000000000000000000000000000000090
:10ACC4000000000000000000000000000000000080
:10ACD40000000000000000009C07002025E20000A6
:10ACE4002BE200002DE2000053E2000031E20000FC
:10ACF4005DE2000037E2000067E200003DE2000090
:10AD040073E2000049E200004DE200003FE200006F
:10AD140045E2000063E200006DE20000E407002069
:10AD240001FF000065E5000071E5000075E5000025
:10AD34007DE5000081E50000000000000000000047
:10AD440000000000000000000000000000000000FF
:10AD540000000000000000000000000000000000EF
:10AD640000000000000000000000000000000000DF
:10AD740000000000000000000000000000000000CF
:10AD840000000000000000000000000000000000BF
:10AD940000000000000000000000000000000000AF
:10ADA400000000000000000000000000000000009F
:10ADB400000000000000000000000000000000008F
:10ADC400000000000000000000000000000000007F
:10ADD400000000000000000000000000000000006F
:10ADE400000000000000000000000000000000005F
:10ADF400000000000000000000000000000000004F
:10AE04006540010000000000000000000000000098
:10AE1400000000000000000000000000000000002E
:10AE2400000000000000000000000000000000001E
:10AE3400000000000000000000000000000000000E
:10AE440000000000000000000000000000000000FE
:10AE540000000000000000000000000000000000EE
:10AE640000000000000000000000000000000000DE
:10AE740000000000000000000000000000000000CE
:10AE840000000000000000000000000000000000BE
:10AE940000000000000000000000000000000000AE
:10AEA40000000000286C0200000000006C09002073
:10AEB4006C09002000000000010000007C09002053
:10AEC4007C0900208409002084090020000000007F
:10AED40001000000940900209409002000000000F3
:10AEE400000000000000000000000000000000005E
:10AEF400000000000000000000000000000000004E
:10AF0400000000000000000000000000000000003D
:10AF1400000000000000000000000000000000002D
:10AF2400000000000000000000000000000000001D
:10AF3400000000000000000000000000000000000D
:10AF440000000000000000000000000000000000FD
:10AF540000000000000000000DED000000000000F3
:10AF6400B5EC0000F5F00000000000000100000056
:10AF74006A700020020000000C040000411E020060
:10AF8400952A0200FC730200A513010000000000D2
:10AF94000000000000000000DF2D0200000000009F
:10AFA400C32D02000D86020000000C00000000000A
:10AFB4000000000000000000011501000000000076
:10AFC400000000002F86020000001000480E002040
:10AFD4003A0000005C0E00203A000000200E002021
:10AFE4003A000000840E00203A0000000060004097
:10AFF400000000000000000000000000000000004D
:10B00400000000000000000000000000000000003C
:10B01400000000000000000000000000000000002C
:10B02400000000000000000000000000000000001C
:10B03400000000000000000000000000000000000C
:10B0440000000000000000000000000000000000FC
:10B0540000000000000000000000000000000000EC
:10B0640000000000000000000000000000000000DC
:10B0740000000000000000000000000000000000CC
:10B084007D28010000000000000000000000000016
:10B09400C3350200000000000000000000000000B2
:10B0A4003D3101000000000000000000000000002D
:10B0B40045530100000000000000000000000000F3
:10B0C400F94D010000000000000000008C0B00207E
:10B0D4008C0B00200000000000000000E56201006D
:10B0E40031710100000000000000000000000000B9
:10B0F400A565010035410200FB4102009561010094
:10B1040000000000247C0200000020000000000079
:10B11400000000000000000000000000F1470200F1
:10B1240000000000387C020000000200447C0200A1
:10B1340000000200507C020000000200FC0B002012
:10B14400FC0B002001000000010000000C0C00209A
:10B154000C0C0020140C0020140C00200000000033
:10B1640001000000240C0020240C0020000000003A
:10B1740000000000F0270020000000000000000094
:10B1840000000000000000000000000000000000BB
:10B19400000000000090D003FF00000090020000B7
:10B1A400600C0020600C002000000000EDEB0100AA
:10B1B400AC0C0020A40C00209C0C0020000000001B
:10B1C400940C0020ADED0100F9EC01002DED01001F
:10B1D40075ED0100604300203A00003A644300200A
:10B1E4003A00003A684300203A00003A6C430020D9
:10B1F4003A00003AB4480020C00C0020800C002023
:10B20400780C0020740C0020700C002025FB010039
:10B2140019FB01000DFB01009ECADC240EE5A9E028
:09B2240093F3A3B50100406E068E
:10B22D000000000000000000000000000000000011
:07B23D00000000000000000A
:10B2440000000000000000000000000000000000FA
:10B2540000000000000000000000000000000000EA
:10B2640000000000000000000000000000000000DA
:10B2740000000000000000000000000000000000CA
:04B2840000000000C6
:10B28C00000000000000000071E901000000000057
:10B29C000000000000000000600D0020600D002088
:10B2AC00B5F00000000000000000000000000000ED
:10B2BC000000000000000000000000000000000082
:10B2CC0071E9010000000000000000000000000017
:10B2DC00980D0020980D002001E9000000000000EE
:10B2EC000000000000000000000000000000000052
:10B2FC00B80D0020B80D0020E04201200000000035
:10B30C00010000002C00000000000000D40D002003
:10B31C00D40D002040B70020000000000100000008
:10B32C00B000000000000000F00D0020F00D002027
:10B33C000C430120000000000A0000001000000077
:04B34C0000000000FD
:10B3500000000000F0B700200040000000000000E6
:04B3600000000000E9
:10B36400200E0020200E002000000000000000003D
:10B374000E000000340E0020340E002000000000F7
:10B38400000000000E000000480E0020480E0020BF
:10B3940000000000000000000E0000005C0E002011
:10B3A4005C0E002000000000000000000E00000001
:10B3B400700E0020700E002000000000000000004D
:10B3C4000E000000840E0020840E00200000000007
:08B3D400000000000E00000063
:10B3DC00980E0020980E00200000000001000000D4
:10B3EC00A80E0020A80E0020B00E0020B00E0020E9
:10B3FC000000000001000000C00E0020C00E002064
:10B40C00C80E0020C80E002000000000FFFFFFFF48
:08B41C00D80E0020D80E00201C
:10B424000000000000000000E80E0020E80E0020EC
:10B43400F00E0020F00E00200000000000000000CC
:10B44400000F0020000F0020080F0020080F00202C
:10B454000000000000000000180F0020180F00205A
:08B46400200F0020200F002042
:10B46C000000000000000000300F0020300F002012
:10B47C00380F0020380F00200A000A0010000000CE
:10B48C000000000070760200DC2B012000000000A0
:10B49C00000000005C0F00205C0F0020640F0020F7
:10B4AC00640F00200A000A0010000000996E0100D1
:10B4BC008C770200504101200000000000000000C9
:10B4CC00880F0020880F0020900F0020900F002084
:10B4DC000300030000000000000000002C750200B7
:10B4EC00C01501200000000000000000B40F002077
:10B4FC00B40F0020BC0F0020BC0F00200100010085
:10B50C0010000000AD4D01005C760200E417012034
:10B51C000000000000000000E00F0020E00F002001
:10B52C00E80F0020E80F00200200020000000000DD
:10B53C000000000024760200B41701200000000077
:10B54C00000000000C1000200C1000201410002033
:10B55C00141000200E000E0004000000612A0100EF
:10B56C0018750200AC130120000000000000000060
:10B57C00381000203810002040100020401000200F
:10B58C0001000100000000000000000040750200F6
:04B59C000C17012067
:04B5A00015E015E0BD
:0400000310001D6567
:00000001FF
